{"name": "Abbas_Kiarostami_0001.jpg", "5_o_Clock_Shadow": 0.004684929735958576, "Arched_Eyebrows": 0.0021590865217149258, "Attractive": 0.007132634520530701, "Bags_Under_Eyes": 0.012264265678822994, "Bald": 0.2334737777709961, "Bangs": 0.0006614663288928568, "Big_Lips": 0.019265754148364067, "Big_Nose": 0.07508513331413269, "Black_Hair": 0.0011289718095213175, "Blond_Hair": 0.00441236887127161, "Blurry": 0.014068936929106712, "Brown_Hair": 0.0012452903902158141, "Bushy_Eyebrows": 0.0021457094699144363, "Chubby": 0.06434279680252075, "Double_Chin": 0.035823188722133636, "Eyeglasses": 0.9935076236724854, "Goatee": 0.0009218440973199904, "Gray_Hair": 0.6687564253807068, "Heavy_Makeup": 0.0003384385199751705, "High_Cheekbones": 0.010103931650519371, "Male": 0.9914830327033997, "Mouth_Slightly_Open": 0.0051274229772388935, "Mustache": 0.0005459615495055914, "Narrow_Eyes": 0.0018288567662239075, "No_Beard": 0.9936590790748596, "Oval_Face": 0.32607486844062805, "Pale_Skin": 0.07462427020072937, "Pointy_Nose": 0.13798922300338745, "Receding_Hairline": 0.519240140914917, "Rosy_Cheeks": 0.00011980723502347246, "Sideburns": 0.0005951131461188197, "Smiling": 0.0023403584491461515, "Straight_Hair": 0.025605442002415657, "Wavy_Hair": 0.002226924989372492, "Wearing_Earrings": 0.0017260391032323241, "Wearing_Hat": 0.0012238911585882306, "Wearing_Lipstick": 0.0008105486631393433, "Wearing_Necklace": 0.003861961653456092, "Wearing_Necktie": 0.005370463710278273, "Young": 0.01697228103876114, "df_race": "white", "df_race_prob": 40.645508843124965, "df_gender": "Man", "df_gender_prob": 98.92404675483704, "df_age": 41, "df_emotion": "neutral", "df_emotion_prob": 98.42041721465691}