{
  "name": "Abdel_Nasser_Assidi_0001.jpg",
  "5_o_Clock_Shadow": 0.008740602992475033,
  "Arched_Eyebrows": 0.2399345189332962,
  "Attractive": 0.03805400803685188,
  "Bags_Under_Eyes": 0.0522039420902729,
  "Bald": 0.018572021275758743,
  "Bangs": 6.397960532922298e-05,
  "Big_Lips": 0.13269419968128204,
  "Big_Nose": 0.11664874851703644,
  "Black_Hair": 0.20712530612945557,
  "Blond_Hair": 0.0015462619485333562,
  "Blurry": 0.028931954875588417,
  "Brown_Hair": 0.0027675048913806677,
  "Bushy_Eyebrows": 0.22791969776153564,
  "Chubby": 0.053140509873628616,
  "Double_Chin": 0.00430687190964818,
  "Eyeglasses": 0.0022370610386133194,
  "Goatee": 0.5633586049079895,
  "Gray_Hair": 0.004418156109750271,
  "Heavy_Makeup": 0.0004924983950331807,
  "High_Cheekbones": 0.002238928573206067,
  "Male": 0.9944129586219788,
  "Mouth_Slightly_Open": 0.14060334861278534,
  "Mustache": 0.16848133504390717,
  "Narrow_Eyes": 0.014166590757668018,
  "No_Beard": 0.016967158764600754,
  "Oval_Face": 0.2801973521709442,
  "Pale_Skin": 0.007474943529814482,
  "Pointy_Nose": 0.06838449835777283,
  "Receding_Hairline": 0.4191255271434784,
  "Rosy_Cheeks": 4.118854849366471e-05,
  "Sideburns": 0.9038058519363403,
  "Smiling": 0.002169801155105233,
  "Straight_Hair": 0.07087607681751251,
  "Wavy_Hair": 0.0029715693090111017,
  "Wearing_Earrings": 0.0035196805838495493,
  "Wearing_Hat": 0.0014121788553893566,
  "Wearing_Lipstick": 0.001107101677916944,
  "Wearing_Necklace": 0.003328582039102912,
  "Wearing_Necktie": 0.0019461920019239187,
  "Young": 0.7741695046424866,
  "df_race": "middle eastern",
  "df_race_prob": 65.28133153915405,
  "df_gender": "Woman",
  "df_gender_prob": 57.60816931724548,
  "df_age": 30,
  "df_emotion": "fear",
  "df_emotion_prob": 63.212309075135536
}