{"name": "Abdullatif_Sener_0001.jpg", "5_o_Clock_Shadow": 0.0349438339471817, "Arched_Eyebrows": 0.008515340276062489, "Attractive": 0.02315598726272583, "Bags_Under_Eyes": 0.044509634375572205, "Bald": 0.0011048055021092296, "Bangs": 0.0009872786467894912, "Big_Lips": 0.004501344170421362, "Big_Nose": 0.045464951545000076, "Black_Hair": 0.01822570338845253, "Blond_Hair": 0.0008624073234386742, "Blurry": 0.2924506664276123, "Brown_Hair": 0.03942372649908066, "Bushy_Eyebrows": 0.010123533196747303, "Chubby": 0.007669887505471706, "Double_Chin": 0.0024176109582185745, "Eyeglasses": 0.0022057269234210253, "Goatee": 0.0010329250944778323, "Gray_Hair": 0.023875750601291656, "Heavy_Makeup": 0.0003053107939194888, "High_Cheekbones": 0.013119319453835487, "Male": 0.9969383478164673, "Mouth_Slightly_Open": 0.003904882352799177, "Mustache": 0.005323486868292093, "Narrow_Eyes": 0.3072759807109833, "No_Beard": 0.9457607269287109, "Oval_Face": 0.17330849170684814, "Pale_Skin": 0.007530138362199068, "Pointy_Nose": 0.04424803704023361, "Receding_Hairline": 0.021521903574466705, "Rosy_Cheeks": 5.062955096946098e-05, "Sideburns": 0.0021932495292276144, "Smiling": 0.0010189851745963097, "Straight_Hair": 0.5441855192184448, "Wavy_Hair": 0.0069394661113619804, "Wearing_Earrings": 0.00037720470572821796, "Wearing_Hat": 0.0005175937549211085, "Wearing_Lipstick": 0.00016372442769352347, "Wearing_Necklace": 0.0001488078269176185, "Wearing_Necktie": 0.5431082844734192, "Young": 0.13850291073322296, "df_race": "asian", "df_race_prob": 46.00079655647278, "df_gender": "Man", "df_gender_prob": 99.99864101409912, "df_age": 45, "df_emotion": "sad", "df_emotion_prob": 51.2847363948822}