{"name": "Abdulaziz_Kamilov_0001.jpg", "5_o_Clock_Shadow": 0.0043761637061834335, "Arched_Eyebrows": 0.0032838378101587296, "Attractive": 0.0021514936815947294, "Bags_Under_Eyes": 0.8010941743850708, "Bald": 0.041673481464385986, "Bangs": 0.000674867129418999, "Big_Lips": 0.007545409258455038, "Big_Nose": 0.8122621178627014, "Black_Hair": 0.005838175304234028, "Blond_Hair": 0.00526580261066556, "Blurry": 0.03045503795146942, "Brown_Hair": 0.003046674421057105, "Bushy_Eyebrows": 0.0005194207187741995, "Chubby": 0.6943692564964294, "Double_Chin": 0.7274370193481445, "Eyeglasses": 0.005443868692964315, "Goatee": 0.000770916638430208, "Gray_Hair": 0.8937997221946716, "Heavy_Makeup": 0.00011577727855183184, "High_Cheekbones": 0.05919068306684494, "Male": 0.9988000392913818, "Mouth_Slightly_Open": 0.0257189329713583, "Mustache": 0.003375146072357893, "Narrow_Eyes": 0.025720058009028435, "No_Beard": 0.9918713569641113, "Oval_Face": 0.0591769739985466, "Pale_Skin": 0.06257844716310501, "Pointy_Nose": 0.015332838520407677, "Receding_Hairline": 0.6642879247665405, "Rosy_Cheeks": 0.00038799308822490275, "Sideburns": 0.0011828808346763253, "Smiling": 0.017746269702911377, "Straight_Hair": 0.34201183915138245, "Wavy_Hair": 0.002671915804967284, "Wearing_Earrings": 0.000491304905153811, "Wearing_Hat": 0.000542737718205899, "Wearing_Lipstick": 0.0002517466200515628, "Wearing_Necklace": 0.00044634961523115635, "Wearing_Necktie": 0.9243375062942505, "Young": 0.005704776383936405, "df_race": "latino hispanic", "df_race_prob": 38.83350193500519, "df_gender": "Man", "df_gender_prob": 99.94910955429077, "df_age": 52, "df_emotion": "neutral", "df_emotion_prob": 90.79855029574337}