{"name": "Abdullah_Gul_0005.jpg", "5_o_Clock_Shadow": 0.09053777158260345, "Arched_Eyebrows": 0.0009630343993194401, "Attractive": 0.012994404882192612, "Bags_Under_Eyes": 0.2601368725299835, "Bald": 0.001151943695731461, "Bangs": 0.0020054031629115343, "Big_Lips": 0.004742478020489216, "Big_Nose": 0.4218055009841919, "Black_Hair": 0.0031821993179619312, "Blond_Hair": 0.025460775941610336, "Blurry": 0.21241973340511322, "Brown_Hair": 0.0043013314716517925, "Bushy_Eyebrows": 0.023544227704405785, "Chubby": 0.29294493794441223, "Double_Chin": 0.24360781908035278, "Eyeglasses": 0.0021336053032428026, "Goatee": 0.002557168249040842, "Gray_Hair": 0.5525709986686707, "Heavy_Makeup": 0.00022255339717958122, "High_Cheekbones": 0.80656898021698, "Male": 0.9991716146469116, "Mouth_Slightly_Open": 0.9236917495727539, "Mustache": 0.06656014919281006, "Narrow_Eyes": 0.3180387318134308, "No_Beard": 0.5266738533973694, "Oval_Face": 0.5009401440620422, "Pale_Skin": 0.008691279217600822, "Pointy_Nose": 0.0088734682649374, "Receding_Hairline": 0.0014741752529516816, "Rosy_Cheeks": 0.00024078975548036397, "Sideburns": 0.007700833957642317, "Smiling": 0.9709281921386719, "Straight_Hair": 0.4195053279399872, "Wavy_Hair": 0.020920434966683388, "Wearing_Earrings": 0.00029293796978890896, "Wearing_Hat": 0.0004782439209520817, "Wearing_Lipstick": 7.492692384403199e-05, "Wearing_Necklace": 0.0001886504323920235, "Wearing_Necktie": 0.3722441494464874, "Young": 0.029850861057639122, "df_race": "latino hispanic", "df_race_prob": 26.77271068096161, "df_gender": "Man", "df_gender_prob": 99.99829530715942, "df_age": 29, "df_emotion": "happy", "df_emotion_prob": 85.93527674674988}