{"name": "Abel_Aguilar_0001.jpg", "5_o_Clock_Shadow": 0.007240454666316509, "Arched_Eyebrows": 0.0010747382184490561, "Attractive": 0.018685471266508102, "Bags_Under_Eyes": 0.006043687928467989, "Bald": 0.0005063575808890164, "Bangs": 0.0007502385415136814, "Big_Lips": 0.0042905379086732864, "Big_Nose": 0.013869157992303371, "Black_Hair": 0.08291735500097275, "Blond_Hair": 0.004298000130802393, "Blurry": 0.2681072950363159, "Brown_Hair": 0.04083602875471115, "Bushy_Eyebrows": 0.0008196021080948412, "Chubby": 0.007275839801877737, "Double_Chin": 0.0011730140540748835, "Eyeglasses": 0.0018209577538073063, "Goatee": 0.0007713770028203726, "Gray_Hair": 0.0019838514272123575, "Heavy_Makeup": 0.0007101643132045865, "High_Cheekbones": 0.03233202174305916, "Male": 0.9497321248054504, "Mouth_Slightly_Open": 0.1319797933101654, "Mustache": 0.0006836287793703377, "Narrow_Eyes": 0.28575462102890015, "No_Beard": 0.9932023882865906, "Oval_Face": 0.19404913485050201, "Pale_Skin": 0.011585130356252193, "Pointy_Nose": 0.018294166773557663, "Receding_Hairline": 0.04474260285496712, "Rosy_Cheeks": 0.00011267697118455544, "Sideburns": 0.00038440292701125145, "Smiling": 0.0008828064892441034, "Straight_Hair": 0.20891714096069336, "Wavy_Hair": 0.01596304588019848, "Wearing_Earrings": 0.005370927043259144, "Wearing_Hat": 0.0005642063915729523, "Wearing_Lipstick": 0.0004711126093752682, "Wearing_Necklace": 0.0030770516023039818, "Wearing_Necktie": 0.0006283984985202551, "Young": 0.9549909234046936, "df_race": "white", "df_race_prob": 27.60465443134308, "df_gender": "Man", "df_gender_prob": 99.40203428268433, "df_age": 24, "df_emotion": "angry", "df_emotion_prob": 99.4408667087555}