{"name": "Aby_Har-Even_0001.jpg", "5_o_Clock_Shadow": 0.0028910322580486536, "Arched_Eyebrows": 0.0016972131561487913, "Attractive": 0.002046217443421483, "Bags_Under_Eyes": 0.6240063905715942, "Bald": 0.34260332584381104, "Bangs": 0.000577837519813329, "Big_Lips": 0.01329311728477478, "Big_Nose": 0.4231153428554535, "Black_Hair": 0.0018172224517911673, "Blond_Hair": 0.00685806293040514, "Blurry": 0.02135425992310047, "Brown_Hair": 0.0003901388554368168, "Bushy_Eyebrows": 0.0001376569998683408, "Chubby": 0.5233252048492432, "Double_Chin": 0.4190833866596222, "Eyeglasses": 0.010718180797994137, "Goatee": 0.0007630290347151458, "Gray_Hair": 0.8713997602462769, "Heavy_Makeup": 0.0001745784393278882, "High_Cheekbones": 0.010644357651472092, "Male": 0.9983686804771423, "Mouth_Slightly_Open": 0.01732608675956726, "Mustache": 0.001720131142064929, "Narrow_Eyes": 0.09645374864339828, "No_Beard": 0.9916601777076721, "Oval_Face": 0.12176015228033066, "Pale_Skin": 0.12692366540431976, "Pointy_Nose": 0.010214375331997871, "Receding_Hairline": 0.7705225348472595, "Rosy_Cheeks": 0.0001283629098907113, "Sideburns": 0.002028950722888112, "Smiling": 0.004207918420433998, "Straight_Hair": 0.0668068677186966, "Wavy_Hair": 0.002760644070804119, "Wearing_Earrings": 0.0006838770350441337, "Wearing_Hat": 0.00044759720913134515, "Wearing_Lipstick": 0.0003262027748860419, "Wearing_Necklace": 0.0007523577660322189, "Wearing_Necktie": 0.5024622082710266, "Young": 0.0051347347907722, "df_race": "asian", "df_race_prob": 34.0410441160202, "df_gender": "Man", "df_gender_prob": 99.98038411140442, "df_age": 43, "df_emotion": "sad", "df_emotion_prob": 35.45946180820465}