{"name": "Adam_Kennedy_0001.jpg", "5_o_Clock_Shadow": 0.3746011257171631, "Arched_Eyebrows": 0.0017258558655157685, "Attractive": 0.06313090771436691, "Bags_Under_Eyes": 0.01620311476290226, "Bald": 0.0015633435687050223, "Bangs": 0.0003519720630720258, "Big_Lips": 0.010162297636270523, "Big_Nose": 0.043083399534225464, "Black_Hair": 0.0012743468396365643, "Blond_Hair": 0.00451414892449975, "Blurry": 0.22634382545948029, "Brown_Hair": 0.007359378505498171, "Bushy_Eyebrows": 0.013607107102870941, "Chubby": 0.014202730730175972, "Double_Chin": 0.015943612903356552, "Eyeglasses": 0.0008889417513273656, "Goatee": 0.0011544795706868172, "Gray_Hair": 0.0022499882616102695, "Heavy_Makeup": 0.0003432279918342829, "High_Cheekbones": 0.05040459707379341, "Male": 0.999258816242218, "Mouth_Slightly_Open": 0.5756474733352661, "Mustache": 0.0008364955428987741, "Narrow_Eyes": 0.007812043651938438, "No_Beard": 0.8722119927406311, "Oval_Face": 0.3360028564929962, "Pale_Skin": 0.008702181279659271, "Pointy_Nose": 0.05715407431125641, "Receding_Hairline": 0.0009173090220429003, "Rosy_Cheeks": 0.0006779710529372096, "Sideburns": 0.0026632624212652445, "Smiling": 0.23495885729789734, "Straight_Hair": 0.006320518907159567, "Wavy_Hair": 0.009020854718983173, "Wearing_Earrings": 0.0022330170031636953, "Wearing_Hat": 0.9539068341255188, "Wearing_Lipstick": 0.0005361271905712783, "Wearing_Necklace": 0.0029612304642796516, "Wearing_Necktie": 0.0011663540499284863, "Young": 0.8706602454185486, "df_race": "white", "df_race_prob": 40.95278084278107, "df_gender": "Man", "df_gender_prob": 99.97517466545105, "df_age": 31, "df_emotion": "happy", "df_emotion_prob": 72.86119895346158}