{"name": "Adam_Sandler_0001.jpg", "5_o_Clock_Shadow": 0.1458042711019516, "Arched_Eyebrows": 0.006049260031431913, "Attractive": 0.14241831004619598, "Bags_Under_Eyes": 0.012859581969678402, "Bald": 0.0030977511778473854, "Bangs": 0.0002141001750715077, "Big_Lips": 0.005747825372964144, "Big_Nose": 0.06562697142362595, "Black_Hair": 0.029793424531817436, "Blond_Hair": 0.0039887018501758575, "Blurry": 0.15677745640277863, "Brown_Hair": 0.01598157361149788, "Bushy_Eyebrows": 0.0020447985734790564, "Chubby": 0.0034894642885774374, "Double_Chin": 0.0013759526191279292, "Eyeglasses": 0.0017444154946133494, "Goatee": 0.0010415889555588365, "Gray_Hair": 0.01752595417201519, "Heavy_Makeup": 0.0005270293913781643, "High_Cheekbones": 0.005439259577542543, "Male": 0.9993938207626343, "Mouth_Slightly_Open": 0.0014389313291758299, "Mustache": 0.0015125415520742536, "Narrow_Eyes": 0.04716655984520912, "No_Beard": 0.946428120136261, "Oval_Face": 0.3018459379673004, "Pale_Skin": 0.02959667146205902, "Pointy_Nose": 0.47822222113609314, "Receding_Hairline": 0.11572772264480591, "Rosy_Cheeks": 0.00025203311815857887, "Sideburns": 0.001930467551574111, "Smiling": 0.000802333583123982, "Straight_Hair": 0.12650570273399353, "Wavy_Hair": 0.0068041118793189526, "Wearing_Earrings": 0.0006223764503374696, "Wearing_Hat": 0.0004147922736592591, "Wearing_Lipstick": 0.0003941746545024216, "Wearing_Necklace": 0.0002467094163876027, "Wearing_Necktie": 0.31016775965690613, "Young": 0.43255889415740967, "df_race": "white", "df_race_prob": 90.67590236663818, "df_gender": "Man", "df_gender_prob": 99.95577931404114, "df_age": 28, "df_emotion": "neutral", "df_emotion_prob": 97.2291050689879}