{"name": "Adel_Al-Jubeir_0002.jpg", "5_o_Clock_Shadow": 0.015406892634928226, "Arched_Eyebrows": 0.016193296760320663, "Attractive": 0.05769283324480057, "Bags_Under_Eyes": 0.11769628524780273, "Bald": 0.683727502822876, "Bangs": 0.0012771087931469083, "Big_Lips": 0.030687598511576653, "Big_Nose": 0.01819009706377983, "Black_Hair": 0.002660531783476472, "Blond_Hair": 0.005244450643658638, "Blurry": 0.1259026825428009, "Brown_Hair": 0.0035252270754426718, "Bushy_Eyebrows": 0.020054275169968605, "Chubby": 0.0024176270235329866, "Double_Chin": 0.0012680297950282693, "Eyeglasses": 0.001272694207727909, "Goatee": 0.0019448763923719525, "Gray_Hair": 0.013738933950662613, "Heavy_Makeup": 0.001058173249475658, "High_Cheekbones": 0.007002313155680895, "Male": 0.9982226490974426, "Mouth_Slightly_Open": 0.08181648701429367, "Mustache": 0.001561611657962203, "Narrow_Eyes": 0.010732017457485199, "No_Beard": 0.981297492980957, "Oval_Face": 0.2299301028251648, "Pale_Skin": 0.012464159168303013, "Pointy_Nose": 0.15137217938899994, "Receding_Hairline": 0.13611148297786713, "Rosy_Cheeks": 3.3305415854556486e-05, "Sideburns": 0.0023574635852128267, "Smiling": 0.002483141142874956, "Straight_Hair": 0.006504103075712919, "Wavy_Hair": 0.0024105350021272898, "Wearing_Earrings": 0.0007486376562155783, "Wearing_Hat": 0.00158227130305022, "Wearing_Lipstick": 0.0015684009995311499, "Wearing_Necklace": 0.0004354501434136182, "Wearing_Necktie": 0.225563183426857, "Young": 0.34191203117370605, "df_race": "white", "df_race_prob": 59.143126010894775, "df_gender": "Man", "df_gender_prob": 99.82825517654419, "df_age": 31, "df_emotion": "sad", "df_emotion_prob": 90.50715678844968}