{"name": "Adisai_Bodharamik_0001.jpg", "5_o_Clock_Shadow": 0.0010076467879116535, "Arched_Eyebrows": 0.00221495283767581, "Attractive": 0.002947836648672819, "Bags_Under_Eyes": 0.05149157717823982, "Bald": 0.0044614640064537525, "Bangs": 0.00031534669687971473, "Big_Lips": 0.014537457376718521, "Big_Nose": 0.08098836988210678, "Black_Hair": 0.1390833556652069, "Blond_Hair": 0.00392565131187439, "Blurry": 0.07659570872783661, "Brown_Hair": 0.002393229864537716, "Bushy_Eyebrows": 0.0011634811526164412, "Chubby": 0.12481368333101273, "Double_Chin": 0.015188093297183514, "Eyeglasses": 0.9786809086799622, "Goatee": 0.0004955737967975438, "Gray_Hair": 0.07410956174135208, "Heavy_Makeup": 0.000328864436596632, "High_Cheekbones": 0.07802587002515793, "Male": 0.9635191559791565, "Mouth_Slightly_Open": 0.06778690218925476, "Mustache": 0.001464044558815658, "Narrow_Eyes": 0.49772727489471436, "No_Beard": 0.9961912631988525, "Oval_Face": 0.14037229120731354, "Pale_Skin": 0.08194678276777267, "Pointy_Nose": 0.0006335060461424291, "Receding_Hairline": 0.1857166737318039, "Rosy_Cheeks": 5.99529521423392e-05, "Sideburns": 0.00043138861656188965, "Smiling": 0.01690220832824707, "Straight_Hair": 0.4244217574596405, "Wavy_Hair": 0.00324653135612607, "Wearing_Earrings": 0.002333191456273198, "Wearing_Hat": 0.0008733031572774053, "Wearing_Lipstick": 0.0005147728370502591, "Wearing_Necklace": 0.00245902338065207, "Wearing_Necktie": 0.0419912189245224, "Young": 0.055183906108140945, "df_race": "asian", "df_race_prob": 99.99769926071167, "df_gender": "Man", "df_gender_prob": 99.99830722808838, "df_age": 30, "df_emotion": "sad", "df_emotion_prob": 80.37761449813843}