{"name": "Adrian_Nastase_0002.jpg", "5_o_Clock_Shadow": 0.012526055797934532, "Arched_Eyebrows": 0.004967677406966686, "Attractive": 0.018847523257136345, "Bags_Under_Eyes": 0.11218675971031189, "Bald": 0.01097015105187893, "Bangs": 0.00018200128397438675, "Big_Lips": 0.0033735281322151423, "Big_Nose": 0.09571182727813721, "Black_Hair": 0.006189604289829731, "Blond_Hair": 0.0015821070410311222, "Blurry": 0.04033011943101883, "Brown_Hair": 0.0010925994720309973, "Bushy_Eyebrows": 0.002316933125257492, "Chubby": 0.28502681851387024, "Double_Chin": 0.20253759622573853, "Eyeglasses": 0.0013854659628123045, "Goatee": 0.0005234780255705118, "Gray_Hair": 0.8195005655288696, "Heavy_Makeup": 0.0004107051936443895, "High_Cheekbones": 0.055297624319791794, "Male": 0.9995187520980835, "Mouth_Slightly_Open": 0.040636997669935226, "Mustache": 0.0011176782427355647, "Narrow_Eyes": 0.014001295901834965, "No_Beard": 0.9842830896377563, "Oval_Face": 0.25308454036712646, "Pale_Skin": 0.020686816424131393, "Pointy_Nose": 0.0713946670293808, "Receding_Hairline": 0.49261078238487244, "Rosy_Cheeks": 0.000275167083600536, "Sideburns": 0.0008980753482319415, "Smiling": 0.04996192082762718, "Straight_Hair": 0.4549369513988495, "Wavy_Hair": 0.005310605745762587, "Wearing_Earrings": 0.00023376753961201757, "Wearing_Hat": 0.00011399024515412748, "Wearing_Lipstick": 0.0003618236514739692, "Wearing_Necklace": 0.00020868760475423187, "Wearing_Necktie": 0.4347299337387085, "Young": 0.024373188614845276, "df_race": "white", "df_race_prob": 40.418314933776855, "df_gender": "Man", "df_gender_prob": 98.8366425037384, "df_age": 37, "df_emotion": "neutral", "df_emotion_prob": 78.16759943962097}