{"name": "Adrian_Nastase_0001.jpg", "5_o_Clock_Shadow": 0.01558671984821558, "Arched_Eyebrows": 0.00154626346193254, "Attractive": 0.0049896384589374065, "Bags_Under_Eyes": 0.6176164746284485, "Bald": 0.002912164432927966, "Bangs": 0.0019699116237461567, "Big_Lips": 0.00952707789838314, "Big_Nose": 0.5882872343063354, "Black_Hair": 0.008750755339860916, "Blond_Hair": 0.0052942452020943165, "Blurry": 0.025531558319926262, "Brown_Hair": 0.0013900712365284562, "Bushy_Eyebrows": 0.0008552757790312171, "Chubby": 0.6118855476379395, "Double_Chin": 0.35876452922821045, "Eyeglasses": 0.0026016999036073685, "Goatee": 0.0006196771282702684, "Gray_Hair": 0.8394134044647217, "Heavy_Makeup": 0.00027584872441366315, "High_Cheekbones": 0.06998970359563828, "Male": 0.9994619488716125, "Mouth_Slightly_Open": 0.15479187667369843, "Mustache": 0.005204448010772467, "Narrow_Eyes": 0.019624220207333565, "No_Beard": 0.9775465130805969, "Oval_Face": 0.14773768186569214, "Pale_Skin": 0.027254415675997734, "Pointy_Nose": 0.004585924558341503, "Receding_Hairline": 0.018140718340873718, "Rosy_Cheeks": 0.00011096878733951598, "Sideburns": 0.0021040074061602354, "Smiling": 0.014732454903423786, "Straight_Hair": 0.5469025373458862, "Wavy_Hair": 0.0052249194122850895, "Wearing_Earrings": 0.00017857394414022565, "Wearing_Hat": 0.00022701956913806498, "Wearing_Lipstick": 0.00020622555166482925, "Wearing_Necklace": 0.00025194016052410007, "Wearing_Necktie": 0.6737047433853149, "Young": 0.011511203832924366, "df_race": "white", "df_race_prob": 74.49874877929688, "df_gender": "Man", "df_gender_prob": 99.97139573097229, "df_age": 34, "df_emotion": "sad", "df_emotion_prob": 88.47733071311299}