{"name": "Adrian_McPherson_0002.jpg", "5_o_Clock_Shadow": 0.010696012526750565, "Arched_Eyebrows": 0.0159231498837471, "Attractive": 0.003930473700165749, "Bags_Under_Eyes": 0.01469248067587614, "Bald": 0.011825249530375004, "Bangs": 0.0001256745308637619, "Big_Lips": 0.6144306659698486, "Big_Nose": 0.5761001110076904, "Black_Hair": 0.1586470901966095, "Blond_Hair": 0.0018999812891706824, "Blurry": 0.2360028475522995, "Brown_Hair": 0.0016129284631460905, "Bushy_Eyebrows": 0.007432593498378992, "Chubby": 0.20093375444412231, "Double_Chin": 0.0062113539315760136, "Eyeglasses": 0.0023039488587528467, "Goatee": 0.002032904652878642, "Gray_Hair": 0.0017831824952736497, "Heavy_Makeup": 0.00018361957336310297, "High_Cheekbones": 0.4941137135028839, "Male": 0.9948445558547974, "Mouth_Slightly_Open": 0.08367352932691574, "Mustache": 0.006494758650660515, "Narrow_Eyes": 0.015372974798083305, "No_Beard": 0.9641623497009277, "Oval_Face": 0.5069805979728699, "Pale_Skin": 0.006116018630564213, "Pointy_Nose": 0.00141992571298033, "Receding_Hairline": 0.2794816493988037, "Rosy_Cheeks": 5.383280586102046e-05, "Sideburns": 0.0005168734933249652, "Smiling": 0.012598014436662197, "Straight_Hair": 0.009497454389929771, "Wavy_Hair": 0.002113599330186844, "Wearing_Earrings": 0.01032602321356535, "Wearing_Hat": 0.0013213632628321648, "Wearing_Lipstick": 0.00021842795831616968, "Wearing_Necklace": 0.0028521446511149406, "Wearing_Necktie": 0.002061239443719387, "Young": 0.7450504302978516, "df_race": "black", "df_race_prob": 84.43681504945845, "df_gender": "Man", "df_gender_prob": 99.94513392448425, "df_age": 25, "df_emotion": "neutral", "df_emotion_prob": 99.8992383480072}