{"name": "Adrien_Brody_0010.jpg", "5_o_Clock_Shadow": 0.14890553057193756, "Arched_Eyebrows": 0.002205819124355912, "Attractive": 0.16736553609371185, "Bags_Under_Eyes": 0.020953292027115822, "Bald": 0.000579649000428617, "Bangs": 0.352048397064209, "Big_Lips": 0.009529751725494862, "Big_Nose": 0.07677404582500458, "Black_Hair": 0.015012569725513458, "Blond_Hair": 0.005671375896781683, "Blurry": 0.39070555567741394, "Brown_Hair": 0.1571136713027954, "Bushy_Eyebrows": 0.0567547008395195, "Chubby": 0.0016822433099150658, "Double_Chin": 0.0031969610136002302, "Eyeglasses": 0.00795357022434473, "Goatee": 0.0008536974200978875, "Gray_Hair": 0.0036848164163529873, "Heavy_Makeup": 0.0008015373023226857, "High_Cheekbones": 0.06110069900751114, "Male": 0.997430145740509, "Mouth_Slightly_Open": 0.009864297695457935, "Mustache": 0.0006919964216649532, "Narrow_Eyes": 0.6996400952339172, "No_Beard": 0.9517160654067993, "Oval_Face": 0.26307591795921326, "Pale_Skin": 0.03122680075466633, "Pointy_Nose": 0.18167902529239655, "Receding_Hairline": 0.00136682263109833, "Rosy_Cheeks": 0.0004562248068396002, "Sideburns": 0.0014407960698008537, "Smiling": 0.4727834463119507, "Straight_Hair": 0.6369807124137878, "Wavy_Hair": 0.005818654783070087, "Wearing_Earrings": 0.0005035927752032876, "Wearing_Hat": 0.0022805756889283657, "Wearing_Lipstick": 0.000747573678381741, "Wearing_Necklace": 0.0016822305042296648, "Wearing_Necktie": 0.1437487006187439, "Young": 0.6153106689453125, "df_race": "white", "df_race_prob": 46.03835046291351, "df_gender": "Man", "df_gender_prob": 99.98127818107605, "df_age": 30, "df_emotion": "neutral", "df_emotion_prob": 35.53679287433624}