{"name": "Adrien_Brody_0004.jpg", "5_o_Clock_Shadow": 0.2793339192867279, "Arched_Eyebrows": 0.005010505206882954, "Attractive": 0.5896302461624146, "Bags_Under_Eyes": 0.3039829730987549, "Bald": 0.0003161790664307773, "Bangs": 0.0005750256241299212, "Big_Lips": 0.03209611400961876, "Big_Nose": 0.0925610363483429, "Black_Hair": 0.04303595796227455, "Blond_Hair": 0.001993300626054406, "Blurry": 0.11348272114992142, "Brown_Hair": 0.2054511457681656, "Bushy_Eyebrows": 0.14377906918525696, "Chubby": 0.0005178723949939013, "Double_Chin": 0.000548226002138108, "Eyeglasses": 0.0003677074855659157, "Goatee": 0.0015756103675812483, "Gray_Hair": 0.0012589924735948443, "Heavy_Makeup": 0.00033520819852128625, "High_Cheekbones": 0.06110839173197746, "Male": 0.9985488057136536, "Mouth_Slightly_Open": 0.08935149759054184, "Mustache": 0.0017675758572295308, "Narrow_Eyes": 0.4175572395324707, "No_Beard": 0.9076758027076721, "Oval_Face": 0.163152813911438, "Pale_Skin": 0.02195104770362377, "Pointy_Nose": 0.32088732719421387, "Receding_Hairline": 0.0033704256638884544, "Rosy_Cheeks": 4.398058808874339e-05, "Sideburns": 0.0014962137211114168, "Smiling": 0.646833062171936, "Straight_Hair": 0.5782249569892883, "Wavy_Hair": 0.01942809484899044, "Wearing_Earrings": 0.00044400058686733246, "Wearing_Hat": 0.00029647137853316963, "Wearing_Lipstick": 0.0006295773782767355, "Wearing_Necklace": 0.00046736394870094955, "Wearing_Necktie": 0.02181895263493061, "Young": 0.8406145572662354, "df_race": "middle eastern", "df_race_prob": 69.71265077590942, "df_gender": "Man", "df_gender_prob": 99.9895691871643, "df_age": 27, "df_emotion": "happy", "df_emotion_prob": 99.64349269866943}