{"name": "Ahmed_Chalabi_0002.jpg", "5_o_Clock_Shadow": 0.0032652339432388544, "Arched_Eyebrows": 0.05855758860707283, "Attractive": 0.005586366634815931, "Bags_Under_Eyes": 0.4154597818851471, "Bald": 0.2716464698314667, "Bangs": 0.0002854368358384818, "Big_Lips": 0.07100832462310791, "Big_Nose": 0.6847323179244995, "Black_Hair": 0.001427574665285647, "Blond_Hair": 0.007945590652525425, "Blurry": 0.014675316400825977, "Brown_Hair": 0.0004920484498143196, "Bushy_Eyebrows": 0.00539950467646122, "Chubby": 0.1944686472415924, "Double_Chin": 0.11537611484527588, "Eyeglasses": 0.0014573718653991818, "Goatee": 0.0005379648646339774, "Gray_Hair": 0.792400598526001, "Heavy_Makeup": 0.0007963143289089203, "High_Cheekbones": 0.07766024023294449, "Male": 0.9989486336708069, "Mouth_Slightly_Open": 0.536754310131073, "Mustache": 0.0012668105773627758, "Narrow_Eyes": 0.007901177741587162, "No_Beard": 0.9928361773490906, "Oval_Face": 0.3765549957752228, "Pale_Skin": 0.0460653230547905, "Pointy_Nose": 0.08393099904060364, "Receding_Hairline": 0.916077733039856, "Rosy_Cheeks": 0.0001933036546688527, "Sideburns": 0.0007868170505389571, "Smiling": 0.006334597710520029, "Straight_Hair": 0.02663308009505272, "Wavy_Hair": 0.0022293906658887863, "Wearing_Earrings": 0.001312361448071897, "Wearing_Hat": 0.00011398545757401735, "Wearing_Lipstick": 0.003093573497608304, "Wearing_Necklace": 0.0005184225155971944, "Wearing_Necktie": 0.6631432175636292, "Young": 0.015212547965347767, "df_race": "white", "df_race_prob": 67.06642901105535, "df_gender": "Man", "df_gender_prob": 99.67325925827026, "df_age": 47, "df_emotion": "angry", "df_emotion_prob": 78.88296842575073}