{"name": "Ai_Sugiyama_0002.jpg", "5_o_Clock_Shadow": 0.0016532298177480698, "Arched_Eyebrows": 0.06233539804816246, "Attractive": 0.16089236736297607, "Bags_Under_Eyes": 0.12438338994979858, "Bald": 0.0007270384230650961, "Bangs": 0.0014246974606066942, "Big_Lips": 0.0032255661208182573, "Big_Nose": 0.012812688946723938, "Black_Hair": 0.005138537846505642, "Blond_Hair": 0.08245593309402466, "Blurry": 0.10671050101518631, "Brown_Hair": 0.17209485173225403, "Bushy_Eyebrows": 0.00014677741273771971, "Chubby": 0.012634843587875366, "Double_Chin": 0.0029857244808226824, "Eyeglasses": 0.0010074077872559428, "Goatee": 0.0004623610875569284, "Gray_Hair": 0.010637003928422928, "Heavy_Makeup": 0.0030626626685261726, "High_Cheekbones": 0.9485026597976685, "Male": 0.03201461583375931, "Mouth_Slightly_Open": 0.990447998046875, "Mustache": 0.0003153241705149412, "Narrow_Eyes": 0.6752399802207947, "No_Beard": 0.9964652061462402, "Oval_Face": 0.5672008991241455, "Pale_Skin": 0.005868291482329369, "Pointy_Nose": 0.01892082393169403, "Receding_Hairline": 0.11106395721435547, "Rosy_Cheeks": 0.00043216487392783165, "Sideburns": 0.0004639383696485311, "Smiling": 0.9959821701049805, "Straight_Hair": 0.296487033367157, "Wavy_Hair": 0.0161678995937109, "Wearing_Earrings": 0.02978496253490448, "Wearing_Hat": 0.0005057758535258472, "Wearing_Lipstick": 0.005208100192248821, "Wearing_Necklace": 0.042962316423654556, "Wearing_Necktie": 0.0005017825751565397, "Young": 0.7462649941444397, "df_race": "asian", "df_race_prob": 51.12041817660115, "df_gender": "Man", "df_gender_prob": 92.91961193084717, "df_age": 31, "df_emotion": "happy", "df_emotion_prob": 99.94360208175195}