{"name": "AJ_Lamas_0001.jpg", "5_o_Clock_Shadow": 0.04639182239770889, "Arched_Eyebrows": 0.0032998414244502783, "Attractive": 0.432190865278244, "Bags_Under_Eyes": 0.10967011004686356, "Bald": 0.00028737279353663325, "Bangs": 0.0006521057803183794, "Big_Lips": 0.01518478523939848, "Big_Nose": 0.05111478269100189, "Black_Hair": 0.042212218046188354, "Blond_Hair": 0.0024239453487098217, "Blurry": 0.12906968593597412, "Brown_Hair": 0.1998162418603897, "Bushy_Eyebrows": 0.2884560525417328, "Chubby": 0.0038785620126873255, "Double_Chin": 0.0022196548525243998, "Eyeglasses": 0.0006887547206133604, "Goatee": 0.0003268278087489307, "Gray_Hair": 0.0003975828585680574, "Heavy_Makeup": 0.001655010157264769, "High_Cheekbones": 0.8897966742515564, "Male": 0.981300950050354, "Mouth_Slightly_Open": 0.9919920563697815, "Mustache": 0.0003018135903403163, "Narrow_Eyes": 0.4522429406642914, "No_Beard": 0.9858909845352173, "Oval_Face": 0.5669212937355042, "Pale_Skin": 0.03853614628314972, "Pointy_Nose": 0.014884953387081623, "Receding_Hairline": 0.0012202796060591936, "Rosy_Cheeks": 0.00011340132186887786, "Sideburns": 0.00032528696465305984, "Smiling": 0.9987505674362183, "Straight_Hair": 0.3068966865539551, "Wavy_Hair": 0.049836788326501846, "Wearing_Earrings": 0.0023438436910510063, "Wearing_Hat": 0.00043246819404885173, "Wearing_Lipstick": 0.0021713098976761103, "Wearing_Necklace": 0.0029800734482705593, "Wearing_Necktie": 0.00040854932740330696, "Young": 0.9169226288795471, "df_race": "white", "df_race_prob": 43.77264976501465, "df_gender": "Man", "df_gender_prob": 99.88095760345459, "df_age": 21, "df_emotion": "happy", "df_emotion_prob": 94.95931833739986}