{"name": "Al_Pacino_0002.jpg", "5_o_Clock_Shadow": 0.010233377106487751, "Arched_Eyebrows": 0.0008400768274441361, "Attractive": 0.028445256873965263, "Bags_Under_Eyes": 0.08529289066791534, "Bald": 0.0006175106973387301, "Bangs": 0.001265884842723608, "Big_Lips": 0.013521790504455566, "Big_Nose": 0.13386990129947662, "Black_Hair": 0.0013108366401866078, "Blond_Hair": 0.05372112616896629, "Blurry": 0.2608765661716461, "Brown_Hair": 0.008858292363584042, "Bushy_Eyebrows": 0.0038950855378061533, "Chubby": 0.012978647835552692, "Double_Chin": 0.014439597725868225, "Eyeglasses": 0.003310356056317687, "Goatee": 0.00023061863612383604, "Gray_Hair": 0.7166975736618042, "Heavy_Makeup": 0.00021092448150739074, "High_Cheekbones": 0.019243571907281876, "Male": 0.9989790916442871, "Mouth_Slightly_Open": 0.005936916917562485, "Mustache": 0.0005248006782494485, "Narrow_Eyes": 0.008885512128472328, "No_Beard": 0.9962775111198425, "Oval_Face": 0.07341678440570831, "Pale_Skin": 0.02047402411699295, "Pointy_Nose": 0.34133318066596985, "Receding_Hairline": 0.01789725385606289, "Rosy_Cheeks": 0.00019624721608124673, "Sideburns": 0.00028756135725416243, "Smiling": 0.015730302780866623, "Straight_Hair": 0.10878551751375198, "Wavy_Hair": 0.08151797950267792, "Wearing_Earrings": 0.0004614281060639769, "Wearing_Hat": 0.00021229241974651814, "Wearing_Lipstick": 0.00032049528090283275, "Wearing_Necklace": 0.0011780929053202271, "Wearing_Necktie": 0.055682286620140076, "Young": 0.06946489214897156, "df_race": "white", "df_race_prob": 36.169932624093605, "df_gender": "Man", "df_gender_prob": 99.69823956489563, "df_age": 49, "df_emotion": "fear", "df_emotion_prob": 45.72558079514389}