{"name": "Al_Sharpton_0004.jpg", "5_o_Clock_Shadow": 0.021600041538476944, "Arched_Eyebrows": 0.01170187909156084, "Attractive": 0.0029822729993611574, "Bags_Under_Eyes": 0.25472524762153625, "Bald": 0.005363415461033583, "Bangs": 0.00012201800564071164, "Big_Lips": 0.15938527882099152, "Big_Nose": 0.8785824179649353, "Black_Hair": 0.011088713072240353, "Blond_Hair": 0.0014599548885598779, "Blurry": 0.04027414321899414, "Brown_Hair": 0.0004398007586132735, "Bushy_Eyebrows": 0.03574651479721069, "Chubby": 0.4165217876434326, "Double_Chin": 0.2533223628997803, "Eyeglasses": 0.0023317912127822638, "Goatee": 0.0030406725127249956, "Gray_Hair": 0.5947970151901245, "Heavy_Makeup": 0.00019032019190490246, "High_Cheekbones": 0.06892633438110352, "Male": 0.9994786381721497, "Mouth_Slightly_Open": 0.8751407861709595, "Mustache": 0.09276475757360458, "Narrow_Eyes": 0.22824718058109283, "No_Beard": 0.716388463973999, "Oval_Face": 0.16996538639068604, "Pale_Skin": 0.02029457502067089, "Pointy_Nose": 0.0037795656826347113, "Receding_Hairline": 0.4662295877933502, "Rosy_Cheeks": 4.779596201842651e-05, "Sideburns": 0.001658980967476964, "Smiling": 0.020295951515436172, "Straight_Hair": 0.0754656195640564, "Wavy_Hair": 0.007735531311482191, "Wearing_Earrings": 0.001207050052471459, "Wearing_Hat": 0.0001935858599608764, "Wearing_Lipstick": 0.00031817302806302905, "Wearing_Necklace": 0.0008212731336243451, "Wearing_Necktie": 0.04340920224785805, "Young": 0.07480301707983017, "df_race": "black", "df_race_prob": 99.84931945800781, "df_gender": "Man", "df_gender_prob": 99.97991919517517, "df_age": 36, "df_emotion": "sad", "df_emotion_prob": 89.80233669281006}