{"name": "Al_Sharpton_0006.jpg", "5_o_Clock_Shadow": 0.01356156263500452, "Arched_Eyebrows": 0.008091498166322708, "Attractive": 0.00521599967032671, "Bags_Under_Eyes": 0.2992466688156128, "Bald": 0.0030439456459134817, "Bangs": 0.000344252708600834, "Big_Lips": 0.01800934411585331, "Big_Nose": 0.7248712778091431, "Black_Hair": 0.03942958638072014, "Blond_Hair": 0.0010911904973909259, "Blurry": 0.06883588433265686, "Brown_Hair": 0.0007071047439239919, "Bushy_Eyebrows": 0.005553112830966711, "Chubby": 0.34384867548942566, "Double_Chin": 0.24603836238384247, "Eyeglasses": 0.004459590185433626, "Goatee": 0.003359039081260562, "Gray_Hair": 0.26937299966812134, "Heavy_Makeup": 0.000142718170536682, "High_Cheekbones": 0.027217082679271698, "Male": 0.9995149374008179, "Mouth_Slightly_Open": 0.004911615047603846, "Mustache": 0.6642816066741943, "Narrow_Eyes": 0.006294943857938051, "No_Beard": 0.1326657086610794, "Oval_Face": 0.2562558054924011, "Pale_Skin": 0.01096498966217041, "Pointy_Nose": 0.005151114892214537, "Receding_Hairline": 0.48951631784439087, "Rosy_Cheeks": 0.00014267679944168776, "Sideburns": 0.0012583642965182662, "Smiling": 0.008614880032837391, "Straight_Hair": 0.02970568835735321, "Wavy_Hair": 0.007788156624883413, "Wearing_Earrings": 0.0014711307594552636, "Wearing_Hat": 0.0005481084808707237, "Wearing_Lipstick": 0.00015690333384554833, "Wearing_Necklace": 0.00045632111141458154, "Wearing_Necktie": 0.4343131482601166, "Young": 0.12124603986740112, "df_race": "black", "df_race_prob": 99.99457001653731, "df_gender": "Man", "df_gender_prob": 99.93830919265747, "df_age": 33, "df_emotion": "neutral", "df_emotion_prob": 99.59557650062898}