{"name": "Alanna_Ubach_0001.jpg", "5_o_Clock_Shadow": 0.0010947530390694737, "Arched_Eyebrows": 0.24956834316253662, "Attractive": 0.7234066128730774, "Bags_Under_Eyes": 0.0038377924356609583, "Bald": 4.9145448429044336e-05, "Bangs": 0.33699825406074524, "Big_Lips": 0.10943606495857239, "Big_Nose": 0.0026397588662803173, "Black_Hair": 0.008478016592562199, "Blond_Hair": 0.0306753758341074, "Blurry": 0.12117867171764374, "Brown_Hair": 0.06856321543455124, "Bushy_Eyebrows": 0.015300425700843334, "Chubby": 0.0001988311269087717, "Double_Chin": 0.00013018665777053684, "Eyeglasses": 0.0001815090945456177, "Goatee": 0.00014792066940572113, "Gray_Hair": 0.000282141612842679, "Heavy_Makeup": 0.1413845717906952, "High_Cheekbones": 0.3760230243206024, "Male": 0.004078579600900412, "Mouth_Slightly_Open": 0.00577028002589941, "Mustache": 7.775171980028972e-05, "Narrow_Eyes": 0.016607696190476418, "No_Beard": 0.9989030361175537, "Oval_Face": 0.34293684363365173, "Pale_Skin": 0.06489832699298859, "Pointy_Nose": 0.328350692987442, "Receding_Hairline": 0.00015435631212312728, "Rosy_Cheeks": 0.0005720603512600064, "Sideburns": 0.0002168729988625273, "Smiling": 0.3508996367454529, "Straight_Hair": 0.2870376408100128, "Wavy_Hair": 0.01339494064450264, "Wearing_Earrings": 0.48453450202941895, "Wearing_Hat": 0.002398141659796238, "Wearing_Lipstick": 0.4092428684234619, "Wearing_Necklace": 0.026314325630664825, "Wearing_Necktie": 0.0001020196796162054, "Young": 0.9580059051513672, "df_race": "white", "df_race_prob": 77.39563584327698, "df_gender": "Woman", "df_gender_prob": 99.9053418636322, "df_age": 32, "df_emotion": "happy", "df_emotion_prob": 90.68297632729725}