{"name": "Alejandro_Toledo_0003.jpg", "5_o_Clock_Shadow": 0.07512229681015015, "Arched_Eyebrows": 0.0014081293484196067, "Attractive": 0.0055771321058273315, "Bags_Under_Eyes": 0.8167839646339417, "Bald": 0.0021609754767268896, "Bangs": 0.0020984935108572245, "Big_Lips": 0.04881893843412399, "Big_Nose": 0.842574417591095, "Black_Hair": 0.0008944477303884923, "Blond_Hair": 0.02170310914516449, "Blurry": 0.7088900804519653, "Brown_Hair": 0.003676289925351739, "Bushy_Eyebrows": 0.0005655804998241365, "Chubby": 0.20790398120880127, "Double_Chin": 0.10387415438890457, "Eyeglasses": 0.001864529331214726, "Goatee": 0.0019999726209789515, "Gray_Hair": 0.05689019709825516, "Heavy_Makeup": 5.673765917890705e-05, "High_Cheekbones": 0.05005626752972603, "Male": 0.9836061000823975, "Mouth_Slightly_Open": 0.08056640625, "Mustache": 0.010039379820227623, "Narrow_Eyes": 0.5361184477806091, "No_Beard": 0.8495591878890991, "Oval_Face": 0.03952162712812424, "Pale_Skin": 0.010603614151477814, "Pointy_Nose": 0.018769336864352226, "Receding_Hairline": 0.00848538801074028, "Rosy_Cheeks": 5.6409106036880985e-05, "Sideburns": 0.0068394942209124565, "Smiling": 0.03616314008831978, "Straight_Hair": 0.007978874258697033, "Wavy_Hair": 0.04334692284464836, "Wearing_Earrings": 0.0023935167118906975, "Wearing_Hat": 0.08437496423721313, "Wearing_Lipstick": 0.00018087608623318374, "Wearing_Necklace": 0.002821457339450717, "Wearing_Necktie": 0.030463777482509613, "Young": 0.051914628595113754, "df_race": "middle eastern", "df_race_prob": 74.01540279388428, "df_gender": "Man", "df_gender_prob": 99.96203184127808, "df_age": 29, "df_emotion": "neutral", "df_emotion_prob": 85.75391173362732}