{"name": "Alejandro_Toledo_0016.jpg", "5_o_Clock_Shadow": 0.0017895475029945374, "Arched_Eyebrows": 0.0006223942036740482, "Attractive": 0.0027718720957636833, "Bags_Under_Eyes": 0.1513424664735794, "Bald": 0.0007267100736498833, "Bangs": 0.00023529415193479508, "Big_Lips": 0.0028207236900925636, "Big_Nose": 0.4011230766773224, "Black_Hair": 0.010202653706073761, "Blond_Hair": 0.007146539632230997, "Blurry": 0.060949474573135376, "Brown_Hair": 0.02814660221338272, "Bushy_Eyebrows": 0.0008250141399912536, "Chubby": 0.10451199114322662, "Double_Chin": 0.038954153656959534, "Eyeglasses": 0.7383922934532166, "Goatee": 0.0008061877451837063, "Gray_Hair": 0.2670258581638336, "Heavy_Makeup": 0.00019652377523016185, "High_Cheekbones": 0.08973114937543869, "Male": 0.9927458167076111, "Mouth_Slightly_Open": 0.09172584861516953, "Mustache": 0.003889328334480524, "Narrow_Eyes": 0.056733209639787674, "No_Beard": 0.9916176199913025, "Oval_Face": 0.167152538895607, "Pale_Skin": 0.005333651788532734, "Pointy_Nose": 0.0019709395710378885, "Receding_Hairline": 0.0491771325469017, "Rosy_Cheeks": 6.681247032247484e-05, "Sideburns": 0.000430886575486511, "Smiling": 0.0127859553322196, "Straight_Hair": 0.4123474359512329, "Wavy_Hair": 0.008297300897538662, "Wearing_Earrings": 0.0007861988269723952, "Wearing_Hat": 0.0003201068611815572, "Wearing_Lipstick": 0.00012909276119899005, "Wearing_Necklace": 0.00041165671427734196, "Wearing_Necktie": 0.6118450164794922, "Young": 0.024329645559191704, "df_race": "asian", "df_race_prob": 70.59230208396912, "df_gender": "Man", "df_gender_prob": 99.99566078186035, "df_age": 43, "df_emotion": "neutral", "df_emotion_prob": 55.82602024078369}