{"name": "Alejandro_Toledo_0018.jpg", "5_o_Clock_Shadow": 0.0269786287099123, "Arched_Eyebrows": 0.004732502158731222, "Attractive": 0.03971545770764351, "Bags_Under_Eyes": 0.41346579790115356, "Bald": 0.0020722984336316586, "Bangs": 0.0003130121622234583, "Big_Lips": 0.017102647572755814, "Big_Nose": 0.13268667459487915, "Black_Hair": 0.04570523649454117, "Blond_Hair": 0.0014414829201996326, "Blurry": 0.20163139700889587, "Brown_Hair": 0.05309699475765228, "Bushy_Eyebrows": 0.0030025141313672066, "Chubby": 0.0490390807390213, "Double_Chin": 0.05109162628650665, "Eyeglasses": 0.0014364304952323437, "Goatee": 0.001868937979452312, "Gray_Hair": 0.013869660906493664, "Heavy_Makeup": 0.00015311426250264049, "High_Cheekbones": 0.3517911732196808, "Male": 0.9975774884223938, "Mouth_Slightly_Open": 0.9889688491821289, "Mustache": 0.0016667934833094478, "Narrow_Eyes": 0.8568787574768066, "No_Beard": 0.9866748452186584, "Oval_Face": 0.10237337648868561, "Pale_Skin": 0.003185487585142255, "Pointy_Nose": 0.10369803756475449, "Receding_Hairline": 0.07135508954524994, "Rosy_Cheeks": 7.454813021467999e-05, "Sideburns": 0.0013379590818658471, "Smiling": 0.9336966276168823, "Straight_Hair": 0.4466744065284729, "Wavy_Hair": 0.007856015115976334, "Wearing_Earrings": 0.0027572603430598974, "Wearing_Hat": 0.0006957703153602779, "Wearing_Lipstick": 0.00017644153558649123, "Wearing_Necklace": 0.00048073215293698013, "Wearing_Necktie": 0.32018300890922546, "Young": 0.10005437582731247, "df_race": "white", "df_race_prob": 25.831270217895508, "df_gender": "Man", "df_gender_prob": 99.29199814796448, "df_age": 43, "df_emotion": "happy", "df_emotion_prob": 99.91125464439392}