{"name": "Alessandra_Cerna_0001.jpg", "5_o_Clock_Shadow": 0.001849586726166308, "Arched_Eyebrows": 0.0045257690362632275, "Attractive": 0.0594133622944355, "Bags_Under_Eyes": 0.036260150372982025, "Bald": 0.0002508600882720202, "Bangs": 0.0005963509902358055, "Big_Lips": 0.027038194239139557, "Big_Nose": 0.07100293040275574, "Black_Hair": 0.01580316573381424, "Blond_Hair": 0.006464552599936724, "Blurry": 0.05639607086777687, "Brown_Hair": 0.07623031735420227, "Bushy_Eyebrows": 0.001345040975138545, "Chubby": 0.007767276372760534, "Double_Chin": 0.0005959467380307615, "Eyeglasses": 0.00041439864435233176, "Goatee": 0.00021423470752779394, "Gray_Hair": 0.0009671812294982374, "Heavy_Makeup": 0.0013899058103561401, "High_Cheekbones": 0.021345097571611404, "Male": 0.07363709062337875, "Mouth_Slightly_Open": 0.0005061530391685665, "Mustache": 0.0002856516221072525, "Narrow_Eyes": 0.004795790184289217, "No_Beard": 0.9960377216339111, "Oval_Face": 0.23321625590324402, "Pale_Skin": 0.010076246224343777, "Pointy_Nose": 0.019648903980851173, "Receding_Hairline": 0.025676855817437172, "Rosy_Cheeks": 0.00013293896336108446, "Sideburns": 0.0004176036745775491, "Smiling": 0.00345869199372828, "Straight_Hair": 0.2376406043767929, "Wavy_Hair": 0.007820967584848404, "Wearing_Earrings": 0.04124750569462776, "Wearing_Hat": 0.0017447610152885318, "Wearing_Lipstick": 0.005815853364765644, "Wearing_Necklace": 0.006988137029111385, "Wearing_Necktie": 0.0005400466034188867, "Young": 0.9535127878189087, "df_race": "latino hispanic", "df_race_prob": 38.45105469226837, "df_gender": "Man", "df_gender_prob": 86.90869212150574, "df_age": 31, "df_emotion": "neutral", "df_emotion_prob": 74.57126823492457}