{"name": "Ali_Mohammed_Maher_0001.jpg", "5_o_Clock_Shadow": 0.13569000363349915, "Arched_Eyebrows": 0.017415130510926247, "Attractive": 0.006141991354525089, "Bags_Under_Eyes": 0.10575832426548004, "Bald": 0.0395415835082531, "Bangs": 0.00012924980546813458, "Big_Lips": 0.06154785305261612, "Big_Nose": 0.6451343297958374, "Black_Hair": 0.07652542740106583, "Blond_Hair": 0.002366536995396018, "Blurry": 0.058224089443683624, "Brown_Hair": 0.0043639978393912315, "Bushy_Eyebrows": 0.0037838052958250046, "Chubby": 0.6871150135993958, "Double_Chin": 0.2314588576555252, "Eyeglasses": 0.0014117480022832751, "Goatee": 0.032641295343637466, "Gray_Hair": 0.013280846178531647, "Heavy_Makeup": 0.0001525713742012158, "High_Cheekbones": 0.028200998902320862, "Male": 0.9997088313102722, "Mouth_Slightly_Open": 0.015015333890914917, "Mustache": 0.1305619180202484, "Narrow_Eyes": 0.004467949271202087, "No_Beard": 0.027568504214286804, "Oval_Face": 0.39601489901542664, "Pale_Skin": 0.009985022246837616, "Pointy_Nose": 0.034689392894506454, "Receding_Hairline": 0.5818328857421875, "Rosy_Cheeks": 0.00031040445901453495, "Sideburns": 0.3352680802345276, "Smiling": 0.010447422973811626, "Straight_Hair": 0.15042269229888916, "Wavy_Hair": 0.0024636746384203434, "Wearing_Earrings": 0.0009880790021270514, "Wearing_Hat": 0.000384815561119467, "Wearing_Lipstick": 0.0003034657274838537, "Wearing_Necklace": 0.0005372474552132189, "Wearing_Necktie": 0.8723728060722351, "Young": 0.26865628361701965, "df_race": "latino hispanic", "df_race_prob": 48.63366178474794, "df_gender": "Man", "df_gender_prob": 99.98914003372192, "df_age": 33, "df_emotion": "happy", "df_emotion_prob": 55.49011826515198}