{"name": "Ali_Hammoud_0001.jpg", "5_o_Clock_Shadow": 0.018259769305586815, "Arched_Eyebrows": 0.045454688370227814, "Attractive": 0.002782586496323347, "Bags_Under_Eyes": 0.5245691537857056, "Bald": 0.0047655487433075905, "Bangs": 0.0006126145017333329, "Big_Lips": 0.060821834951639175, "Big_Nose": 0.8826559782028198, "Black_Hair": 0.3808129131793976, "Blond_Hair": 0.0013479834888130426, "Blurry": 0.05257644131779671, "Brown_Hair": 0.0010214472422376275, "Bushy_Eyebrows": 0.06770766526460648, "Chubby": 0.4960783123970032, "Double_Chin": 0.4472223222255707, "Eyeglasses": 0.00480092316865921, "Goatee": 0.013215462677180767, "Gray_Hair": 0.10394041240215302, "Heavy_Makeup": 0.0005536772077903152, "High_Cheekbones": 0.1400807946920395, "Male": 0.999762237071991, "Mouth_Slightly_Open": 0.957438051700592, "Mustache": 0.9119815826416016, "Narrow_Eyes": 0.034879691898822784, "No_Beard": 0.036845870316028595, "Oval_Face": 0.195331409573555, "Pale_Skin": 0.011678971350193024, "Pointy_Nose": 0.05148151516914368, "Receding_Hairline": 0.007550548762083054, "Rosy_Cheeks": 0.00032013404415920377, "Sideburns": 0.006296241655945778, "Smiling": 0.04517287388443947, "Straight_Hair": 0.6780729293823242, "Wavy_Hair": 0.0018275984330102801, "Wearing_Earrings": 0.013580303639173508, "Wearing_Hat": 0.002343038795515895, "Wearing_Lipstick": 0.0013104939134791493, "Wearing_Necklace": 0.0015278056962415576, "Wearing_Necktie": 0.5253435373306274, "Young": 0.019799867644906044, "df_race": "latino hispanic", "df_race_prob": 36.573195457458496, "df_gender": "Man", "df_gender_prob": 99.96646642684937, "df_age": 31, "df_emotion": "neutral", "df_emotion_prob": 58.13113354073363}