{"name": "Ali_Naimi_0007.jpg", "5_o_Clock_Shadow": 0.007662691175937653, "Arched_Eyebrows": 0.03657623752951622, "Attractive": 0.0028451436664909124, "Bags_Under_Eyes": 0.07302507758140564, "Bald": 0.006130228750407696, "Bangs": 0.00046828630729578435, "Big_Lips": 0.012853996828198433, "Big_Nose": 0.43590980768203735, "Black_Hair": 0.010476784780621529, "Blond_Hair": 0.003217557677999139, "Blurry": 0.10142108052968979, "Brown_Hair": 0.0012106836074963212, "Bushy_Eyebrows": 0.051806606352329254, "Chubby": 0.07876142114400864, "Double_Chin": 0.06814773380756378, "Eyeglasses": 0.975499153137207, "Goatee": 0.004811473656445742, "Gray_Hair": 0.7659387588500977, "Heavy_Makeup": 0.0006802323623560369, "High_Cheekbones": 0.08539196848869324, "Male": 0.9987769722938538, "Mouth_Slightly_Open": 0.5897473096847534, "Mustache": 0.8429316282272339, "Narrow_Eyes": 0.0035644457675516605, "No_Beard": 0.14378559589385986, "Oval_Face": 0.10763446986675262, "Pale_Skin": 0.00868659745901823, "Pointy_Nose": 0.022352373227477074, "Receding_Hairline": 0.2680926024913788, "Rosy_Cheeks": 0.00029026600532233715, "Sideburns": 0.0011906769359484315, "Smiling": 0.044707804918289185, "Straight_Hair": 0.277381956577301, "Wavy_Hair": 0.004651057533919811, "Wearing_Earrings": 0.0007073651649989188, "Wearing_Hat": 0.0008947895839810371, "Wearing_Lipstick": 0.0012525705387815833, "Wearing_Necklace": 0.0012126172659918666, "Wearing_Necktie": 0.19664545357227325, "Young": 0.00581390643492341, "df_race": "middle eastern", "df_race_prob": 47.11223244667053, "df_gender": "Man", "df_gender_prob": 99.99054670333862, "df_age": 33, "df_emotion": "surprise", "df_emotion_prob": 95.27002033352609}