{"name": "Alimzhan_Tokhtakhounov_0002.jpg", "5_o_Clock_Shadow": 0.004553374368697405, "Arched_Eyebrows": 0.00880372803658247, "Attractive": 0.002660988597199321, "Bags_Under_Eyes": 0.24195770919322968, "Bald": 0.0008843918913044035, "Bangs": 0.0005500356783159077, "Big_Lips": 0.016400594264268875, "Big_Nose": 0.4538695812225342, "Black_Hair": 0.013213417492806911, "Blond_Hair": 0.001752957352437079, "Blurry": 0.024549176916480064, "Brown_Hair": 0.002209995873272419, "Bushy_Eyebrows": 0.0012001009890809655, "Chubby": 0.6062319278717041, "Double_Chin": 0.21383723616600037, "Eyeglasses": 0.0023181403521448374, "Goatee": 0.0003514245618134737, "Gray_Hair": 0.4304124116897583, "Heavy_Makeup": 0.00019067003449890763, "High_Cheekbones": 0.055697862058877945, "Male": 0.9988740086555481, "Mouth_Slightly_Open": 0.008147920481860638, "Mustache": 0.0014275406720116735, "Narrow_Eyes": 0.005967135541141033, "No_Beard": 0.9878666400909424, "Oval_Face": 0.24683475494384766, "Pale_Skin": 0.005432433448731899, "Pointy_Nose": 0.005522957071661949, "Receding_Hairline": 0.019863110035657883, "Rosy_Cheeks": 0.0001948525314219296, "Sideburns": 0.0003577806637622416, "Smiling": 0.0029194331727921963, "Straight_Hair": 0.08813172578811646, "Wavy_Hair": 0.031295716762542725, "Wearing_Earrings": 0.0005212202668190002, "Wearing_Hat": 0.0004234184743836522, "Wearing_Lipstick": 0.0003788268950302154, "Wearing_Necklace": 0.0009680478251539171, "Wearing_Necktie": 0.00716543011367321, "Young": 0.05497712641954422, "df_race": "asian", "df_race_prob": 39.174917340278625, "df_gender": "Man", "df_gender_prob": 99.980229139328, "df_age": 42, "df_emotion": "neutral", "df_emotion_prob": 93.25121004886687}