{"name": "Alma_Powell_0001.jpg", "5_o_Clock_Shadow": 0.0004870168340858072, "Arched_Eyebrows": 0.013471974991261959, "Attractive": 0.01582501456141472, "Bags_Under_Eyes": 0.033307187259197235, "Bald": 0.0007517102640122175, "Bangs": 0.0006687941495329142, "Big_Lips": 0.025151599198579788, "Big_Nose": 0.061553411185741425, "Black_Hair": 0.028142239898443222, "Blond_Hair": 0.011297960765659809, "Blurry": 0.47814738750457764, "Brown_Hair": 0.04974445328116417, "Bushy_Eyebrows": 0.00011887386062880978, "Chubby": 0.049114979803562164, "Double_Chin": 0.03379004821181297, "Eyeglasses": 0.9873805046081543, "Goatee": 0.0003848095366265625, "Gray_Hair": 0.0200074203312397, "Heavy_Makeup": 0.005240924656391144, "High_Cheekbones": 0.8566479086875916, "Male": 0.01875135488808155, "Mouth_Slightly_Open": 0.9968959093093872, "Mustache": 0.0003515741555020213, "Narrow_Eyes": 0.1523863822221756, "No_Beard": 0.9969099164009094, "Oval_Face": 0.26793932914733887, "Pale_Skin": 0.006026571616530418, "Pointy_Nose": 0.03964431956410408, "Receding_Hairline": 0.16787558794021606, "Rosy_Cheeks": 0.000379972014343366, "Sideburns": 0.0002473851782269776, "Smiling": 0.9970563650131226, "Straight_Hair": 0.1490301936864853, "Wavy_Hair": 0.061658941209316254, "Wearing_Earrings": 0.4384200870990753, "Wearing_Hat": 0.00040277178050018847, "Wearing_Lipstick": 0.040127433836460114, "Wearing_Necklace": 0.018723448738455772, "Wearing_Necktie": 0.003580998396500945, "Young": 0.05174282565712929, "df_race": "indian", "df_race_prob": 37.79520021648408, "df_gender": "Woman", "df_gender_prob": 51.94685459136963, "df_age": 50, "df_emotion": "happy", "df_emotion_prob": 95.10595798492432}