{"name": "Alvaro_Uribe_0011.jpg", "5_o_Clock_Shadow": 0.04283446818590164, "Arched_Eyebrows": 0.00029877061024308205, "Attractive": 0.016504358500242233, "Bags_Under_Eyes": 0.018724054098129272, "Bald": 0.008804655633866787, "Bangs": 0.00013538503844756633, "Big_Lips": 0.01130228117108345, "Big_Nose": 0.02791653200984001, "Black_Hair": 0.010902435518801212, "Blond_Hair": 0.004104518797248602, "Blurry": 0.18047992885112762, "Brown_Hair": 0.017092959955334663, "Bushy_Eyebrows": 0.003469879040494561, "Chubby": 0.004717993084341288, "Double_Chin": 0.00857007596641779, "Eyeglasses": 0.9860639572143555, "Goatee": 0.0007168571464717388, "Gray_Hair": 0.07103896886110306, "Heavy_Makeup": 6.427484913729131e-05, "High_Cheekbones": 0.004956258926540613, "Male": 0.999117910861969, "Mouth_Slightly_Open": 0.6764922142028809, "Mustache": 0.0019452400738373399, "Narrow_Eyes": 0.06866614520549774, "No_Beard": 0.9646187424659729, "Oval_Face": 0.07247453182935715, "Pale_Skin": 0.031827300786972046, "Pointy_Nose": 0.0866074487566948, "Receding_Hairline": 0.17769308388233185, "Rosy_Cheeks": 4.781087045557797e-05, "Sideburns": 0.002038783160969615, "Smiling": 0.012023811228573322, "Straight_Hair": 0.45675116777420044, "Wavy_Hair": 0.0024987414944916964, "Wearing_Earrings": 0.00021775213826913387, "Wearing_Hat": 0.00035255824332125485, "Wearing_Lipstick": 0.00012692256132140756, "Wearing_Necklace": 0.0004920559586025774, "Wearing_Necktie": 0.6697956919670105, "Young": 0.10616672784090042, "df_race": "white", "df_race_prob": 46.71119788751627, "df_gender": "Man", "df_gender_prob": 99.98377561569214, "df_age": 45, "df_emotion": "neutral", "df_emotion_prob": 88.87339697759116}