{"name": "Alvaro_Uribe_0007.jpg", "5_o_Clock_Shadow": 0.1096288189291954, "Arched_Eyebrows": 0.0002479178656358272, "Attractive": 0.0177324116230011, "Bags_Under_Eyes": 0.01786010153591633, "Bald": 0.0022933848667889833, "Bangs": 0.00016739523562137038, "Big_Lips": 0.013862643390893936, "Big_Nose": 0.055503323674201965, "Black_Hair": 0.04885055497288704, "Blond_Hair": 0.0009095988352783024, "Blurry": 0.1480826735496521, "Brown_Hair": 0.007118661422282457, "Bushy_Eyebrows": 0.015392418019473553, "Chubby": 0.007138465065509081, "Double_Chin": 0.007748421281576157, "Eyeglasses": 0.9967013001441956, "Goatee": 0.001885998877696693, "Gray_Hair": 0.05520176142454147, "Heavy_Makeup": 8.818906644592062e-05, "High_Cheekbones": 0.008696523495018482, "Male": 0.9993795156478882, "Mouth_Slightly_Open": 0.08207358419895172, "Mustache": 0.0036024353466928005, "Narrow_Eyes": 0.025695446878671646, "No_Beard": 0.8961168527603149, "Oval_Face": 0.11492961645126343, "Pale_Skin": 0.01387468259781599, "Pointy_Nose": 0.17562636733055115, "Receding_Hairline": 0.041561584919691086, "Rosy_Cheeks": 7.86806849646382e-05, "Sideburns": 0.0019696014933288097, "Smiling": 0.008951476775109768, "Straight_Hair": 0.34724584221839905, "Wavy_Hair": 0.007675365544855595, "Wearing_Earrings": 0.0001379372552037239, "Wearing_Hat": 0.0004828092351090163, "Wearing_Lipstick": 0.00011446896678535268, "Wearing_Necklace": 0.000230540128541179, "Wearing_Necktie": 0.061069656163454056, "Young": 0.08748097717761993, "df_race": "white", "df_race_prob": 54.78160381317139, "df_gender": "Man", "df_gender_prob": 99.99473094940186, "df_age": 43, "df_emotion": "neutral", "df_emotion_prob": 50.95491409301758}