{"name": "Alyse_Beaupre_0001.jpg", "5_o_Clock_Shadow": 0.0015481271548196673, "Arched_Eyebrows": 0.043681178241968155, "Attractive": 0.021840890869498253, "Bags_Under_Eyes": 0.20870645344257355, "Bald": 0.0006770690670236945, "Bangs": 0.0006748542655259371, "Big_Lips": 0.016983311623334885, "Big_Nose": 0.07394920289516449, "Black_Hair": 0.004233385901898146, "Blond_Hair": 0.2093791514635086, "Blurry": 0.5091935396194458, "Brown_Hair": 0.07394939661026001, "Bushy_Eyebrows": 0.0004103932878933847, "Chubby": 0.44279617071151733, "Double_Chin": 0.11261715739965439, "Eyeglasses": 0.0012678185012191534, "Goatee": 0.00042202803888358176, "Gray_Hair": 0.06680157780647278, "Heavy_Makeup": 0.0061874547973275185, "High_Cheekbones": 0.155835822224617, "Male": 0.01870455965399742, "Mouth_Slightly_Open": 0.3229418396949768, "Mustache": 0.0005504912114702165, "Narrow_Eyes": 0.3071072995662689, "No_Beard": 0.9923833012580872, "Oval_Face": 0.6366845369338989, "Pale_Skin": 0.19082105159759521, "Pointy_Nose": 0.021363921463489532, "Receding_Hairline": 0.2551068067550659, "Rosy_Cheeks": 0.0003382712893653661, "Sideburns": 0.0006199795752763748, "Smiling": 0.10601790994405746, "Straight_Hair": 0.01576019451022148, "Wavy_Hair": 0.7589021325111389, "Wearing_Earrings": 0.003676251508295536, "Wearing_Hat": 0.0003046893689315766, "Wearing_Lipstick": 0.014522511512041092, "Wearing_Necklace": 0.007814472541213036, "Wearing_Necktie": 0.0031950499396771193, "Young": 0.15796756744384766, "df_race": "white", "df_race_prob": 76.32548213005066, "df_gender": "Woman", "df_gender_prob": 99.99929666519165, "df_age": 31, "df_emotion": "fear", "df_emotion_prob": 66.24288357751868}