{"name": "Amanda_Bynes_0003.jpg", "5_o_Clock_Shadow": 0.0020035486668348312, "Arched_Eyebrows": 0.12203837186098099, "Attractive": 0.35771632194519043, "Bags_Under_Eyes": 0.0005235927528701723, "Bald": 0.001464851200580597, "Bangs": 0.0007241591229103506, "Big_Lips": 0.16890160739421844, "Big_Nose": 0.0032340241596102715, "Black_Hair": 0.0012345502618700266, "Blond_Hair": 0.7763047218322754, "Blurry": 0.14169944822788239, "Brown_Hair": 0.00620593735948205, "Bushy_Eyebrows": 0.00037444938789121807, "Chubby": 0.0015167905949056149, "Double_Chin": 0.00023015731130726635, "Eyeglasses": 0.0009800419211387634, "Goatee": 0.000660772027913481, "Gray_Hair": 0.004455376882106066, "Heavy_Makeup": 0.21389199793338776, "High_Cheekbones": 0.02103315480053425, "Male": 0.00290916720405221, "Mouth_Slightly_Open": 0.13027803599834442, "Mustache": 0.00021271791774779558, "Narrow_Eyes": 0.46457934379577637, "No_Beard": 0.995743453502655, "Oval_Face": 0.21079441905021667, "Pale_Skin": 0.048255447298288345, "Pointy_Nose": 0.3032066226005554, "Receding_Hairline": 0.06277444958686829, "Rosy_Cheeks": 0.0004210120241623372, "Sideburns": 0.0007049798150546849, "Smiling": 0.0026797926984727383, "Straight_Hair": 0.6993194222450256, "Wavy_Hair": 0.015586311928927898, "Wearing_Earrings": 0.010900024324655533, "Wearing_Hat": 0.0008333887089975178, "Wearing_Lipstick": 0.37882813811302185, "Wearing_Necklace": 0.4435287415981293, "Wearing_Necktie": 0.0002736966125667095, "Young": 0.9613710045814514, "df_race": "white", "df_race_prob": 99.52090975766836, "df_gender": "Woman", "df_gender_prob": 99.99834299087524, "df_age": 25, "df_emotion": "sad", "df_emotion_prob": 88.86697888374329}