{"name": "Amanda_Coetzer_0002.jpg", "5_o_Clock_Shadow": 0.0007078938651829958, "Arched_Eyebrows": 0.013267481699585915, "Attractive": 0.052470654249191284, "Bags_Under_Eyes": 0.10004416853189468, "Bald": 0.0028822359163314104, "Bangs": 0.0009358418174088001, "Big_Lips": 0.004824616014957428, "Big_Nose": 0.010270103812217712, "Black_Hair": 0.00042244058568030596, "Blond_Hair": 0.42505645751953125, "Blurry": 0.20967188477516174, "Brown_Hair": 0.015640653669834137, "Bushy_Eyebrows": 0.0001751628878992051, "Chubby": 0.0015630212146788836, "Double_Chin": 0.0006175313028506935, "Eyeglasses": 0.0010280506685376167, "Goatee": 0.00039995458791963756, "Gray_Hair": 0.06167386844754219, "Heavy_Makeup": 0.0024539462756365538, "High_Cheekbones": 0.050735875964164734, "Male": 0.017669061198830605, "Mouth_Slightly_Open": 0.047879092395305634, "Mustache": 0.00029847052064724267, "Narrow_Eyes": 0.017762402072548866, "No_Beard": 0.9942253232002258, "Oval_Face": 0.21030619740486145, "Pale_Skin": 0.06731132417917252, "Pointy_Nose": 0.07365981489419937, "Receding_Hairline": 0.40053799748420715, "Rosy_Cheeks": 0.00010551496234256774, "Sideburns": 0.0009642099612392485, "Smiling": 0.006439137272536755, "Straight_Hair": 0.18180468678474426, "Wavy_Hair": 0.006416747346520424, "Wearing_Earrings": 0.03467358648777008, "Wearing_Hat": 0.00020114777726121247, "Wearing_Lipstick": 0.0017096642404794693, "Wearing_Necklace": 0.008991651237010956, "Wearing_Necktie": 0.0008435814525000751, "Young": 0.9404952526092529, "df_race": "indian", "df_race_prob": 40.90104401111603, "df_gender": "Man", "df_gender_prob": 82.6183021068573, "df_age": 22, "df_emotion": "happy", "df_emotion_prob": 60.34523608358121}