{"name": "Amber_Tamblyn_0002.jpg", "5_o_Clock_Shadow": 0.0005935056251473725, "Arched_Eyebrows": 0.028808757662773132, "Attractive": 0.41310200095176697, "Bags_Under_Eyes": 0.03750133141875267, "Bald": 0.00015245226677507162, "Bangs": 0.0008955772500485182, "Big_Lips": 0.15802502632141113, "Big_Nose": 0.00984967965632677, "Black_Hair": 0.003983728587627411, "Blond_Hair": 0.07999508082866669, "Blurry": 0.12002498656511307, "Brown_Hair": 0.27142852544784546, "Bushy_Eyebrows": 0.0005314273294061422, "Chubby": 0.002693901536986232, "Double_Chin": 0.0011530843330547214, "Eyeglasses": 0.00020891796157229692, "Goatee": 0.0005486182635650039, "Gray_Hair": 0.0005774912424385548, "Heavy_Makeup": 0.11789838969707489, "High_Cheekbones": 0.4154563248157501, "Male": 0.0026590670458972454, "Mouth_Slightly_Open": 0.9957290291786194, "Mustache": 0.00023242519819177687, "Narrow_Eyes": 0.5615586638450623, "No_Beard": 0.9964998960494995, "Oval_Face": 0.268438458442688, "Pale_Skin": 0.08017854392528534, "Pointy_Nose": 0.13077200949192047, "Receding_Hairline": 0.014083396643400192, "Rosy_Cheeks": 0.00014620079309679568, "Sideburns": 0.0005126860924065113, "Smiling": 0.9126748442649841, "Straight_Hair": 0.008971118368208408, "Wavy_Hair": 0.784446120262146, "Wearing_Earrings": 0.0057531180791556835, "Wearing_Hat": 0.0002907892339862883, "Wearing_Lipstick": 0.3796936273574829, "Wearing_Necklace": 0.01254682894796133, "Wearing_Necktie": 0.00012514082482084632, "Young": 0.8535372018814087, "df_race": "white", "df_race_prob": 94.84396546149048, "df_gender": "Woman", "df_gender_prob": 99.9850869178772, "df_age": 28, "df_emotion": "happy", "df_emotion_prob": 99.99971985815286}