{"name": "Amber_Frey_0001.jpg", "5_o_Clock_Shadow": 0.0009138766909018159, "Arched_Eyebrows": 0.006791607942432165, "Attractive": 0.0963808000087738, "Bags_Under_Eyes": 0.00720391608774662, "Bald": 0.0004982327809557319, "Bangs": 0.8646243810653687, "Big_Lips": 0.1115446463227272, "Big_Nose": 0.013428538106381893, "Black_Hair": 0.0013013794086873531, "Blond_Hair": 0.8844606876373291, "Blurry": 0.3999137282371521, "Brown_Hair": 0.0013881286140531301, "Bushy_Eyebrows": 0.0002179650473408401, "Chubby": 0.0011975636007264256, "Double_Chin": 0.0004977265489287674, "Eyeglasses": 0.0005771396099589765, "Goatee": 0.00021233188454061747, "Gray_Hair": 0.025464771315455437, "Heavy_Makeup": 0.036776069551706314, "High_Cheekbones": 0.0194991547614336, "Male": 0.0117867486551404, "Mouth_Slightly_Open": 0.12026286125183105, "Mustache": 0.0004737784620374441, "Narrow_Eyes": 0.41122007369995117, "No_Beard": 0.9974151849746704, "Oval_Face": 0.15160030126571655, "Pale_Skin": 0.10666966438293457, "Pointy_Nose": 0.24306650459766388, "Receding_Hairline": 0.0014412872260436416, "Rosy_Cheeks": 0.00019424759375397116, "Sideburns": 0.0004087480192538351, "Smiling": 0.005062310490757227, "Straight_Hair": 0.3880869448184967, "Wavy_Hair": 0.08299881219863892, "Wearing_Earrings": 0.0027250112034380436, "Wearing_Hat": 0.00028971469146199524, "Wearing_Lipstick": 0.10682692378759384, "Wearing_Necklace": 0.03648703545331955, "Wearing_Necktie": 0.0009837680263444781, "Young": 0.5364487767219543, "df_race": "white", "df_race_prob": 100.0, "df_gender": "Woman", "df_gender_prob": 99.99103546142578, "df_age": 34, "df_emotion": "fear", "df_emotion_prob": 78.99888032668116}