{"name": "Amer_al-Saadi_0003.jpg", "5_o_Clock_Shadow": 0.006632678210735321, "Arched_Eyebrows": 0.007943925447762012, "Attractive": 0.003491637296974659, "Bags_Under_Eyes": 0.20665167272090912, "Bald": 0.28998032212257385, "Bangs": 0.0004714273090939969, "Big_Lips": 0.005541238933801651, "Big_Nose": 0.17408820986747742, "Black_Hair": 0.005341778974980116, "Blond_Hair": 0.001891299500130117, "Blurry": 0.15348131954669952, "Brown_Hair": 0.00048601790331304073, "Bushy_Eyebrows": 0.007907789200544357, "Chubby": 0.4742562174797058, "Double_Chin": 0.45530009269714355, "Eyeglasses": 0.01715167611837387, "Goatee": 0.0015509231016039848, "Gray_Hair": 0.9081674218177795, "Heavy_Makeup": 0.0005257053417153656, "High_Cheekbones": 0.027608109638094902, "Male": 0.9992915391921997, "Mouth_Slightly_Open": 0.055836036801338196, "Mustache": 0.0041267345659434795, "Narrow_Eyes": 0.11882562190294266, "No_Beard": 0.9712374806404114, "Oval_Face": 0.35227474570274353, "Pale_Skin": 0.008966735564172268, "Pointy_Nose": 0.25337252020835876, "Receding_Hairline": 0.7555688619613647, "Rosy_Cheeks": 0.0005377436173148453, "Sideburns": 0.0022016095463186502, "Smiling": 0.03409847617149353, "Straight_Hair": 0.10342984646558762, "Wavy_Hair": 0.003009357489645481, "Wearing_Earrings": 0.0007462273351848125, "Wearing_Hat": 0.0005664066411554813, "Wearing_Lipstick": 0.0004756622656714171, "Wearing_Necklace": 0.00031237778603099287, "Wearing_Necktie": 0.7756724953651428, "Young": 0.008957553654909134, "df_race": "asian", "df_race_prob": 99.96483325958252, "df_gender": "Man", "df_gender_prob": 99.97511506080627, "df_age": 27, "df_emotion": "happy", "df_emotion_prob": 78.10059785842896}