{"name": "Amer_al-Saadi_0002.jpg", "5_o_Clock_Shadow": 0.007149798795580864, "Arched_Eyebrows": 0.008927586488425732, "Attractive": 0.003222845960408449, "Bags_Under_Eyes": 0.25640061497688293, "Bald": 0.3715074360370636, "Bangs": 0.0006806019810028374, "Big_Lips": 0.014818890020251274, "Big_Nose": 0.4557701349258423, "Black_Hair": 0.0037067881785333157, "Blond_Hair": 0.004525934811681509, "Blurry": 0.09414811432361603, "Brown_Hair": 0.00042794685577973723, "Bushy_Eyebrows": 0.00355245522223413, "Chubby": 0.6536526679992676, "Double_Chin": 0.6143983602523804, "Eyeglasses": 0.015508058480918407, "Goatee": 0.0007352291140705347, "Gray_Hair": 0.9446764588356018, "Heavy_Makeup": 0.0005412009195424616, "High_Cheekbones": 0.03102431632578373, "Male": 0.9994435906410217, "Mouth_Slightly_Open": 0.019604694098234177, "Mustache": 0.0033954160753637552, "Narrow_Eyes": 0.03389463573694229, "No_Beard": 0.9862177968025208, "Oval_Face": 0.32036781311035156, "Pale_Skin": 0.027755023911595345, "Pointy_Nose": 0.30609339475631714, "Receding_Hairline": 0.8328892588615417, "Rosy_Cheeks": 0.0006820415728725493, "Sideburns": 0.0019074894953519106, "Smiling": 0.02490454539656639, "Straight_Hair": 0.11772327125072479, "Wavy_Hair": 0.0030571655370295048, "Wearing_Earrings": 0.0007865277002565563, "Wearing_Hat": 0.0006458988063968718, "Wearing_Lipstick": 0.0009338065283372998, "Wearing_Necklace": 0.0005105517921037972, "Wearing_Necktie": 0.8616704344749451, "Young": 0.007113493047654629, "df_race": "asian", "df_race_prob": 99.9987006187439, "df_gender": "Man", "df_gender_prob": 99.99501705169678, "df_age": 23, "df_emotion": "neutral", "df_emotion_prob": 62.86651270786003}