{"name": "Anders_Fogh_Rasmussen_0004.jpg", "5_o_Clock_Shadow": 0.06448057293891907, "Arched_Eyebrows": 0.00044411738053895533, "Attractive": 0.09970667958259583, "Bags_Under_Eyes": 0.12390261888504028, "Bald": 0.0003232099406886846, "Bangs": 0.0009783328277990222, "Big_Lips": 0.013524042442440987, "Big_Nose": 0.08139529079198837, "Black_Hair": 0.0034788521006703377, "Blond_Hair": 0.005502334330230951, "Blurry": 0.05876273661851883, "Brown_Hair": 0.058572523295879364, "Bushy_Eyebrows": 0.119845911860466, "Chubby": 0.0026498085353523493, "Double_Chin": 0.008349522016942501, "Eyeglasses": 0.0004589826858136803, "Goatee": 0.0005581073928624392, "Gray_Hair": 0.10052549093961716, "Heavy_Makeup": 0.00023568910546600819, "High_Cheekbones": 0.48839226365089417, "Male": 0.9995753169059753, "Mouth_Slightly_Open": 0.9923324584960938, "Mustache": 0.0006245911936275661, "Narrow_Eyes": 0.08976734429597855, "No_Beard": 0.9879764914512634, "Oval_Face": 0.13344153761863708, "Pale_Skin": 0.0014367124531418085, "Pointy_Nose": 0.12491357326507568, "Receding_Hairline": 0.0006240368820726871, "Rosy_Cheeks": 0.00028733114595524967, "Sideburns": 0.00101040571462363, "Smiling": 0.946199357509613, "Straight_Hair": 0.2167045772075653, "Wavy_Hair": 0.03955455496907234, "Wearing_Earrings": 0.00045431393664330244, "Wearing_Hat": 0.0005743702058680356, "Wearing_Lipstick": 0.00017458279035054147, "Wearing_Necklace": 0.00024903964367695153, "Wearing_Necktie": 0.12578824162483215, "Young": 0.05894746258854866, "df_race": "middle eastern", "df_race_prob": 64.84782099723816, "df_gender": "Man", "df_gender_prob": 99.99958276748657, "df_age": 35, "df_emotion": "happy", "df_emotion_prob": 93.93445253372192}