{"name": "Andre_Agassi_0016.jpg", "5_o_Clock_Shadow": 0.4769369959831238, "Arched_Eyebrows": 0.02703305520117283, "Attractive": 0.03157668560743332, "Bags_Under_Eyes": 0.44757208228111267, "Bald": 0.8975820541381836, "Bangs": 0.0011901127872988582, "Big_Lips": 0.04950655251741409, "Big_Nose": 0.2599986791610718, "Black_Hair": 0.0030239252373576164, "Blond_Hair": 0.009164165705442429, "Blurry": 0.10525130480527878, "Brown_Hair": 0.002585549373179674, "Bushy_Eyebrows": 0.046799201518297195, "Chubby": 0.030053310096263885, "Double_Chin": 0.026343554258346558, "Eyeglasses": 0.0013620457611978054, "Goatee": 0.01399920228868723, "Gray_Hair": 0.007687676697969437, "Heavy_Makeup": 9.576712909620255e-05, "High_Cheekbones": 0.4594665765762329, "Male": 0.9981216788291931, "Mouth_Slightly_Open": 0.9891618490219116, "Mustache": 0.0030045986641198397, "Narrow_Eyes": 0.6798721551895142, "No_Beard": 0.7585604190826416, "Oval_Face": 0.11677370220422745, "Pale_Skin": 0.013869576156139374, "Pointy_Nose": 0.010870503261685371, "Receding_Hairline": 0.08532465994358063, "Rosy_Cheeks": 3.7106790841789916e-05, "Sideburns": 0.038561999797821045, "Smiling": 0.8257989883422852, "Straight_Hair": 0.005852209869772196, "Wavy_Hair": 0.001671483856625855, "Wearing_Earrings": 0.005462079308927059, "Wearing_Hat": 0.006877406965941191, "Wearing_Lipstick": 0.00014092164929024875, "Wearing_Necklace": 0.003528187982738018, "Wearing_Necktie": 0.007002890110015869, "Young": 0.8887882828712463, "df_race": "middle eastern", "df_race_prob": 87.15989513158173, "df_gender": "Man", "df_gender_prob": 99.99865293502808, "df_age": 29, "df_emotion": "happy", "df_emotion_prob": 99.72913861274719}