{"name": "Andre_Bucher_0001.jpg", "5_o_Clock_Shadow": 0.0026647511404007673, "Arched_Eyebrows": 0.003386889584362507, "Attractive": 0.02778979204595089, "Bags_Under_Eyes": 0.0005390265723690391, "Bald": 0.0030601348262280226, "Bangs": 0.00036685491795651615, "Big_Lips": 0.04328310489654541, "Big_Nose": 0.005100785754621029, "Black_Hair": 0.0007747085765004158, "Blond_Hair": 0.44940385222435, "Blurry": 0.1780427247285843, "Brown_Hair": 0.0018648755503818393, "Bushy_Eyebrows": 0.00016865177894942462, "Chubby": 0.0012814439833164215, "Double_Chin": 0.0007402769988402724, "Eyeglasses": 0.9223902225494385, "Goatee": 0.000965791754424572, "Gray_Hair": 0.037352219223976135, "Heavy_Makeup": 0.0018473019590601325, "High_Cheekbones": 0.018523361533880234, "Male": 0.4548753798007965, "Mouth_Slightly_Open": 0.6523697972297668, "Mustache": 0.0010736089898273349, "Narrow_Eyes": 0.0021097620483487844, "No_Beard": 0.9873791337013245, "Oval_Face": 0.1165553480386734, "Pale_Skin": 0.06987199187278748, "Pointy_Nose": 0.08409928530454636, "Receding_Hairline": 0.14141960442066193, "Rosy_Cheeks": 4.9899917939910665e-05, "Sideburns": 0.0006799507536925375, "Smiling": 0.002186815021559596, "Straight_Hair": 0.11366396397352219, "Wavy_Hair": 0.0050011929124593735, "Wearing_Earrings": 0.01009436883032322, "Wearing_Hat": 0.002376292832195759, "Wearing_Lipstick": 0.004173259250819683, "Wearing_Necklace": 0.013714608736336231, "Wearing_Necktie": 0.0007019349141046405, "Young": 0.9125075340270996, "df_race": "white", "df_race_prob": 100.0, "df_gender": "Man", "df_gender_prob": 99.84922409057617, "df_age": 34, "df_emotion": "fear", "df_emotion_prob": 96.63838744163513}