{"name": "Andrew_Weissmann_0001.jpg", "5_o_Clock_Shadow": 0.02120283432304859, "Arched_Eyebrows": 0.0003290579479653388, "Attractive": 0.007872709073126316, "Bags_Under_Eyes": 0.14682604372501373, "Bald": 0.004333223681896925, "Bangs": 0.00018499135330785066, "Big_Lips": 0.021929603070020676, "Big_Nose": 0.13645146787166595, "Black_Hair": 0.016592929139733315, "Blond_Hair": 0.004905987996608019, "Blurry": 0.14735737442970276, "Brown_Hair": 0.06312703341245651, "Bushy_Eyebrows": 0.001343793817795813, "Chubby": 0.016805553808808327, "Double_Chin": 0.019563324749469757, "Eyeglasses": 0.9727911949157715, "Goatee": 0.00043691921746358275, "Gray_Hair": 0.08920352905988693, "Heavy_Makeup": 4.7962523240130395e-05, "High_Cheekbones": 0.012722576037049294, "Male": 0.9989244341850281, "Mouth_Slightly_Open": 0.6602089405059814, "Mustache": 0.0006869467906653881, "Narrow_Eyes": 0.0536285899579525, "No_Beard": 0.9945451021194458, "Oval_Face": 0.07524228096008301, "Pale_Skin": 0.01217083539813757, "Pointy_Nose": 0.051714181900024414, "Receding_Hairline": 0.23987814784049988, "Rosy_Cheeks": 2.7008860342903063e-05, "Sideburns": 0.0004921727813780308, "Smiling": 0.016948524862527847, "Straight_Hair": 0.4974953234195709, "Wavy_Hair": 0.007564257364720106, "Wearing_Earrings": 0.00046180476783774793, "Wearing_Hat": 0.0002045178262051195, "Wearing_Lipstick": 0.0001265948812942952, "Wearing_Necklace": 0.00043794576777145267, "Wearing_Necktie": 0.8198821544647217, "Young": 0.07941433042287827, "df_race": "white", "df_race_prob": 58.255285024642944, "df_gender": "Man", "df_gender_prob": 99.98067021369934, "df_age": 46, "df_emotion": "sad", "df_emotion_prob": 77.61835126658067}