{"name": "Andre_Agassi_0028.jpg", "5_o_Clock_Shadow": 0.07155045121908188, "Arched_Eyebrows": 0.005601727403700352, "Attractive": 0.11789833754301071, "Bags_Under_Eyes": 0.3920717239379883, "Bald": 0.7503938674926758, "Bangs": 0.0010581464739516377, "Big_Lips": 0.007735409773886204, "Big_Nose": 0.08836248517036438, "Black_Hair": 0.0029426715336740017, "Blond_Hair": 0.004736312665045261, "Blurry": 0.05387915298342705, "Brown_Hair": 0.004443732090294361, "Bushy_Eyebrows": 0.03178819641470909, "Chubby": 0.009761933237314224, "Double_Chin": 0.010208736173808575, "Eyeglasses": 0.001118517480790615, "Goatee": 0.002428714418783784, "Gray_Hair": 0.004736387170851231, "Heavy_Makeup": 0.00020664933254010975, "High_Cheekbones": 0.8145565390586853, "Male": 0.993800699710846, "Mouth_Slightly_Open": 0.9109359383583069, "Mustache": 0.0005158753483556211, "Narrow_Eyes": 0.552752673625946, "No_Beard": 0.9804213643074036, "Oval_Face": 0.24242256581783295, "Pale_Skin": 0.005605832673609257, "Pointy_Nose": 0.023804254829883575, "Receding_Hairline": 0.008770439773797989, "Rosy_Cheeks": 2.917463643825613e-05, "Sideburns": 0.003377069951966405, "Smiling": 0.9791391491889954, "Straight_Hair": 0.003928741905838251, "Wavy_Hair": 0.0025108209811151028, "Wearing_Earrings": 0.0038047616835683584, "Wearing_Hat": 0.005352927837520838, "Wearing_Lipstick": 0.00020725690410472453, "Wearing_Necklace": 0.0012313928455114365, "Wearing_Necktie": 0.008910982869565487, "Young": 0.6657705903053284, "df_race": "middle eastern", "df_race_prob": 61.41248345375061, "df_gender": "Man", "df_gender_prob": 99.98469352722168, "df_age": 26, "df_emotion": "happy", "df_emotion_prob": 99.99322891235352}