{"name": "Andy_Hebb_0002.jpg", "5_o_Clock_Shadow": 0.03210524097084999, "Arched_Eyebrows": 0.0012929621152579784, "Attractive": 0.012309676967561245, "Bags_Under_Eyes": 0.05420706793665886, "Bald": 0.0012322928523644805, "Bangs": 0.004953303840011358, "Big_Lips": 0.02959081158041954, "Big_Nose": 0.13898280262947083, "Black_Hair": 0.009340099059045315, "Blond_Hair": 0.03162786364555359, "Blurry": 0.029761072248220444, "Brown_Hair": 0.016450468450784683, "Bushy_Eyebrows": 0.0019360828446224332, "Chubby": 0.4709949195384979, "Double_Chin": 0.17017631232738495, "Eyeglasses": 0.001273060915991664, "Goatee": 0.00023516229703091085, "Gray_Hair": 0.10353554785251617, "Heavy_Makeup": 0.0005586566403508186, "High_Cheekbones": 0.010122386738657951, "Male": 0.9989534616470337, "Mouth_Slightly_Open": 0.6665907502174377, "Mustache": 0.0004306153568904847, "Narrow_Eyes": 0.09032910317182541, "No_Beard": 0.994013249874115, "Oval_Face": 0.3827473521232605, "Pale_Skin": 0.3333684504032135, "Pointy_Nose": 0.01785610429942608, "Receding_Hairline": 0.0013340419391170144, "Rosy_Cheeks": 0.00025276371161453426, "Sideburns": 0.00096606690203771, "Smiling": 0.004544021096080542, "Straight_Hair": 0.741270899772644, "Wavy_Hair": 0.007818492129445076, "Wearing_Earrings": 0.0005900210817344487, "Wearing_Hat": 0.0010177346412092447, "Wearing_Lipstick": 0.0005106349708512425, "Wearing_Necklace": 0.0005269884131848812, "Wearing_Necktie": 0.4042549133300781, "Young": 0.13004224002361298, "df_race": "white", "df_race_prob": 68.19683313369751, "df_gender": "Man", "df_gender_prob": 99.99876022338867, "df_age": 34, "df_emotion": "fear", "df_emotion_prob": 39.44939374923706}