{"name": "Angelo_Reyes_0001.jpg", "5_o_Clock_Shadow": 0.0034191468730568886, "Arched_Eyebrows": 0.0003879734722431749, "Attractive": 0.0033782077953219414, "Bags_Under_Eyes": 0.03921637311577797, "Bald": 0.001832107431255281, "Bangs": 0.000852379365824163, "Big_Lips": 0.0027866647578775883, "Big_Nose": 0.11261869221925735, "Black_Hair": 0.010127381421625614, "Blond_Hair": 0.002530302619561553, "Blurry": 0.1666174679994583, "Brown_Hair": 0.00334439380094409, "Bushy_Eyebrows": 0.00014162955631036311, "Chubby": 0.077171690762043, "Double_Chin": 0.016575921326875687, "Eyeglasses": 0.7939240336418152, "Goatee": 0.0007472261204384267, "Gray_Hair": 0.7680603861808777, "Heavy_Makeup": 0.00017916254000738263, "High_Cheekbones": 0.04496089369058609, "Male": 0.9923129677772522, "Mouth_Slightly_Open": 0.0019038256723433733, "Mustache": 0.001074735657311976, "Narrow_Eyes": 0.004753189627081156, "No_Beard": 0.9912870526313782, "Oval_Face": 0.16834202408790588, "Pale_Skin": 0.009198381565511227, "Pointy_Nose": 0.020112482830882072, "Receding_Hairline": 0.07719980925321579, "Rosy_Cheeks": 0.0002100020064972341, "Sideburns": 0.0008376776822842658, "Smiling": 0.0027670906856656075, "Straight_Hair": 0.3601069748401642, "Wavy_Hair": 0.017406433820724487, "Wearing_Earrings": 0.0012405130546540022, "Wearing_Hat": 0.0006583892973139882, "Wearing_Lipstick": 0.00017138398834504187, "Wearing_Necklace": 0.0019200178794562817, "Wearing_Necktie": 0.008884781040251255, "Young": 0.01802896149456501, "df_race": "asian", "df_race_prob": 33.88518691062927, "df_gender": "Man", "df_gender_prob": 97.11324572563171, "df_age": 42, "df_emotion": "angry", "df_emotion_prob": 90.89433550834656}