{"name": "Angela_Lansbury_0001.jpg", "5_o_Clock_Shadow": 0.00030899225384928286, "Arched_Eyebrows": 0.3259926438331604, "Attractive": 0.03987876698374748, "Bags_Under_Eyes": 0.10812447220087051, "Bald": 0.0005113144288770854, "Bangs": 0.0032741259783506393, "Big_Lips": 0.041298363357782364, "Big_Nose": 0.04651745408773422, "Black_Hair": 0.0009143571369349957, "Blond_Hair": 0.5175986289978027, "Blurry": 0.22208821773529053, "Brown_Hair": 0.0029080151580274105, "Bushy_Eyebrows": 0.00017784938972909003, "Chubby": 0.017066974192857742, "Double_Chin": 0.02048531547188759, "Eyeglasses": 0.001029578852467239, "Goatee": 0.0006117465673014522, "Gray_Hair": 0.6138542294502258, "Heavy_Makeup": 0.07065609842538834, "High_Cheekbones": 0.33338192105293274, "Male": 0.016743306070566177, "Mouth_Slightly_Open": 0.8161080479621887, "Mustache": 0.0007518377969972789, "Narrow_Eyes": 0.0024237644392997026, "No_Beard": 0.9950975775718689, "Oval_Face": 0.18180420994758606, "Pale_Skin": 0.0696549266576767, "Pointy_Nose": 0.12923221290111542, "Receding_Hairline": 0.06302666664123535, "Rosy_Cheeks": 0.0010931487195193768, "Sideburns": 0.0008564378367736936, "Smiling": 0.22745352983474731, "Straight_Hair": 0.007174528203904629, "Wavy_Hair": 0.5514885783195496, "Wearing_Earrings": 0.7271431088447571, "Wearing_Hat": 0.0005323533550836146, "Wearing_Lipstick": 0.44875243306159973, "Wearing_Necklace": 0.5216622948646545, "Wearing_Necktie": 0.000599764462094754, "Young": 0.025807229802012444, "df_race": "white", "df_race_prob": 79.39305305480957, "df_gender": "Woman", "df_gender_prob": 99.80060458183289, "df_age": 52, "df_emotion": "happy", "df_emotion_prob": 97.34268188476562}