{"name": "Angelina_Jolie_0011.jpg", "5_o_Clock_Shadow": 0.002108926884829998, "Arched_Eyebrows": 0.008948507718741894, "Attractive": 0.23138286173343658, "Bags_Under_Eyes": 0.0024938543792814016, "Bald": 0.0006764240679331124, "Bangs": 0.00018275163893122226, "Big_Lips": 0.25859886407852173, "Big_Nose": 0.03154740110039711, "Black_Hair": 0.028267038986086845, "Blond_Hair": 0.015599002130329609, "Blurry": 0.21205416321754456, "Brown_Hair": 0.1188027635216713, "Bushy_Eyebrows": 0.0006103342748247087, "Chubby": 0.0022420529276132584, "Double_Chin": 0.002256101230159402, "Eyeglasses": 0.9564782381057739, "Goatee": 0.0010597818763926625, "Gray_Hair": 0.0006070469389669597, "Heavy_Makeup": 0.01864246465265751, "High_Cheekbones": 0.3924444913864136, "Male": 0.007378125563263893, "Mouth_Slightly_Open": 0.9404065608978271, "Mustache": 0.000323981192195788, "Narrow_Eyes": 0.030903279781341553, "No_Beard": 0.9976950287818909, "Oval_Face": 0.10750473290681839, "Pale_Skin": 0.013323480263352394, "Pointy_Nose": 0.07976318150758743, "Receding_Hairline": 0.05378791317343712, "Rosy_Cheeks": 0.00014219980221241713, "Sideburns": 0.0002736475726123899, "Smiling": 0.7180362343788147, "Straight_Hair": 0.6572957634925842, "Wavy_Hair": 0.029066497460007668, "Wearing_Earrings": 0.03734075278043747, "Wearing_Hat": 0.0025372353848069906, "Wearing_Lipstick": 0.13910439610481262, "Wearing_Necklace": 0.04532328248023987, "Wearing_Necktie": 0.0003711666795425117, "Young": 0.8108605742454529, "df_race": "white", "df_race_prob": 42.39162802696228, "df_gender": "Woman", "df_gender_prob": 81.44630193710327, "df_age": 32, "df_emotion": "neutral", "df_emotion_prob": 52.20074679860434}