{"name": "Angelina_Jolie_0001.jpg", "5_o_Clock_Shadow": 0.003631715662777424, "Arched_Eyebrows": 0.31138360500335693, "Attractive": 0.5049319863319397, "Bags_Under_Eyes": 0.13400739431381226, "Bald": 0.0011658357689157128, "Bangs": 0.0006222136435098946, "Big_Lips": 0.1420801728963852, "Big_Nose": 0.0580587200820446, "Black_Hair": 0.00156100292224437, "Blond_Hair": 0.4120631217956543, "Blurry": 0.1675010323524475, "Brown_Hair": 0.012874548323452473, "Bushy_Eyebrows": 9.983059135265648e-05, "Chubby": 0.0026024363469332457, "Double_Chin": 0.0016248015454038978, "Eyeglasses": 0.00012192238500574604, "Goatee": 0.0004024558875244111, "Gray_Hair": 0.011638011783361435, "Heavy_Makeup": 0.04138270393013954, "High_Cheekbones": 0.9322791695594788, "Male": 0.007981875911355019, "Mouth_Slightly_Open": 0.9982788562774658, "Mustache": 0.00025167103740386665, "Narrow_Eyes": 0.027894172817468643, "No_Beard": 0.9935996532440186, "Oval_Face": 0.340434193611145, "Pale_Skin": 0.14173170924186707, "Pointy_Nose": 0.09132397919893265, "Receding_Hairline": 0.5106069445610046, "Rosy_Cheeks": 0.00020122487330809236, "Sideburns": 0.00023148723994381726, "Smiling": 0.9983729124069214, "Straight_Hair": 0.24729116261005402, "Wavy_Hair": 0.006256123073399067, "Wearing_Earrings": 0.04636829346418381, "Wearing_Hat": 0.00014668647781945765, "Wearing_Lipstick": 0.16644032299518585, "Wearing_Necklace": 0.026088131591677666, "Wearing_Necktie": 0.0003684001276269555, "Young": 0.8860214352607727, "df_race": "latino hispanic", "df_race_prob": 28.734654188156128, "df_gender": "Woman", "df_gender_prob": 99.99899864196777, "df_age": 30, "df_emotion": "happy", "df_emotion_prob": 99.88740086555481}