{"name": "Angela_Merkel_0002.jpg", "5_o_Clock_Shadow": 0.0010074625024572015, "Arched_Eyebrows": 0.013842035084962845, "Attractive": 0.03671145439147949, "Bags_Under_Eyes": 0.08843203634023666, "Bald": 0.0009041840094141662, "Bangs": 0.806476891040802, "Big_Lips": 0.0023724501952528954, "Big_Nose": 0.009194266982376575, "Black_Hair": 0.0018174690194427967, "Blond_Hair": 0.5037660598754883, "Blurry": 0.11285889148712158, "Brown_Hair": 0.010154414921998978, "Bushy_Eyebrows": 0.0005763900699093938, "Chubby": 0.016921773552894592, "Double_Chin": 0.015118341892957687, "Eyeglasses": 0.0004813323903363198, "Goatee": 0.0004708764608949423, "Gray_Hair": 0.08953945338726044, "Heavy_Makeup": 0.006830978207290173, "High_Cheekbones": 0.25484317541122437, "Male": 0.06605301797389984, "Mouth_Slightly_Open": 0.004206256475299597, "Mustache": 0.00025949275004677474, "Narrow_Eyes": 0.007473832927644253, "No_Beard": 0.9966643452644348, "Oval_Face": 0.3912408649921417, "Pale_Skin": 0.04554734006524086, "Pointy_Nose": 0.06773143261671066, "Receding_Hairline": 0.002831416204571724, "Rosy_Cheeks": 0.0006998722092248499, "Sideburns": 0.0005362858646549284, "Smiling": 0.047136735171079636, "Straight_Hair": 0.2271062284708023, "Wavy_Hair": 0.02267095260322094, "Wearing_Earrings": 0.014144232496619225, "Wearing_Hat": 0.00024364926503039896, "Wearing_Lipstick": 0.00937403179705143, "Wearing_Necklace": 0.011791164986789227, "Wearing_Necktie": 0.0007455783197656274, "Young": 0.21452675759792328, "df_race": "white", "df_race_prob": 99.9715507030487, "df_gender": "Woman", "df_gender_prob": 99.95912909507751, "df_age": 42, "df_emotion": "fear", "df_emotion_prob": 83.27676653862}