{"name": "Angelina_Jolie_0004.jpg", "5_o_Clock_Shadow": 0.0011910644825547934, "Arched_Eyebrows": 0.7686407566070557, "Attractive": 0.4060477316379547, "Bags_Under_Eyes": 0.0031490251421928406, "Bald": 0.0005301936180330813, "Bangs": 0.0005269597750157118, "Big_Lips": 0.09190025925636292, "Big_Nose": 0.004161530639976263, "Black_Hair": 0.012430643662810326, "Blond_Hair": 0.055138926953077316, "Blurry": 0.16199351847171783, "Brown_Hair": 0.08453156054019928, "Bushy_Eyebrows": 9.389252954861149e-05, "Chubby": 0.0013296465622261167, "Double_Chin": 0.0013497157488018274, "Eyeglasses": 0.0003294006746727973, "Goatee": 0.0003274110204074532, "Gray_Hair": 0.004128902219235897, "Heavy_Makeup": 0.34333330392837524, "High_Cheekbones": 0.6047109961509705, "Male": 0.0010655319783836603, "Mouth_Slightly_Open": 0.9889729619026184, "Mustache": 0.00025531076244078577, "Narrow_Eyes": 0.026408694684505463, "No_Beard": 0.9941213726997375, "Oval_Face": 0.2874692678451538, "Pale_Skin": 0.028654539957642555, "Pointy_Nose": 0.23461225628852844, "Receding_Hairline": 0.26296287775039673, "Rosy_Cheeks": 0.0008276819135062397, "Sideburns": 0.00034195257467217743, "Smiling": 0.8545596599578857, "Straight_Hair": 0.12228082120418549, "Wavy_Hair": 0.05470188334584236, "Wearing_Earrings": 0.33443084359169006, "Wearing_Hat": 0.00013214413775131106, "Wearing_Lipstick": 0.7482057213783264, "Wearing_Necklace": 0.039845824241638184, "Wearing_Necktie": 0.00023916388454381377, "Young": 0.6131936311721802, "df_race": "latino hispanic", "df_race_prob": 33.93751680850983, "df_gender": "Woman", "df_gender_prob": 99.99923706054688, "df_age": 35, "df_emotion": "happy", "df_emotion_prob": 98.93935918807983}