{"name": "Angelo_Genova_0001.jpg", "5_o_Clock_Shadow": 0.007340206764638424, "Arched_Eyebrows": 0.004974033683538437, "Attractive": 0.008770697750151157, "Bags_Under_Eyes": 0.25817808508872986, "Bald": 0.7928875684738159, "Bangs": 0.002144836587831378, "Big_Lips": 0.031085696071386337, "Big_Nose": 0.31149062514305115, "Black_Hair": 0.002826260169968009, "Blond_Hair": 0.004167573526501656, "Blurry": 0.14513058960437775, "Brown_Hair": 0.0033229251857846975, "Bushy_Eyebrows": 0.01944737136363983, "Chubby": 0.18191535770893097, "Double_Chin": 0.19084523618221283, "Eyeglasses": 0.9929516911506653, "Goatee": 0.0005874069174751639, "Gray_Hair": 0.12164879590272903, "Heavy_Makeup": 0.00020944509014952928, "High_Cheekbones": 0.35230299830436707, "Male": 0.996227502822876, "Mouth_Slightly_Open": 0.9871522784233093, "Mustache": 0.0010665927547961473, "Narrow_Eyes": 0.4063105881214142, "No_Beard": 0.993712842464447, "Oval_Face": 0.3292034864425659, "Pale_Skin": 0.019519060850143433, "Pointy_Nose": 0.04972658306360245, "Receding_Hairline": 0.03395929932594299, "Rosy_Cheeks": 2.4572143956902437e-05, "Sideburns": 0.0005298336618579924, "Smiling": 0.9905636310577393, "Straight_Hair": 0.01589527353644371, "Wavy_Hair": 0.002579023130238056, "Wearing_Earrings": 0.002089683897793293, "Wearing_Hat": 0.0025732682552188635, "Wearing_Lipstick": 0.0004335023113526404, "Wearing_Necklace": 0.0014284980716183782, "Wearing_Necktie": 0.4917505979537964, "Young": 0.02821343205869198, "df_race": "white", "df_race_prob": 34.73522365093231, "df_gender": "Man", "df_gender_prob": 99.87009763717651, "df_age": 26, "df_emotion": "happy", "df_emotion_prob": 99.99454021453857}