{"name": "Ann_Veneman_0008.jpg", "5_o_Clock_Shadow": 0.0011507307644933462, "Arched_Eyebrows": 0.07172829657793045, "Attractive": 0.028074197471141815, "Bags_Under_Eyes": 0.04387056082487106, "Bald": 0.00042953857337124646, "Bangs": 0.5984675288200378, "Big_Lips": 0.038182634860277176, "Big_Nose": 0.007611554116010666, "Black_Hair": 0.002941443119198084, "Blond_Hair": 0.05205594003200531, "Blurry": 0.47287917137145996, "Brown_Hair": 0.15751869976520538, "Bushy_Eyebrows": 0.00028650151216425, "Chubby": 0.010338510386645794, "Double_Chin": 0.004386027343571186, "Eyeglasses": 0.0004563246329780668, "Goatee": 0.0003932702820748091, "Gray_Hair": 0.015232140198349953, "Heavy_Makeup": 0.005841054487973452, "High_Cheekbones": 0.014406812377274036, "Male": 0.05070468783378601, "Mouth_Slightly_Open": 0.4013488292694092, "Mustache": 0.000412932742619887, "Narrow_Eyes": 0.7423155903816223, "No_Beard": 0.9947628378868103, "Oval_Face": 0.371675968170166, "Pale_Skin": 0.12561838328838348, "Pointy_Nose": 0.07487127929925919, "Receding_Hairline": 0.0026453915052115917, "Rosy_Cheeks": 9.438482084078714e-05, "Sideburns": 0.0007012275164015591, "Smiling": 0.003223852487280965, "Straight_Hair": 0.031922489404678345, "Wavy_Hair": 0.2654018998146057, "Wearing_Earrings": 0.05214567482471466, "Wearing_Hat": 0.00016893923748284578, "Wearing_Lipstick": 0.013965306803584099, "Wearing_Necklace": 0.030748456716537476, "Wearing_Necktie": 0.000658172182738781, "Young": 0.25015372037887573, "df_race": "white", "df_race_prob": 50.0668466091156, "df_gender": "Man", "df_gender_prob": 99.15260672569275, "df_age": 29, "df_emotion": "sad", "df_emotion_prob": 99.65294003486633}