{"name": "Ann_Veneman_0002.jpg", "5_o_Clock_Shadow": 0.0008286245283670723, "Arched_Eyebrows": 0.04486149922013283, "Attractive": 0.01457022875547409, "Bags_Under_Eyes": 0.24870379269123077, "Bald": 0.00020744945504702628, "Bangs": 0.6086174845695496, "Big_Lips": 0.05206941068172455, "Big_Nose": 0.05416051298379898, "Black_Hair": 0.0041204760782420635, "Blond_Hair": 0.012244568206369877, "Blurry": 0.22498126327991486, "Brown_Hair": 0.21237687766551971, "Bushy_Eyebrows": 0.0003639112110249698, "Chubby": 0.028634753078222275, "Double_Chin": 0.00539715401828289, "Eyeglasses": 0.0003300561220385134, "Goatee": 0.00020073947962373495, "Gray_Hair": 0.018826400861144066, "Heavy_Makeup": 0.005823138635605574, "High_Cheekbones": 0.009214840829372406, "Male": 0.05711258575320244, "Mouth_Slightly_Open": 0.007329391781240702, "Mustache": 0.0008457915973849595, "Narrow_Eyes": 0.0074641467072069645, "No_Beard": 0.9941468238830566, "Oval_Face": 0.24836048483848572, "Pale_Skin": 0.05476761981844902, "Pointy_Nose": 0.02622540108859539, "Receding_Hairline": 0.0023341362830251455, "Rosy_Cheeks": 0.00020348500402178615, "Sideburns": 0.000857398088555783, "Smiling": 0.000430723128374666, "Straight_Hair": 0.05012909322977066, "Wavy_Hair": 0.1963142454624176, "Wearing_Earrings": 0.35978391766548157, "Wearing_Hat": 0.0009830222697928548, "Wearing_Lipstick": 0.021981865167617798, "Wearing_Necklace": 0.04413337633013725, "Wearing_Necktie": 0.00133609923068434, "Young": 0.11118179559707642, "df_race": "white", "df_race_prob": 99.20803904533386, "df_gender": "Man", "df_gender_prob": 95.33584713935852, "df_age": 34, "df_emotion": "neutral", "df_emotion_prob": 53.01450490951538}