{"name": "Anna_Kournikova_0012.jpg", "5_o_Clock_Shadow": 0.0006719905068166554, "Arched_Eyebrows": 0.0339636504650116, "Attractive": 0.44749993085861206, "Bags_Under_Eyes": 0.03227616101503372, "Bald": 0.0003214435710106045, "Bangs": 0.0014201068552210927, "Big_Lips": 0.022425567731261253, "Big_Nose": 0.02685728296637535, "Black_Hair": 0.002133637899532914, "Blond_Hair": 0.9332603812217712, "Blurry": 0.27739736437797546, "Brown_Hair": 0.004456629045307636, "Bushy_Eyebrows": 0.00028750242199748755, "Chubby": 0.009863552637398243, "Double_Chin": 0.0027369470335543156, "Eyeglasses": 0.0004130037850700319, "Goatee": 0.00024171742552425712, "Gray_Hair": 0.011179416440427303, "Heavy_Makeup": 0.09376102685928345, "High_Cheekbones": 0.9641691446304321, "Male": 0.0028163667302578688, "Mouth_Slightly_Open": 0.9992828965187073, "Mustache": 0.00012732257891912013, "Narrow_Eyes": 0.32726073265075684, "No_Beard": 0.9981489181518555, "Oval_Face": 0.6979137063026428, "Pale_Skin": 0.027977485209703445, "Pointy_Nose": 0.046040404587984085, "Receding_Hairline": 0.051828593015670776, "Rosy_Cheeks": 0.0006225036922842264, "Sideburns": 0.00025683766580186784, "Smiling": 0.9991590976715088, "Straight_Hair": 0.38344791531562805, "Wavy_Hair": 0.14208821952342987, "Wearing_Earrings": 0.008281417191028595, "Wearing_Hat": 0.00014391870354302227, "Wearing_Lipstick": 0.09571049362421036, "Wearing_Necklace": 0.010594803839921951, "Wearing_Necktie": 0.0002498785324860364, "Young": 0.921425998210907, "df_race": "white", "df_race_prob": 38.933590054512024, "df_gender": "Woman", "df_gender_prob": 99.99853372573853, "df_age": 30, "df_emotion": "happy", "df_emotion_prob": 99.99272227243914}