{"name": "Anna_Kournikova_0001.jpg", "5_o_Clock_Shadow": 0.002446511760354042, "Arched_Eyebrows": 0.006833177991211414, "Attractive": 0.025650754570961, "Bags_Under_Eyes": 0.04034906625747681, "Bald": 0.0007005478837527335, "Bangs": 0.003178565064445138, "Big_Lips": 0.04374697059392929, "Big_Nose": 0.026477135717868805, "Black_Hair": 0.00036865464062429965, "Blond_Hair": 0.4437914788722992, "Blurry": 0.22566816210746765, "Brown_Hair": 0.0036601542960852385, "Bushy_Eyebrows": 0.00031518470495939255, "Chubby": 0.006323178764432669, "Double_Chin": 0.0010495880851522088, "Eyeglasses": 0.0004908688133582473, "Goatee": 0.0001688001211732626, "Gray_Hair": 0.017293285578489304, "Heavy_Makeup": 0.0018849256448447704, "High_Cheekbones": 0.018129363656044006, "Male": 0.10280930250883102, "Mouth_Slightly_Open": 0.8998658657073975, "Mustache": 0.0001510703150415793, "Narrow_Eyes": 0.7114806771278381, "No_Beard": 0.9940284490585327, "Oval_Face": 0.14073103666305542, "Pale_Skin": 0.011434259824454784, "Pointy_Nose": 0.04488786309957504, "Receding_Hairline": 0.02319701574742794, "Rosy_Cheeks": 7.430263212881982e-05, "Sideburns": 0.0005151407094672322, "Smiling": 0.011496302671730518, "Straight_Hair": 0.022903282195329666, "Wavy_Hair": 0.03507274389266968, "Wearing_Earrings": 0.04189841449260712, "Wearing_Hat": 0.0036696766037493944, "Wearing_Lipstick": 0.003097811248153448, "Wearing_Necklace": 0.04469026252627373, "Wearing_Necktie": 0.00018662748334463686, "Young": 0.9142795205116272, "df_race": "asian", "df_race_prob": 43.349897465103716, "df_gender": "Man", "df_gender_prob": 80.60973882675171, "df_age": 29, "df_emotion": "angry", "df_emotion_prob": 98.56259797142708}