{"name": "Anne_McLellan_0003.jpg", "5_o_Clock_Shadow": 0.0004040100029669702, "Arched_Eyebrows": 0.005169273354113102, "Attractive": 0.002804330550134182, "Bags_Under_Eyes": 0.01008412055671215, "Bald": 0.0009793315548449755, "Bangs": 0.2166460156440735, "Big_Lips": 0.03285714238882065, "Big_Nose": 0.011043809354305267, "Black_Hair": 0.11964859813451767, "Blond_Hair": 0.005475232843309641, "Blurry": 0.24913670122623444, "Brown_Hair": 0.058209970593452454, "Bushy_Eyebrows": 0.0009490028023719788, "Chubby": 0.04230489954352379, "Double_Chin": 0.008093404583632946, "Eyeglasses": 0.9947299957275391, "Goatee": 0.0005805419641546905, "Gray_Hair": 0.016660453751683235, "Heavy_Makeup": 0.004484834149479866, "High_Cheekbones": 0.09362227469682693, "Male": 0.020919576287269592, "Mouth_Slightly_Open": 0.9900947213172913, "Mustache": 0.0003985402290709317, "Narrow_Eyes": 0.021142998710274696, "No_Beard": 0.9982038736343384, "Oval_Face": 0.32182979583740234, "Pale_Skin": 0.02212873101234436, "Pointy_Nose": 0.007103153970092535, "Receding_Hairline": 0.0026636170223355293, "Rosy_Cheeks": 0.0001139179730671458, "Sideburns": 0.0007041438948363066, "Smiling": 0.016403108835220337, "Straight_Hair": 0.581014096736908, "Wavy_Hair": 0.01260851789265871, "Wearing_Earrings": 0.034461114555597305, "Wearing_Hat": 0.005484851077198982, "Wearing_Lipstick": 0.018457576632499695, "Wearing_Necklace": 0.08701087534427643, "Wearing_Necktie": 0.0013088624691590667, "Young": 0.25373023748397827, "df_race": "asian", "df_race_prob": 49.965980646966734, "df_gender": "Woman", "df_gender_prob": 99.9446451663971, "df_age": 48, "df_emotion": "fear", "df_emotion_prob": 53.42132171519528}