{"name": "Annette_Lu_0003.jpg", "5_o_Clock_Shadow": 0.00024819342070259154, "Arched_Eyebrows": 0.018622418865561485, "Attractive": 0.017182722687721252, "Bags_Under_Eyes": 0.0111314682289958, "Bald": 0.0004306254559196532, "Bangs": 0.0006621996290050447, "Big_Lips": 0.009924768470227718, "Big_Nose": 0.024641506373882294, "Black_Hair": 0.11947517096996307, "Blond_Hair": 0.002612090902402997, "Blurry": 0.105646513402462, "Brown_Hair": 0.03713744878768921, "Bushy_Eyebrows": 0.0005786311230622232, "Chubby": 0.046546757221221924, "Double_Chin": 0.0066305771470069885, "Eyeglasses": 0.9684031009674072, "Goatee": 0.0002451325999572873, "Gray_Hair": 0.02395009994506836, "Heavy_Makeup": 0.01345959771424532, "High_Cheekbones": 0.07478289306163788, "Male": 0.004932484123855829, "Mouth_Slightly_Open": 0.04434533044695854, "Mustache": 0.0005786741967312992, "Narrow_Eyes": 0.0791376531124115, "No_Beard": 0.9982319474220276, "Oval_Face": 0.2903153598308563, "Pale_Skin": 0.03930928185582161, "Pointy_Nose": 0.0026763423811644316, "Receding_Hairline": 0.05542758107185364, "Rosy_Cheeks": 0.0001439926854800433, "Sideburns": 0.00040781954885460436, "Smiling": 0.00904371403157711, "Straight_Hair": 0.15229611098766327, "Wavy_Hair": 0.11716873198747635, "Wearing_Earrings": 0.3032020926475525, "Wearing_Hat": 0.005916271824389696, "Wearing_Lipstick": 0.032696329057216644, "Wearing_Necklace": 0.03819148615002632, "Wearing_Necktie": 0.0016556114424020052, "Young": 0.08175978064537048, "df_race": "asian", "df_race_prob": 98.95563119385429, "df_gender": "Woman", "df_gender_prob": 72.25928902626038, "df_age": 42, "df_emotion": "neutral", "df_emotion_prob": 66.49709740263805}