{"name": "Anne_Cavers_0001.jpg", "5_o_Clock_Shadow": 0.002070021815598011, "Arched_Eyebrows": 0.03270130604505539, "Attractive": 0.0104652289301157, "Bags_Under_Eyes": 0.06089966371655464, "Bald": 0.011868891306221485, "Bangs": 0.00012535258429124951, "Big_Lips": 0.015460425056517124, "Big_Nose": 0.23456653952598572, "Black_Hair": 0.0034133433364331722, "Blond_Hair": 0.035563334822654724, "Blurry": 0.1578618884086609, "Brown_Hair": 0.004432193003594875, "Bushy_Eyebrows": 0.0004029839765280485, "Chubby": 0.010832546278834343, "Double_Chin": 0.005414669867604971, "Eyeglasses": 0.0006190224667079747, "Goatee": 0.0004661899001803249, "Gray_Hair": 0.08618861436843872, "Heavy_Makeup": 0.0014448120491579175, "High_Cheekbones": 0.06996277719736099, "Male": 0.2932056486606598, "Mouth_Slightly_Open": 0.0051107630133628845, "Mustache": 0.000647733046207577, "Narrow_Eyes": 0.0018487629713490605, "No_Beard": 0.9896217584609985, "Oval_Face": 0.1990070790052414, "Pale_Skin": 0.02668953873217106, "Pointy_Nose": 0.015912894159555435, "Receding_Hairline": 0.6592081189155579, "Rosy_Cheeks": 0.00014452863251790404, "Sideburns": 0.0009138354216702282, "Smiling": 0.003299819538369775, "Straight_Hair": 0.10773514956235886, "Wavy_Hair": 0.002903201850131154, "Wearing_Earrings": 0.024671779945492744, "Wearing_Hat": 0.0006856458494439721, "Wearing_Lipstick": 0.004738911986351013, "Wearing_Necklace": 0.004782277159392834, "Wearing_Necktie": 0.0020517900120466948, "Young": 0.18327996134757996, "df_race": "white", "df_race_prob": 56.22010827064514, "df_gender": "Man", "df_gender_prob": 99.87175464630127, "df_age": 37, "df_emotion": "angry", "df_emotion_prob": 49.70296028817173}