{"name": "Anthony_Mazur_0001.jpg", "5_o_Clock_Shadow": 0.0321500338613987, "Arched_Eyebrows": 0.001133246230892837, "Attractive": 0.02303965389728546, "Bags_Under_Eyes": 0.021243568509817123, "Bald": 0.5559868812561035, "Bangs": 0.001414817408658564, "Big_Lips": 0.0026365709491074085, "Big_Nose": 0.04020373895764351, "Black_Hair": 0.001664695213548839, "Blond_Hair": 0.009118477813899517, "Blurry": 0.16914959251880646, "Brown_Hair": 0.005864106584340334, "Bushy_Eyebrows": 0.0003689763543661684, "Chubby": 0.11329364776611328, "Double_Chin": 0.010257398709654808, "Eyeglasses": 0.0019181007519364357, "Goatee": 0.06743831187486649, "Gray_Hair": 0.011674090288579464, "Heavy_Makeup": 0.0006043274188414216, "High_Cheekbones": 0.06292963027954102, "Male": 0.9922583699226379, "Mouth_Slightly_Open": 0.021623896434903145, "Mustache": 0.004341231659054756, "Narrow_Eyes": 0.10206451267004013, "No_Beard": 0.5909352898597717, "Oval_Face": 0.2597622573375702, "Pale_Skin": 0.01172054372727871, "Pointy_Nose": 0.06683769077062607, "Receding_Hairline": 0.02414274960756302, "Rosy_Cheeks": 6.890518125146627e-05, "Sideburns": 0.09302596747875214, "Smiling": 0.004278986714780331, "Straight_Hair": 0.004788701888173819, "Wavy_Hair": 0.005156099330633879, "Wearing_Earrings": 0.0033696203026920557, "Wearing_Hat": 0.007582739926874638, "Wearing_Lipstick": 0.00017437931091990322, "Wearing_Necklace": 0.001572079723700881, "Wearing_Necktie": 0.006061246618628502, "Young": 0.7216317653656006, "df_race": "white", "df_race_prob": 99.99973773956299, "df_gender": "Man", "df_gender_prob": 99.99196529388428, "df_age": 38, "df_emotion": "neutral", "df_emotion_prob": 78.9302110671997}