{"name": "Anthony_Hopkins_0002.jpg", "5_o_Clock_Shadow": 0.007561301346868277, "Arched_Eyebrows": 0.0009964685887098312, "Attractive": 0.011109375394880772, "Bags_Under_Eyes": 0.3503032326698303, "Bald": 0.1075156033039093, "Bangs": 0.0007163866539485753, "Big_Lips": 0.003405061550438404, "Big_Nose": 0.2792612910270691, "Black_Hair": 0.001751900534145534, "Blond_Hair": 0.017276577651500702, "Blurry": 0.05440449342131615, "Brown_Hair": 0.0009501544409431517, "Bushy_Eyebrows": 0.00024214209406636655, "Chubby": 0.30597618222236633, "Double_Chin": 0.07882356643676758, "Eyeglasses": 0.004552678670734167, "Goatee": 0.000557584804482758, "Gray_Hair": 0.8687231540679932, "Heavy_Makeup": 0.000257815612712875, "High_Cheekbones": 0.07431916892528534, "Male": 0.9962911605834961, "Mouth_Slightly_Open": 0.0038132912013679743, "Mustache": 0.0008767348481342196, "Narrow_Eyes": 0.025701291859149933, "No_Beard": 0.9909713268280029, "Oval_Face": 0.22834575176239014, "Pale_Skin": 0.27951452136039734, "Pointy_Nose": 0.016872551292181015, "Receding_Hairline": 0.8918917179107666, "Rosy_Cheeks": 0.00028648757142946124, "Sideburns": 0.0020092881750315428, "Smiling": 0.016187822446227074, "Straight_Hair": 0.1253006011247635, "Wavy_Hair": 0.004246090538799763, "Wearing_Earrings": 0.0006751109613105655, "Wearing_Hat": 0.000254247774137184, "Wearing_Lipstick": 0.00039108528289943933, "Wearing_Necklace": 0.001126146875321865, "Wearing_Necktie": 0.010779837146401405, "Young": 0.028040478006005287, "df_race": "white", "df_race_prob": 96.67550285762583, "df_gender": "Man", "df_gender_prob": 99.96641874313354, "df_age": 48, "df_emotion": "neutral", "df_emotion_prob": 33.11130501166642}