{"name": "Anthony_Corso_0001.jpg", "5_o_Clock_Shadow": 0.029756667092442513, "Arched_Eyebrows": 0.005245395936071873, "Attractive": 0.005654605571180582, "Bags_Under_Eyes": 0.5311474204063416, "Bald": 0.0033489603083580732, "Bangs": 0.00029875803738832474, "Big_Lips": 0.09470214694738388, "Big_Nose": 0.42884960770606995, "Black_Hair": 0.004904712084680796, "Blond_Hair": 0.03642483428120613, "Blurry": 0.4814727306365967, "Brown_Hair": 0.03606937453150749, "Bushy_Eyebrows": 0.0007477641920559108, "Chubby": 0.438480019569397, "Double_Chin": 0.22138825058937073, "Eyeglasses": 0.003380224807187915, "Goatee": 0.0007775063859298825, "Gray_Hair": 0.03295673429965973, "Heavy_Makeup": 0.00018359960813540965, "High_Cheekbones": 0.676988959312439, "Male": 0.9747159481048584, "Mouth_Slightly_Open": 0.9938666224479675, "Mustache": 0.0007001493941061199, "Narrow_Eyes": 0.05147886648774147, "No_Beard": 0.9816206097602844, "Oval_Face": 0.11581598222255707, "Pale_Skin": 0.011263178661465645, "Pointy_Nose": 0.02312721312046051, "Receding_Hairline": 0.43526706099510193, "Rosy_Cheeks": 3.8956663047429174e-05, "Sideburns": 0.001088073942810297, "Smiling": 0.9412676095962524, "Straight_Hair": 0.3312407433986664, "Wavy_Hair": 0.023302976042032242, "Wearing_Earrings": 0.008110115304589272, "Wearing_Hat": 0.0002604557084850967, "Wearing_Lipstick": 0.0006643079686909914, "Wearing_Necklace": 0.004288481082767248, "Wearing_Necktie": 0.046572063118219376, "Young": 0.20124797523021698, "df_race": "latino hispanic", "df_race_prob": 26.560524106025696, "df_gender": "Man", "df_gender_prob": 94.15923953056335, "df_age": 31, "df_emotion": "happy", "df_emotion_prob": 99.99804496765137}