{"name": "Antony_Leung_0001.jpg", "5_o_Clock_Shadow": 0.003914083819836378, "Arched_Eyebrows": 0.0015171898994594812, "Attractive": 0.01974157616496086, "Bags_Under_Eyes": 0.1280352771282196, "Bald": 0.011216677725315094, "Bangs": 0.0008544664597138762, "Big_Lips": 0.0048287478275597095, "Big_Nose": 0.04328908026218414, "Black_Hair": 0.5566472411155701, "Blond_Hair": 0.002278886968269944, "Blurry": 0.17613855004310608, "Brown_Hair": 0.006895020138472319, "Bushy_Eyebrows": 0.00035694713005796075, "Chubby": 0.008233713917434216, "Double_Chin": 0.010779532603919506, "Eyeglasses": 0.9960422515869141, "Goatee": 0.0017125598387792706, "Gray_Hair": 0.039572667330503464, "Heavy_Makeup": 0.0003391235659364611, "High_Cheekbones": 0.6754462122917175, "Male": 0.9871751666069031, "Mouth_Slightly_Open": 0.9891675710678101, "Mustache": 0.0022878129966557026, "Narrow_Eyes": 0.10655855387449265, "No_Beard": 0.9915806651115417, "Oval_Face": 0.20169022679328918, "Pale_Skin": 0.004453239031136036, "Pointy_Nose": 0.01196795143187046, "Receding_Hairline": 0.3504326641559601, "Rosy_Cheeks": 0.00013787375064566731, "Sideburns": 0.0010337313869968057, "Smiling": 0.9806515574455261, "Straight_Hair": 0.8462570309638977, "Wavy_Hair": 0.0016449819086119533, "Wearing_Earrings": 0.0015783521812409163, "Wearing_Hat": 0.00046137027675285935, "Wearing_Lipstick": 0.000588107155635953, "Wearing_Necklace": 0.00210034241899848, "Wearing_Necktie": 0.44487810134887695, "Young": 0.1096125915646553, "df_race": "asian", "df_race_prob": 83.17575354431591, "df_gender": "Man", "df_gender_prob": 99.97642636299133, "df_age": 39, "df_emotion": "happy", "df_emotion_prob": 99.90263580695604}