{"name": "Antonio_Palocci_0005.jpg", "5_o_Clock_Shadow": 0.01225921418517828, "Arched_Eyebrows": 0.0021423569414764643, "Attractive": 0.002472419524565339, "Bags_Under_Eyes": 0.01628875732421875, "Bald": 0.012089156545698643, "Bangs": 9.647077968111262e-05, "Big_Lips": 0.010013268329203129, "Big_Nose": 0.18297168612480164, "Black_Hair": 0.052819862961769104, "Blond_Hair": 0.0028756011743098497, "Blurry": 0.074020616710186, "Brown_Hair": 0.008471894077956676, "Bushy_Eyebrows": 0.0017046014545485377, "Chubby": 0.47153395414352417, "Double_Chin": 0.2006685435771942, "Eyeglasses": 0.9921648502349854, "Goatee": 0.5907441973686218, "Gray_Hair": 0.04093266651034355, "Heavy_Makeup": 0.0002543689915910363, "High_Cheekbones": 0.006632722448557615, "Male": 0.9987965822219849, "Mouth_Slightly_Open": 0.21904751658439636, "Mustache": 0.06960552930831909, "Narrow_Eyes": 0.017788028344511986, "No_Beard": 0.03654170036315918, "Oval_Face": 0.32008299231529236, "Pale_Skin": 0.0449359230697155, "Pointy_Nose": 0.02025146782398224, "Receding_Hairline": 0.10972321778535843, "Rosy_Cheeks": 8.179193537216634e-05, "Sideburns": 0.2242545187473297, "Smiling": 0.008462131023406982, "Straight_Hair": 0.5098752975463867, "Wavy_Hair": 0.0010810281382873654, "Wearing_Earrings": 0.0006191566935740411, "Wearing_Hat": 0.003897866467013955, "Wearing_Lipstick": 0.00012568364036269486, "Wearing_Necklace": 0.0005020380485802889, "Wearing_Necktie": 0.39901405572891235, "Young": 0.05428425595164299, "df_race": "latino hispanic", "df_race_prob": 31.669962406158447, "df_gender": "Man", "df_gender_prob": 99.99977350234985, "df_age": 47, "df_emotion": "angry", "df_emotion_prob": 59.944915771484375}