{"name": "Antonio_Palocci_0001.jpg", "5_o_Clock_Shadow": 0.038838114589452744, "Arched_Eyebrows": 0.012012267485260963, "Attractive": 0.017887724563479424, "Bags_Under_Eyes": 0.15851248800754547, "Bald": 0.0030201999470591545, "Bangs": 0.0003207590780220926, "Big_Lips": 0.014964822679758072, "Big_Nose": 0.15276487171649933, "Black_Hair": 0.04490797594189644, "Blond_Hair": 0.0026223461609333754, "Blurry": 0.04631873965263367, "Brown_Hair": 0.026935508474707603, "Bushy_Eyebrows": 0.002046263311058283, "Chubby": 0.19747599959373474, "Double_Chin": 0.05294023081660271, "Eyeglasses": 0.001172127784229815, "Goatee": 0.5303139090538025, "Gray_Hair": 0.024302201345562935, "Heavy_Makeup": 0.00030726139084436, "High_Cheekbones": 0.02115761674940586, "Male": 0.9992959499359131, "Mouth_Slightly_Open": 0.4931645095348358, "Mustache": 0.048970092087984085, "Narrow_Eyes": 0.02552398480474949, "No_Beard": 0.05710100382566452, "Oval_Face": 0.368224173784256, "Pale_Skin": 0.054860904812812805, "Pointy_Nose": 0.04131537675857544, "Receding_Hairline": 0.01746160164475441, "Rosy_Cheeks": 4.79477530461736e-05, "Sideburns": 0.2769765555858612, "Smiling": 0.02885603718459606, "Straight_Hair": 0.9089096188545227, "Wavy_Hair": 0.0005671943072229624, "Wearing_Earrings": 0.0005235642893239856, "Wearing_Hat": 0.0017635527765378356, "Wearing_Lipstick": 0.00018615722365211695, "Wearing_Necklace": 0.00013835814024787396, "Wearing_Necktie": 0.312562495470047, "Young": 0.1711810827255249, "df_race": "middle eastern", "df_race_prob": 35.75747013092041, "df_gender": "Man", "df_gender_prob": 99.99960660934448, "df_age": 41, "df_emotion": "happy", "df_emotion_prob": 61.237531900405884}