{"name": "Antonio_Trillanes_0001.jpg", "5_o_Clock_Shadow": 0.048035331070423126, "Arched_Eyebrows": 0.006506830919533968, "Attractive": 0.0194894690066576, "Bags_Under_Eyes": 0.03290106728672981, "Bald": 0.0007956794579513371, "Bangs": 0.00012039072316838428, "Big_Lips": 0.08708395808935165, "Big_Nose": 0.07257212698459625, "Black_Hair": 0.1486508548259735, "Blond_Hair": 0.0026646358892321587, "Blurry": 0.213313028216362, "Brown_Hair": 0.005059631075710058, "Bushy_Eyebrows": 0.0004254970408510417, "Chubby": 0.023851176723837852, "Double_Chin": 0.004176718648523092, "Eyeglasses": 0.0009630532003939152, "Goatee": 0.0018915703985840082, "Gray_Hair": 0.002731265500187874, "Heavy_Makeup": 0.0003162773500662297, "High_Cheekbones": 0.03113013505935669, "Male": 0.9979827404022217, "Mouth_Slightly_Open": 0.9199538230895996, "Mustache": 0.0032888734713196754, "Narrow_Eyes": 0.0023246859200298786, "No_Beard": 0.9235676527023315, "Oval_Face": 0.33984053134918213, "Pale_Skin": 0.004223391879349947, "Pointy_Nose": 0.014219217002391815, "Receding_Hairline": 0.11586117744445801, "Rosy_Cheeks": 2.9919099688413553e-05, "Sideburns": 0.0009487283532507718, "Smiling": 0.011272013187408447, "Straight_Hair": 0.17108994722366333, "Wavy_Hair": 0.0046922797337174416, "Wearing_Earrings": 0.01277833804488182, "Wearing_Hat": 0.0010919641936197877, "Wearing_Lipstick": 0.0010239522671326995, "Wearing_Necklace": 0.002169100334867835, "Wearing_Necktie": 0.004090685863047838, "Young": 0.8283190131187439, "df_race": "asian", "df_race_prob": 42.68815728284803, "df_gender": "Man", "df_gender_prob": 99.61355924606323, "df_age": 34, "df_emotion": "fear", "df_emotion_prob": 74.38617654011529}