{"name": "Anwar_Ibrahim_0001.jpg", "5_o_Clock_Shadow": 0.04102468118071556, "Arched_Eyebrows": 0.0034401481971144676, "Attractive": 0.0016283363802358508, "Bags_Under_Eyes": 0.02480708248913288, "Bald": 0.003924455959349871, "Bangs": 7.569442095700651e-05, "Big_Lips": 0.07135498523712158, "Big_Nose": 0.28977838158607483, "Black_Hair": 0.007034367881715298, "Blond_Hair": 0.002333696698769927, "Blurry": 0.1222134530544281, "Brown_Hair": 0.0006043444154784083, "Bushy_Eyebrows": 0.0019190300954505801, "Chubby": 0.06683991849422455, "Double_Chin": 0.027052098885178566, "Eyeglasses": 0.8775569200515747, "Goatee": 0.13085822761058807, "Gray_Hair": 0.0035812619607895613, "Heavy_Makeup": 0.00011513366916915402, "High_Cheekbones": 0.015227634459733963, "Male": 0.9976699948310852, "Mouth_Slightly_Open": 0.14560487866401672, "Mustache": 0.4856540858745575, "Narrow_Eyes": 0.005366886500269175, "No_Beard": 0.04986527934670448, "Oval_Face": 0.08931053429841995, "Pale_Skin": 0.0028755012899637222, "Pointy_Nose": 0.00762144522741437, "Receding_Hairline": 0.007857710123062134, "Rosy_Cheeks": 3.4701399272307754e-05, "Sideburns": 0.0318722128868103, "Smiling": 0.0009192137513309717, "Straight_Hair": 0.01682847924530506, "Wavy_Hair": 0.000971030502114445, "Wearing_Earrings": 0.0024582035839557648, "Wearing_Hat": 0.943434476852417, "Wearing_Lipstick": 0.00052055181004107, "Wearing_Necklace": 0.004164764657616615, "Wearing_Necktie": 0.015490756370127201, "Young": 0.11798984557390213, "df_race": "asian", "df_race_prob": 54.767221212387085, "df_gender": "Man", "df_gender_prob": 99.98289346694946, "df_age": 39, "df_emotion": "neutral", "df_emotion_prob": 96.08448790496732}