{"name": "Ari_Bousbib_0001.jpg", "5_o_Clock_Shadow": 0.03240372985601425, "Arched_Eyebrows": 0.008940383791923523, "Attractive": 0.06851274520158768, "Bags_Under_Eyes": 0.16814763844013214, "Bald": 0.0010862862691283226, "Bangs": 0.0005359948263503611, "Big_Lips": 0.006017275620251894, "Big_Nose": 0.4557560682296753, "Black_Hair": 0.015267901122570038, "Blond_Hair": 0.007045811042189598, "Blurry": 0.043898243457078934, "Brown_Hair": 0.14778541028499603, "Bushy_Eyebrows": 0.04189487174153328, "Chubby": 0.26451343297958374, "Double_Chin": 0.06247860938310623, "Eyeglasses": 0.002006279304623604, "Goatee": 0.00021500639559235424, "Gray_Hair": 0.024145742878317833, "Heavy_Makeup": 0.00024412409402430058, "High_Cheekbones": 0.1792575865983963, "Male": 0.9964874982833862, "Mouth_Slightly_Open": 0.015007817186415195, "Mustache": 0.000851407356094569, "Narrow_Eyes": 0.37192007899284363, "No_Beard": 0.991075873374939, "Oval_Face": 0.5282303094863892, "Pale_Skin": 0.08790070563554764, "Pointy_Nose": 0.009592059999704361, "Receding_Hairline": 0.010111303068697453, "Rosy_Cheeks": 0.00015886644541751593, "Sideburns": 0.0008415289339609444, "Smiling": 0.6253948211669922, "Straight_Hair": 0.85560542345047, "Wavy_Hair": 0.003305011661723256, "Wearing_Earrings": 0.000519628229085356, "Wearing_Hat": 0.000289398041786626, "Wearing_Lipstick": 0.00018765887944027781, "Wearing_Necklace": 0.0002039175305981189, "Wearing_Necktie": 0.5964634418487549, "Young": 0.08333152532577515, "df_race": "latino hispanic", "df_race_prob": 35.482463240623474, "df_gender": "Man", "df_gender_prob": 99.96119141578674, "df_age": 33, "df_emotion": "neutral", "df_emotion_prob": 74.53621474124282}