{"name": "Ariel_Sharon_0007.jpg", "5_o_Clock_Shadow": 0.004375403746962547, "Arched_Eyebrows": 0.0018827631138265133, "Attractive": 0.004458432085812092, "Bags_Under_Eyes": 0.6217131018638611, "Bald": 0.3156064450740814, "Bangs": 0.0002802991366479546, "Big_Lips": 0.01648229919373989, "Big_Nose": 0.66719651222229, "Black_Hair": 0.0036712109576910734, "Blond_Hair": 0.0038607968017458916, "Blurry": 0.019377483054995537, "Brown_Hair": 0.0003994698927272111, "Bushy_Eyebrows": 0.00022533790615852922, "Chubby": 0.2503025233745575, "Double_Chin": 0.4416044056415558, "Eyeglasses": 0.005665098316967487, "Goatee": 0.0012447923654690385, "Gray_Hair": 0.9416275024414062, "Heavy_Makeup": 0.000346971646649763, "High_Cheekbones": 0.04596059396862984, "Male": 0.999189555644989, "Mouth_Slightly_Open": 0.45809173583984375, "Mustache": 0.0016620305832475424, "Narrow_Eyes": 0.03977235034108162, "No_Beard": 0.9922603964805603, "Oval_Face": 0.12832322716712952, "Pale_Skin": 0.05108926445245743, "Pointy_Nose": 0.1824583113193512, "Receding_Hairline": 0.9313201308250427, "Rosy_Cheeks": 0.0004244083247613162, "Sideburns": 0.001415293081663549, "Smiling": 0.03338638320565224, "Straight_Hair": 0.19329239428043365, "Wavy_Hair": 0.0007594515918754041, "Wearing_Earrings": 0.0005926441517658532, "Wearing_Hat": 0.0005978086846880615, "Wearing_Lipstick": 0.0011726655066013336, "Wearing_Necklace": 0.0003378740802872926, "Wearing_Necktie": 0.7791571021080017, "Young": 0.006098619662225246, "df_race": "middle eastern", "df_race_prob": 33.9288055896759, "df_gender": "Man", "df_gender_prob": 99.9002993106842, "df_age": 45, "df_emotion": "fear", "df_emotion_prob": 67.99371242523193}