{"name": "Ariel_Sharon_0063.jpg", "5_o_Clock_Shadow": 0.004652561154216528, "Arched_Eyebrows": 0.0016995933838188648, "Attractive": 0.002169596729800105, "Bags_Under_Eyes": 0.5586289167404175, "Bald": 0.3703933656215668, "Bangs": 0.0007127057178877294, "Big_Lips": 0.018383672460913658, "Big_Nose": 0.7062507271766663, "Black_Hair": 0.002550781238824129, "Blond_Hair": 0.0036894772201776505, "Blurry": 0.025232233107089996, "Brown_Hair": 0.0004146894789300859, "Bushy_Eyebrows": 0.0001135638594860211, "Chubby": 0.43615666031837463, "Double_Chin": 0.4861171245574951, "Eyeglasses": 0.010931381955742836, "Goatee": 0.001577722723595798, "Gray_Hair": 0.9325376749038696, "Heavy_Makeup": 0.0002111162175424397, "High_Cheekbones": 0.016438167542219162, "Male": 0.9991590976715088, "Mouth_Slightly_Open": 0.016405226662755013, "Mustache": 0.002842377405613661, "Narrow_Eyes": 0.028348932042717934, "No_Beard": 0.9874588251113892, "Oval_Face": 0.1097567081451416, "Pale_Skin": 0.03890392556786537, "Pointy_Nose": 0.10583360493183136, "Receding_Hairline": 0.8972172737121582, "Rosy_Cheeks": 0.00024603315978311, "Sideburns": 0.0029872821178287268, "Smiling": 0.0057210903614759445, "Straight_Hair": 0.1166018545627594, "Wavy_Hair": 0.0011062008561566472, "Wearing_Earrings": 0.0006511581013910472, "Wearing_Hat": 0.0009038441930897534, "Wearing_Lipstick": 0.0009547044755890965, "Wearing_Necklace": 0.00034426929778419435, "Wearing_Necktie": 0.7622437477111816, "Young": 0.004068794660270214, "df_race": "middle eastern", "df_race_prob": 37.945710894209796, "df_gender": "Man", "df_gender_prob": 99.9836802482605, "df_age": 44, "df_emotion": "angry", "df_emotion_prob": 32.490473985672}