{"name": "Ariel_Sharon_0046.jpg", "5_o_Clock_Shadow": 0.011548043228685856, "Arched_Eyebrows": 0.013425703160464764, "Attractive": 0.008884676732122898, "Bags_Under_Eyes": 0.851085901260376, "Bald": 0.9139090776443481, "Bangs": 0.0006987948436290026, "Big_Lips": 0.07915902137756348, "Big_Nose": 0.8091456294059753, "Black_Hair": 0.0028075394220650196, "Blond_Hair": 0.0023888282012194395, "Blurry": 0.025973808020353317, "Brown_Hair": 0.0006335237994790077, "Bushy_Eyebrows": 0.0006418872508220375, "Chubby": 0.7921650409698486, "Double_Chin": 0.8720012307167053, "Eyeglasses": 0.004276407416909933, "Goatee": 0.003159574931487441, "Gray_Hair": 0.5089382529258728, "Heavy_Makeup": 0.0002663175982888788, "High_Cheekbones": 0.8082481026649475, "Male": 0.9981801509857178, "Mouth_Slightly_Open": 0.996634304523468, "Mustache": 0.002725234255194664, "Narrow_Eyes": 0.8429331183433533, "No_Beard": 0.9850448966026306, "Oval_Face": 0.19050699472427368, "Pale_Skin": 0.039481405168771744, "Pointy_Nose": 0.0786646157503128, "Receding_Hairline": 0.3867071568965912, "Rosy_Cheeks": 0.00023278535809367895, "Sideburns": 0.004290175158530474, "Smiling": 0.9976135492324829, "Straight_Hair": 0.02394883893430233, "Wavy_Hair": 0.001235211850143969, "Wearing_Earrings": 0.00355532206594944, "Wearing_Hat": 0.0006161110359244049, "Wearing_Lipstick": 0.0012558168964460492, "Wearing_Necklace": 0.0008235705317929387, "Wearing_Necktie": 0.17218169569969177, "Young": 0.017414215952157974, "df_race": "white", "df_race_prob": 41.13931901093239, "df_gender": "Man", "df_gender_prob": 99.61022138595581, "df_age": 47, "df_emotion": "happy", "df_emotion_prob": 99.7529685497284}