{"name": "Ariel_Sharon_0048.jpg", "5_o_Clock_Shadow": 0.002112899674102664, "Arched_Eyebrows": 0.004348537884652615, "Attractive": 0.0026916409842669964, "Bags_Under_Eyes": 0.4158397912979126, "Bald": 0.6780012249946594, "Bangs": 0.0007300071301870048, "Big_Lips": 0.006331942044198513, "Big_Nose": 0.5108722448348999, "Black_Hair": 0.0017063632840290666, "Blond_Hair": 0.002279489766806364, "Blurry": 0.11326655745506287, "Brown_Hair": 0.0006605437956750393, "Bushy_Eyebrows": 0.00018272515444550663, "Chubby": 0.279801607131958, "Double_Chin": 0.29850390553474426, "Eyeglasses": 0.04360733926296234, "Goatee": 0.0035066462587565184, "Gray_Hair": 0.8934504389762878, "Heavy_Makeup": 0.0001419786858605221, "High_Cheekbones": 0.0059106601402163506, "Male": 0.9980442523956299, "Mouth_Slightly_Open": 0.008547062054276466, "Mustache": 0.004439099691808224, "Narrow_Eyes": 0.017012104392051697, "No_Beard": 0.9808664321899414, "Oval_Face": 0.1493336707353592, "Pale_Skin": 0.05898334085941315, "Pointy_Nose": 0.020042629912495613, "Receding_Hairline": 0.7895735502243042, "Rosy_Cheeks": 0.00011224662011954933, "Sideburns": 0.004127951804548502, "Smiling": 0.002564849331974983, "Straight_Hair": 0.023812981322407722, "Wavy_Hair": 0.0012810011394321918, "Wearing_Earrings": 0.0009792910423129797, "Wearing_Hat": 0.0008609265205450356, "Wearing_Lipstick": 0.00027581845642998815, "Wearing_Necklace": 0.0005957797984592617, "Wearing_Necktie": 0.8635817170143127, "Young": 0.009943659417331219, "df_race": "latino hispanic", "df_race_prob": 34.660106897354126, "df_gender": "Man", "df_gender_prob": 99.95703101158142, "df_age": 54, "df_emotion": "sad", "df_emotion_prob": 42.26206839084625}