{"name": "Ariel_Sharon_0052.jpg", "5_o_Clock_Shadow": 0.0011881685350090265, "Arched_Eyebrows": 0.0029421246144920588, "Attractive": 0.0008174532558768988, "Bags_Under_Eyes": 0.18176615238189697, "Bald": 0.544388473033905, "Bangs": 0.0007597737712785602, "Big_Lips": 0.03162030875682831, "Big_Nose": 0.3958819806575775, "Black_Hair": 0.0037611641455441713, "Blond_Hair": 0.002722381614148617, "Blurry": 0.039122074842453, "Brown_Hair": 0.0002783351519610733, "Bushy_Eyebrows": 0.00027187739033252, "Chubby": 0.3796834647655487, "Double_Chin": 0.5048034191131592, "Eyeglasses": 0.9951926469802856, "Goatee": 0.0027373689226806164, "Gray_Hair": 0.9260210394859314, "Heavy_Makeup": 0.00028547545662149787, "High_Cheekbones": 0.018536889925599098, "Male": 0.9964202642440796, "Mouth_Slightly_Open": 0.8803730010986328, "Mustache": 0.003056479850783944, "Narrow_Eyes": 0.014475103467702866, "No_Beard": 0.9882978796958923, "Oval_Face": 0.19901081919670105, "Pale_Skin": 0.05148068070411682, "Pointy_Nose": 0.0243278369307518, "Receding_Hairline": 0.8503676056861877, "Rosy_Cheeks": 0.00012246676487848163, "Sideburns": 0.0017244123155251145, "Smiling": 0.013513155281543732, "Straight_Hair": 0.05751969665288925, "Wavy_Hair": 0.0008146557956933975, "Wearing_Earrings": 0.0009526698850095272, "Wearing_Hat": 0.0013295321259647608, "Wearing_Lipstick": 0.001742678345181048, "Wearing_Necklace": 0.0013332811649888754, "Wearing_Necktie": 0.2846876382827759, "Young": 0.007859981618821621, "df_race": "middle eastern", "df_race_prob": 40.69221019744873, "df_gender": "Man", "df_gender_prob": 99.97076392173767, "df_age": 66, "df_emotion": "angry", "df_emotion_prob": 97.75232063247684}