{"name": "Ariel_Sharon_0068.jpg", "5_o_Clock_Shadow": 0.0020942450501024723, "Arched_Eyebrows": 0.00155045953579247, "Attractive": 0.002282517496496439, "Bags_Under_Eyes": 0.4307091236114502, "Bald": 0.12420211732387543, "Bangs": 0.00046001243754290044, "Big_Lips": 0.01737738959491253, "Big_Nose": 0.5933310985565186, "Black_Hair": 0.002263156697154045, "Blond_Hair": 0.004125858191400766, "Blurry": 0.07739555090665817, "Brown_Hair": 0.00039177038706839085, "Bushy_Eyebrows": 0.0001819152239477262, "Chubby": 0.22492122650146484, "Double_Chin": 0.36120712757110596, "Eyeglasses": 0.03660916909575462, "Goatee": 0.0010337824933230877, "Gray_Hair": 0.9659161567687988, "Heavy_Makeup": 0.00021193081920500845, "High_Cheekbones": 0.010476527735590935, "Male": 0.9989491105079651, "Mouth_Slightly_Open": 0.11763908714056015, "Mustache": 0.001597497146576643, "Narrow_Eyes": 0.002931273076683283, "No_Beard": 0.991938054561615, "Oval_Face": 0.11741161346435547, "Pale_Skin": 0.027406124398112297, "Pointy_Nose": 0.06770721077919006, "Receding_Hairline": 0.928082287311554, "Rosy_Cheeks": 0.0001643895811866969, "Sideburns": 0.001438330509699881, "Smiling": 0.005087834782898426, "Straight_Hair": 0.18442566692829132, "Wavy_Hair": 0.0018275654874742031, "Wearing_Earrings": 0.0005983096780255437, "Wearing_Hat": 0.0006494982517324388, "Wearing_Lipstick": 0.0008220435120165348, "Wearing_Necklace": 0.0005065270233899355, "Wearing_Necktie": 0.7785241007804871, "Young": 0.006126697175204754, "df_race": "middle eastern", "df_race_prob": 48.26010465621948, "df_gender": "Man", "df_gender_prob": 99.87051486968994, "df_age": 46, "df_emotion": "fear", "df_emotion_prob": 39.531731605529785}