{"name": "Arnold_Schwarzenegger_0001.jpg", "5_o_Clock_Shadow": 0.008536363951861858, "Arched_Eyebrows": 0.0003573346184566617, "Attractive": 0.061545368283987045, "Bags_Under_Eyes": 0.35527366399765015, "Bald": 0.003348133061081171, "Bangs": 0.0004137775395065546, "Big_Lips": 0.02682536654174328, "Big_Nose": 0.11464487761259079, "Black_Hair": 0.00929973553866148, "Blond_Hair": 0.006161903962492943, "Blurry": 0.18440765142440796, "Brown_Hair": 0.07790375500917435, "Bushy_Eyebrows": 0.009591403417289257, "Chubby": 0.012203734368085861, "Double_Chin": 0.007692981977015734, "Eyeglasses": 0.0006732976762577891, "Goatee": 0.0006645977264270186, "Gray_Hair": 0.01878385618329048, "Heavy_Makeup": 0.00048544310266152024, "High_Cheekbones": 0.07807634770870209, "Male": 0.9953305721282959, "Mouth_Slightly_Open": 0.40841588377952576, "Mustache": 0.000866937858518213, "Narrow_Eyes": 0.6722381114959717, "No_Beard": 0.9946948885917664, "Oval_Face": 0.07829127460718155, "Pale_Skin": 0.006036373786628246, "Pointy_Nose": 0.028544502332806587, "Receding_Hairline": 0.09763140976428986, "Rosy_Cheeks": 0.00017395765462424606, "Sideburns": 0.0003994483849965036, "Smiling": 0.06602425128221512, "Straight_Hair": 0.240671306848526, "Wavy_Hair": 0.015827063471078873, "Wearing_Earrings": 0.0008821216761134565, "Wearing_Hat": 0.0004464208905119449, "Wearing_Lipstick": 0.0006976613076403737, "Wearing_Necklace": 0.00040537878521718085, "Wearing_Necktie": 0.014758980832993984, "Young": 0.20063473284244537, "df_race": "white", "df_race_prob": 89.92945671922485, "df_gender": "Man", "df_gender_prob": 99.86976385116577, "df_age": 26, "df_emotion": "sad", "df_emotion_prob": 84.46437305636726}