{"name": "Arnold_Schwarzenegger_0002.jpg", "5_o_Clock_Shadow": 0.07863565534353256, "Arched_Eyebrows": 0.0003390429192222655, "Attractive": 0.05394066497683525, "Bags_Under_Eyes": 0.20526491105556488, "Bald": 0.0007549755973741412, "Bangs": 0.00027731747832149267, "Big_Lips": 0.007589101791381836, "Big_Nose": 0.030033377930521965, "Black_Hair": 0.024781499058008194, "Blond_Hair": 0.0016826213104650378, "Blurry": 0.3653779625892639, "Brown_Hair": 0.16247698664665222, "Bushy_Eyebrows": 0.014732703566551208, "Chubby": 0.005062380339950323, "Double_Chin": 0.00402924045920372, "Eyeglasses": 0.0008300766348838806, "Goatee": 0.0020710809621959925, "Gray_Hair": 0.003894867142662406, "Heavy_Makeup": 0.00010827120422618464, "High_Cheekbones": 0.175968736410141, "Male": 0.9967003464698792, "Mouth_Slightly_Open": 0.03157827630639076, "Mustache": 0.002091800794005394, "Narrow_Eyes": 0.2781049311161041, "No_Beard": 0.9410064816474915, "Oval_Face": 0.0402364507317543, "Pale_Skin": 0.0038805962540209293, "Pointy_Nose": 0.08788479119539261, "Receding_Hairline": 0.024845806881785393, "Rosy_Cheeks": 6.40692887827754e-05, "Sideburns": 0.0013732198858633637, "Smiling": 0.04875747486948967, "Straight_Hair": 0.2255513221025467, "Wavy_Hair": 0.030960125848650932, "Wearing_Earrings": 0.0007693339721299708, "Wearing_Hat": 0.0009459104621782899, "Wearing_Lipstick": 0.00011544974404387176, "Wearing_Necklace": 0.0003099789028055966, "Wearing_Necktie": 0.007499293889850378, "Young": 0.3173198103904724, "df_race": "asian", "df_race_prob": 30.827897787094116, "df_gender": "Man", "df_gender_prob": 99.95408058166504, "df_age": 31, "df_emotion": "happy", "df_emotion_prob": 90.89137261458472}