{"name": "Art_Lopez_0001.jpg", "5_o_Clock_Shadow": 0.020676206797361374, "Arched_Eyebrows": 0.019420940428972244, "Attractive": 0.012863099575042725, "Bags_Under_Eyes": 0.22989743947982788, "Bald": 0.004483154974877834, "Bangs": 0.0004821655747946352, "Big_Lips": 0.005761557724326849, "Big_Nose": 0.5410414934158325, "Black_Hair": 0.005524909123778343, "Blond_Hair": 0.007783201988786459, "Blurry": 0.040088459849357605, "Brown_Hair": 0.0023132062051445246, "Bushy_Eyebrows": 0.012568515725433826, "Chubby": 0.5534329414367676, "Double_Chin": 0.36390092968940735, "Eyeglasses": 0.0020597234833985567, "Goatee": 0.006622723303735256, "Gray_Hair": 0.8653937578201294, "Heavy_Makeup": 0.00044929489376954734, "High_Cheekbones": 0.30660513043403625, "Male": 0.9978663325309753, "Mouth_Slightly_Open": 0.9922128319740295, "Mustache": 0.46569108963012695, "Narrow_Eyes": 0.41991472244262695, "No_Beard": 0.11050023138523102, "Oval_Face": 0.35661154985427856, "Pale_Skin": 0.043723106384277344, "Pointy_Nose": 0.023747257888317108, "Receding_Hairline": 0.22663651406764984, "Rosy_Cheeks": 0.0016824690392240882, "Sideburns": 0.002321036998182535, "Smiling": 0.9665400385856628, "Straight_Hair": 0.34991830587387085, "Wavy_Hair": 0.018229566514492035, "Wearing_Earrings": 0.0014918879605829716, "Wearing_Hat": 0.0003667683631647378, "Wearing_Lipstick": 0.0004122563696000725, "Wearing_Necklace": 0.0013701211428269744, "Wearing_Necktie": 0.01259773038327694, "Young": 0.0329476073384285, "df_race": "white", "df_race_prob": 63.3952260017395, "df_gender": "Man", "df_gender_prob": 99.98619556427002, "df_age": 29, "df_emotion": "happy", "df_emotion_prob": 98.50386968278109}