{"name": "Art_Howe_0002.jpg", "5_o_Clock_Shadow": 0.021496474742889404, "Arched_Eyebrows": 0.00224571255967021, "Attractive": 0.01758214458823204, "Bags_Under_Eyes": 0.6108769774436951, "Bald": 0.9083065390586853, "Bangs": 0.005337174516171217, "Big_Lips": 0.012336622923612595, "Big_Nose": 0.7644129991531372, "Black_Hair": 0.0007421792251989245, "Blond_Hair": 0.0042776926420629025, "Blurry": 0.2480228841304779, "Brown_Hair": 0.0016147708520293236, "Bushy_Eyebrows": 0.0030972121749073267, "Chubby": 0.4752524197101593, "Double_Chin": 0.6741256713867188, "Eyeglasses": 0.01692827232182026, "Goatee": 0.0026677055284380913, "Gray_Hair": 0.3072063624858856, "Heavy_Makeup": 0.0003567637759260833, "High_Cheekbones": 0.40448030829429626, "Male": 0.9991474151611328, "Mouth_Slightly_Open": 0.006727190222591162, "Mustache": 0.005555504001677036, "Narrow_Eyes": 0.5744102597236633, "No_Beard": 0.9732204079627991, "Oval_Face": 0.19177527725696564, "Pale_Skin": 0.012205338105559349, "Pointy_Nose": 0.27459344267845154, "Receding_Hairline": 0.06151122972369194, "Rosy_Cheeks": 0.0010092355078086257, "Sideburns": 0.0042291427962481976, "Smiling": 0.9587807655334473, "Straight_Hair": 0.010796681046485901, "Wavy_Hair": 0.004122922662645578, "Wearing_Earrings": 0.001888418453745544, "Wearing_Hat": 0.0027650543488562107, "Wearing_Lipstick": 0.0006938119768165052, "Wearing_Necklace": 0.0008632869576103985, "Wearing_Necktie": 0.8504637479782104, "Young": 0.016215434297919273, "df_race": "white", "df_race_prob": 73.83885383605957, "df_gender": "Man", "df_gender_prob": 99.99966621398926, "df_age": 41, "df_emotion": "happy", "df_emotion_prob": 81.09385371208191}