{"name": "Arturo_Gatti_0003.jpg", "5_o_Clock_Shadow": 0.09470519423484802, "Arched_Eyebrows": 0.003237483324483037, "Attractive": 0.0045669591054320335, "Bags_Under_Eyes": 0.11550791561603546, "Bald": 0.001123169087804854, "Bangs": 0.008387013338506222, "Big_Lips": 0.1501585990190506, "Big_Nose": 0.5388940572738647, "Black_Hair": 0.0038965807761996984, "Blond_Hair": 0.06281845271587372, "Blurry": 0.27800294756889343, "Brown_Hair": 0.005483529530465603, "Bushy_Eyebrows": 0.011416438966989517, "Chubby": 0.012037907727062702, "Double_Chin": 0.004778779111802578, "Eyeglasses": 0.003198385238647461, "Goatee": 0.004983527585864067, "Gray_Hair": 0.0248321034014225, "Heavy_Makeup": 0.00012204441736685112, "High_Cheekbones": 0.08535179495811462, "Male": 0.9965296387672424, "Mouth_Slightly_Open": 0.2891367971897125, "Mustache": 0.019804496318101883, "Narrow_Eyes": 0.4250309467315674, "No_Beard": 0.7382414937019348, "Oval_Face": 0.029261862859129906, "Pale_Skin": 0.0004002951900474727, "Pointy_Nose": 0.006118400953710079, "Receding_Hairline": 0.006997218821197748, "Rosy_Cheeks": 0.00015846476890146732, "Sideburns": 0.004587918985635042, "Smiling": 0.0022095448803156614, "Straight_Hair": 0.0113045834004879, "Wavy_Hair": 0.08270510286092758, "Wearing_Earrings": 0.0022003925405442715, "Wearing_Hat": 0.0013585936976596713, "Wearing_Lipstick": 0.0003216140321455896, "Wearing_Necklace": 0.006862685550004244, "Wearing_Necktie": 0.0016799593577161431, "Young": 0.5345917344093323, "df_race": "asian", "df_race_prob": 45.45145034790039, "df_gender": "Man", "df_gender_prob": 99.85255599021912, "df_age": 29, "df_emotion": "neutral", "df_emotion_prob": 92.2578513622284}