{"name": "Arye_Mekel_0001.jpg", "5_o_Clock_Shadow": 0.002009443938732147, "Arched_Eyebrows": 0.0006490889354608953, "Attractive": 0.0015570067334920168, "Bags_Under_Eyes": 0.1566493958234787, "Bald": 0.0957830399274826, "Bangs": 0.00046154644223861396, "Big_Lips": 0.019137928262352943, "Big_Nose": 0.20967997610569, "Black_Hair": 0.003753707045689225, "Blond_Hair": 0.003742925124242902, "Blurry": 0.06569569557905197, "Brown_Hair": 0.000940677709877491, "Bushy_Eyebrows": 0.0010081927757710218, "Chubby": 0.2926778495311737, "Double_Chin": 0.23472891747951508, "Eyeglasses": 0.9919363260269165, "Goatee": 0.0010068115079775453, "Gray_Hair": 0.8805487751960754, "Heavy_Makeup": 0.0002515386149752885, "High_Cheekbones": 0.009616470895707607, "Male": 0.9984858632087708, "Mouth_Slightly_Open": 0.12241142243146896, "Mustache": 0.0032399212941527367, "Narrow_Eyes": 0.0829617828130722, "No_Beard": 0.992901086807251, "Oval_Face": 0.1297416239976883, "Pale_Skin": 0.06457607448101044, "Pointy_Nose": 0.027305161580443382, "Receding_Hairline": 0.7341572642326355, "Rosy_Cheeks": 8.936705853557214e-05, "Sideburns": 0.0007512315642088652, "Smiling": 0.002193282824009657, "Straight_Hair": 0.07025452703237534, "Wavy_Hair": 0.0028829786460846663, "Wearing_Earrings": 0.000605356995947659, "Wearing_Hat": 0.0004337873251643032, "Wearing_Lipstick": 0.00047296780394390225, "Wearing_Necklace": 0.00047082980745472014, "Wearing_Necktie": 0.6598936915397644, "Young": 0.008352693170309067, "df_race": "white", "df_race_prob": 66.5908694267273, "df_gender": "Man", "df_gender_prob": 99.97939467430115, "df_age": 49, "df_emotion": "sad", "df_emotion_prob": 36.2911194562912}