{"name": "Ashraf_Ghani_0001.jpg", "5_o_Clock_Shadow": 0.018605047836899757, "Arched_Eyebrows": 0.01744259148836136, "Attractive": 0.02104593999683857, "Bags_Under_Eyes": 0.3869139850139618, "Bald": 0.8616622686386108, "Bangs": 0.00306329014711082, "Big_Lips": 0.08254258334636688, "Big_Nose": 0.11355958133935928, "Black_Hair": 0.0018763362895697355, "Blond_Hair": 0.0023894577752798796, "Blurry": 0.08272667974233627, "Brown_Hair": 0.00044062896631658077, "Bushy_Eyebrows": 0.009454956278204918, "Chubby": 0.03220928832888603, "Double_Chin": 0.03455565124750137, "Eyeglasses": 0.001122133806347847, "Goatee": 0.0008459093514829874, "Gray_Hair": 0.2196679562330246, "Heavy_Makeup": 0.0002713208959903568, "High_Cheekbones": 0.07070180773735046, "Male": 0.9990001320838928, "Mouth_Slightly_Open": 0.012124977074563503, "Mustache": 0.0015875017270445824, "Narrow_Eyes": 0.011029459536075592, "No_Beard": 0.9876933693885803, "Oval_Face": 0.17569679021835327, "Pale_Skin": 0.010173887945711613, "Pointy_Nose": 0.27912604808807373, "Receding_Hairline": 0.05119716376066208, "Rosy_Cheeks": 0.0001582968543516472, "Sideburns": 0.0016740341670811176, "Smiling": 0.012466930784285069, "Straight_Hair": 0.010628852061927319, "Wavy_Hair": 0.0023252766113728285, "Wearing_Earrings": 0.0006289560114964843, "Wearing_Hat": 0.0015441409777849913, "Wearing_Lipstick": 0.001387335709296167, "Wearing_Necklace": 0.0003378393012098968, "Wearing_Necktie": 0.7866783142089844, "Young": 0.010664418339729309, "df_race": "middle eastern", "df_race_prob": 56.09588623046875, "df_gender": "Man", "df_gender_prob": 99.99845027923584, "df_age": 33, "df_emotion": "angry", "df_emotion_prob": 34.501245617866516}