{"name": "Ashraf_Alasmar_0001.jpg", "5_o_Clock_Shadow": 0.014400530606508255, "Arched_Eyebrows": 0.21844518184661865, "Attractive": 0.16682812571525574, "Bags_Under_Eyes": 0.002740672091022134, "Bald": 0.0008311495184898376, "Bangs": 6.467954517574981e-05, "Big_Lips": 0.15575312077999115, "Big_Nose": 0.015512698329985142, "Black_Hair": 0.012594972737133503, "Blond_Hair": 0.004583045840263367, "Blurry": 0.15686257183551788, "Brown_Hair": 0.07087519764900208, "Bushy_Eyebrows": 0.0018481990555301309, "Chubby": 0.0034013530239462852, "Double_Chin": 0.00035531900357455015, "Eyeglasses": 0.0006514063570648432, "Goatee": 0.0002780579961836338, "Gray_Hair": 0.0011426100973039865, "Heavy_Makeup": 0.0016872582491487265, "High_Cheekbones": 0.014507041312754154, "Male": 0.9650266170501709, "Mouth_Slightly_Open": 0.14853918552398682, "Mustache": 0.0004169729945715517, "Narrow_Eyes": 0.011515496298670769, "No_Beard": 0.9910263419151306, "Oval_Face": 0.3401728570461273, "Pale_Skin": 0.20028972625732422, "Pointy_Nose": 0.0754813551902771, "Receding_Hairline": 0.046186093240976334, "Rosy_Cheeks": 2.415822928014677e-05, "Sideburns": 0.00018592271953821182, "Smiling": 0.004066049586981535, "Straight_Hair": 0.16578686237335205, "Wavy_Hair": 0.008326827548444271, "Wearing_Earrings": 0.003861640812829137, "Wearing_Hat": 0.00023782612697687, "Wearing_Lipstick": 0.006265666801482439, "Wearing_Necklace": 0.002264323178678751, "Wearing_Necktie": 0.0013425375800579786, "Young": 0.9657752513885498, "df_race": "latino hispanic", "df_race_prob": 34.32270586490631, "df_gender": "Man", "df_gender_prob": 99.31015968322754, "df_age": 23, "df_emotion": "neutral", "df_emotion_prob": 38.74817922733077}