{"name": "Atal_Bihari_Vajpayee_0014.jpg", "5_o_Clock_Shadow": 0.004888081457465887, "Arched_Eyebrows": 0.014297549612820148, "Attractive": 0.000635760894510895, "Bags_Under_Eyes": 0.4090101420879364, "Bald": 0.016007201746106148, "Bangs": 0.001045234501361847, "Big_Lips": 0.022508738562464714, "Big_Nose": 0.8563854694366455, "Black_Hair": 0.008361805230379105, "Blond_Hair": 0.0030130823142826557, "Blurry": 0.08411858975887299, "Brown_Hair": 0.0003827915352303535, "Bushy_Eyebrows": 0.02159344218671322, "Chubby": 0.8509387969970703, "Double_Chin": 0.7975510358810425, "Eyeglasses": 0.05492056906223297, "Goatee": 0.00027958679129369557, "Gray_Hair": 0.8830909132957458, "Heavy_Makeup": 0.0007273462251760066, "High_Cheekbones": 0.39929500222206116, "Male": 0.9961193799972534, "Mouth_Slightly_Open": 0.010222840122878551, "Mustache": 0.0030746841803193092, "Narrow_Eyes": 0.010355277918279171, "No_Beard": 0.9880449175834656, "Oval_Face": 0.06969155371189117, "Pale_Skin": 0.009725334122776985, "Pointy_Nose": 0.005948598962277174, "Receding_Hairline": 0.686678409576416, "Rosy_Cheeks": 0.0005090970662422478, "Sideburns": 0.001935979351401329, "Smiling": 0.028447022661566734, "Straight_Hair": 0.42485734820365906, "Wavy_Hair": 0.003237196709960699, "Wearing_Earrings": 0.001917368732392788, "Wearing_Hat": 0.0007034620502963662, "Wearing_Lipstick": 0.0023006354458630085, "Wearing_Necklace": 0.0012854199158027768, "Wearing_Necktie": 0.3712695240974426, "Young": 0.009957291185855865, "df_race": "indian", "df_race_prob": 76.35824084281921, "df_gender": "Man", "df_gender_prob": 99.99051094055176, "df_age": 50, "df_emotion": "neutral", "df_emotion_prob": 77.91333794593811}