{"name": "Augusto_Pinochet_0002.jpg", "5_o_Clock_Shadow": 0.0034679127857089043, "Arched_Eyebrows": 0.0007686612661927938, "Attractive": 0.0018000405980274081, "Bags_Under_Eyes": 0.7366381287574768, "Bald": 0.04208872467279434, "Bangs": 0.0005458814557641745, "Big_Lips": 0.011213979683816433, "Big_Nose": 0.49182406067848206, "Black_Hair": 0.002197444438934326, "Blond_Hair": 0.0036807903088629246, "Blurry": 0.11890652775764465, "Brown_Hair": 0.0012149146059527993, "Bushy_Eyebrows": 0.00045585507177747786, "Chubby": 0.5923073291778564, "Double_Chin": 0.4446643888950348, "Eyeglasses": 0.004454463254660368, "Goatee": 0.00042230269173160195, "Gray_Hair": 0.9365299940109253, "Heavy_Makeup": 7.576757343485951e-05, "High_Cheekbones": 0.2171097844839096, "Male": 0.9941456317901611, "Mouth_Slightly_Open": 0.2955607771873474, "Mustache": 0.0012091865064576268, "Narrow_Eyes": 0.1783970147371292, "No_Beard": 0.9948603510856628, "Oval_Face": 0.0908137708902359, "Pale_Skin": 0.10477514564990997, "Pointy_Nose": 0.01346498727798462, "Receding_Hairline": 0.5453166961669922, "Rosy_Cheeks": 9.245576802641153e-05, "Sideburns": 0.0014818775234743953, "Smiling": 0.20817342400550842, "Straight_Hair": 0.19335883855819702, "Wavy_Hair": 0.004082837142050266, "Wearing_Earrings": 0.0011001836974173784, "Wearing_Hat": 0.0013505361275747418, "Wearing_Lipstick": 0.00020599286654032767, "Wearing_Necklace": 0.0008640427840873599, "Wearing_Necktie": 0.039354320615530014, "Young": 0.0031942222267389297, "df_race": "white", "df_race_prob": 57.42012604594982, "df_gender": "Man", "df_gender_prob": 96.23113870620728, "df_age": 47, "df_emotion": "sad", "df_emotion_prob": 49.087995290756226}