{"name": "Barbara_Bodine_0001.jpg", "5_o_Clock_Shadow": 0.0008046695729717612, "Arched_Eyebrows": 0.04918786138296127, "Attractive": 0.05251958593726158, "Bags_Under_Eyes": 0.008737876079976559, "Bald": 0.0002760389179456979, "Bangs": 0.0011433879844844341, "Big_Lips": 0.0378480963408947, "Big_Nose": 0.003638098482042551, "Black_Hair": 0.025120025500655174, "Blond_Hair": 0.005326598882675171, "Blurry": 0.1621752828359604, "Brown_Hair": 0.13348180055618286, "Bushy_Eyebrows": 0.0009281673119403422, "Chubby": 0.002006528666242957, "Double_Chin": 0.0012428008485585451, "Eyeglasses": 0.0006144572980701923, "Goatee": 0.00010201812256127596, "Gray_Hair": 0.003378657391294837, "Heavy_Makeup": 0.012022571638226509, "High_Cheekbones": 0.04409993439912796, "Male": 0.006959625985473394, "Mouth_Slightly_Open": 0.014020643197000027, "Mustache": 5.072122803539969e-05, "Narrow_Eyes": 0.006153027061372995, "No_Beard": 0.9990344047546387, "Oval_Face": 0.29633206129074097, "Pale_Skin": 0.012473284266889095, "Pointy_Nose": 0.33594557642936707, "Receding_Hairline": 0.014518882147967815, "Rosy_Cheeks": 0.00019816246640402824, "Sideburns": 0.0002521254064049572, "Smiling": 0.001982984831556678, "Straight_Hair": 0.5718861818313599, "Wavy_Hair": 0.011709833517670631, "Wearing_Earrings": 0.024023879319429398, "Wearing_Hat": 0.0014994364464655519, "Wearing_Lipstick": 0.04593493416905403, "Wearing_Necklace": 0.008521339856088161, "Wearing_Necktie": 0.0006492723478004336, "Young": 0.22857321798801422, "df_race": "latino hispanic", "df_race_prob": 40.61067998409271, "df_gender": "Woman", "df_gender_prob": 98.57946634292603, "df_age": 45, "df_emotion": "neutral", "df_emotion_prob": 79.45911884307861}