{"name": "Barbara_Felt-Miller_0001.jpg", "5_o_Clock_Shadow": 0.0015187988756224513, "Arched_Eyebrows": 0.6636441349983215, "Attractive": 0.1744600236415863, "Bags_Under_Eyes": 0.0036737185437232256, "Bald": 0.00018795218784362078, "Bangs": 0.0025959108024835587, "Big_Lips": 0.05393858253955841, "Big_Nose": 0.0025090326089411974, "Black_Hair": 0.0028420055750757456, "Blond_Hair": 0.07125217467546463, "Blurry": 0.13679979741573334, "Brown_Hair": 0.08984606713056564, "Bushy_Eyebrows": 0.0002930262126028538, "Chubby": 0.0007612840854562819, "Double_Chin": 0.0003772523778025061, "Eyeglasses": 0.0004988950095139444, "Goatee": 0.0001117502324632369, "Gray_Hair": 0.003512212773784995, "Heavy_Makeup": 0.035978276282548904, "High_Cheekbones": 0.012161913327872753, "Male": 0.005997878964990377, "Mouth_Slightly_Open": 0.778564989566803, "Mustache": 0.00012896431144326925, "Narrow_Eyes": 0.0038507075514644384, "No_Beard": 0.998197615146637, "Oval_Face": 0.24009235203266144, "Pale_Skin": 0.09230946749448776, "Pointy_Nose": 0.47551393508911133, "Receding_Hairline": 0.0032503879629075527, "Rosy_Cheeks": 0.00027843230054713786, "Sideburns": 0.00034817648702301085, "Smiling": 0.0017526119481772184, "Straight_Hair": 0.27392131090164185, "Wavy_Hair": 0.10413700342178345, "Wearing_Earrings": 0.10738524794578552, "Wearing_Hat": 0.0007954683969728649, "Wearing_Lipstick": 0.30929404497146606, "Wearing_Necklace": 0.043688781559467316, "Wearing_Necktie": 0.0005304245860315859, "Young": 0.8347310423851013, "df_race": "white", "df_race_prob": 98.96040552618537, "df_gender": "Woman", "df_gender_prob": 99.94413256645203, "df_age": 32, "df_emotion": "sad", "df_emotion_prob": 48.20674955844879}