{"name": "Barry_Williams_0001.jpg", "5_o_Clock_Shadow": 0.05325506255030632, "Arched_Eyebrows": 0.0195189006626606, "Attractive": 0.21243824064731598, "Bags_Under_Eyes": 0.15492770075798035, "Bald": 0.0005479297833517194, "Bangs": 6.6287255322095e-05, "Big_Lips": 0.00978231430053711, "Big_Nose": 0.2716590464115143, "Black_Hair": 0.07522734254598618, "Blond_Hair": 0.0007762427558191121, "Blurry": 0.04636270925402641, "Brown_Hair": 0.12777768075466156, "Bushy_Eyebrows": 0.13150471448898315, "Chubby": 0.04874618351459503, "Double_Chin": 0.14013972878456116, "Eyeglasses": 0.0012168972752988338, "Goatee": 0.0003637351328507066, "Gray_Hair": 0.022373925894498825, "Heavy_Makeup": 0.0005617059650830925, "High_Cheekbones": 0.8989982008934021, "Male": 0.9992803931236267, "Mouth_Slightly_Open": 0.9937310218811035, "Mustache": 0.0008777445764280856, "Narrow_Eyes": 0.35026559233665466, "No_Beard": 0.9829176068305969, "Oval_Face": 0.36086317896842957, "Pale_Skin": 0.06101876497268677, "Pointy_Nose": 0.07722213864326477, "Receding_Hairline": 0.024040430784225464, "Rosy_Cheeks": 0.0008891632896848023, "Sideburns": 0.0008089881157502532, "Smiling": 0.999602735042572, "Straight_Hair": 0.543598473072052, "Wavy_Hair": 0.02238541655242443, "Wearing_Earrings": 0.0006981728365644813, "Wearing_Hat": 0.00019204741693101823, "Wearing_Lipstick": 0.00040683671250008047, "Wearing_Necklace": 0.00024935801047831774, "Wearing_Necktie": 0.29897549748420715, "Young": 0.07288100570440292, "df_race": "latino hispanic", "df_race_prob": 32.693471473066296, "df_gender": "Man", "df_gender_prob": 99.98875856399536, "df_age": 26, "df_emotion": "happy", "df_emotion_prob": 99.0183174610138}