{"name": "Barrett_Jackman_0002.jpg", "5_o_Clock_Shadow": 0.05696938559412956, "Arched_Eyebrows": 0.00034044962376356125, "Attractive": 0.28960728645324707, "Bags_Under_Eyes": 0.02455010637640953, "Bald": 0.5790088176727295, "Bangs": 0.0005903769051656127, "Big_Lips": 0.015885401517152786, "Big_Nose": 0.021210163831710815, "Black_Hair": 0.0021290762815624475, "Blond_Hair": 0.008196095936000347, "Blurry": 0.032209813594818115, "Brown_Hair": 0.003517299657687545, "Bushy_Eyebrows": 0.0017362753860652447, "Chubby": 0.007146191317588091, "Double_Chin": 0.0040171765722334385, "Eyeglasses": 0.0007094675092957914, "Goatee": 0.002413287293165922, "Gray_Hair": 0.007459421642124653, "Heavy_Makeup": 0.0007167871808633208, "High_Cheekbones": 0.023474525660276413, "Male": 0.9997163414955139, "Mouth_Slightly_Open": 0.17659971117973328, "Mustache": 0.0033171898685395718, "Narrow_Eyes": 0.026375414803624153, "No_Beard": 0.9244137406349182, "Oval_Face": 0.3663165271282196, "Pale_Skin": 0.14943251013755798, "Pointy_Nose": 0.09023156762123108, "Receding_Hairline": 0.016948893666267395, "Rosy_Cheeks": 2.8677019145106897e-05, "Sideburns": 0.0017918359953910112, "Smiling": 0.05334419757127762, "Straight_Hair": 0.010267870500683784, "Wavy_Hair": 0.0022122461814433336, "Wearing_Earrings": 0.0005990580539219081, "Wearing_Hat": 0.000571930781006813, "Wearing_Lipstick": 0.0006642924854531884, "Wearing_Necklace": 0.00024600428878329694, "Wearing_Necktie": 0.09226608276367188, "Young": 0.769736111164093, "df_race": "white", "df_race_prob": 99.55765602336264, "df_gender": "Man", "df_gender_prob": 99.9987006187439, "df_age": 30, "df_emotion": "neutral", "df_emotion_prob": 82.33388066291809}