{"name": "Basdeo_Panday_0001.jpg", "5_o_Clock_Shadow": 0.0028287165332585573, "Arched_Eyebrows": 0.002454053843393922, "Attractive": 0.0013124601682648063, "Bags_Under_Eyes": 0.0932176411151886, "Bald": 0.012370058335363865, "Bangs": 0.0019610191229730844, "Big_Lips": 0.0069597805850207806, "Big_Nose": 0.5217169523239136, "Black_Hair": 0.009549092501401901, "Blond_Hair": 0.0016262439312413335, "Blurry": 0.10901343077421188, "Brown_Hair": 0.0006923149921931326, "Bushy_Eyebrows": 0.0022021355107426643, "Chubby": 0.25090986490249634, "Double_Chin": 0.2341136783361435, "Eyeglasses": 0.9951169490814209, "Goatee": 0.0007390620885416865, "Gray_Hair": 0.969415009021759, "Heavy_Makeup": 0.0001762190950103104, "High_Cheekbones": 0.007629195228219032, "Male": 0.9923157691955566, "Mouth_Slightly_Open": 0.005618285853415728, "Mustache": 0.002656182972714305, "Narrow_Eyes": 0.005541136953979731, "No_Beard": 0.9907591342926025, "Oval_Face": 0.06695757806301117, "Pale_Skin": 0.029327381402254105, "Pointy_Nose": 0.013182763941586018, "Receding_Hairline": 0.1249319389462471, "Rosy_Cheeks": 9.878193668555468e-05, "Sideburns": 0.0017839616630226374, "Smiling": 0.0013700500130653381, "Straight_Hair": 0.4906694293022156, "Wavy_Hair": 0.00435608858242631, "Wearing_Earrings": 0.0007763577159494162, "Wearing_Hat": 0.001013816799968481, "Wearing_Lipstick": 0.00021748634753748775, "Wearing_Necklace": 0.0017185425385832787, "Wearing_Necktie": 0.11175241321325302, "Young": 0.011043032631278038, "df_race": "middle eastern", "df_race_prob": 51.05186104774475, "df_gender": "Man", "df_gender_prob": 99.87056255340576, "df_age": 39, "df_emotion": "angry", "df_emotion_prob": 48.76990020275116}