{"name": "Bashar_Assad_0004.jpg", "5_o_Clock_Shadow": 0.4257577061653137, "Arched_Eyebrows": 0.001845594379119575, "Attractive": 0.2917976975440979, "Bags_Under_Eyes": 0.015074297785758972, "Bald": 0.0005222992622293532, "Bangs": 0.0007972411112859845, "Big_Lips": 0.014896529726684093, "Big_Nose": 0.1652386337518692, "Black_Hair": 0.08797786384820938, "Blond_Hair": 0.002641883911564946, "Blurry": 0.07331318408250809, "Brown_Hair": 0.030102118849754333, "Bushy_Eyebrows": 0.006687426008284092, "Chubby": 0.004598422907292843, "Double_Chin": 0.0009594886796548963, "Eyeglasses": 0.0018109780503436923, "Goatee": 0.0056926775723695755, "Gray_Hair": 0.0058160265907645226, "Heavy_Makeup": 0.00047727589844726026, "High_Cheekbones": 0.0015548458322882652, "Male": 0.9992227554321289, "Mouth_Slightly_Open": 0.0009125315118581057, "Mustache": 0.08475472778081894, "Narrow_Eyes": 0.04809097573161125, "No_Beard": 0.38629239797592163, "Oval_Face": 0.08524511754512787, "Pale_Skin": 0.11106837540864944, "Pointy_Nose": 0.6671636700630188, "Receding_Hairline": 0.01303210761398077, "Rosy_Cheeks": 0.00010346042108722031, "Sideburns": 0.007819898426532745, "Smiling": 0.0007562821847386658, "Straight_Hair": 0.34036949276924133, "Wavy_Hair": 0.01587832160294056, "Wearing_Earrings": 0.0003296045761089772, "Wearing_Hat": 0.0005512383650057018, "Wearing_Lipstick": 0.0006228398997336626, "Wearing_Necklace": 0.0006245122640393674, "Wearing_Necktie": 0.015687406063079834, "Young": 0.6362283825874329, "df_race": "middle eastern", "df_race_prob": 79.26082262267796, "df_gender": "Man", "df_gender_prob": 99.99901056289673, "df_age": 29, "df_emotion": "neutral", "df_emotion_prob": 93.21925640106201}