{"name": "Ben_Betts_0001.jpg", "5_o_Clock_Shadow": 0.02569068968296051, "Arched_Eyebrows": 0.010412724688649178, "Attractive": 0.01806543953716755, "Bags_Under_Eyes": 0.09550587832927704, "Bald": 0.0017107543535530567, "Bangs": 0.0007291033398360014, "Big_Lips": 0.9150953888893127, "Big_Nose": 0.6790289282798767, "Black_Hair": 0.5194925665855408, "Blond_Hair": 0.0008523546275682747, "Blurry": 0.011462775059044361, "Brown_Hair": 0.0006494044791907072, "Bushy_Eyebrows": 0.009104318916797638, "Chubby": 0.38463857769966125, "Double_Chin": 0.022202787920832634, "Eyeglasses": 0.000997349969111383, "Goatee": 0.030736394226551056, "Gray_Hair": 0.002675485797226429, "Heavy_Makeup": 0.00039528400520794094, "High_Cheekbones": 0.12013393640518188, "Male": 0.9996702671051025, "Mouth_Slightly_Open": 0.05887039750814438, "Mustache": 0.7819465398788452, "Narrow_Eyes": 0.0022248057648539543, "No_Beard": 0.06114175543189049, "Oval_Face": 0.5740784406661987, "Pale_Skin": 0.0063379849307239056, "Pointy_Nose": 0.007200499996542931, "Receding_Hairline": 0.007327430881559849, "Rosy_Cheeks": 7.715662650298327e-05, "Sideburns": 0.00457558361813426, "Smiling": 0.008254307322204113, "Straight_Hair": 0.04173365235328674, "Wavy_Hair": 0.0025378460995852947, "Wearing_Earrings": 0.008501582778990269, "Wearing_Hat": 0.0008631849777884781, "Wearing_Lipstick": 0.0009608357213437557, "Wearing_Necklace": 0.0008682750049047172, "Wearing_Necktie": 0.1089290976524353, "Young": 0.7411090731620789, "df_race": "black", "df_race_prob": 84.15239453315735, "df_gender": "Man", "df_gender_prob": 99.98917579650879, "df_age": 28, "df_emotion": "neutral", "df_emotion_prob": 87.15968728065491}