{"name": "Ben_Affleck_0005.jpg", "5_o_Clock_Shadow": 0.7005835175514221, "Arched_Eyebrows": 0.033188313245773315, "Attractive": 0.2788769602775574, "Bags_Under_Eyes": 0.1645541489124298, "Bald": 0.0009167415555566549, "Bangs": 0.00016070494893938303, "Big_Lips": 0.03271190822124481, "Big_Nose": 0.0583573542535305, "Black_Hair": 0.0021037242840975523, "Blond_Hair": 0.005813068710267544, "Blurry": 0.2010142207145691, "Brown_Hair": 0.1536666601896286, "Bushy_Eyebrows": 0.0147869773209095, "Chubby": 0.0033840660471469164, "Double_Chin": 0.005419595167040825, "Eyeglasses": 0.0003646785335149616, "Goatee": 0.047850243747234344, "Gray_Hair": 0.0032951103057712317, "Heavy_Makeup": 0.00015534590056631714, "High_Cheekbones": 0.10610070824623108, "Male": 0.9990901947021484, "Mouth_Slightly_Open": 0.0431261844933033, "Mustache": 0.012110371142625809, "Narrow_Eyes": 0.07274942100048065, "No_Beard": 0.20336368680000305, "Oval_Face": 0.053830310702323914, "Pale_Skin": 0.011621694080531597, "Pointy_Nose": 0.1883389949798584, "Receding_Hairline": 0.016031749546527863, "Rosy_Cheeks": 3.60968078894075e-05, "Sideburns": 0.01618288643658161, "Smiling": 0.5476329922676086, "Straight_Hair": 0.34883934259414673, "Wavy_Hair": 0.01595589518547058, "Wearing_Earrings": 0.0009675908950157464, "Wearing_Hat": 0.0006102761253714561, "Wearing_Lipstick": 0.00022429613454733044, "Wearing_Necklace": 0.00039897055830806494, "Wearing_Necktie": 0.038034383207559586, "Young": 0.6862618327140808, "df_race": "white", "df_race_prob": 75.07651448249817, "df_gender": "Man", "df_gender_prob": 99.98668432235718, "df_age": 31, "df_emotion": "happy", "df_emotion_prob": 94.65324878692627}