{"name": "Ben_Cohen_0001.jpg", "5_o_Clock_Shadow": 0.5560322403907776, "Arched_Eyebrows": 0.0009189878473989666, "Attractive": 0.02631601132452488, "Bags_Under_Eyes": 0.012215737253427505, "Bald": 0.0004789540253113955, "Bangs": 0.00045438867527991533, "Big_Lips": 0.008493474684655666, "Big_Nose": 0.01699339970946312, "Black_Hair": 0.006911181844770908, "Blond_Hair": 0.02312462590634823, "Blurry": 0.14890123903751373, "Brown_Hair": 0.0526268444955349, "Bushy_Eyebrows": 0.03818095847964287, "Chubby": 0.0010780190350487828, "Double_Chin": 0.00027480971766635776, "Eyeglasses": 0.0008562697330489755, "Goatee": 0.018948256969451904, "Gray_Hair": 0.0025194305926561356, "Heavy_Makeup": 0.0002102941507473588, "High_Cheekbones": 0.025651840493083, "Male": 0.9980992674827576, "Mouth_Slightly_Open": 0.9251402020454407, "Mustache": 0.009227801114320755, "Narrow_Eyes": 0.0457218699157238, "No_Beard": 0.4060128629207611, "Oval_Face": 0.09436304867267609, "Pale_Skin": 0.007494206074625254, "Pointy_Nose": 0.05628042295575142, "Receding_Hairline": 0.0040305666625499725, "Rosy_Cheeks": 5.8608588005881757e-05, "Sideburns": 0.022655300796031952, "Smiling": 0.004495472647249699, "Straight_Hair": 0.2992404103279114, "Wavy_Hair": 0.005836398806422949, "Wearing_Earrings": 0.0007585251005366445, "Wearing_Hat": 0.001787496730685234, "Wearing_Lipstick": 0.00010765699698822573, "Wearing_Necklace": 0.00040287929004989564, "Wearing_Necktie": 0.001148229232057929, "Young": 0.9667513966560364, "df_race": "white", "df_race_prob": 44.520556600127016, "df_gender": "Man", "df_gender_prob": 99.96910095214844, "df_age": 24, "df_emotion": "sad", "df_emotion_prob": 86.1888127101883}