{"name": "Bernard_Landry_0004.jpg", "5_o_Clock_Shadow": 0.0011293288553133607, "Arched_Eyebrows": 0.00034617900382727385, "Attractive": 0.0022039979230612516, "Bags_Under_Eyes": 0.1674584448337555, "Bald": 0.6231207251548767, "Bangs": 0.0006809516926296055, "Big_Lips": 0.004620835650712252, "Big_Nose": 0.09662112593650818, "Black_Hair": 0.001889705890789628, "Blond_Hair": 0.007445257622748613, "Blurry": 0.04585811495780945, "Brown_Hair": 0.0018255014438182116, "Bushy_Eyebrows": 0.00011559404083527625, "Chubby": 0.3505871593952179, "Double_Chin": 0.15638406574726105, "Eyeglasses": 0.9651311039924622, "Goatee": 0.0008138961857184768, "Gray_Hair": 0.42857664823532104, "Heavy_Makeup": 0.00020707515068352222, "High_Cheekbones": 0.07900635898113251, "Male": 0.9900919795036316, "Mouth_Slightly_Open": 0.41823890805244446, "Mustache": 0.000579377228859812, "Narrow_Eyes": 0.09082850813865662, "No_Beard": 0.9953706860542297, "Oval_Face": 0.2873731255531311, "Pale_Skin": 0.058338988572359085, "Pointy_Nose": 0.009689479134976864, "Receding_Hairline": 0.2969034016132355, "Rosy_Cheeks": 8.501306001562625e-05, "Sideburns": 0.0007194976788014174, "Smiling": 0.06281664222478867, "Straight_Hair": 0.02178904600441456, "Wavy_Hair": 0.0009559532045386732, "Wearing_Earrings": 0.0011725298827514052, "Wearing_Hat": 0.0006497403373941779, "Wearing_Lipstick": 0.00030646039522252977, "Wearing_Necklace": 0.00048425348359160125, "Wearing_Necktie": 0.11359742283821106, "Young": 0.026923350989818573, "df_race": "asian", "df_race_prob": 95.02978324890137, "df_gender": "Man", "df_gender_prob": 99.52411651611328, "df_age": 52, "df_emotion": "angry", "df_emotion_prob": 38.39586079120636}