{"name": "Bernard_Landry_0003.jpg", "5_o_Clock_Shadow": 0.0010746634798124433, "Arched_Eyebrows": 0.000309453607769683, "Attractive": 0.0012994323624297976, "Bags_Under_Eyes": 0.16966181993484497, "Bald": 0.05096203088760376, "Bangs": 0.0001842934580054134, "Big_Lips": 0.006646966561675072, "Big_Nose": 0.26240456104278564, "Black_Hair": 0.0026795989833772182, "Blond_Hair": 0.005632398650050163, "Blurry": 0.08384416252374649, "Brown_Hair": 0.001303930301219225, "Bushy_Eyebrows": 0.0006880229921080172, "Chubby": 0.14675575494766235, "Double_Chin": 0.11828821152448654, "Eyeglasses": 0.9543884992599487, "Goatee": 0.0007649707840755582, "Gray_Hair": 0.7458335161209106, "Heavy_Makeup": 0.000139822339406237, "High_Cheekbones": 0.007150821387767792, "Male": 0.9933887720108032, "Mouth_Slightly_Open": 0.021873844787478447, "Mustache": 0.0032213605009019375, "Narrow_Eyes": 0.04366655275225639, "No_Beard": 0.9892820119857788, "Oval_Face": 0.08535303175449371, "Pale_Skin": 0.06410298496484756, "Pointy_Nose": 0.007079512346535921, "Receding_Hairline": 0.6038198471069336, "Rosy_Cheeks": 5.564423918258399e-05, "Sideburns": 0.0006199742783792317, "Smiling": 0.0037575869355350733, "Straight_Hair": 0.08508668094873428, "Wavy_Hair": 0.0012949352385476232, "Wearing_Earrings": 0.0008608038770034909, "Wearing_Hat": 0.0009589101537130773, "Wearing_Lipstick": 0.0002573045785538852, "Wearing_Necklace": 0.0003796353121288121, "Wearing_Necktie": 0.6261520385742188, "Young": 0.008872121572494507, "df_race": "asian", "df_race_prob": 84.97644066810608, "df_gender": "Man", "df_gender_prob": 98.80378246307373, "df_age": 45, "df_emotion": "sad", "df_emotion_prob": 78.77484560012817}