{"name": "Bernard_Law_0005.jpg", "5_o_Clock_Shadow": 0.0035587684251368046, "Arched_Eyebrows": 0.0016692024655640125, "Attractive": 0.0025828368961811066, "Bags_Under_Eyes": 0.7671297788619995, "Bald": 0.07396640628576279, "Bangs": 0.0003786947636399418, "Big_Lips": 0.023396430537104607, "Big_Nose": 0.4675024151802063, "Black_Hair": 0.005400779657065868, "Blond_Hair": 0.0063349222764372826, "Blurry": 0.0335904024541378, "Brown_Hair": 0.0007137779612094164, "Bushy_Eyebrows": 0.0006533191190101206, "Chubby": 0.8378778100013733, "Double_Chin": 0.7071059942245483, "Eyeglasses": 0.00329003669321537, "Goatee": 0.0005069897742941976, "Gray_Hair": 0.7396956086158752, "Heavy_Makeup": 0.0002755027962848544, "High_Cheekbones": 0.8301305770874023, "Male": 0.9965128302574158, "Mouth_Slightly_Open": 0.8972061276435852, "Mustache": 0.000571410171687603, "Narrow_Eyes": 0.009900527074933052, "No_Beard": 0.9968425035476685, "Oval_Face": 0.18342113494873047, "Pale_Skin": 0.12416796386241913, "Pointy_Nose": 0.0053724609315395355, "Receding_Hairline": 0.5501906871795654, "Rosy_Cheeks": 0.00017154258966911584, "Sideburns": 0.0009174606529995799, "Smiling": 0.8041205406188965, "Straight_Hair": 0.5407247543334961, "Wavy_Hair": 0.0016506754327565432, "Wearing_Earrings": 0.0008272238192148507, "Wearing_Hat": 0.0004828805977012962, "Wearing_Lipstick": 0.0006809604819864035, "Wearing_Necklace": 0.0005779248313046992, "Wearing_Necktie": 0.06370618939399719, "Young": 0.005956699606031179, "df_race": "white", "df_race_prob": 93.59481930732727, "df_gender": "Man", "df_gender_prob": 99.8717188835144, "df_age": 34, "df_emotion": "happy", "df_emotion_prob": 99.8390317155085}