{"name": "Beth_Jones_0002.jpg", "5_o_Clock_Shadow": 0.0020082700066268444, "Arched_Eyebrows": 0.0013374685076996684, "Attractive": 0.021626438945531845, "Bags_Under_Eyes": 0.021225424483418465, "Bald": 0.000566639646422118, "Bangs": 0.00155043660197407, "Big_Lips": 0.00879272073507309, "Big_Nose": 0.029666416347026825, "Black_Hair": 0.0014328095130622387, "Blond_Hair": 0.15360602736473083, "Blurry": 0.35032039880752563, "Brown_Hair": 0.06745839864015579, "Bushy_Eyebrows": 0.00031673209741711617, "Chubby": 0.005993854254484177, "Double_Chin": 0.0012424759333953261, "Eyeglasses": 0.0027236882597208023, "Goatee": 0.0005471195909194648, "Gray_Hair": 0.012925764545798302, "Heavy_Makeup": 0.0010769465006887913, "High_Cheekbones": 0.018732791766524315, "Male": 0.045662928372621536, "Mouth_Slightly_Open": 0.006705936975777149, "Mustache": 0.0006499060546047986, "Narrow_Eyes": 0.30071040987968445, "No_Beard": 0.9838252067565918, "Oval_Face": 0.11270146071910858, "Pale_Skin": 0.017879541963338852, "Pointy_Nose": 0.027559742331504822, "Receding_Hairline": 0.20682884752750397, "Rosy_Cheeks": 0.00019725873426068574, "Sideburns": 0.0009456762345507741, "Smiling": 0.0022648144513368607, "Straight_Hair": 0.04122742637991905, "Wavy_Hair": 0.05134690925478935, "Wearing_Earrings": 0.013434091582894325, "Wearing_Hat": 0.0016501734498888254, "Wearing_Lipstick": 0.0006716524949297309, "Wearing_Necklace": 0.011591678485274315, "Wearing_Necktie": 0.001148592447862029, "Young": 0.8582940101623535, "df_race": "asian", "df_race_prob": 70.9012185452916, "df_gender": "Man", "df_gender_prob": 99.32321310043335, "df_age": 27, "df_emotion": "fear", "df_emotion_prob": 57.52698525947245}