{"name": "Bijan_Namdar_Zangeneh_0001.jpg", "5_o_Clock_Shadow": 0.010888668708503246, "Arched_Eyebrows": 0.0007352647953666747, "Attractive": 0.0044794827699661255, "Bags_Under_Eyes": 0.3310876488685608, "Bald": 0.8320214748382568, "Bangs": 0.0008623703615739942, "Big_Lips": 0.019780684262514114, "Big_Nose": 0.5591062903404236, "Black_Hair": 0.0014830698492005467, "Blond_Hair": 0.0023950953036546707, "Blurry": 0.04085339978337288, "Brown_Hair": 0.0011704765493050218, "Bushy_Eyebrows": 0.0005422423710115254, "Chubby": 0.24791865050792694, "Double_Chin": 0.14419159293174744, "Eyeglasses": 0.003998543601483107, "Goatee": 0.0028940963093191385, "Gray_Hair": 0.5352992415428162, "Heavy_Makeup": 0.00010617190855555236, "High_Cheekbones": 0.009375984780490398, "Male": 0.9995951056480408, "Mouth_Slightly_Open": 0.016361109912395477, "Mustache": 0.009573296643793583, "Narrow_Eyes": 0.0035698474384844303, "No_Beard": 0.9555999636650085, "Oval_Face": 0.21978428959846497, "Pale_Skin": 0.015926221385598183, "Pointy_Nose": 0.0382644385099411, "Receding_Hairline": 0.32665643095970154, "Rosy_Cheeks": 5.71218624827452e-05, "Sideburns": 0.004385489970445633, "Smiling": 0.0004486047837417573, "Straight_Hair": 0.006420910824090242, "Wavy_Hair": 0.001658481196500361, "Wearing_Earrings": 0.0009902984602376819, "Wearing_Hat": 0.0013544841203838587, "Wearing_Lipstick": 0.00039523819577880204, "Wearing_Necklace": 0.0007492425502277911, "Wearing_Necktie": 0.08748598396778107, "Young": 0.012857912108302116, "df_race": "middle eastern", "df_race_prob": 54.485985904096715, "df_gender": "Man", "df_gender_prob": 99.9254047870636, "df_age": 49, "df_emotion": "angry", "df_emotion_prob": 78.39674949645996}