{"name": "Bill_Clinton_0016.jpg", "5_o_Clock_Shadow": 0.007733163423836231, "Arched_Eyebrows": 0.0016346843913197517, "Attractive": 0.007967925630509853, "Bags_Under_Eyes": 0.5719817280769348, "Bald": 0.007008964195847511, "Bangs": 0.0009139999747276306, "Big_Lips": 0.005549093242734671, "Big_Nose": 0.14483198523521423, "Black_Hair": 0.007606240455061197, "Blond_Hair": 0.01318900566548109, "Blurry": 0.09337573498487473, "Brown_Hair": 0.0015023835003376007, "Bushy_Eyebrows": 0.00034737447276711464, "Chubby": 0.26168712973594666, "Double_Chin": 0.16592268645763397, "Eyeglasses": 0.003247803309932351, "Goatee": 0.0016228164313361049, "Gray_Hair": 0.9224320650100708, "Heavy_Makeup": 0.0005497345700860023, "High_Cheekbones": 0.061583321541547775, "Male": 0.9991185069084167, "Mouth_Slightly_Open": 0.9582586884498596, "Mustache": 0.0026708191726356745, "Narrow_Eyes": 0.05410878732800484, "No_Beard": 0.9897210001945496, "Oval_Face": 0.20081384479999542, "Pale_Skin": 0.06680268049240112, "Pointy_Nose": 0.02805943973362446, "Receding_Hairline": 0.08771838992834091, "Rosy_Cheeks": 0.00020132429199293256, "Sideburns": 0.002802805742248893, "Smiling": 0.04402214288711548, "Straight_Hair": 0.6224778890609741, "Wavy_Hair": 0.008185594342648983, "Wearing_Earrings": 0.0009763955604285002, "Wearing_Hat": 0.00035946426214650273, "Wearing_Lipstick": 0.00039089127676561475, "Wearing_Necklace": 0.000510278157889843, "Wearing_Necktie": 0.7972428202629089, "Young": 0.01635666936635971, "df_race": "white", "df_race_prob": 54.55352067947388, "df_gender": "Man", "df_gender_prob": 52.68033742904663, "df_age": 32, "df_emotion": "sad", "df_emotion_prob": 67.02322959899902}