{"name": "Bill_Gates_0001.jpg", "5_o_Clock_Shadow": 0.0015052546514198184, "Arched_Eyebrows": 0.000518264714628458, "Attractive": 0.00128558452706784, "Bags_Under_Eyes": 0.017243601381778717, "Bald": 0.003804465290158987, "Bangs": 0.006927131675183773, "Big_Lips": 0.029945984482765198, "Big_Nose": 0.10919561237096786, "Black_Hair": 0.004209223203361034, "Blond_Hair": 0.027439381927251816, "Blurry": 0.264847993850708, "Brown_Hair": 0.019462043419480324, "Bushy_Eyebrows": 0.0003556523297447711, "Chubby": 0.24935127794742584, "Double_Chin": 0.16262659430503845, "Eyeglasses": 0.991776704788208, "Goatee": 0.0009358461829833686, "Gray_Hair": 0.3206492066383362, "Heavy_Makeup": 0.0007142750546336174, "High_Cheekbones": 0.026472758501768112, "Male": 0.9881362915039062, "Mouth_Slightly_Open": 0.9903406500816345, "Mustache": 0.0018842852441594005, "Narrow_Eyes": 0.017614278942346573, "No_Beard": 0.993804931640625, "Oval_Face": 0.21303856372833252, "Pale_Skin": 0.04134596511721611, "Pointy_Nose": 0.00588129973039031, "Receding_Hairline": 0.004966496955603361, "Rosy_Cheeks": 0.00013355685223359615, "Sideburns": 0.0006056602578610182, "Smiling": 0.017668381333351135, "Straight_Hair": 0.6376141309738159, "Wavy_Hair": 0.00480499817058444, "Wearing_Earrings": 0.0009018011041916907, "Wearing_Hat": 0.0033838970120996237, "Wearing_Lipstick": 0.0012639595661312342, "Wearing_Necklace": 0.0011027954751625657, "Wearing_Necktie": 0.48831653594970703, "Young": 0.036051757633686066, "df_race": "white", "df_race_prob": 68.50706934928894, "df_gender": "Man", "df_gender_prob": 81.90376162528992, "df_age": 34, "df_emotion": "neutral", "df_emotion_prob": 89.3534779548645}