{"name": "Billy_Sollie_0002.jpg", "5_o_Clock_Shadow": 0.017892124131321907, "Arched_Eyebrows": 0.0025582010857760906, "Attractive": 0.017099250108003616, "Bags_Under_Eyes": 0.43851199746131897, "Bald": 0.012608328834176064, "Bangs": 0.0005122149595990777, "Big_Lips": 0.002716771559789777, "Big_Nose": 0.2966214418411255, "Black_Hair": 0.0028506331145763397, "Blond_Hair": 0.005615822039544582, "Blurry": 0.0793665274977684, "Brown_Hair": 0.010170051828026772, "Bushy_Eyebrows": 8.970431372290477e-05, "Chubby": 0.03249087929725647, "Double_Chin": 0.011657685041427612, "Eyeglasses": 0.0015739601803943515, "Goatee": 0.0027858337853103876, "Gray_Hair": 0.2470526099205017, "Heavy_Makeup": 0.00013046017556916922, "High_Cheekbones": 0.01952696591615677, "Male": 0.998556911945343, "Mouth_Slightly_Open": 0.005405066534876823, "Mustache": 0.005780898500233889, "Narrow_Eyes": 0.019541574642062187, "No_Beard": 0.9276336431503296, "Oval_Face": 0.09383399039506912, "Pale_Skin": 0.018247881904244423, "Pointy_Nose": 0.0674341470003128, "Receding_Hairline": 0.46804046630859375, "Rosy_Cheeks": 0.0001057953413692303, "Sideburns": 0.0021683108061552048, "Smiling": 0.006747357081621885, "Straight_Hair": 0.07027538865804672, "Wavy_Hair": 0.004370950162410736, "Wearing_Earrings": 0.0007728850468993187, "Wearing_Hat": 0.00012566853547468781, "Wearing_Lipstick": 0.00017247845244128257, "Wearing_Necklace": 0.00030018846155144274, "Wearing_Necktie": 0.009374327957630157, "Young": 0.12478534877300262, "df_race": "white", "df_race_prob": 46.470522670180955, "df_gender": "Man", "df_gender_prob": 99.97519850730896, "df_age": 47, "df_emotion": "fear", "df_emotion_prob": 42.4436679415307}