{"name": "Bill_Simon_0005.jpg", "5_o_Clock_Shadow": 0.007885105907917023, "Arched_Eyebrows": 0.00034573752782307565, "Attractive": 0.003368255915120244, "Bags_Under_Eyes": 0.18274135887622833, "Bald": 0.00328384293243289, "Bangs": 0.000495403481181711, "Big_Lips": 0.01262584701180458, "Big_Nose": 0.26929035782814026, "Black_Hair": 0.003137683030217886, "Blond_Hair": 0.013747510500252247, "Blurry": 0.23653335869312286, "Brown_Hair": 0.02706173248589039, "Bushy_Eyebrows": 0.001964665250852704, "Chubby": 0.10968868434429169, "Double_Chin": 0.1480134278535843, "Eyeglasses": 0.9172555804252625, "Goatee": 0.0003559387696441263, "Gray_Hair": 0.3748670518398285, "Heavy_Makeup": 0.0001456307654734701, "High_Cheekbones": 0.1950397789478302, "Male": 0.9978686571121216, "Mouth_Slightly_Open": 0.9962053894996643, "Mustache": 0.0010340745793655515, "Narrow_Eyes": 0.5865654349327087, "No_Beard": 0.9916674494743347, "Oval_Face": 0.14169032871723175, "Pale_Skin": 0.01619427651166916, "Pointy_Nose": 0.02119828760623932, "Receding_Hairline": 0.012793595902621746, "Rosy_Cheeks": 0.00019235546642448753, "Sideburns": 0.0004979317891411483, "Smiling": 0.9152337908744812, "Straight_Hair": 0.6788643002510071, "Wavy_Hair": 0.0029554932843893766, "Wearing_Earrings": 0.0006467840285040438, "Wearing_Hat": 0.0011405270779505372, "Wearing_Lipstick": 0.0001473124575568363, "Wearing_Necklace": 0.0004795158456545323, "Wearing_Necktie": 0.5323973298072815, "Young": 0.01184576191008091, "df_race": "latino hispanic", "df_race_prob": 27.95055675211887, "df_gender": "Man", "df_gender_prob": 99.95731711387634, "df_age": 39, "df_emotion": "angry", "df_emotion_prob": 57.442741698891915}