{"name": "Bill_Simon_0003.jpg", "5_o_Clock_Shadow": 0.0031425657216459513, "Arched_Eyebrows": 0.000288293493213132, "Attractive": 0.004980756901204586, "Bags_Under_Eyes": 0.11709816008806229, "Bald": 0.002126891165971756, "Bangs": 0.005494527518749237, "Big_Lips": 0.021974822506308556, "Big_Nose": 0.15489566326141357, "Black_Hair": 0.007081801071763039, "Blond_Hair": 0.0060032689943909645, "Blurry": 0.0664738118648529, "Brown_Hair": 0.059485431760549545, "Bushy_Eyebrows": 0.0011860030936077237, "Chubby": 0.06206957623362541, "Double_Chin": 0.06393703073263168, "Eyeglasses": 0.9859078526496887, "Goatee": 0.0003972642298322171, "Gray_Hair": 0.25078606605529785, "Heavy_Makeup": 0.0005118318367749453, "High_Cheekbones": 0.16606812179088593, "Male": 0.9974828362464905, "Mouth_Slightly_Open": 0.9964632391929626, "Mustache": 0.0006400659331120551, "Narrow_Eyes": 0.02892245538532734, "No_Beard": 0.9979910850524902, "Oval_Face": 0.13216468691825867, "Pale_Skin": 0.00620398810133338, "Pointy_Nose": 0.011481106281280518, "Receding_Hairline": 0.0013678083196282387, "Rosy_Cheeks": 0.00029943272238597274, "Sideburns": 0.00033382189576514065, "Smiling": 0.27535495162010193, "Straight_Hair": 0.810081422328949, "Wavy_Hair": 0.004400745965540409, "Wearing_Earrings": 0.0008606915362179279, "Wearing_Hat": 0.00103614735417068, "Wearing_Lipstick": 0.0007749167853035033, "Wearing_Necklace": 0.0005742924986407161, "Wearing_Necktie": 0.6468225121498108, "Young": 0.026379240676760674, "df_race": "latino hispanic", "df_race_prob": 43.134621604130075, "df_gender": "Man", "df_gender_prob": 99.98204112052917, "df_age": 30, "df_emotion": "happy", "df_emotion_prob": 92.30743646621704}