{"name": "Bill_Gates_0007.jpg", "5_o_Clock_Shadow": 0.005230977199971676, "Arched_Eyebrows": 0.00034215100458823144, "Attractive": 0.0027591357938945293, "Bags_Under_Eyes": 0.09228785336017609, "Bald": 0.004561306908726692, "Bangs": 0.015699198469519615, "Big_Lips": 0.02112707681953907, "Big_Nose": 0.04879642277956009, "Black_Hair": 0.0029967257287353277, "Blond_Hair": 0.030250346288084984, "Blurry": 0.23454928398132324, "Brown_Hair": 0.008153703063726425, "Bushy_Eyebrows": 0.0006672668387182057, "Chubby": 0.05858689919114113, "Double_Chin": 0.08013814687728882, "Eyeglasses": 0.9357473254203796, "Goatee": 0.0012147362576797605, "Gray_Hair": 0.46887704730033875, "Heavy_Makeup": 0.0006048897630535066, "High_Cheekbones": 0.055565036833286285, "Male": 0.9975729584693909, "Mouth_Slightly_Open": 0.7245962619781494, "Mustache": 0.001614848617464304, "Narrow_Eyes": 0.04476838558912277, "No_Beard": 0.9922959208488464, "Oval_Face": 0.21740122139453888, "Pale_Skin": 0.01961948536336422, "Pointy_Nose": 0.033028386533260345, "Receding_Hairline": 0.0018898167181760073, "Rosy_Cheeks": 0.00013640067481901497, "Sideburns": 0.001428444986231625, "Smiling": 0.02076757326722145, "Straight_Hair": 0.6684408783912659, "Wavy_Hair": 0.002664159284904599, "Wearing_Earrings": 0.0006940312450751662, "Wearing_Hat": 0.001175394281744957, "Wearing_Lipstick": 0.0005200899904593825, "Wearing_Necklace": 0.000649245164822787, "Wearing_Necktie": 0.5290348529815674, "Young": 0.02881583571434021, "df_race": "white", "df_race_prob": 56.11521340103229, "df_gender": "Man", "df_gender_prob": 99.80615973472595, "df_age": 38, "df_emotion": "sad", "df_emotion_prob": 35.75182557106018}