{"name": "Billy_Crystal_0003.jpg", "5_o_Clock_Shadow": 0.014411641284823418, "Arched_Eyebrows": 0.0011795508908107877, "Attractive": 0.013017880730330944, "Bags_Under_Eyes": 0.335776686668396, "Bald": 0.4151536524295807, "Bangs": 0.0010167297441512346, "Big_Lips": 0.003192674368619919, "Big_Nose": 0.3047444224357605, "Black_Hair": 0.0023395868483930826, "Blond_Hair": 0.013728070072829723, "Blurry": 0.034544654190540314, "Brown_Hair": 0.010355272330343723, "Bushy_Eyebrows": 0.0001241036516148597, "Chubby": 0.47199854254722595, "Double_Chin": 0.30505305528640747, "Eyeglasses": 0.006153146270662546, "Goatee": 0.0014108273899182677, "Gray_Hair": 0.3325042426586151, "Heavy_Makeup": 0.00030678659095428884, "High_Cheekbones": 0.23300674557685852, "Male": 0.9969035983085632, "Mouth_Slightly_Open": 0.01219676248729229, "Mustache": 0.0009775608777999878, "Narrow_Eyes": 0.5995058417320251, "No_Beard": 0.9848417043685913, "Oval_Face": 0.33109599351882935, "Pale_Skin": 0.08756724745035172, "Pointy_Nose": 0.044601477682590485, "Receding_Hairline": 0.8171436786651611, "Rosy_Cheeks": 0.0006882439483888447, "Sideburns": 0.001966094132512808, "Smiling": 0.6221489310264587, "Straight_Hair": 0.09660989046096802, "Wavy_Hair": 0.006125320680439472, "Wearing_Earrings": 0.0006888906355015934, "Wearing_Hat": 0.00042863114504143596, "Wearing_Lipstick": 0.0002502705028746277, "Wearing_Necklace": 0.00033708434784784913, "Wearing_Necktie": 0.7751485705375671, "Young": 0.024355420842766762, "df_race": "white", "df_race_prob": 73.89030767794756, "df_gender": "Man", "df_gender_prob": 99.31708574295044, "df_age": 44, "df_emotion": "happy", "df_emotion_prob": 87.22899999964237}