{"name": "Bill_Carmody_0001.jpg", "5_o_Clock_Shadow": 0.026339584961533546, "Arched_Eyebrows": 0.0005965377204120159, "Attractive": 0.014216396026313305, "Bags_Under_Eyes": 0.003933992702513933, "Bald": 0.001191425253637135, "Bangs": 0.0005604898324236274, "Big_Lips": 0.006583789829164743, "Big_Nose": 0.0030043073929846287, "Black_Hair": 0.01269308291375637, "Blond_Hair": 0.018461983650922775, "Blurry": 0.25272005796432495, "Brown_Hair": 0.16206437349319458, "Bushy_Eyebrows": 0.002510147402063012, "Chubby": 0.014763508923351765, "Double_Chin": 0.004082113970071077, "Eyeglasses": 0.003252962836995721, "Goatee": 0.0017360893543809652, "Gray_Hair": 0.006139247678220272, "Heavy_Makeup": 0.0008358167251572013, "High_Cheekbones": 0.03197381645441055, "Male": 0.9924710988998413, "Mouth_Slightly_Open": 0.983237087726593, "Mustache": 0.0019747354090213776, "Narrow_Eyes": 0.2223527580499649, "No_Beard": 0.9613529443740845, "Oval_Face": 0.20090217888355255, "Pale_Skin": 0.007295908406376839, "Pointy_Nose": 0.09322445839643478, "Receding_Hairline": 0.01265973411500454, "Rosy_Cheeks": 0.00015228301344905049, "Sideburns": 0.0037292675115168095, "Smiling": 0.0034762267023324966, "Straight_Hair": 0.5811808109283447, "Wavy_Hair": 0.011392316780984402, "Wearing_Earrings": 0.0018624450312927365, "Wearing_Hat": 0.0007092978339642286, "Wearing_Lipstick": 0.0003661986847873777, "Wearing_Necklace": 0.0006339771207422018, "Wearing_Necktie": 0.003132896265015006, "Young": 0.8231601119041443, "df_race": "white", "df_race_prob": 86.68631911277771, "df_gender": "Man", "df_gender_prob": 99.81834292411804, "df_age": 24, "df_emotion": "surprise", "df_emotion_prob": 95.50890895777398}