{"name": "Billy_Boyd_0001.jpg", "5_o_Clock_Shadow": 0.06230250000953674, "Arched_Eyebrows": 0.006322621833533049, "Attractive": 0.1240997388958931, "Bags_Under_Eyes": 0.28115758299827576, "Bald": 0.0024656408932060003, "Bangs": 0.02609712816774845, "Big_Lips": 0.006882942747324705, "Big_Nose": 0.20483610033988953, "Black_Hair": 0.0006787617458030581, "Blond_Hair": 0.04808244854211807, "Blurry": 0.17504091560840607, "Brown_Hair": 0.13126671314239502, "Bushy_Eyebrows": 0.00249528419226408, "Chubby": 0.012647098861634731, "Double_Chin": 0.017207970842719078, "Eyeglasses": 0.0019508814439177513, "Goatee": 0.0005548386252485216, "Gray_Hair": 0.02282150834798813, "Heavy_Makeup": 0.0001529468863736838, "High_Cheekbones": 0.13168731331825256, "Male": 0.9995786547660828, "Mouth_Slightly_Open": 0.0012339489767327905, "Mustache": 0.0009329826571047306, "Narrow_Eyes": 0.10333545506000519, "No_Beard": 0.9854626655578613, "Oval_Face": 0.2922819256782532, "Pale_Skin": 0.05459217354655266, "Pointy_Nose": 0.06887903809547424, "Receding_Hairline": 0.014709229581058025, "Rosy_Cheeks": 0.00014006813580635935, "Sideburns": 0.0007383472984656692, "Smiling": 0.7736159563064575, "Straight_Hair": 0.11471378803253174, "Wavy_Hair": 0.026933329179883003, "Wearing_Earrings": 0.0002105226303683594, "Wearing_Hat": 0.00020897193462587893, "Wearing_Lipstick": 0.0001292421657126397, "Wearing_Necklace": 0.0006004184833727777, "Wearing_Necktie": 0.8545332551002502, "Young": 0.4186745584011078, "df_race": "white", "df_race_prob": 99.56566090174448, "df_gender": "Man", "df_gender_prob": 99.86885190010071, "df_age": 26, "df_emotion": "happy", "df_emotion_prob": 99.4262158528695}