{"name": "Bill_Walton_0001.jpg", "5_o_Clock_Shadow": 0.013771304860711098, "Arched_Eyebrows": 0.000524912727996707, "Attractive": 0.017570428550243378, "Bags_Under_Eyes": 0.2321397066116333, "Bald": 0.001331827836111188, "Bangs": 0.0002927263267338276, "Big_Lips": 0.009437278844416142, "Big_Nose": 0.339443564414978, "Black_Hair": 0.0010739814024418592, "Blond_Hair": 0.036982715129852295, "Blurry": 0.11720922589302063, "Brown_Hair": 0.0038374201394617558, "Bushy_Eyebrows": 0.0001909263664856553, "Chubby": 0.08839806914329529, "Double_Chin": 0.06388010829687119, "Eyeglasses": 0.001069806981831789, "Goatee": 0.0003565769293345511, "Gray_Hair": 0.7595280408859253, "Heavy_Makeup": 0.00016675403458066285, "High_Cheekbones": 0.6856207251548767, "Male": 0.9992780089378357, "Mouth_Slightly_Open": 0.9965722560882568, "Mustache": 0.0007366858189925551, "Narrow_Eyes": 0.03252905607223511, "No_Beard": 0.9917282462120056, "Oval_Face": 0.23159606754779816, "Pale_Skin": 0.005147574935108423, "Pointy_Nose": 0.00575490714982152, "Receding_Hairline": 0.023361686617136, "Rosy_Cheeks": 0.0004768109938595444, "Sideburns": 0.0008356319740414619, "Smiling": 0.9115594029426575, "Straight_Hair": 0.4782009720802307, "Wavy_Hair": 0.01269852090626955, "Wearing_Earrings": 0.0005374623578973114, "Wearing_Hat": 0.00010193468915531412, "Wearing_Lipstick": 0.00015297708159778267, "Wearing_Necklace": 0.0006153786089271307, "Wearing_Necktie": 0.28921008110046387, "Young": 0.06245504692196846, "df_race": "asian", "df_race_prob": 35.28994023799896, "df_gender": "Man", "df_gender_prob": 99.68042373657227, "df_age": 40, "df_emotion": "disgust", "df_emotion_prob": 87.77763770685421}