{"name": "Bill_Bradley_0001.jpg", "5_o_Clock_Shadow": 0.005825524218380451, "Arched_Eyebrows": 0.0050386348739266396, "Attractive": 0.015044154599308968, "Bags_Under_Eyes": 0.40790045261383057, "Bald": 0.30075380206108093, "Bangs": 0.00017685926286503673, "Big_Lips": 0.00636039674282074, "Big_Nose": 0.1084260642528534, "Black_Hair": 0.0028236384969204664, "Blond_Hair": 0.0063241166062653065, "Blurry": 0.024553420022130013, "Brown_Hair": 0.0064792148768901825, "Bushy_Eyebrows": 0.00018592893320601434, "Chubby": 0.19682423770427704, "Double_Chin": 0.2944999933242798, "Eyeglasses": 0.0011443949770182371, "Goatee": 0.0006472501554526389, "Gray_Hair": 0.3513825535774231, "Heavy_Makeup": 0.0002538372064009309, "High_Cheekbones": 0.1373629868030548, "Male": 0.9994317889213562, "Mouth_Slightly_Open": 0.6556442975997925, "Mustache": 0.0005452449549920857, "Narrow_Eyes": 0.031655751168727875, "No_Beard": 0.9932171702384949, "Oval_Face": 0.47532135248184204, "Pale_Skin": 0.010888483375310898, "Pointy_Nose": 0.4099194407463074, "Receding_Hairline": 0.8956450819969177, "Rosy_Cheeks": 0.0009138192981481552, "Sideburns": 0.0010217076633125544, "Smiling": 0.3519016206264496, "Straight_Hair": 0.07362933456897736, "Wavy_Hair": 0.0014842982636764646, "Wearing_Earrings": 0.0004937396151944995, "Wearing_Hat": 0.00016802547906991094, "Wearing_Lipstick": 0.00043911399552598596, "Wearing_Necklace": 0.0002071506023639813, "Wearing_Necktie": 0.6137628555297852, "Young": 0.027912519872188568, "df_race": "white", "df_race_prob": 54.99582886695862, "df_gender": "Man", "df_gender_prob": 99.8460054397583, "df_age": 36, "df_emotion": "happy", "df_emotion_prob": 86.91087287133175}