{"name": "Binyamin_Ben-Eliezer_0006.jpg", "5_o_Clock_Shadow": 0.008608492091298103, "Arched_Eyebrows": 0.005353440530598164, "Attractive": 0.0009688053396530449, "Bags_Under_Eyes": 0.22352854907512665, "Bald": 0.003115871688351035, "Bangs": 0.002878263359889388, "Big_Lips": 0.01617923378944397, "Big_Nose": 0.6466941833496094, "Black_Hair": 0.09894543886184692, "Blond_Hair": 0.001371791702695191, "Blurry": 0.1271844357252121, "Brown_Hair": 0.022219227626919746, "Bushy_Eyebrows": 0.004164404701441526, "Chubby": 0.9542111754417419, "Double_Chin": 0.6540719866752625, "Eyeglasses": 0.007311583962291479, "Goatee": 0.0009240747313015163, "Gray_Hair": 0.09476606547832489, "Heavy_Makeup": 0.00023505312856286764, "High_Cheekbones": 0.04020332917571068, "Male": 0.9973581433296204, "Mouth_Slightly_Open": 0.012825462967157364, "Mustache": 0.0031974795274436474, "Narrow_Eyes": 0.2529032528400421, "No_Beard": 0.9787564277648926, "Oval_Face": 0.10057836025953293, "Pale_Skin": 0.04018819332122803, "Pointy_Nose": 0.01340586505830288, "Receding_Hairline": 0.011895076371729374, "Rosy_Cheeks": 0.0002782836963888258, "Sideburns": 0.002004071371629834, "Smiling": 0.003248996799811721, "Straight_Hair": 0.5810403227806091, "Wavy_Hair": 0.01918269880115986, "Wearing_Earrings": 0.0008952458738349378, "Wearing_Hat": 0.0007782954489812255, "Wearing_Lipstick": 0.00026655307738110423, "Wearing_Necklace": 0.0006599891348741949, "Wearing_Necktie": 0.35105445981025696, "Young": 0.011988776735961437, "df_race": "latino hispanic", "df_race_prob": 48.77296686172485, "df_gender": "Man", "df_gender_prob": 99.94120597839355, "df_age": 47, "df_emotion": "neutral", "df_emotion_prob": 39.86763954162598}