{"name": "Blythe_Hartley_0001.jpg", "5_o_Clock_Shadow": 0.003979671746492386, "Arched_Eyebrows": 0.016480404883623123, "Attractive": 0.11193782091140747, "Bags_Under_Eyes": 0.18431662023067474, "Bald": 0.03736353665590286, "Bangs": 0.0005624729092232883, "Big_Lips": 0.009497897699475288, "Big_Nose": 0.04397151991724968, "Black_Hair": 0.0017939277458935976, "Blond_Hair": 0.41455161571502686, "Blurry": 0.1429106593132019, "Brown_Hair": 0.011457757093012333, "Bushy_Eyebrows": 0.0006507650250568986, "Chubby": 0.02948223054409027, "Double_Chin": 0.014144014567136765, "Eyeglasses": 0.0010976048652082682, "Goatee": 0.0006328904419206083, "Gray_Hair": 0.03398134559392929, "Heavy_Makeup": 0.0022469093091785908, "High_Cheekbones": 0.9204881191253662, "Male": 0.2497686743736267, "Mouth_Slightly_Open": 0.9988433122634888, "Mustache": 0.00039151034434325993, "Narrow_Eyes": 0.4036511182785034, "No_Beard": 0.9933897256851196, "Oval_Face": 0.7595673203468323, "Pale_Skin": 0.04862598702311516, "Pointy_Nose": 0.022216539829969406, "Receding_Hairline": 0.7417025566101074, "Rosy_Cheeks": 0.0002924476284533739, "Sideburns": 0.0011829388095065951, "Smiling": 0.9973657727241516, "Straight_Hair": 0.14326709508895874, "Wavy_Hair": 0.0032748838420957327, "Wearing_Earrings": 0.02011794224381447, "Wearing_Hat": 0.0004462825891096145, "Wearing_Lipstick": 0.002618748228996992, "Wearing_Necklace": 0.006137847900390625, "Wearing_Necktie": 0.0019523832015693188, "Young": 0.9008222222328186, "df_race": "white", "df_race_prob": 99.84238147735596, "df_gender": "Man", "df_gender_prob": 64.89781737327576, "df_age": 23, "df_emotion": "happy", "df_emotion_prob": 99.99866485595703}