{"name": "Bo_Ryan_0001.jpg", "5_o_Clock_Shadow": 0.011043855920433998, "Arched_Eyebrows": 0.0010960057843476534, "Attractive": 0.011026719585061073, "Bags_Under_Eyes": 0.054083362221717834, "Bald": 0.003659055335447192, "Bangs": 0.0002177220449084416, "Big_Lips": 0.005593141075223684, "Big_Nose": 0.015543297864496708, "Black_Hair": 0.004050379153341055, "Blond_Hair": 0.016130920499563217, "Blurry": 0.049036335200071335, "Brown_Hair": 0.004227480851113796, "Bushy_Eyebrows": 0.0004989844746887684, "Chubby": 0.025840559974312782, "Double_Chin": 0.007897952571511269, "Eyeglasses": 0.0029556509107351303, "Goatee": 0.0008512868662364781, "Gray_Hair": 0.5343739986419678, "Heavy_Makeup": 0.0006460626027546823, "High_Cheekbones": 0.04408380389213562, "Male": 0.9988522529602051, "Mouth_Slightly_Open": 0.9238068461418152, "Mustache": 0.0007829853566363454, "Narrow_Eyes": 0.017460381612181664, "No_Beard": 0.9764343500137329, "Oval_Face": 0.15517450869083405, "Pale_Skin": 0.025964507833123207, "Pointy_Nose": 0.10315905511379242, "Receding_Hairline": 0.25346800684928894, "Rosy_Cheeks": 8.467681618640199e-05, "Sideburns": 0.0012661694781854749, "Smiling": 0.005444514099508524, "Straight_Hair": 0.49765801429748535, "Wavy_Hair": 0.0051965489983558655, "Wearing_Earrings": 0.0016557641793042421, "Wearing_Hat": 0.0001817784213926643, "Wearing_Lipstick": 0.0005147860501892865, "Wearing_Necklace": 0.0006909275543875992, "Wearing_Necktie": 0.005226822569966316, "Young": 0.21024948358535767, "df_race": "white", "df_race_prob": 53.99126410484314, "df_gender": "Man", "df_gender_prob": 99.91629123687744, "df_age": 33, "df_emotion": "fear", "df_emotion_prob": 55.348628759384155}