{"name": "Bob_Graham_0004.jpg", "5_o_Clock_Shadow": 0.0033268234692513943, "Arched_Eyebrows": 0.002214111154899001, "Attractive": 0.0023143929429352283, "Bags_Under_Eyes": 0.3648218810558319, "Bald": 0.004749872721731663, "Bangs": 0.0027342154644429684, "Big_Lips": 0.027449073269963264, "Big_Nose": 0.3100464642047882, "Black_Hair": 0.00893830880522728, "Blond_Hair": 0.0033907948527485132, "Blurry": 0.07372332364320755, "Brown_Hair": 0.0013990493025630713, "Bushy_Eyebrows": 0.0006819791742600501, "Chubby": 0.5195075273513794, "Double_Chin": 0.21222156286239624, "Eyeglasses": 0.002341854153200984, "Goatee": 0.00041645459714345634, "Gray_Hair": 0.8181663751602173, "Heavy_Makeup": 0.0005683930357918143, "High_Cheekbones": 0.04942251741886139, "Male": 0.9966046810150146, "Mouth_Slightly_Open": 0.6200406551361084, "Mustache": 0.0015988376690074801, "Narrow_Eyes": 0.05078026279807091, "No_Beard": 0.9940758943557739, "Oval_Face": 0.07729934900999069, "Pale_Skin": 0.04053080826997757, "Pointy_Nose": 0.011873019859194756, "Receding_Hairline": 0.01564003713428974, "Rosy_Cheeks": 0.00020574239897541702, "Sideburns": 0.001557722338475287, "Smiling": 0.007023005746304989, "Straight_Hair": 0.7435507774353027, "Wavy_Hair": 0.00410057557746768, "Wearing_Earrings": 0.0008222429314628243, "Wearing_Hat": 0.0011466367868706584, "Wearing_Lipstick": 0.000493170227855444, "Wearing_Necklace": 0.0005913599743507802, "Wearing_Necktie": 0.5258937478065491, "Young": 0.002518627792596817, "df_race": "asian", "df_race_prob": 29.956147665518245, "df_gender": "Man", "df_gender_prob": 99.89643096923828, "df_age": 36, "df_emotion": "neutral", "df_emotion_prob": 81.35577440261841}