{"name": "Bob_Geldof_0001.jpg", "5_o_Clock_Shadow": 0.15130937099456787, "Arched_Eyebrows": 0.059235766530036926, "Attractive": 0.038296956568956375, "Bags_Under_Eyes": 0.5104004740715027, "Bald": 0.026417527347803116, "Bangs": 0.00016745543689467013, "Big_Lips": 0.019714713096618652, "Big_Nose": 0.3958595097064972, "Black_Hair": 0.0011552096111699939, "Blond_Hair": 0.016069788485765457, "Blurry": 0.24307210743427277, "Brown_Hair": 0.006706994492560625, "Bushy_Eyebrows": 0.0028384807519614697, "Chubby": 0.013437916524708271, "Double_Chin": 0.0158560648560524, "Eyeglasses": 0.002131197601556778, "Goatee": 0.0015175635926425457, "Gray_Hair": 0.3453703820705414, "Heavy_Makeup": 9.76549563347362e-05, "High_Cheekbones": 0.005104707553982735, "Male": 0.999019980430603, "Mouth_Slightly_Open": 0.0010655035730451345, "Mustache": 0.0050268922932446, "Narrow_Eyes": 0.14868676662445068, "No_Beard": 0.8979652523994446, "Oval_Face": 0.07804341614246368, "Pale_Skin": 0.27094733715057373, "Pointy_Nose": 0.13753513991832733, "Receding_Hairline": 0.7936537265777588, "Rosy_Cheeks": 5.441438406705856e-05, "Sideburns": 0.003101601032540202, "Smiling": 0.007521198596805334, "Straight_Hair": 0.032778602093458176, "Wavy_Hair": 0.020023610442876816, "Wearing_Earrings": 0.000459677743492648, "Wearing_Hat": 0.0004368113004602492, "Wearing_Lipstick": 0.00022690011246595532, "Wearing_Necklace": 0.0005019454401917756, "Wearing_Necktie": 0.6884467601776123, "Young": 0.08112975209951401, "df_race": "middle eastern", "df_race_prob": 41.61176085472107, "df_gender": "Man", "df_gender_prob": 99.9995470046997, "df_age": 43, "df_emotion": "neutral", "df_emotion_prob": 82.76616334915161}