{"name": "Bob_Colvin_0002.jpg", "5_o_Clock_Shadow": 0.05979513004422188, "Arched_Eyebrows": 0.021611128002405167, "Attractive": 0.17609529197216034, "Bags_Under_Eyes": 0.0026142161805182695, "Bald": 0.0005548137705773115, "Bangs": 0.00014981254935264587, "Big_Lips": 0.06397917866706848, "Big_Nose": 0.017555667087435722, "Black_Hair": 0.006996897514909506, "Blond_Hair": 0.013926612213253975, "Blurry": 0.26443639397621155, "Brown_Hair": 0.11962881684303284, "Bushy_Eyebrows": 0.011833840049803257, "Chubby": 0.01223568432033062, "Double_Chin": 0.0016143189277499914, "Eyeglasses": 0.0015091525856405497, "Goatee": 0.00032204666058532894, "Gray_Hair": 0.003119052154943347, "Heavy_Makeup": 0.0012683318927884102, "High_Cheekbones": 0.006712374277412891, "Male": 0.9960839748382568, "Mouth_Slightly_Open": 0.7132250666618347, "Mustache": 0.0013743842719122767, "Narrow_Eyes": 0.10232748091220856, "No_Beard": 0.9696160554885864, "Oval_Face": 0.3675394058227539, "Pale_Skin": 0.19241677224636078, "Pointy_Nose": 0.1462601274251938, "Receding_Hairline": 0.015715787187218666, "Rosy_Cheeks": 0.0001526298583485186, "Sideburns": 0.0002772704465314746, "Smiling": 0.029706766828894615, "Straight_Hair": 0.3187880516052246, "Wavy_Hair": 0.027562309056520462, "Wearing_Earrings": 0.001410420285537839, "Wearing_Hat": 0.0001653010695008561, "Wearing_Lipstick": 0.0020960685797035694, "Wearing_Necklace": 0.0012460919097065926, "Wearing_Necktie": 0.007894366979598999, "Young": 0.864984393119812, "df_race": "white", "df_race_prob": 36.19505167007446, "df_gender": "Man", "df_gender_prob": 99.86931681632996, "df_age": 27, "df_emotion": "neutral", "df_emotion_prob": 73.35643768310547}