{"name": "Bobby_Robson_0001.jpg", "5_o_Clock_Shadow": 0.003940547350794077, "Arched_Eyebrows": 0.0016506863757967949, "Attractive": 0.0016183494590222836, "Bags_Under_Eyes": 0.15675760805606842, "Bald": 0.012400837615132332, "Bangs": 0.00037302100099623203, "Big_Lips": 0.004662068095058203, "Big_Nose": 0.3761265277862549, "Black_Hair": 0.005016011651605368, "Blond_Hair": 0.00756775913760066, "Blurry": 0.1387367844581604, "Brown_Hair": 0.0016691111959517002, "Bushy_Eyebrows": 0.00034473303821869195, "Chubby": 0.17845742404460907, "Double_Chin": 0.06691327691078186, "Eyeglasses": 0.002477992093190551, "Goatee": 0.0006413504015654325, "Gray_Hair": 0.8026713132858276, "Heavy_Makeup": 0.0002330882998649031, "High_Cheekbones": 0.027774646878242493, "Male": 0.9937416911125183, "Mouth_Slightly_Open": 0.41132426261901855, "Mustache": 0.000831686716992408, "Narrow_Eyes": 0.01517266035079956, "No_Beard": 0.9914941787719727, "Oval_Face": 0.06644235551357269, "Pale_Skin": 0.05359983444213867, "Pointy_Nose": 0.007431893143802881, "Receding_Hairline": 0.30119630694389343, "Rosy_Cheeks": 9.40036989049986e-05, "Sideburns": 0.0011907558655366302, "Smiling": 0.001242741127498448, "Straight_Hair": 0.3178647458553314, "Wavy_Hair": 0.0041389926336705685, "Wearing_Earrings": 0.0014918602537363768, "Wearing_Hat": 0.0008012334001250565, "Wearing_Lipstick": 0.00028604542603716254, "Wearing_Necklace": 0.0009715700871311128, "Wearing_Necktie": 0.005833419505506754, "Young": 0.030876968055963516, "df_race": "asian", "df_race_prob": 37.774598598480225, "df_gender": "Man", "df_gender_prob": 84.34092402458191, "df_age": 35, "df_emotion": "fear", "df_emotion_prob": 99.752974495469}