{"name": "Brad_Johnson_0005.jpg", "5_o_Clock_Shadow": 0.03321506083011627, "Arched_Eyebrows": 0.00012761136167682707, "Attractive": 0.010489542037248611, "Bags_Under_Eyes": 0.1699381321668625, "Bald": 0.00048654331476427615, "Bangs": 0.027219608426094055, "Big_Lips": 0.010473562404513359, "Big_Nose": 0.19786641001701355, "Black_Hair": 0.0024970544036477804, "Blond_Hair": 0.03878263384103775, "Blurry": 0.28663960099220276, "Brown_Hair": 0.085002601146698, "Bushy_Eyebrows": 0.000603061867877841, "Chubby": 0.1283007711172104, "Double_Chin": 0.057039231061935425, "Eyeglasses": 0.0024576131254434586, "Goatee": 0.00087261653970927, "Gray_Hair": 0.046093348413705826, "Heavy_Makeup": 0.00014211521192919463, "High_Cheekbones": 0.060275305062532425, "Male": 0.9944837689399719, "Mouth_Slightly_Open": 0.03817499801516533, "Mustache": 0.0010098861530423164, "Narrow_Eyes": 0.4454909861087799, "No_Beard": 0.9817445874214172, "Oval_Face": 0.20839762687683105, "Pale_Skin": 0.007256870623677969, "Pointy_Nose": 0.01283165905624628, "Receding_Hairline": 0.0008393799653276801, "Rosy_Cheeks": 0.0002367790148127824, "Sideburns": 0.0019418324809521437, "Smiling": 0.029325036332011223, "Straight_Hair": 0.13740164041519165, "Wavy_Hair": 0.042909685522317886, "Wearing_Earrings": 0.0006702773971483111, "Wearing_Hat": 0.0008926615118980408, "Wearing_Lipstick": 9.897362178890035e-05, "Wearing_Necklace": 0.0014341657515615225, "Wearing_Necktie": 0.004213680513203144, "Young": 0.2943010926246643, "df_race": "white", "df_race_prob": 96.28246404424095, "df_gender": "Man", "df_gender_prob": 99.95476603507996, "df_age": 30, "df_emotion": "neutral", "df_emotion_prob": 74.9607801437378}