{"name": "Brandon_Fails_0001.jpg", "5_o_Clock_Shadow": 0.025430310517549515, "Arched_Eyebrows": 0.330037385225296, "Attractive": 0.008913148194551468, "Bags_Under_Eyes": 0.13236801326274872, "Bald": 0.007998630404472351, "Bangs": 0.000507783202920109, "Big_Lips": 0.7764236330986023, "Big_Nose": 0.9513777494430542, "Black_Hair": 0.548130452632904, "Blond_Hair": 0.0016844846541061997, "Blurry": 0.1037050187587738, "Brown_Hair": 0.0009283402469009161, "Bushy_Eyebrows": 0.09062718600034714, "Chubby": 0.894076943397522, "Double_Chin": 0.2909216582775116, "Eyeglasses": 0.0021941368468105793, "Goatee": 0.0015836210222914815, "Gray_Hair": 0.004353948403149843, "Heavy_Makeup": 0.0005866303690709174, "High_Cheekbones": 0.9110469818115234, "Male": 0.9993332028388977, "Mouth_Slightly_Open": 0.9700959920883179, "Mustache": 0.005202663596719503, "Narrow_Eyes": 0.14407402276992798, "No_Beard": 0.9247274994850159, "Oval_Face": 0.7070726752281189, "Pale_Skin": 0.012694762088358402, "Pointy_Nose": 0.0006059295847080648, "Receding_Hairline": 0.15289823710918427, "Rosy_Cheeks": 0.00011861536040669307, "Sideburns": 0.0009487193310633302, "Smiling": 0.9786304831504822, "Straight_Hair": 0.03085918538272381, "Wavy_Hair": 0.0019045170629397035, "Wearing_Earrings": 0.023534368723630905, "Wearing_Hat": 0.0008996229735203087, "Wearing_Lipstick": 0.0011067753657698631, "Wearing_Necklace": 0.0013137501664459705, "Wearing_Necktie": 0.3902992010116577, "Young": 0.7317978739738464, "df_race": "black", "df_race_prob": 99.5793759572134, "df_gender": "Man", "df_gender_prob": 99.97156262397766, "df_age": 27, "df_emotion": "happy", "df_emotion_prob": 99.60457084206169}