{"name": "Brandon_Jones_0001.jpg", "5_o_Clock_Shadow": 0.09036201238632202, "Arched_Eyebrows": 0.0028402411844581366, "Attractive": 0.006525157485157251, "Bags_Under_Eyes": 0.29535335302352905, "Bald": 0.0031473704148083925, "Bangs": 0.0010729368077591062, "Big_Lips": 0.5908011794090271, "Big_Nose": 0.9523980617523193, "Black_Hair": 0.5106465220451355, "Blond_Hair": 0.002257739892229438, "Blurry": 0.3150375783443451, "Brown_Hair": 0.005164348985999823, "Bushy_Eyebrows": 0.0044724904000759125, "Chubby": 0.6469049453735352, "Double_Chin": 0.29831743240356445, "Eyeglasses": 0.0025200226809829473, "Goatee": 0.009886584244668484, "Gray_Hair": 0.002441927557811141, "Heavy_Makeup": 0.00025730705237947404, "High_Cheekbones": 0.9634149074554443, "Male": 0.9972561001777649, "Mouth_Slightly_Open": 0.9992859959602356, "Mustache": 0.012782405130565166, "Narrow_Eyes": 0.44208037853240967, "No_Beard": 0.8277884721755981, "Oval_Face": 0.5128246545791626, "Pale_Skin": 0.002280529122799635, "Pointy_Nose": 0.0005915603833273053, "Receding_Hairline": 0.17962594330310822, "Rosy_Cheeks": 9.734014020068571e-05, "Sideburns": 0.0021424314472824335, "Smiling": 0.9878841042518616, "Straight_Hair": 0.04784487932920456, "Wavy_Hair": 0.0041006808169186115, "Wearing_Earrings": 0.013960967771708965, "Wearing_Hat": 0.0045034391805529594, "Wearing_Lipstick": 0.0003227375855203718, "Wearing_Necklace": 0.004456478636711836, "Wearing_Necktie": 0.011576916091144085, "Young": 0.6252946853637695, "df_race": "black", "df_race_prob": 100.0, "df_gender": "Man", "df_gender_prob": 99.9724805355072, "df_age": 26, "df_emotion": "happy", "df_emotion_prob": 99.54988953768549}