{"name": "Brandon_Boyd_0001.jpg", "5_o_Clock_Shadow": 0.05296283960342407, "Arched_Eyebrows": 0.00896946806460619, "Attractive": 0.10737721621990204, "Bags_Under_Eyes": 0.21285562217235565, "Bald": 0.0011022682301700115, "Bangs": 0.2952512502670288, "Big_Lips": 0.04559987038373947, "Big_Nose": 0.1049404889345169, "Black_Hair": 0.0057289074175059795, "Blond_Hair": 0.007124187424778938, "Blurry": 0.24893850088119507, "Brown_Hair": 0.2776254415512085, "Bushy_Eyebrows": 0.0285166148096323, "Chubby": 0.004634539131075144, "Double_Chin": 0.008517751470208168, "Eyeglasses": 0.005672893021255732, "Goatee": 0.004946340341120958, "Gray_Hair": 0.0027254060842096806, "Heavy_Makeup": 0.000589221715927124, "High_Cheekbones": 0.55094313621521, "Male": 0.9952217936515808, "Mouth_Slightly_Open": 0.9954778552055359, "Mustache": 0.004257104825228453, "Narrow_Eyes": 0.9847432374954224, "No_Beard": 0.9290305376052856, "Oval_Face": 0.21973612904548645, "Pale_Skin": 0.008341475389897823, "Pointy_Nose": 0.08304379135370255, "Receding_Hairline": 0.002548778895288706, "Rosy_Cheeks": 0.00021141475008334965, "Sideburns": 0.0012494279071688652, "Smiling": 0.9966338276863098, "Straight_Hair": 0.009104899130761623, "Wavy_Hair": 0.524809718132019, "Wearing_Earrings": 0.0036059683188796043, "Wearing_Hat": 0.0004893351579084992, "Wearing_Lipstick": 0.001257699215784669, "Wearing_Necklace": 0.009479684755206108, "Wearing_Necktie": 0.008002994582057, "Young": 0.5112025737762451, "df_race": "white", "df_race_prob": 29.06956672668457, "df_gender": "Man", "df_gender_prob": 99.82420206069946, "df_age": 25, "df_emotion": "happy", "df_emotion_prob": 68.3742739708097}