{"name": "Brendan_Hansen_0002.jpg", "5_o_Clock_Shadow": 0.021957140415906906, "Arched_Eyebrows": 0.000529665790963918, "Attractive": 0.08828781545162201, "Bags_Under_Eyes": 0.03450562432408333, "Bald": 0.001972845522686839, "Bangs": 0.0004415754519868642, "Big_Lips": 0.014440316706895828, "Big_Nose": 0.019888397306203842, "Black_Hair": 0.007545141037553549, "Blond_Hair": 0.012486658990383148, "Blurry": 0.281270295381546, "Brown_Hair": 0.06085929647088051, "Bushy_Eyebrows": 0.000272398378001526, "Chubby": 0.003480237675830722, "Double_Chin": 0.0016225051367655396, "Eyeglasses": 0.00045652934932149947, "Goatee": 0.0006702556274831295, "Gray_Hair": 0.001679396373219788, "Heavy_Makeup": 0.0004489810671657324, "High_Cheekbones": 0.28072771430015564, "Male": 0.9794585704803467, "Mouth_Slightly_Open": 0.9014702439308167, "Mustache": 0.0006921833846718073, "Narrow_Eyes": 0.24011781811714172, "No_Beard": 0.9881711006164551, "Oval_Face": 0.04125966876745224, "Pale_Skin": 0.0020328417886048555, "Pointy_Nose": 0.11726106703281403, "Receding_Hairline": 0.03397837281227112, "Rosy_Cheeks": 0.0001062813971657306, "Sideburns": 0.00040656825876794755, "Smiling": 0.6821391582489014, "Straight_Hair": 0.13919183611869812, "Wavy_Hair": 0.007789232302457094, "Wearing_Earrings": 0.003974539693444967, "Wearing_Hat": 0.0012340928660705686, "Wearing_Lipstick": 0.0005608074716292322, "Wearing_Necklace": 0.001484415610320866, "Wearing_Necktie": 0.0020313796121627092, "Young": 0.8152994513511658, "df_race": "white", "df_race_prob": 66.75040523710283, "df_gender": "Man", "df_gender_prob": 99.39481019973755, "df_age": 25, "df_emotion": "happy", "df_emotion_prob": 99.97637867927551}