{"name": "Brian_Billick_0001.jpg", "5_o_Clock_Shadow": 0.006107366643846035, "Arched_Eyebrows": 0.00045018206583335996, "Attractive": 0.0026994491927325726, "Bags_Under_Eyes": 0.12543322145938873, "Bald": 0.038971319794654846, "Bangs": 0.0004051190335303545, "Big_Lips": 0.00987525749951601, "Big_Nose": 0.1796262264251709, "Black_Hair": 0.0030868102330714464, "Blond_Hair": 0.004629140254110098, "Blurry": 0.2176271677017212, "Brown_Hair": 0.03976970538496971, "Bushy_Eyebrows": 0.001698738313280046, "Chubby": 0.10673884302377701, "Double_Chin": 0.05783306807279587, "Eyeglasses": 0.9886701107025146, "Goatee": 0.0010289503261446953, "Gray_Hair": 0.1414988934993744, "Heavy_Makeup": 9.374714863952249e-05, "High_Cheekbones": 0.19634832441806793, "Male": 0.9971619844436646, "Mouth_Slightly_Open": 0.9496741890907288, "Mustache": 0.0019117603078484535, "Narrow_Eyes": 0.17623987793922424, "No_Beard": 0.9886137247085571, "Oval_Face": 0.1376238614320755, "Pale_Skin": 0.010404950007796288, "Pointy_Nose": 0.016331983730196953, "Receding_Hairline": 0.17505644261837006, "Rosy_Cheeks": 6.260856025619432e-05, "Sideburns": 0.00028168928110972047, "Smiling": 0.7682103514671326, "Straight_Hair": 0.3503696024417877, "Wavy_Hair": 0.00113329803571105, "Wearing_Earrings": 0.000874823541380465, "Wearing_Hat": 0.00039059866685420275, "Wearing_Lipstick": 0.00014622519665863365, "Wearing_Necklace": 0.0011779166525229812, "Wearing_Necktie": 0.011398322880268097, "Young": 0.017056904733181, "df_race": "white", "df_race_prob": 50.42198300361633, "df_gender": "Man", "df_gender_prob": 99.91191029548645, "df_age": 48, "df_emotion": "angry", "df_emotion_prob": 81.04201442253675}