{"name": "Brigitte_Boisselier_0001.jpg", "5_o_Clock_Shadow": 0.0006534470594488084, "Arched_Eyebrows": 0.12494959682226181, "Attractive": 0.2828606367111206, "Bags_Under_Eyes": 0.03158456087112427, "Bald": 0.0006623782683163881, "Bangs": 0.0022012763656675816, "Big_Lips": 0.07142781466245651, "Big_Nose": 0.012849163264036179, "Black_Hair": 0.0011351467110216618, "Blond_Hair": 0.5391978025436401, "Blurry": 0.2985263764858246, "Brown_Hair": 0.006026339717209339, "Bushy_Eyebrows": 0.0006901450688019395, "Chubby": 0.0011551716597750783, "Double_Chin": 0.0005716291489079595, "Eyeglasses": 0.0001828914537327364, "Goatee": 0.0003014549729414284, "Gray_Hair": 0.011076286435127258, "Heavy_Makeup": 0.04092419147491455, "High_Cheekbones": 0.5535435080528259, "Male": 0.003210364142432809, "Mouth_Slightly_Open": 0.8101052045822144, "Mustache": 0.00013285544991958886, "Narrow_Eyes": 0.05725695937871933, "No_Beard": 0.9973281621932983, "Oval_Face": 0.1653517335653305, "Pale_Skin": 0.15022456645965576, "Pointy_Nose": 0.33692988753318787, "Receding_Hairline": 0.03341028466820717, "Rosy_Cheeks": 0.00022349412029143423, "Sideburns": 0.0002365860709687695, "Smiling": 0.8906017541885376, "Straight_Hair": 0.28330197930336, "Wavy_Hair": 0.09762326627969742, "Wearing_Earrings": 0.005248068831861019, "Wearing_Hat": 0.00017800513887777925, "Wearing_Lipstick": 0.10893981158733368, "Wearing_Necklace": 0.012713342905044556, "Wearing_Necktie": 0.0007013625581748784, "Young": 0.6788339018821716, "df_race": "white", "df_race_prob": 37.83096969127655, "df_gender": "Woman", "df_gender_prob": 99.99943971633911, "df_age": 33, "df_emotion": "happy", "df_emotion_prob": 92.32174158096313}