{"name": "Bruce_Van_De_Velde_0001.jpg", "5_o_Clock_Shadow": 0.009360655210912228, "Arched_Eyebrows": 0.00018617339082993567, "Attractive": 0.004721366334706545, "Bags_Under_Eyes": 0.0605585053563118, "Bald": 0.002624096581712365, "Bangs": 0.001948997494764626, "Big_Lips": 0.022527677938342094, "Big_Nose": 0.056726109236478806, "Black_Hair": 0.0070089902728796005, "Blond_Hair": 0.010408039204776287, "Blurry": 0.054458387196063995, "Brown_Hair": 0.007427138276398182, "Bushy_Eyebrows": 0.0006189210107550025, "Chubby": 0.3740437924861908, "Double_Chin": 0.11533412337303162, "Eyeglasses": 0.003990115597844124, "Goatee": 0.0002220991300418973, "Gray_Hair": 0.40322256088256836, "Heavy_Makeup": 0.00041904146200977266, "High_Cheekbones": 0.034208010882139206, "Male": 0.9991046786308289, "Mouth_Slightly_Open": 0.8974503874778748, "Mustache": 0.0006723466794937849, "Narrow_Eyes": 0.03326687961816788, "No_Beard": 0.9954971075057983, "Oval_Face": 0.2057807594537735, "Pale_Skin": 0.04260866343975067, "Pointy_Nose": 0.012073095887899399, "Receding_Hairline": 0.02108025550842285, "Rosy_Cheeks": 0.00019405320927035064, "Sideburns": 0.0012079437728971243, "Smiling": 0.0018642065115272999, "Straight_Hair": 0.8103419542312622, "Wavy_Hair": 0.002493951702490449, "Wearing_Earrings": 0.0006200105999596417, "Wearing_Hat": 0.0003042391617782414, "Wearing_Lipstick": 0.00031997746555134654, "Wearing_Necklace": 0.0003463401226326823, "Wearing_Necktie": 0.2921588122844696, "Young": 0.034149546176195145, "df_race": "white", "df_race_prob": 29.959899187088013, "df_gender": "Man", "df_gender_prob": 99.9602735042572, "df_age": 32, "df_emotion": "angry", "df_emotion_prob": 97.70888686180115}