{"name": "Bruce_Weber_0002.jpg", "5_o_Clock_Shadow": 0.05712515488266945, "Arched_Eyebrows": 0.0004149908490944654, "Attractive": 0.03392741084098816, "Bags_Under_Eyes": 0.16916729509830475, "Bald": 0.0013376360293477774, "Bangs": 0.0002165213372791186, "Big_Lips": 0.0027145657222718, "Big_Nose": 0.16523252427577972, "Black_Hair": 0.0016526066465303302, "Blond_Hair": 0.06802529096603394, "Blurry": 0.06907445192337036, "Brown_Hair": 0.009362216107547283, "Bushy_Eyebrows": 0.0037320589181035757, "Chubby": 0.1100575178861618, "Double_Chin": 0.03140177205204964, "Eyeglasses": 0.0008747085812501609, "Goatee": 0.0003367177559994161, "Gray_Hair": 0.3088693916797638, "Heavy_Makeup": 0.00032215414103120565, "High_Cheekbones": 0.3618062734603882, "Male": 0.9991297125816345, "Mouth_Slightly_Open": 0.006165862083435059, "Mustache": 0.0003718612133525312, "Narrow_Eyes": 0.01176851149648428, "No_Beard": 0.9871364831924438, "Oval_Face": 0.311646968126297, "Pale_Skin": 0.08991724997758865, "Pointy_Nose": 0.010821450501680374, "Receding_Hairline": 0.03820427507162094, "Rosy_Cheeks": 0.0001118380605475977, "Sideburns": 0.00107220106292516, "Smiling": 0.1360195279121399, "Straight_Hair": 0.4906073212623596, "Wavy_Hair": 0.007217249367386103, "Wearing_Earrings": 0.0007792111719027162, "Wearing_Hat": 0.00017003265384119004, "Wearing_Lipstick": 0.00012126497313147411, "Wearing_Necklace": 0.0002448294253554195, "Wearing_Necktie": 0.023423975333571434, "Young": 0.2207394540309906, "df_race": "white", "df_race_prob": 99.91660118103027, "df_gender": "Man", "df_gender_prob": 99.97114539146423, "df_age": 29, "df_emotion": "sad", "df_emotion_prob": 82.3978266241757}