{"name": "Buzz_Hargrove_0001.jpg", "5_o_Clock_Shadow": 0.00568568566814065, "Arched_Eyebrows": 0.005961662158370018, "Attractive": 0.004977789707481861, "Bags_Under_Eyes": 0.05621900036931038, "Bald": 0.024202626198530197, "Bangs": 0.00043910936801694334, "Big_Lips": 0.01124485768377781, "Big_Nose": 0.0970468670129776, "Black_Hair": 0.004935143981128931, "Blond_Hair": 0.009954800829291344, "Blurry": 0.34627053141593933, "Brown_Hair": 0.027604714035987854, "Bushy_Eyebrows": 0.009211158379912376, "Chubby": 0.16819220781326294, "Double_Chin": 0.1134040430188179, "Eyeglasses": 0.9950920343399048, "Goatee": 0.0013527198461815715, "Gray_Hair": 0.2360643744468689, "Heavy_Makeup": 0.0003621808427851647, "High_Cheekbones": 0.28532934188842773, "Male": 0.9942470788955688, "Mouth_Slightly_Open": 0.9973397850990295, "Mustache": 0.002924275351688266, "Narrow_Eyes": 0.10877908766269684, "No_Beard": 0.9788008332252502, "Oval_Face": 0.28953588008880615, "Pale_Skin": 0.030256690457463264, "Pointy_Nose": 0.03194553032517433, "Receding_Hairline": 0.5370259881019592, "Rosy_Cheeks": 0.0001805654028430581, "Sideburns": 0.00032442499650642276, "Smiling": 0.9836026430130005, "Straight_Hair": 0.09127112478017807, "Wavy_Hair": 0.018925325945019722, "Wearing_Earrings": 0.0005700265755876899, "Wearing_Hat": 0.00025174542679451406, "Wearing_Lipstick": 0.0005241372855380177, "Wearing_Necklace": 0.002693205839022994, "Wearing_Necktie": 0.011210163123905659, "Young": 0.027375807985663414, "df_race": "asian", "df_race_prob": 54.40695285797119, "df_gender": "Man", "df_gender_prob": 99.99104738235474, "df_age": 47, "df_emotion": "happy", "df_emotion_prob": 94.35181089022029}