{"name": "Carey_Lowell_0001.jpg", "5_o_Clock_Shadow": 0.0018227155087515712, "Arched_Eyebrows": 0.009696399793028831, "Attractive": 0.15189354121685028, "Bags_Under_Eyes": 0.29283279180526733, "Bald": 0.00030925983446650207, "Bangs": 0.9063790440559387, "Big_Lips": 0.05249663069844246, "Big_Nose": 0.03845566511154175, "Black_Hair": 0.003961867652833462, "Blond_Hair": 0.017101949080824852, "Blurry": 0.5724403262138367, "Brown_Hair": 0.1792149394750595, "Bushy_Eyebrows": 0.00075504434062168, "Chubby": 0.006237078923732042, "Double_Chin": 0.0018833894282579422, "Eyeglasses": 0.00017058903176803142, "Goatee": 0.00015772339247632772, "Gray_Hair": 0.0025258895475417376, "Heavy_Makeup": 0.00176559470128268, "High_Cheekbones": 0.5304685831069946, "Male": 0.059925004839897156, "Mouth_Slightly_Open": 0.005191138479858637, "Mustache": 0.0002146250189980492, "Narrow_Eyes": 0.11700326204299927, "No_Beard": 0.9984190464019775, "Oval_Face": 0.15958426892757416, "Pale_Skin": 0.023246418684720993, "Pointy_Nose": 0.1718825250864029, "Receding_Hairline": 0.0004517914494499564, "Rosy_Cheeks": 0.0002941449638456106, "Sideburns": 0.00044777471339330077, "Smiling": 0.5782314538955688, "Straight_Hair": 0.18933573365211487, "Wavy_Hair": 0.05613882839679718, "Wearing_Earrings": 0.17479796707630157, "Wearing_Hat": 0.00329974084161222, "Wearing_Lipstick": 0.01376122422516346, "Wearing_Necklace": 0.0412943996489048, "Wearing_Necktie": 0.0007839372265152633, "Young": 0.6110184788703918, "df_race": "white", "df_race_prob": 98.1890320777893, "df_gender": "Woman", "df_gender_prob": 98.698490858078, "df_age": 33, "df_emotion": "happy", "df_emotion_prob": 99.95715022597906}