{"name": "Carin_Koch_0001.jpg", "5_o_Clock_Shadow": 0.0023434008471667767, "Arched_Eyebrows": 0.006083931308239698, "Attractive": 0.08282195031642914, "Bags_Under_Eyes": 0.015050132758915424, "Bald": 0.00048235870781354606, "Bangs": 0.0020648224744945765, "Big_Lips": 0.011575535871088505, "Big_Nose": 0.013315045274794102, "Black_Hair": 0.00040031407843343914, "Blond_Hair": 0.22263677418231964, "Blurry": 0.2713862955570221, "Brown_Hair": 0.004371194634586573, "Bushy_Eyebrows": 0.0006230327999219298, "Chubby": 0.008117415010929108, "Double_Chin": 0.002946516964584589, "Eyeglasses": 0.0021507341880351305, "Goatee": 0.0004077027551829815, "Gray_Hair": 0.006967074237763882, "Heavy_Makeup": 0.005480743013322353, "High_Cheekbones": 0.5958041548728943, "Male": 0.008272736333310604, "Mouth_Slightly_Open": 0.9957560896873474, "Mustache": 0.0003909326624125242, "Narrow_Eyes": 0.02104034274816513, "No_Beard": 0.9947772026062012, "Oval_Face": 0.49605903029441833, "Pale_Skin": 0.016835274174809456, "Pointy_Nose": 0.009506415575742722, "Receding_Hairline": 0.005206067580729723, "Rosy_Cheeks": 0.0003933968546334654, "Sideburns": 0.0007492054137401283, "Smiling": 0.8920862078666687, "Straight_Hair": 0.014103718101978302, "Wavy_Hair": 0.012811972759664059, "Wearing_Earrings": 0.1260528862476349, "Wearing_Hat": 0.9747280478477478, "Wearing_Lipstick": 0.00963321141898632, "Wearing_Necklace": 0.011695037595927715, "Wearing_Necktie": 0.00034670496825128794, "Young": 0.9568697214126587, "df_race": "middle eastern", "df_race_prob": 25.741207599639893, "df_gender": "Woman", "df_gender_prob": 91.01092219352722, "df_age": 36, "df_emotion": "fear", "df_emotion_prob": 92.74951219558716}