{"name": "Carina_Lau_Ka-ling_0001.jpg", "5_o_Clock_Shadow": 0.0001699665153864771, "Arched_Eyebrows": 0.12808021903038025, "Attractive": 0.056611306965351105, "Bags_Under_Eyes": 0.01741321198642254, "Bald": 0.0002078672405332327, "Bangs": 0.0031679272651672363, "Big_Lips": 0.044834546744823456, "Big_Nose": 0.021326612681150436, "Black_Hair": 0.001747103757224977, "Blond_Hair": 0.037403322756290436, "Blurry": 0.114003486931324, "Brown_Hair": 0.06324758380651474, "Bushy_Eyebrows": 0.00031982228392735124, "Chubby": 0.004819405730813742, "Double_Chin": 0.0013475301675498486, "Eyeglasses": 0.9725663065910339, "Goatee": 0.00018309436563868076, "Gray_Hair": 0.0045475708320736885, "Heavy_Makeup": 0.0016700305277481675, "High_Cheekbones": 0.12368141859769821, "Male": 0.009134073741734028, "Mouth_Slightly_Open": 0.522363543510437, "Mustache": 0.00025987232220359147, "Narrow_Eyes": 0.03118867613375187, "No_Beard": 0.999461829662323, "Oval_Face": 0.11957362294197083, "Pale_Skin": 0.11925458908081055, "Pointy_Nose": 0.006461615674197674, "Receding_Hairline": 0.00865230057388544, "Rosy_Cheeks": 2.907711677835323e-05, "Sideburns": 0.00010308520722901449, "Smiling": 0.07624790817499161, "Straight_Hair": 0.3863545060157776, "Wavy_Hair": 0.011841424740850925, "Wearing_Earrings": 0.02736440859735012, "Wearing_Hat": 0.0009370801853947341, "Wearing_Lipstick": 0.027557525783777237, "Wearing_Necklace": 0.018923232331871986, "Wearing_Necktie": 0.0010335711995139718, "Young": 0.5160197615623474, "df_race": "asian", "df_race_prob": 99.95654225349426, "df_gender": "Man", "df_gender_prob": 63.35788369178772, "df_age": 30, "df_emotion": "neutral", "df_emotion_prob": 92.07275462584225}