{"name": "Carlos_Bianchi_0002.jpg", "5_o_Clock_Shadow": 0.010091382078826427, "Arched_Eyebrows": 0.00505759846419096, "Attractive": 0.001783470856025815, "Bags_Under_Eyes": 0.1313803493976593, "Bald": 0.788033664226532, "Bangs": 0.0014485145220533013, "Big_Lips": 0.08555250614881516, "Big_Nose": 0.6173292994499207, "Black_Hair": 0.0018960715970024467, "Blond_Hair": 0.002354983240365982, "Blurry": 0.24870529770851135, "Brown_Hair": 0.0003108116507064551, "Bushy_Eyebrows": 0.00211907341144979, "Chubby": 0.2337053269147873, "Double_Chin": 0.18218114972114563, "Eyeglasses": 0.9535311460494995, "Goatee": 0.0009621686185710132, "Gray_Hair": 0.8679252862930298, "Heavy_Makeup": 8.957557292887941e-05, "High_Cheekbones": 0.0018458229023963213, "Male": 0.9979774355888367, "Mouth_Slightly_Open": 0.14892631769180298, "Mustache": 0.0032792403362691402, "Narrow_Eyes": 0.10153911262750626, "No_Beard": 0.9763833284378052, "Oval_Face": 0.11007753014564514, "Pale_Skin": 0.1373033970594406, "Pointy_Nose": 0.161909818649292, "Receding_Hairline": 0.5179537534713745, "Rosy_Cheeks": 0.00012019699352094904, "Sideburns": 0.0015571187250316143, "Smiling": 0.0013218913227319717, "Straight_Hair": 0.0026802881620824337, "Wavy_Hair": 0.014489900320768356, "Wearing_Earrings": 0.0010187987936660647, "Wearing_Hat": 0.0037021224852651358, "Wearing_Lipstick": 0.0008787706028670073, "Wearing_Necklace": 0.002478254958987236, "Wearing_Necktie": 0.08303487300872803, "Young": 0.012001123279333115, "df_race": "white", "df_race_prob": 82.18645453453064, "df_gender": "Man", "df_gender_prob": 99.99827146530151, "df_age": 48, "df_emotion": "neutral", "df_emotion_prob": 61.107391119003296}