{"name": "Carlos_Menem_0020.jpg", "5_o_Clock_Shadow": 0.011333292350172997, "Arched_Eyebrows": 0.0022599922958761454, "Attractive": 0.004339809529483318, "Bags_Under_Eyes": 0.3363078236579895, "Bald": 0.11279404908418655, "Bangs": 0.00043703350820578635, "Big_Lips": 0.010694761760532856, "Big_Nose": 0.16267867386341095, "Black_Hair": 0.0017758090980350971, "Blond_Hair": 0.009881763719022274, "Blurry": 0.45939913392066956, "Brown_Hair": 0.0046168724074959755, "Bushy_Eyebrows": 0.012832281179726124, "Chubby": 0.23510198295116425, "Double_Chin": 0.3089528977870941, "Eyeglasses": 0.00708841672167182, "Goatee": 0.0009768435265868902, "Gray_Hair": 0.8351095914840698, "Heavy_Makeup": 0.00022421426547225565, "High_Cheekbones": 0.28021636605262756, "Male": 0.9972485899925232, "Mouth_Slightly_Open": 0.9765393733978271, "Mustache": 0.002940368140116334, "Narrow_Eyes": 0.4160407483577728, "No_Beard": 0.977867841720581, "Oval_Face": 0.16867059469223022, "Pale_Skin": 0.01735309511423111, "Pointy_Nose": 0.13297255337238312, "Receding_Hairline": 0.6720085740089417, "Rosy_Cheeks": 0.0005385632975958288, "Sideburns": 0.00149921711999923, "Smiling": 0.937212347984314, "Straight_Hair": 0.024947311729192734, "Wavy_Hair": 0.04205482825636864, "Wearing_Earrings": 0.0017593471566215158, "Wearing_Hat": 0.0003095185093116015, "Wearing_Lipstick": 0.00048720347695052624, "Wearing_Necklace": 0.0028564336244016886, "Wearing_Necktie": 0.02299349196255207, "Young": 0.009420408867299557, "df_race": "white", "df_race_prob": 60.36492586135864, "df_gender": "Man", "df_gender_prob": 99.91775155067444, "df_age": 43, "df_emotion": "neutral", "df_emotion_prob": 37.279918789863586}