{"name": "Carlos_Vives_0004.jpg", "5_o_Clock_Shadow": 0.08642753958702087, "Arched_Eyebrows": 0.0007085651159286499, "Attractive": 0.033538609743118286, "Bags_Under_Eyes": 0.21264226734638214, "Bald": 0.0008558651898056269, "Bangs": 0.00019781211449299008, "Big_Lips": 0.025935551151633263, "Big_Nose": 0.05153492093086243, "Black_Hair": 0.007961953058838844, "Blond_Hair": 0.03847206011414528, "Blurry": 0.22258327901363373, "Brown_Hair": 0.09907004982233047, "Bushy_Eyebrows": 0.0026375744491815567, "Chubby": 0.1952066570520401, "Double_Chin": 0.07913971692323685, "Eyeglasses": 0.0033987192437052727, "Goatee": 0.006755990441888571, "Gray_Hair": 0.026370426639914513, "Heavy_Makeup": 0.0006495793350040913, "High_Cheekbones": 0.2818916440010071, "Male": 0.993791401386261, "Mouth_Slightly_Open": 0.9957186579704285, "Mustache": 0.009230134077370167, "Narrow_Eyes": 0.13211800158023834, "No_Beard": 0.7367467880249023, "Oval_Face": 0.4412676692008972, "Pale_Skin": 0.006851152516901493, "Pointy_Nose": 0.08375035226345062, "Receding_Hairline": 0.1727670282125473, "Rosy_Cheeks": 0.0002792774757836014, "Sideburns": 0.00452005211263895, "Smiling": 0.822717547416687, "Straight_Hair": 0.004047058522701263, "Wavy_Hair": 0.90705806016922, "Wearing_Earrings": 0.0010103037348017097, "Wearing_Hat": 0.000376036245143041, "Wearing_Lipstick": 0.0012778814416378736, "Wearing_Necklace": 0.004537053406238556, "Wearing_Necktie": 0.005596974398940802, "Young": 0.42728880047798157, "df_race": "white", "df_race_prob": 56.941622495651245, "df_gender": "Man", "df_gender_prob": 99.97114539146423, "df_age": 33, "df_emotion": "sad", "df_emotion_prob": 45.4630047082901}