{"name": "Carlos_Menem_0004.jpg", "5_o_Clock_Shadow": 0.0040781088173389435, "Arched_Eyebrows": 0.0017112535424530506, "Attractive": 0.01599203795194626, "Bags_Under_Eyes": 0.10763727128505707, "Bald": 0.0995689108967781, "Bangs": 0.00021516307606361806, "Big_Lips": 0.020850403234362602, "Big_Nose": 0.0885583683848381, "Black_Hair": 0.008088414557278156, "Blond_Hair": 0.00313159660436213, "Blurry": 0.24080970883369446, "Brown_Hair": 0.0070695835165679455, "Bushy_Eyebrows": 0.012484025210142136, "Chubby": 0.04888937622308731, "Double_Chin": 0.04341153800487518, "Eyeglasses": 0.003610905958339572, "Goatee": 0.0004969422006979585, "Gray_Hair": 0.08408156782388687, "Heavy_Makeup": 0.00034521700581535697, "High_Cheekbones": 0.18108966946601868, "Male": 0.9924855828285217, "Mouth_Slightly_Open": 0.8998241424560547, "Mustache": 0.0007825210341252387, "Narrow_Eyes": 0.14076240360736847, "No_Beard": 0.9946211576461792, "Oval_Face": 0.22392982244491577, "Pale_Skin": 0.049341071397066116, "Pointy_Nose": 0.01989676058292389, "Receding_Hairline": 0.38889211416244507, "Rosy_Cheeks": 0.00010862341878237203, "Sideburns": 0.0004595572827383876, "Smiling": 0.8411975502967834, "Straight_Hair": 0.0741242840886116, "Wavy_Hair": 0.0025376519188284874, "Wearing_Earrings": 0.0005680220783688128, "Wearing_Hat": 0.00016980551299639046, "Wearing_Lipstick": 0.0008181374869309366, "Wearing_Necklace": 0.0003581724304240197, "Wearing_Necktie": 0.3386700451374054, "Young": 0.023467328399419785, "df_race": "white", "df_race_prob": 76.42730474472046, "df_gender": "Man", "df_gender_prob": 99.96439218521118, "df_age": 45, "df_emotion": "happy", "df_emotion_prob": 99.8903036248322}