{"name": "Carlos_Menem_0005.jpg", "5_o_Clock_Shadow": 0.02068890817463398, "Arched_Eyebrows": 0.0017111997585743666, "Attractive": 0.006050787400454283, "Bags_Under_Eyes": 0.8562549352645874, "Bald": 0.6402841210365295, "Bangs": 0.0006583218928426504, "Big_Lips": 0.10958997905254364, "Big_Nose": 0.8412371873855591, "Black_Hair": 0.0020300373435020447, "Blond_Hair": 0.007896249182522297, "Blurry": 0.21713757514953613, "Brown_Hair": 0.005511424504220486, "Bushy_Eyebrows": 0.029478399083018303, "Chubby": 0.3185412287712097, "Double_Chin": 0.3942098021507263, "Eyeglasses": 0.006712015718221664, "Goatee": 0.0017713027773424983, "Gray_Hair": 0.21532969176769257, "Heavy_Makeup": 4.2499199480516836e-05, "High_Cheekbones": 0.7249227166175842, "Male": 0.9986454844474792, "Mouth_Slightly_Open": 0.994438648223877, "Mustache": 0.0060030207969248295, "Narrow_Eyes": 0.7565422058105469, "No_Beard": 0.9787908792495728, "Oval_Face": 0.08425610512495041, "Pale_Skin": 0.011072296649217606, "Pointy_Nose": 0.01751403696835041, "Receding_Hairline": 0.6529357433319092, "Rosy_Cheeks": 9.967925143428147e-05, "Sideburns": 0.0021884345915168524, "Smiling": 0.9947308301925659, "Straight_Hair": 0.060475751757621765, "Wavy_Hair": 0.0024768796283751726, "Wearing_Earrings": 0.0007987496792338789, "Wearing_Hat": 0.00034320756094530225, "Wearing_Lipstick": 0.00020764597866218537, "Wearing_Necklace": 0.0006704987608827651, "Wearing_Necktie": 0.7475499510765076, "Young": 0.01097024418413639, "df_race": "indian", "df_race_prob": 33.00147354602814, "df_gender": "Man", "df_gender_prob": 99.99626874923706, "df_age": 47, "df_emotion": "happy", "df_emotion_prob": 99.99987483023851}