{"name": "Carlos_Lordkipanitse_0001.jpg", "5_o_Clock_Shadow": 0.02549673803150654, "Arched_Eyebrows": 0.0006879347492940724, "Attractive": 0.00948780495673418, "Bags_Under_Eyes": 0.5971950888633728, "Bald": 0.005415838677436113, "Bangs": 0.00023820513160899282, "Big_Lips": 0.009727433323860168, "Big_Nose": 0.8273869156837463, "Black_Hair": 0.017069540917873383, "Blond_Hair": 0.003054293803870678, "Blurry": 0.04756711795926094, "Brown_Hair": 0.005690316203981638, "Bushy_Eyebrows": 0.015758410096168518, "Chubby": 0.04685719311237335, "Double_Chin": 0.06484667211771011, "Eyeglasses": 0.003122364403679967, "Goatee": 0.008013838902115822, "Gray_Hair": 0.11584882438182831, "Heavy_Makeup": 0.00011554060620255768, "High_Cheekbones": 0.1250848025083542, "Male": 0.9994565844535828, "Mouth_Slightly_Open": 0.19956143200397491, "Mustache": 0.672435462474823, "Narrow_Eyes": 0.020393002778291702, "No_Beard": 0.10224245488643646, "Oval_Face": 0.13355772197246552, "Pale_Skin": 0.010556802153587341, "Pointy_Nose": 0.06634398549795151, "Receding_Hairline": 0.14860263466835022, "Rosy_Cheeks": 0.00022562210506293923, "Sideburns": 0.0084584541618824, "Smiling": 0.03236624225974083, "Straight_Hair": 0.5113510489463806, "Wavy_Hair": 0.0006520902388729155, "Wearing_Earrings": 0.0004891036078333855, "Wearing_Hat": 0.0008353103185072541, "Wearing_Lipstick": 0.00018838206597138196, "Wearing_Necklace": 9.625988604966551e-05, "Wearing_Necktie": 0.8821378946304321, "Young": 0.043350182473659515, "df_race": "middle eastern", "df_race_prob": 40.139304416096735, "df_gender": "Man", "df_gender_prob": 99.99945163726807, "df_age": 32, "df_emotion": "neutral", "df_emotion_prob": 45.316824316978455}