{"name": "Carly_Fiorina_0002.jpg", "5_o_Clock_Shadow": 0.0005848260479979217, "Arched_Eyebrows": 0.024191785603761673, "Attractive": 0.11676501482725143, "Bags_Under_Eyes": 0.009252251125872135, "Bald": 0.00020845232938881963, "Bangs": 0.8259274959564209, "Big_Lips": 0.024431033059954643, "Big_Nose": 0.013991366140544415, "Black_Hair": 0.0007680425769649446, "Blond_Hair": 0.7128143906593323, "Blurry": 0.049924056977033615, "Brown_Hair": 0.005707674194127321, "Bushy_Eyebrows": 0.0004549430450424552, "Chubby": 0.001738318125717342, "Double_Chin": 0.0008499495452269912, "Eyeglasses": 0.0009586438536643982, "Goatee": 9.884186874842271e-05, "Gray_Hair": 0.09021632373332977, "Heavy_Makeup": 0.02541963942348957, "High_Cheekbones": 0.011593153700232506, "Male": 0.12775149941444397, "Mouth_Slightly_Open": 0.20242130756378174, "Mustache": 0.00017974036745727062, "Narrow_Eyes": 0.002244046423584223, "No_Beard": 0.998887836933136, "Oval_Face": 0.1964259296655655, "Pale_Skin": 0.03760230913758278, "Pointy_Nose": 0.1324019581079483, "Receding_Hairline": 0.0006706920685246587, "Rosy_Cheeks": 0.0002754557935986668, "Sideburns": 0.00025114486925303936, "Smiling": 0.006009950768202543, "Straight_Hair": 0.163180872797966, "Wavy_Hair": 0.08190155029296875, "Wearing_Earrings": 0.0579155758023262, "Wearing_Hat": 0.00013639677490573376, "Wearing_Lipstick": 0.07262329012155533, "Wearing_Necklace": 0.05619937181472778, "Wearing_Necktie": 0.00037403692840598524, "Young": 0.12298741936683655, "df_race": "white", "df_race_prob": 99.99865293502808, "df_gender": "Woman", "df_gender_prob": 99.54113364219666, "df_age": 44, "df_emotion": "neutral", "df_emotion_prob": 83.80393578959277}