{"name": "Carlos_Moya_0016.jpg", "5_o_Clock_Shadow": 0.2551747262477875, "Arched_Eyebrows": 0.0006101016770116985, "Attractive": 0.013263954780995846, "Bags_Under_Eyes": 0.019656358286738396, "Bald": 0.00028346062754280865, "Bangs": 0.0015480968868359923, "Big_Lips": 0.0017818757332861423, "Big_Nose": 0.026234833523631096, "Black_Hair": 0.006698860786855221, "Blond_Hair": 0.0022937057074159384, "Blurry": 0.12583576142787933, "Brown_Hair": 0.11556313931941986, "Bushy_Eyebrows": 0.00143874017521739, "Chubby": 0.003073406871408224, "Double_Chin": 0.002026463160291314, "Eyeglasses": 0.0007092383457347751, "Goatee": 0.005645595956593752, "Gray_Hair": 0.0012647791299968958, "Heavy_Makeup": 8.067461749305949e-05, "High_Cheekbones": 0.024590007960796356, "Male": 0.9941991567611694, "Mouth_Slightly_Open": 0.02826305851340294, "Mustache": 0.0031757575925439596, "Narrow_Eyes": 0.016096778213977814, "No_Beard": 0.7407398819923401, "Oval_Face": 0.03371114656329155, "Pale_Skin": 0.003162630833685398, "Pointy_Nose": 0.04075831174850464, "Receding_Hairline": 0.001702675479464233, "Rosy_Cheeks": 0.00011960849224124104, "Sideburns": 0.010014700703322887, "Smiling": 0.000688635918777436, "Straight_Hair": 0.039931755512952805, "Wavy_Hair": 0.05941176041960716, "Wearing_Earrings": 0.002468968043103814, "Wearing_Hat": 0.23711924254894257, "Wearing_Lipstick": 5.688431338057853e-05, "Wearing_Necklace": 0.0015285471454262733, "Wearing_Necktie": 0.002872418612241745, "Young": 0.7817311882972717, "df_race": "middle eastern", "df_race_prob": 28.691470623016357, "df_gender": "Man", "df_gender_prob": 99.99659061431885, "df_age": 34, "df_emotion": "neutral", "df_emotion_prob": 55.25265336036682}