{"name": "Carlos_Paternina_0001.jpg", "5_o_Clock_Shadow": 0.015584233216941357, "Arched_Eyebrows": 0.0057576363906264305, "Attractive": 0.1527833491563797, "Bags_Under_Eyes": 0.021603139117360115, "Bald": 0.00016045980737544596, "Bangs": 0.00021288022981025279, "Big_Lips": 0.016776442527770996, "Big_Nose": 0.035872943699359894, "Black_Hair": 0.016869522631168365, "Blond_Hair": 0.006331669166684151, "Blurry": 0.13327382504940033, "Brown_Hair": 0.06729886680841446, "Bushy_Eyebrows": 0.0018735352205112576, "Chubby": 0.000773188890889287, "Double_Chin": 0.00016823514306452125, "Eyeglasses": 0.0007985134143382311, "Goatee": 0.000387812964618206, "Gray_Hair": 0.0013747200137004256, "Heavy_Makeup": 0.00034343142760917544, "High_Cheekbones": 0.025318164378404617, "Male": 0.9474769234657288, "Mouth_Slightly_Open": 0.006820087321102619, "Mustache": 0.0008791654254309833, "Narrow_Eyes": 0.002758192829787731, "No_Beard": 0.9886674284934998, "Oval_Face": 0.2664330303668976, "Pale_Skin": 0.00548317888751626, "Pointy_Nose": 0.012425580993294716, "Receding_Hairline": 0.043432895094156265, "Rosy_Cheeks": 1.748374052112922e-05, "Sideburns": 0.00034602373489178717, "Smiling": 0.0032359291799366474, "Straight_Hair": 0.11066491901874542, "Wavy_Hair": 0.06115520000457764, "Wearing_Earrings": 0.0030483740847557783, "Wearing_Hat": 0.00020282657351344824, "Wearing_Lipstick": 0.0006351788179017603, "Wearing_Necklace": 0.0023593127261847258, "Wearing_Necktie": 0.0006442515295930207, "Young": 0.9855459928512573, "df_race": "asian", "df_race_prob": 22.49588370323181, "df_gender": "Man", "df_gender_prob": 99.95039701461792, "df_age": 26, "df_emotion": "sad", "df_emotion_prob": 70.18887222938969}