{"name": "Carlos_Quintanilla_Schmidt_0002.jpg", "5_o_Clock_Shadow": 0.0034224402625113726, "Arched_Eyebrows": 0.03480149060487747, "Attractive": 0.004058546852320433, "Bags_Under_Eyes": 0.10062798112630844, "Bald": 0.002119451528415084, "Bangs": 0.00010038177424576133, "Big_Lips": 0.00644716527312994, "Big_Nose": 0.07375224679708481, "Black_Hair": 0.014209333807229996, "Blond_Hair": 0.0012573081767186522, "Blurry": 0.096067413687706, "Brown_Hair": 0.005974675063043833, "Bushy_Eyebrows": 0.0995054617524147, "Chubby": 0.00872307363897562, "Double_Chin": 0.015808796510100365, "Eyeglasses": 0.9456368088722229, "Goatee": 0.0004976859781891108, "Gray_Hair": 0.2586531341075897, "Heavy_Makeup": 0.0004617009253706783, "High_Cheekbones": 0.04577132314443588, "Male": 0.9963425993919373, "Mouth_Slightly_Open": 0.66676265001297, "Mustache": 0.0013550828443840146, "Narrow_Eyes": 0.025517866015434265, "No_Beard": 0.9923222661018372, "Oval_Face": 0.12262079119682312, "Pale_Skin": 0.005235855467617512, "Pointy_Nose": 0.08628448098897934, "Receding_Hairline": 0.19230322539806366, "Rosy_Cheeks": 9.906890772981569e-05, "Sideburns": 0.00032458684290759265, "Smiling": 0.03022058866918087, "Straight_Hair": 0.2704010307788849, "Wavy_Hair": 0.0029037955682724714, "Wearing_Earrings": 0.000842218054458499, "Wearing_Hat": 0.0005230886745266616, "Wearing_Lipstick": 0.0005602273158729076, "Wearing_Necklace": 0.0005460096872411668, "Wearing_Necktie": 0.5148366689682007, "Young": 0.01987364888191223, "df_race": "latino hispanic", "df_race_prob": 39.24652934074402, "df_gender": "Man", "df_gender_prob": 99.96429681777954, "df_age": 37, "df_emotion": "neutral", "df_emotion_prob": 97.11496812790442}