{"name": "Carlos_Menem_0013.jpg", "5_o_Clock_Shadow": 0.005755916703492403, "Arched_Eyebrows": 0.004529906436800957, "Attractive": 0.006091080605983734, "Bags_Under_Eyes": 0.4235754609107971, "Bald": 0.24168695509433746, "Bangs": 0.00027324710390530527, "Big_Lips": 0.030259236693382263, "Big_Nose": 0.7807896733283997, "Black_Hair": 0.0036913217045366764, "Blond_Hair": 0.0055876225233078, "Blurry": 0.115494504570961, "Brown_Hair": 0.006903475150465965, "Bushy_Eyebrows": 0.010919041931629181, "Chubby": 0.43955928087234497, "Double_Chin": 0.642781674861908, "Eyeglasses": 0.0059205638244748116, "Goatee": 0.0005268804961815476, "Gray_Hair": 0.3711692988872528, "Heavy_Makeup": 0.00018651488062459975, "High_Cheekbones": 0.30444589257240295, "Male": 0.9968819618225098, "Mouth_Slightly_Open": 0.02974296547472477, "Mustache": 0.0015960793243721128, "Narrow_Eyes": 0.13575269281864166, "No_Beard": 0.993539035320282, "Oval_Face": 0.1353066861629486, "Pale_Skin": 0.05897773429751396, "Pointy_Nose": 0.009831522591412067, "Receding_Hairline": 0.8307440280914307, "Rosy_Cheeks": 0.00026205237372778356, "Sideburns": 0.0010385290952399373, "Smiling": 0.7103874087333679, "Straight_Hair": 0.12771590054035187, "Wavy_Hair": 0.0016400495078414679, "Wearing_Earrings": 0.001106887124478817, "Wearing_Hat": 0.00038999406388029456, "Wearing_Lipstick": 0.0005180310690775514, "Wearing_Necklace": 0.000544306414667517, "Wearing_Necktie": 0.5430118441581726, "Young": 0.011297641322016716, "df_race": "white", "df_race_prob": 73.23501546591612, "df_gender": "Man", "df_gender_prob": 99.74367022514343, "df_age": 51, "df_emotion": "happy", "df_emotion_prob": 85.09679436683655}