{"name": "Carmen_Electra_0002.jpg", "5_o_Clock_Shadow": 0.0008001698297448456, "Arched_Eyebrows": 0.4310903549194336, "Attractive": 0.48987215757369995, "Bags_Under_Eyes": 0.12313827872276306, "Bald": 0.0008598578860983253, "Bangs": 0.0006521424511447549, "Big_Lips": 0.2137056142091751, "Big_Nose": 0.04276585578918457, "Black_Hair": 0.0008776906179264188, "Blond_Hair": 0.5794557929039001, "Blurry": 0.04791901633143425, "Brown_Hair": 0.019765334203839302, "Bushy_Eyebrows": 0.0004426779632922262, "Chubby": 0.004974585957825184, "Double_Chin": 0.0014206513296812773, "Eyeglasses": 0.00023335489095188677, "Goatee": 0.00016763867461122572, "Gray_Hair": 0.0033536062110215425, "Heavy_Makeup": 0.03281164541840553, "High_Cheekbones": 0.8403542637825012, "Male": 0.0009553100098855793, "Mouth_Slightly_Open": 0.012702993117272854, "Mustache": 0.00011852478928631172, "Narrow_Eyes": 0.00790515635162592, "No_Beard": 0.9990293979644775, "Oval_Face": 0.1679956167936325, "Pale_Skin": 0.07076206803321838, "Pointy_Nose": 0.16627712547779083, "Receding_Hairline": 0.14364592730998993, "Rosy_Cheeks": 0.0002060081751551479, "Sideburns": 0.0002856276696547866, "Smiling": 0.8901512026786804, "Straight_Hair": 0.7292667627334595, "Wavy_Hair": 0.0035150207113474607, "Wearing_Earrings": 0.8895339965820312, "Wearing_Hat": 0.00022529836860485375, "Wearing_Lipstick": 0.2384747862815857, "Wearing_Necklace": 0.07552917301654816, "Wearing_Necktie": 0.0004560782399494201, "Young": 0.9328691959381104, "df_race": "white", "df_race_prob": 75.14101266860962, "df_gender": "Woman", "df_gender_prob": 99.99923706054688, "df_age": 30, "df_emotion": "happy", "df_emotion_prob": 99.02673352083367}