{"name": "Carolyn_Dawn_Johnson_0002.jpg", "5_o_Clock_Shadow": 0.0008560828864574432, "Arched_Eyebrows": 0.15451307594776154, "Attractive": 0.3609302341938019, "Bags_Under_Eyes": 0.16666436195373535, "Bald": 0.0007737575215287507, "Bangs": 0.001948720309883356, "Big_Lips": 0.014049009419977665, "Big_Nose": 0.04623374715447426, "Black_Hair": 0.002041569445282221, "Blond_Hair": 0.9337133765220642, "Blurry": 0.11149878054857254, "Brown_Hair": 0.004009319934993982, "Bushy_Eyebrows": 0.00023175690148491412, "Chubby": 0.007721671834588051, "Double_Chin": 0.008901420049369335, "Eyeglasses": 0.0004054508463013917, "Goatee": 0.00022721488494426012, "Gray_Hair": 0.011026390828192234, "Heavy_Makeup": 0.04370484873652458, "High_Cheekbones": 0.9893283247947693, "Male": 0.005365046206861734, "Mouth_Slightly_Open": 0.9972358345985413, "Mustache": 7.371797255473211e-05, "Narrow_Eyes": 0.07496719807386398, "No_Beard": 0.999164342880249, "Oval_Face": 0.4358171820640564, "Pale_Skin": 0.013320915400981903, "Pointy_Nose": 0.0563003309071064, "Receding_Hairline": 0.019204651936888695, "Rosy_Cheeks": 0.0009409331250935793, "Sideburns": 0.00023071606119628996, "Smiling": 0.9989458918571472, "Straight_Hair": 0.7635049223899841, "Wavy_Hair": 0.021322542801499367, "Wearing_Earrings": 0.2648009657859802, "Wearing_Hat": 0.00027288837009109557, "Wearing_Lipstick": 0.1016618013381958, "Wearing_Necklace": 0.23965375125408173, "Wearing_Necktie": 0.00018541303870733827, "Young": 0.6836302280426025, "df_race": "white", "df_race_prob": 99.99983310699463, "df_gender": "Woman", "df_gender_prob": 99.95802044868469, "df_age": 29, "df_emotion": "happy", "df_emotion_prob": 99.99040365219116}