{"name": "Cathy_Chisholm_0001.jpg", "5_o_Clock_Shadow": 0.00140689208637923, "Arched_Eyebrows": 0.020370781421661377, "Attractive": 0.03947100788354874, "Bags_Under_Eyes": 0.1212800145149231, "Bald": 0.0002445580903440714, "Bangs": 0.013572520576417446, "Big_Lips": 0.01676926203072071, "Big_Nose": 0.11870474368333817, "Black_Hair": 0.012569310143589973, "Blond_Hair": 0.02132536470890045, "Blurry": 0.37668341398239136, "Brown_Hair": 0.16554714739322662, "Bushy_Eyebrows": 0.0003230170696042478, "Chubby": 0.036841392517089844, "Double_Chin": 0.020472871139645576, "Eyeglasses": 0.9456446766853333, "Goatee": 0.00033993946271948516, "Gray_Hair": 0.015140281058847904, "Heavy_Makeup": 0.001979900524020195, "High_Cheekbones": 0.8688575625419617, "Male": 0.011863022111356258, "Mouth_Slightly_Open": 0.9959576725959778, "Mustache": 0.0002986204926855862, "Narrow_Eyes": 0.2068442702293396, "No_Beard": 0.9978309273719788, "Oval_Face": 0.4410771429538727, "Pale_Skin": 0.07536277174949646, "Pointy_Nose": 0.013337220065295696, "Receding_Hairline": 0.00354397832415998, "Rosy_Cheeks": 0.00012140635953983292, "Sideburns": 0.0002822272072080523, "Smiling": 0.9971873164176941, "Straight_Hair": 0.5793011784553528, "Wavy_Hair": 0.03687720745801926, "Wearing_Earrings": 0.029190922155976295, "Wearing_Hat": 0.0010330338263884187, "Wearing_Lipstick": 0.007198676932603121, "Wearing_Necklace": 0.022968845441937447, "Wearing_Necktie": 0.0012634533923119307, "Young": 0.27109262347221375, "df_race": "asian", "df_race_prob": 71.5337727625641, "df_gender": "Man", "df_gender_prob": 93.21596026420593, "df_age": 34, "df_emotion": "happy", "df_emotion_prob": 99.86073376408413}