{"name": "Cecilia_Chang_0001.jpg", "5_o_Clock_Shadow": 0.0005862491670995951, "Arched_Eyebrows": 0.05716502666473389, "Attractive": 0.012098299339413643, "Bags_Under_Eyes": 0.0832328349351883, "Bald": 0.00018396094674244523, "Bangs": 0.3793809413909912, "Big_Lips": 0.04947206750512123, "Big_Nose": 0.08612144738435745, "Black_Hair": 0.02156543731689453, "Blond_Hair": 0.008672135882079601, "Blurry": 0.1722058206796646, "Brown_Hair": 0.07327637076377869, "Bushy_Eyebrows": 0.00026573220384307206, "Chubby": 0.03639862686395645, "Double_Chin": 0.008723288774490356, "Eyeglasses": 0.00040450424421578646, "Goatee": 7.977062341524288e-05, "Gray_Hair": 0.010496962815523148, "Heavy_Makeup": 0.004603231325745583, "High_Cheekbones": 0.3334670662879944, "Male": 0.009212516248226166, "Mouth_Slightly_Open": 0.02689986489713192, "Mustache": 0.00036548791103996336, "Narrow_Eyes": 0.004777595400810242, "No_Beard": 0.998568058013916, "Oval_Face": 0.2048376500606537, "Pale_Skin": 0.04273412376642227, "Pointy_Nose": 0.016832157969474792, "Receding_Hairline": 0.001782763167284429, "Rosy_Cheeks": 0.0002957974502351135, "Sideburns": 0.00016228965250775218, "Smiling": 0.04257640987634659, "Straight_Hair": 0.08245641738176346, "Wavy_Hair": 0.12261690199375153, "Wearing_Earrings": 0.013777470216155052, "Wearing_Hat": 0.005729420576244593, "Wearing_Lipstick": 0.03460371121764183, "Wearing_Necklace": 0.021893879398703575, "Wearing_Necktie": 0.0009353141067549586, "Young": 0.15150466561317444, "df_race": "asian", "df_race_prob": 99.95824694633484, "df_gender": "Woman", "df_gender_prob": 83.12506079673767, "df_age": 36, "df_emotion": "sad", "df_emotion_prob": 62.94466257095337}