{"name": "Celine_Dion_0006.jpg", "5_o_Clock_Shadow": 0.0007714200182817876, "Arched_Eyebrows": 0.04391423240303993, "Attractive": 0.4190647304058075, "Bags_Under_Eyes": 0.03928950056433678, "Bald": 0.00010809645755216479, "Bangs": 0.006487024948000908, "Big_Lips": 0.032744720578193665, "Big_Nose": 0.02437315694987774, "Black_Hair": 0.00036876395461149514, "Blond_Hair": 0.6549503803253174, "Blurry": 0.1331813633441925, "Brown_Hair": 0.017221160233020782, "Bushy_Eyebrows": 0.0003401188878342509, "Chubby": 0.005480358377099037, "Double_Chin": 0.0034762611612677574, "Eyeglasses": 7.841381011530757e-05, "Goatee": 6.896125705679879e-05, "Gray_Hair": 0.01946253329515457, "Heavy_Makeup": 0.23308385908603668, "High_Cheekbones": 0.9390124082565308, "Male": 0.01152141485363245, "Mouth_Slightly_Open": 0.8898191452026367, "Mustache": 0.00010539439244894311, "Narrow_Eyes": 0.00534927798435092, "No_Beard": 0.9986316561698914, "Oval_Face": 0.20544973015785217, "Pale_Skin": 0.05329810455441475, "Pointy_Nose": 0.17317916452884674, "Receding_Hairline": 0.002098813885822892, "Rosy_Cheeks": 0.0008070248295553029, "Sideburns": 0.00021480537543538958, "Smiling": 0.9725615382194519, "Straight_Hair": 0.023396475240588188, "Wavy_Hair": 0.4380102753639221, "Wearing_Earrings": 0.6159842610359192, "Wearing_Hat": 0.00013184193812776357, "Wearing_Lipstick": 0.24748937785625458, "Wearing_Necklace": 0.015129883773624897, "Wearing_Necktie": 0.00026288567460142076, "Young": 0.27980518341064453, "df_race": "white", "df_race_prob": 99.98283386025832, "df_gender": "Woman", "df_gender_prob": 99.99982118606567, "df_age": 36, "df_emotion": "happy", "df_emotion_prob": 98.12437891960144}