{"name": "Celine_Dion_0005.jpg", "5_o_Clock_Shadow": 0.0006763434503227472, "Arched_Eyebrows": 0.12619489431381226, "Attractive": 0.296964555978775, "Bags_Under_Eyes": 0.0014907540753483772, "Bald": 0.00017683733312878758, "Bangs": 0.008550512604415417, "Big_Lips": 0.025789042934775352, "Big_Nose": 0.0008620757726021111, "Black_Hair": 0.001743856817483902, "Blond_Hair": 0.8640491366386414, "Blurry": 0.09187889099121094, "Brown_Hair": 0.01324550062417984, "Bushy_Eyebrows": 0.0006086122593842447, "Chubby": 0.0010790264932438731, "Double_Chin": 0.0003005770849995315, "Eyeglasses": 0.00015804980648681521, "Goatee": 0.00028487812960520387, "Gray_Hair": 0.00637411093339324, "Heavy_Makeup": 0.2864830493927002, "High_Cheekbones": 0.19658130407333374, "Male": 0.0009008058113977313, "Mouth_Slightly_Open": 0.5967171788215637, "Mustache": 7.911668944871053e-05, "Narrow_Eyes": 0.31892111897468567, "No_Beard": 0.9990253448486328, "Oval_Face": 0.24446915090084076, "Pale_Skin": 0.03542760759592056, "Pointy_Nose": 0.29091769456863403, "Receding_Hairline": 0.001830472145229578, "Rosy_Cheeks": 0.00039900781121104956, "Sideburns": 0.00036012555938214064, "Smiling": 0.020675329491496086, "Straight_Hair": 0.43068134784698486, "Wavy_Hair": 0.12770792841911316, "Wearing_Earrings": 0.038521237671375275, "Wearing_Hat": 0.00031763321021571755, "Wearing_Lipstick": 0.33663031458854675, "Wearing_Necklace": 0.01653035543859005, "Wearing_Necktie": 0.00012578829773701727, "Young": 0.6419728398323059, "df_race": "white", "df_race_prob": 96.05357050895691, "df_gender": "Woman", "df_gender_prob": 99.98074173927307, "df_age": 39, "df_emotion": "neutral", "df_emotion_prob": 56.96835857441178}