{"name": "Celso_Amorim_0001.jpg", "5_o_Clock_Shadow": 0.017174558714032173, "Arched_Eyebrows": 0.0015440837014466524, "Attractive": 0.0076493993401527405, "Bags_Under_Eyes": 0.06863272935152054, "Bald": 0.0006689793663099408, "Bangs": 0.003927010577172041, "Big_Lips": 0.008283215574920177, "Big_Nose": 0.12665937840938568, "Black_Hair": 0.001526913489215076, "Blond_Hair": 0.0036206478253006935, "Blurry": 0.06641972810029984, "Brown_Hair": 0.019804662093520164, "Bushy_Eyebrows": 0.0018594868015497923, "Chubby": 0.14689171314239502, "Double_Chin": 0.016869276762008667, "Eyeglasses": 0.004431040491908789, "Goatee": 0.03179430961608887, "Gray_Hair": 0.6534935832023621, "Heavy_Makeup": 0.0005801605875603855, "High_Cheekbones": 0.023135697469115257, "Male": 0.9975355863571167, "Mouth_Slightly_Open": 0.0034191112499684095, "Mustache": 0.07778093218803406, "Narrow_Eyes": 0.003172064432874322, "No_Beard": 0.19075141847133636, "Oval_Face": 0.17988251149654388, "Pale_Skin": 0.009866262786090374, "Pointy_Nose": 0.09276767075061798, "Receding_Hairline": 0.0011954745277762413, "Rosy_Cheeks": 0.00021995716087985784, "Sideburns": 0.1214655190706253, "Smiling": 0.00077779870480299, "Straight_Hair": 0.2537969648838043, "Wavy_Hair": 0.06967989355325699, "Wearing_Earrings": 0.0006261025555431843, "Wearing_Hat": 0.0004614265635609627, "Wearing_Lipstick": 0.00022049489780329168, "Wearing_Necklace": 0.0007496668258681893, "Wearing_Necktie": 0.16985225677490234, "Young": 0.0225986260920763, "df_race": "white", "df_race_prob": 98.91514778137207, "df_gender": "Man", "df_gender_prob": 99.97554421424866, "df_age": 51, "df_emotion": "neutral", "df_emotion_prob": 95.63344120979309}