{"name": "Chang_Dae-whan_0001.jpg", "5_o_Clock_Shadow": 0.0060442672111094, "Arched_Eyebrows": 0.0027483643498271704, "Attractive": 0.021358495578169823, "Bags_Under_Eyes": 0.1338653415441513, "Bald": 0.004897370468825102, "Bangs": 0.00016390529344789684, "Big_Lips": 0.002498746383935213, "Big_Nose": 0.055548351258039474, "Black_Hair": 0.12670737504959106, "Blond_Hair": 0.0031963230576366186, "Blurry": 0.042285025119781494, "Brown_Hair": 0.01620231755077839, "Bushy_Eyebrows": 0.0008350686985068023, "Chubby": 0.04512924328446388, "Double_Chin": 0.016234012320637703, "Eyeglasses": 0.005562310107052326, "Goatee": 0.0009634408634155989, "Gray_Hair": 0.08265183120965958, "Heavy_Makeup": 0.00022050835832487792, "High_Cheekbones": 0.029531342908740044, "Male": 0.9974059462547302, "Mouth_Slightly_Open": 0.007678756024688482, "Mustache": 0.001084166462533176, "Narrow_Eyes": 0.13518023490905762, "No_Beard": 0.9927164912223816, "Oval_Face": 0.1651451140642166, "Pale_Skin": 0.14493881165981293, "Pointy_Nose": 0.019818663597106934, "Receding_Hairline": 0.18987791240215302, "Rosy_Cheeks": 0.00013815249258186668, "Sideburns": 0.000972389243543148, "Smiling": 0.005746722221374512, "Straight_Hair": 0.6085742115974426, "Wavy_Hair": 0.0013017036253586411, "Wearing_Earrings": 0.0006168069667182863, "Wearing_Hat": 0.0009889445500448346, "Wearing_Lipstick": 0.00017542530258651823, "Wearing_Necklace": 0.0002098992990795523, "Wearing_Necktie": 0.8520208597183228, "Young": 0.0272622499614954, "df_race": "asian", "df_race_prob": 99.99935626983643, "df_gender": "Man", "df_gender_prob": 99.97766613960266, "df_age": 43, "df_emotion": "neutral", "df_emotion_prob": 90.64410328865051}