{"name": "Charles_Taylor_0002.jpg", "5_o_Clock_Shadow": 0.2936059534549713, "Arched_Eyebrows": 0.001968306489288807, "Attractive": 0.003708075499162078, "Bags_Under_Eyes": 0.11924103647470474, "Bald": 0.03927695006132126, "Bangs": 8.731986599741504e-05, "Big_Lips": 0.5347427725791931, "Big_Nose": 0.9425893425941467, "Black_Hair": 0.027060512453317642, "Blond_Hair": 0.0016574559267610312, "Blurry": 0.019754022359848022, "Brown_Hair": 0.00028584233950823545, "Bushy_Eyebrows": 0.0008381713996641338, "Chubby": 0.48653653264045715, "Double_Chin": 0.13213476538658142, "Eyeglasses": 0.0028396632988005877, "Goatee": 0.16259536147117615, "Gray_Hair": 0.058011770248413086, "Heavy_Makeup": 7.802066102158278e-05, "High_Cheekbones": 0.3256482183933258, "Male": 0.999887228012085, "Mouth_Slightly_Open": 0.11908407509326935, "Mustache": 0.06724154949188232, "Narrow_Eyes": 0.0012673191959038377, "No_Beard": 0.11143338680267334, "Oval_Face": 0.4971030354499817, "Pale_Skin": 0.005080504342913628, "Pointy_Nose": 0.0017389379208907485, "Receding_Hairline": 0.41949549317359924, "Rosy_Cheeks": 7.062700751703233e-05, "Sideburns": 0.025685260072350502, "Smiling": 0.005182253662496805, "Straight_Hair": 0.005168106406927109, "Wavy_Hair": 0.0006363509455695748, "Wearing_Earrings": 0.0029278744477778673, "Wearing_Hat": 0.00039469171315431595, "Wearing_Lipstick": 0.00014747098612133414, "Wearing_Necklace": 0.0008466165163554251, "Wearing_Necktie": 0.005484822206199169, "Young": 0.220978245139122, "df_race": "black", "df_race_prob": 100.0, "df_gender": "Man", "df_gender_prob": 99.99104738235474, "df_age": 46, "df_emotion": "neutral", "df_emotion_prob": 99.80428813721467}