{"name": "Charles_Schumer_0002.jpg", "5_o_Clock_Shadow": 0.007778669707477093, "Arched_Eyebrows": 0.0009964600903913379, "Attractive": 0.003658803179860115, "Bags_Under_Eyes": 0.17415262758731842, "Bald": 0.004756511189043522, "Bangs": 0.0003847605548799038, "Big_Lips": 0.017696283757686615, "Big_Nose": 0.22749383747577667, "Black_Hair": 0.0005656114662997425, "Blond_Hair": 0.005756511352956295, "Blurry": 0.5958408713340759, "Brown_Hair": 0.0027530575171113014, "Bushy_Eyebrows": 0.0002957729157060385, "Chubby": 0.11665207892656326, "Double_Chin": 0.05753997340798378, "Eyeglasses": 0.008502555079758167, "Goatee": 0.00041365448851138353, "Gray_Hair": 0.0683700442314148, "Heavy_Makeup": 6.708482396788895e-05, "High_Cheekbones": 0.02740231715142727, "Male": 0.9900354743003845, "Mouth_Slightly_Open": 0.0070302956737577915, "Mustache": 0.0017944690771400928, "Narrow_Eyes": 0.06452170759439468, "No_Beard": 0.9812337160110474, "Oval_Face": 0.07085604220628738, "Pale_Skin": 0.0430612675845623, "Pointy_Nose": 0.015764402225613594, "Receding_Hairline": 0.019323792308568954, "Rosy_Cheeks": 5.136970867170021e-05, "Sideburns": 0.0012450022622942924, "Smiling": 0.004721361678093672, "Straight_Hair": 0.016079138964414597, "Wavy_Hair": 0.002822456881403923, "Wearing_Earrings": 0.0012498409487307072, "Wearing_Hat": 0.46323972940444946, "Wearing_Lipstick": 0.00010765576735138893, "Wearing_Necklace": 0.0005279643228277564, "Wearing_Necktie": 0.28206369280815125, "Young": 0.029122687876224518, "df_race": "white", "df_race_prob": 37.34169006347656, "df_gender": "Man", "df_gender_prob": 99.97208714485168, "df_age": 33, "df_emotion": "neutral", "df_emotion_prob": 98.75461459159851}