{"name": "Charles_Taylor_0007.jpg", "5_o_Clock_Shadow": 0.1924622505903244, "Arched_Eyebrows": 0.0038833199068903923, "Attractive": 0.002063143067061901, "Bags_Under_Eyes": 0.06929939240217209, "Bald": 0.5901994705200195, "Bangs": 0.0001908512058435008, "Big_Lips": 0.7017701268196106, "Big_Nose": 0.7316105961799622, "Black_Hair": 0.01691400818526745, "Blond_Hair": 0.0012227824190631509, "Blurry": 0.024373803287744522, "Brown_Hair": 0.0001313390239374712, "Bushy_Eyebrows": 0.0027109344955533743, "Chubby": 0.6034665703773499, "Double_Chin": 0.19309386610984802, "Eyeglasses": 0.0017461144598200917, "Goatee": 0.04595775157213211, "Gray_Hair": 0.015554042533040047, "Heavy_Makeup": 0.0001843792269937694, "High_Cheekbones": 0.14706531167030334, "Male": 0.9999127388000488, "Mouth_Slightly_Open": 0.7897434830665588, "Mustache": 0.11606275290250778, "Narrow_Eyes": 0.0045595597475767136, "No_Beard": 0.14646899700164795, "Oval_Face": 0.6371069550514221, "Pale_Skin": 0.004468263126909733, "Pointy_Nose": 0.003344430821016431, "Receding_Hairline": 0.18956711888313293, "Rosy_Cheeks": 7.442382047884166e-05, "Sideburns": 0.013503947295248508, "Smiling": 0.013710721395909786, "Straight_Hair": 0.0013881418853998184, "Wavy_Hair": 0.000527651165612042, "Wearing_Earrings": 0.0043851169757544994, "Wearing_Hat": 0.001090073143132031, "Wearing_Lipstick": 0.0005579576827585697, "Wearing_Necklace": 0.0016904909862205386, "Wearing_Necktie": 0.005748352035880089, "Young": 0.4242976903915405, "df_race": "black", "df_race_prob": 99.9996364116452, "df_gender": "Man", "df_gender_prob": 99.9804437160492, "df_age": 37, "df_emotion": "fear", "df_emotion_prob": 58.747392892837524}