{"name": "Charles_Pouty_0001.jpg", "5_o_Clock_Shadow": 0.005570542998611927, "Arched_Eyebrows": 0.0004188122402410954, "Attractive": 0.0026234625838696957, "Bags_Under_Eyes": 0.03459839150309563, "Bald": 0.0013360725715756416, "Bangs": 0.01773648150265217, "Big_Lips": 0.013898476026952267, "Big_Nose": 0.1489768624305725, "Black_Hair": 0.004807767458260059, "Blond_Hair": 0.01025240495800972, "Blurry": 0.14186464250087738, "Brown_Hair": 0.010290320962667465, "Bushy_Eyebrows": 0.004961114842444658, "Chubby": 0.040232133120298386, "Double_Chin": 0.04633212834596634, "Eyeglasses": 0.9369637966156006, "Goatee": 0.00034225196577608585, "Gray_Hair": 0.5420215725898743, "Heavy_Makeup": 0.0005598581628873944, "High_Cheekbones": 0.037997130304574966, "Male": 0.9944478273391724, "Mouth_Slightly_Open": 0.12618829309940338, "Mustache": 0.0020385640673339367, "Narrow_Eyes": 0.0043554762378335, "No_Beard": 0.9947378039360046, "Oval_Face": 0.17341415584087372, "Pale_Skin": 0.009060883894562721, "Pointy_Nose": 0.02323584072291851, "Receding_Hairline": 0.0015110026579350233, "Rosy_Cheeks": 0.00011327594984322786, "Sideburns": 0.0010044125374406576, "Smiling": 0.00433376245200634, "Straight_Hair": 0.8682144284248352, "Wavy_Hair": 0.0020382010843604803, "Wearing_Earrings": 0.0006503539625555277, "Wearing_Hat": 0.0014207635540515184, "Wearing_Lipstick": 0.0004615706275217235, "Wearing_Necklace": 0.0007000503246672451, "Wearing_Necktie": 0.7324686050415039, "Young": 0.012401859275996685, "df_race": "middle eastern", "df_race_prob": 43.552812933921814, "df_gender": "Man", "df_gender_prob": 99.928879737854, "df_age": 47, "df_emotion": "fear", "df_emotion_prob": 48.493415117263794}