{"name": "Charlton_Heston_0005.jpg", "5_o_Clock_Shadow": 0.0406687892973423, "Arched_Eyebrows": 0.0003527878725435585, "Attractive": 0.005052164196968079, "Bags_Under_Eyes": 0.5206674337387085, "Bald": 0.015637556090950966, "Bangs": 0.003048419253900647, "Big_Lips": 0.03139655292034149, "Big_Nose": 0.4722367525100708, "Black_Hair": 0.0018940567970275879, "Blond_Hair": 0.015372968278825283, "Blurry": 0.06410151720046997, "Brown_Hair": 0.0007816219003871083, "Bushy_Eyebrows": 0.008628793992102146, "Chubby": 0.04613974690437317, "Double_Chin": 0.0543639212846756, "Eyeglasses": 0.013106818310916424, "Goatee": 0.001301766256801784, "Gray_Hair": 0.9434899687767029, "Heavy_Makeup": 8.997125405585393e-05, "High_Cheekbones": 0.01914440095424652, "Male": 0.9995593428611755, "Mouth_Slightly_Open": 0.0017466030549257994, "Mustache": 0.011337780393660069, "Narrow_Eyes": 0.129645437002182, "No_Beard": 0.9612659811973572, "Oval_Face": 0.009939308278262615, "Pale_Skin": 0.16618597507476807, "Pointy_Nose": 0.08638046681880951, "Receding_Hairline": 0.08996632695198059, "Rosy_Cheeks": 0.0001920710492413491, "Sideburns": 0.00962121319025755, "Smiling": 0.0006401565042324364, "Straight_Hair": 0.44108662009239197, "Wavy_Hair": 0.008572187274694443, "Wearing_Earrings": 0.0005899160169064999, "Wearing_Hat": 0.0006824209121987224, "Wearing_Lipstick": 0.00015382531273644418, "Wearing_Necklace": 0.0003736996150109917, "Wearing_Necktie": 0.8611302375793457, "Young": 0.0015263705281540751, "df_race": "white", "df_race_prob": 98.99889242662282, "df_gender": "Man", "df_gender_prob": 99.99405145645142, "df_age": 52, "df_emotion": "sad", "df_emotion_prob": 34.780481457710266}