{"name": "Charlie_Zaa_0002.jpg", "5_o_Clock_Shadow": 0.005783423315733671, "Arched_Eyebrows": 0.012638842687010765, "Attractive": 0.03578712046146393, "Bags_Under_Eyes": 0.06332548707723618, "Bald": 0.0021197593305259943, "Bangs": 0.00025332876248285174, "Big_Lips": 0.029704932123422623, "Big_Nose": 0.12459499388933182, "Black_Hair": 0.035298243165016174, "Blond_Hair": 0.010709741152822971, "Blurry": 0.12237107753753662, "Brown_Hair": 0.02972363866865635, "Bushy_Eyebrows": 0.0005670967511832714, "Chubby": 0.05566827207803726, "Double_Chin": 0.029176386073231697, "Eyeglasses": 0.9845788478851318, "Goatee": 0.00048506472376175225, "Gray_Hair": 0.017018724232912064, "Heavy_Makeup": 0.00031933479476720095, "High_Cheekbones": 0.5664137005805969, "Male": 0.9885618686676025, "Mouth_Slightly_Open": 0.9994010925292969, "Mustache": 0.00153192481957376, "Narrow_Eyes": 0.006951329298317432, "No_Beard": 0.9906030893325806, "Oval_Face": 0.29247215390205383, "Pale_Skin": 0.0071599846705794334, "Pointy_Nose": 0.010865454562008381, "Receding_Hairline": 0.19278958439826965, "Rosy_Cheeks": 7.545133121311665e-05, "Sideburns": 0.00020124559523537755, "Smiling": 0.9911575317382812, "Straight_Hair": 0.7918259501457214, "Wavy_Hair": 0.0026743768248707056, "Wearing_Earrings": 0.0029033636674284935, "Wearing_Hat": 0.00015637610340490937, "Wearing_Lipstick": 0.001966803800314665, "Wearing_Necklace": 0.003544094506651163, "Wearing_Necktie": 0.012790843844413757, "Young": 0.47644364833831787, "df_race": "asian", "df_race_prob": 41.343337297439575, "df_gender": "Man", "df_gender_prob": 97.59734272956848, "df_age": 39, "df_emotion": "happy", "df_emotion_prob": 99.98533725738525}