{"name": "Charles_Moose_0007.jpg", "5_o_Clock_Shadow": 0.016567545011639595, "Arched_Eyebrows": 0.0022598032373934984, "Attractive": 0.004359731916338205, "Bags_Under_Eyes": 0.10131945461034775, "Bald": 0.002615740755572915, "Bangs": 0.00048708810936659575, "Big_Lips": 0.19543404877185822, "Big_Nose": 0.5940502882003784, "Black_Hair": 0.15823589265346527, "Blond_Hair": 0.0023150083143264055, "Blurry": 0.2368471771478653, "Brown_Hair": 0.003192730713635683, "Bushy_Eyebrows": 0.000672336493153125, "Chubby": 0.5338087677955627, "Double_Chin": 0.11152152717113495, "Eyeglasses": 0.00316251371987164, "Goatee": 0.0007528680143877864, "Gray_Hair": 0.004209938924759626, "Heavy_Makeup": 8.069123578025028e-05, "High_Cheekbones": 0.15625299513339996, "Male": 0.9924798011779785, "Mouth_Slightly_Open": 0.6915807723999023, "Mustache": 0.004379563964903355, "Narrow_Eyes": 0.7856196761131287, "No_Beard": 0.9596770405769348, "Oval_Face": 0.1654958873987198, "Pale_Skin": 0.009162083268165588, "Pointy_Nose": 0.0024359538219869137, "Receding_Hairline": 0.07467661052942276, "Rosy_Cheeks": 8.873535989550874e-05, "Sideburns": 0.0008231185493059456, "Smiling": 0.025430571287870407, "Straight_Hair": 0.1272081583738327, "Wavy_Hair": 0.0033098168205469847, "Wearing_Earrings": 0.0021041887812316418, "Wearing_Hat": 0.0006220825598575175, "Wearing_Lipstick": 0.00020531832706183195, "Wearing_Necklace": 0.0011045180726796389, "Wearing_Necktie": 0.049497947096824646, "Young": 0.3692736029624939, "df_race": "black", "df_race_prob": 99.99729990943074, "df_gender": "Man", "df_gender_prob": 99.95253086090088, "df_age": 34, "df_emotion": "neutral", "df_emotion_prob": 40.36461412906647}