{"name": "Cho_Myung-kyun_0001.jpg", "5_o_Clock_Shadow": 0.004102940205484629, "Arched_Eyebrows": 0.02073139138519764, "Attractive": 0.010346884839236736, "Bags_Under_Eyes": 0.018993856385350227, "Bald": 0.0011149202473461628, "Bangs": 0.000423679273808375, "Big_Lips": 0.014156445860862732, "Big_Nose": 0.04902968555688858, "Black_Hair": 0.7554270625114441, "Blond_Hair": 0.0012834942899644375, "Blurry": 0.049262676388025284, "Brown_Hair": 0.003035272704437375, "Bushy_Eyebrows": 0.1537240594625473, "Chubby": 0.07546327263116837, "Double_Chin": 0.024509495124220848, "Eyeglasses": 0.9917920827865601, "Goatee": 0.000447885220637545, "Gray_Hair": 0.01586269587278366, "Heavy_Makeup": 0.0007226479356177151, "High_Cheekbones": 0.09619928896427155, "Male": 0.9958034157752991, "Mouth_Slightly_Open": 0.15180251002311707, "Mustache": 0.00273955543525517, "Narrow_Eyes": 0.0771978572010994, "No_Beard": 0.9961357116699219, "Oval_Face": 0.24892762303352356, "Pale_Skin": 0.00866319052875042, "Pointy_Nose": 0.002884884597733617, "Receding_Hairline": 0.01352967880666256, "Rosy_Cheeks": 0.00013122234668117017, "Sideburns": 0.00025807679048739374, "Smiling": 0.03577408939599991, "Straight_Hair": 0.9035763740539551, "Wavy_Hair": 0.0021054637618362904, "Wearing_Earrings": 0.0005267895758152008, "Wearing_Hat": 0.0017008325085043907, "Wearing_Lipstick": 0.0011534936493262649, "Wearing_Necklace": 0.0005723523790948093, "Wearing_Necktie": 0.6743057370185852, "Young": 0.21615462005138397, "df_race": "asian", "df_race_prob": 91.57026410102844, "df_gender": "Man", "df_gender_prob": 99.99696016311646, "df_age": 41, "df_emotion": "neutral", "df_emotion_prob": 60.70124868758015}