{"name": "Chris_Bell_0001.jpg", "5_o_Clock_Shadow": 0.04389586299657822, "Arched_Eyebrows": 0.0003454918914940208, "Attractive": 0.015015565790235996, "Bags_Under_Eyes": 0.09754011780023575, "Bald": 0.008030888624489307, "Bangs": 0.00041932877502404153, "Big_Lips": 0.004676186479628086, "Big_Nose": 0.03695441782474518, "Black_Hair": 0.00392195163294673, "Blond_Hair": 0.02490270510315895, "Blurry": 0.1344941258430481, "Brown_Hair": 0.0013580943923443556, "Bushy_Eyebrows": 0.0005042869597673416, "Chubby": 0.020555004477500916, "Double_Chin": 0.018426422029733658, "Eyeglasses": 0.001836696406826377, "Goatee": 0.0011078850366175175, "Gray_Hair": 0.5022521615028381, "Heavy_Makeup": 0.00020558178948704153, "High_Cheekbones": 0.047742292284965515, "Male": 0.9995447993278503, "Mouth_Slightly_Open": 0.3262799382209778, "Mustache": 0.0009325488936156034, "Narrow_Eyes": 0.021390067413449287, "No_Beard": 0.9765868782997131, "Oval_Face": 0.14556896686553955, "Pale_Skin": 0.023923518136143684, "Pointy_Nose": 0.042679693549871445, "Receding_Hairline": 0.06862122565507889, "Rosy_Cheeks": 6.804249278502539e-05, "Sideburns": 0.005445670802146196, "Smiling": 0.01007105316966772, "Straight_Hair": 0.6819316744804382, "Wavy_Hair": 0.0004818230518139899, "Wearing_Earrings": 0.0005047033191658556, "Wearing_Hat": 0.001120415166951716, "Wearing_Lipstick": 8.41551081975922e-05, "Wearing_Necklace": 0.00025390207883901894, "Wearing_Necktie": 0.29824960231781006, "Young": 0.09034125506877899, "df_race": "white", "df_race_prob": 99.99979734423192, "df_gender": "Man", "df_gender_prob": 99.97386336326599, "df_age": 33, "df_emotion": "sad", "df_emotion_prob": 82.42571949958801}