{"name": "Christian_Gimenez_0001.jpg", "5_o_Clock_Shadow": 0.09379900991916656, "Arched_Eyebrows": 0.000855039048474282, "Attractive": 0.008859091438353062, "Bags_Under_Eyes": 0.02722201496362686, "Bald": 0.01641847938299179, "Bangs": 0.00015778327360749245, "Big_Lips": 0.04687286540865898, "Big_Nose": 0.09699229151010513, "Black_Hair": 0.024832449853420258, "Blond_Hair": 0.002458419883623719, "Blurry": 0.1881680190563202, "Brown_Hair": 0.010659814812242985, "Bushy_Eyebrows": 0.012494735419750214, "Chubby": 0.007105138618499041, "Double_Chin": 0.0019644147250801325, "Eyeglasses": 0.0011589603964239359, "Goatee": 0.002231968566775322, "Gray_Hair": 0.0013041942147538066, "Heavy_Makeup": 0.00016320009308401495, "High_Cheekbones": 0.22629234194755554, "Male": 0.9986168146133423, "Mouth_Slightly_Open": 0.9672269821166992, "Mustache": 0.0013607486616820097, "Narrow_Eyes": 0.010421632789075375, "No_Beard": 0.9081052541732788, "Oval_Face": 0.06470970809459686, "Pale_Skin": 0.0014690139796584845, "Pointy_Nose": 0.014330820180475712, "Receding_Hairline": 0.06247749179601669, "Rosy_Cheeks": 2.95291993097635e-05, "Sideburns": 0.0024825672153383493, "Smiling": 0.05564069375395775, "Straight_Hair": 0.02530713751912117, "Wavy_Hair": 0.004485683515667915, "Wearing_Earrings": 0.0690348744392395, "Wearing_Hat": 0.0024706139229238033, "Wearing_Lipstick": 0.0002483389980625361, "Wearing_Necklace": 0.0016691596247255802, "Wearing_Necktie": 0.0011307606473565102, "Young": 0.9193406105041504, "df_race": "white", "df_race_prob": 47.32394218444824, "df_gender": "Man", "df_gender_prob": 99.97575879096985, "df_age": 33, "df_emotion": "fear", "df_emotion_prob": 51.54919624328613}