{"name": "Chris_Cooper_0002.jpg", "5_o_Clock_Shadow": 0.006468737963587046, "Arched_Eyebrows": 0.0024647144600749016, "Attractive": 0.014396274462342262, "Bags_Under_Eyes": 0.09680232405662537, "Bald": 0.21017704904079437, "Bangs": 0.0002298700128449127, "Big_Lips": 0.0060581909492611885, "Big_Nose": 0.1819264441728592, "Black_Hair": 0.003146550850942731, "Blond_Hair": 0.01598595269024372, "Blurry": 0.07518935203552246, "Brown_Hair": 0.004028048366308212, "Bushy_Eyebrows": 4.838978566112928e-05, "Chubby": 0.04512286186218262, "Double_Chin": 0.034958407282829285, "Eyeglasses": 0.004592433571815491, "Goatee": 0.0020974602084606886, "Gray_Hair": 0.28922271728515625, "Heavy_Makeup": 0.00039847640437074006, "High_Cheekbones": 0.021268721669912338, "Male": 0.9962627291679382, "Mouth_Slightly_Open": 0.0016208314336836338, "Mustache": 0.0015969655942171812, "Narrow_Eyes": 0.18375247716903687, "No_Beard": 0.9847791790962219, "Oval_Face": 0.12367483973503113, "Pale_Skin": 0.13650396466255188, "Pointy_Nose": 0.05869239196181297, "Receding_Hairline": 0.8566967844963074, "Rosy_Cheeks": 0.0002462948323227465, "Sideburns": 0.0017347265966236591, "Smiling": 0.0051734265871346, "Straight_Hair": 0.09257780015468597, "Wavy_Hair": 0.0010754475370049477, "Wearing_Earrings": 0.0013020687038078904, "Wearing_Hat": 0.0003780694678425789, "Wearing_Lipstick": 0.00041440478526055813, "Wearing_Necklace": 0.0004149878805037588, "Wearing_Necktie": 0.5314052700996399, "Young": 0.04737715423107147, "df_race": "white", "df_race_prob": 77.82754898071289, "df_gender": "Man", "df_gender_prob": 99.90457892417908, "df_age": 47, "df_emotion": "sad", "df_emotion_prob": 55.396294593811035}