{"name": "Christopher_Walken_0001.jpg", "5_o_Clock_Shadow": 0.010859936475753784, "Arched_Eyebrows": 0.000910537492018193, "Attractive": 0.04877524450421333, "Bags_Under_Eyes": 0.17592750489711761, "Bald": 0.00880526378750801, "Bangs": 0.0002925681183114648, "Big_Lips": 0.00368902157060802, "Big_Nose": 0.09040135890245438, "Black_Hair": 0.004830977879464626, "Blond_Hair": 0.01444614864885807, "Blurry": 0.11350834369659424, "Brown_Hair": 0.051412489265203476, "Bushy_Eyebrows": 0.00026163869188167155, "Chubby": 0.029584761708974838, "Double_Chin": 0.02131991647183895, "Eyeglasses": 0.003111258614808321, "Goatee": 0.0008384030079469085, "Gray_Hair": 0.22888849675655365, "Heavy_Makeup": 0.0002066909073619172, "High_Cheekbones": 0.02036372199654579, "Male": 0.9994478821754456, "Mouth_Slightly_Open": 0.007887683808803558, "Mustache": 0.0012185204541310668, "Narrow_Eyes": 0.08535006642341614, "No_Beard": 0.9907804131507874, "Oval_Face": 0.13674861192703247, "Pale_Skin": 0.07489573955535889, "Pointy_Nose": 0.07622796297073364, "Receding_Hairline": 0.5173208713531494, "Rosy_Cheeks": 0.00019692048954311758, "Sideburns": 0.0010213240748271346, "Smiling": 0.006325896829366684, "Straight_Hair": 0.48777851462364197, "Wavy_Hair": 0.007343685254454613, "Wearing_Earrings": 0.00041703859460540116, "Wearing_Hat": 0.0001905320823425427, "Wearing_Lipstick": 0.00015009779599495232, "Wearing_Necklace": 0.0002290397824253887, "Wearing_Necktie": 0.9031423330307007, "Young": 0.09729396551847458, "df_race": "white", "df_race_prob": 55.3209662437439, "df_gender": "Man", "df_gender_prob": 99.90828037261963, "df_age": 42, "df_emotion": "neutral", "df_emotion_prob": 72.89988994598389}