{"name": "Chris_Rock_0001.jpg", "5_o_Clock_Shadow": 0.05477182939648628, "Arched_Eyebrows": 0.21772947907447815, "Attractive": 0.011304146610200405, "Bags_Under_Eyes": 0.03389156982302666, "Bald": 0.0065328339114785194, "Bangs": 0.00013808674702886492, "Big_Lips": 0.9782081246376038, "Big_Nose": 0.8130122423171997, "Black_Hair": 0.36308377981185913, "Blond_Hair": 0.0020611814688891172, "Blurry": 0.06162923201918602, "Brown_Hair": 0.0013575725024566054, "Bushy_Eyebrows": 0.15915638208389282, "Chubby": 0.2333059310913086, "Double_Chin": 0.017651794478297234, "Eyeglasses": 0.0025266066659241915, "Goatee": 0.6817732453346252, "Gray_Hair": 0.0018250455614179373, "Heavy_Makeup": 0.0006199051276780665, "High_Cheekbones": 0.13875271379947662, "Male": 0.9989984631538391, "Mouth_Slightly_Open": 0.1486080437898636, "Mustache": 0.4140547215938568, "Narrow_Eyes": 0.0015326119028031826, "No_Beard": 0.03144623339176178, "Oval_Face": 0.5439446568489075, "Pale_Skin": 0.007635613903403282, "Pointy_Nose": 0.0011132832150906324, "Receding_Hairline": 0.32731664180755615, "Rosy_Cheeks": 3.749894676730037e-05, "Sideburns": 0.018003614619374275, "Smiling": 0.010545238852500916, "Straight_Hair": 0.004754825495183468, "Wavy_Hair": 0.004594871308654547, "Wearing_Earrings": 0.03102782741189003, "Wearing_Hat": 0.0010434371652081609, "Wearing_Lipstick": 0.0015476797707378864, "Wearing_Necklace": 0.004030469339340925, "Wearing_Necktie": 0.002334191696718335, "Young": 0.9220231175422668, "df_race": "black", "df_race_prob": 99.99991655349731, "df_gender": "Man", "df_gender_prob": 99.98904466629028, "df_age": 24, "df_emotion": "neutral", "df_emotion_prob": 99.98931884638296}