{"name": "Cindy_Taylor_0001.jpg", "5_o_Clock_Shadow": 0.00026074147899635136, "Arched_Eyebrows": 0.2957755923271179, "Attractive": 0.8979372382164001, "Bags_Under_Eyes": 0.0009003801387734711, "Bald": 8.79935032571666e-05, "Bangs": 0.0004866891831625253, "Big_Lips": 0.05657338351011276, "Big_Nose": 0.0016566606936976314, "Black_Hair": 0.0009110351675190032, "Blond_Hair": 0.8640204668045044, "Blurry": 0.03833405673503876, "Brown_Hair": 0.008425744250416756, "Bushy_Eyebrows": 0.0004157487128395587, "Chubby": 0.0004829841200262308, "Double_Chin": 0.00020399979257490486, "Eyeglasses": 8.572889055358246e-05, "Goatee": 0.00010329539509257302, "Gray_Hair": 0.0016725222812965512, "Heavy_Makeup": 0.7272881269454956, "High_Cheekbones": 0.8021324276924133, "Male": 0.00013120021321810782, "Mouth_Slightly_Open": 0.9261383414268494, "Mustache": 6.434341048588976e-05, "Narrow_Eyes": 0.0018613418797031045, "No_Beard": 0.9991313815116882, "Oval_Face": 0.4641088545322418, "Pale_Skin": 0.12019677460193634, "Pointy_Nose": 0.07879524677991867, "Receding_Hairline": 0.007353037595748901, "Rosy_Cheeks": 0.0024739112704992294, "Sideburns": 0.00011707407975336537, "Smiling": 0.9468322396278381, "Straight_Hair": 0.15247167646884918, "Wavy_Hair": 0.2509864568710327, "Wearing_Earrings": 0.11201328784227371, "Wearing_Hat": 0.00017859268700703979, "Wearing_Lipstick": 0.9452550411224365, "Wearing_Necklace": 0.038754213601350784, "Wearing_Necktie": 4.577787694870494e-05, "Young": 0.9615886211395264, "df_race": "white", "df_race_prob": 72.94743061065674, "df_gender": "Woman", "df_gender_prob": 89.09252882003784, "df_age": 37, "df_emotion": "fear", "df_emotion_prob": 88.61614465713501}