{"name": "Ciro_Gomes_0001.jpg", "5_o_Clock_Shadow": 0.002815967658534646, "Arched_Eyebrows": 0.0008435681811533868, "Attractive": 0.006227673031389713, "Bags_Under_Eyes": 0.13400574028491974, "Bald": 0.05421625077724457, "Bangs": 0.0004071900330018252, "Big_Lips": 0.0041313557885587215, "Big_Nose": 0.03480703383684158, "Black_Hair": 0.0022474643774330616, "Blond_Hair": 0.010633495636284351, "Blurry": 0.06470463424921036, "Brown_Hair": 0.010325847193598747, "Bushy_Eyebrows": 0.0006549190729856491, "Chubby": 0.013090156950056553, "Double_Chin": 0.009858040139079094, "Eyeglasses": 0.004688597749918699, "Goatee": 0.0002857848012354225, "Gray_Hair": 0.15199102461338043, "Heavy_Makeup": 0.0004431502311490476, "High_Cheekbones": 0.022298578172922134, "Male": 0.9980630278587341, "Mouth_Slightly_Open": 0.11571438610553741, "Mustache": 0.0005086527671664953, "Narrow_Eyes": 0.02439029887318611, "No_Beard": 0.9969044327735901, "Oval_Face": 0.25797349214553833, "Pale_Skin": 0.008348559029400349, "Pointy_Nose": 0.05360889434814453, "Receding_Hairline": 0.5034868717193604, "Rosy_Cheeks": 0.00010728273628046736, "Sideburns": 0.000638459634501487, "Smiling": 0.0015698038041591644, "Straight_Hair": 0.17258591949939728, "Wavy_Hair": 0.0019027177477255464, "Wearing_Earrings": 0.0003108901728410274, "Wearing_Hat": 9.56069998210296e-05, "Wearing_Lipstick": 0.00033427475136704743, "Wearing_Necklace": 0.00016631891776341945, "Wearing_Necktie": 0.5269662141799927, "Young": 0.029424335807561874, "df_race": "asian", "df_race_prob": 37.60509788990021, "df_gender": "Man", "df_gender_prob": 99.92499947547913, "df_age": 35, "df_emotion": "angry", "df_emotion_prob": 86.7651514270992}