{"name": "Claudia_Pechstein_0001.jpg", "5_o_Clock_Shadow": 0.004053113516420126, "Arched_Eyebrows": 0.0055726938880980015, "Attractive": 0.18148435652256012, "Bags_Under_Eyes": 0.2933589220046997, "Bald": 0.000211938691791147, "Bangs": 0.005994701292365789, "Big_Lips": 0.018419330939650536, "Big_Nose": 0.1384177953004837, "Black_Hair": 0.006231782026588917, "Blond_Hair": 0.0054999468848109245, "Blurry": 0.18789519369602203, "Brown_Hair": 0.01928217150270939, "Bushy_Eyebrows": 0.0002532753860577941, "Chubby": 0.014198063872754574, "Double_Chin": 0.0029782152269035578, "Eyeglasses": 0.0005623581819236279, "Goatee": 0.0004475826572161168, "Gray_Hair": 0.0005284116487018764, "Heavy_Makeup": 0.0016574180917814374, "High_Cheekbones": 0.9406002759933472, "Male": 0.10742227733135223, "Mouth_Slightly_Open": 0.9969092011451721, "Mustache": 0.00029131118208169937, "Narrow_Eyes": 0.3530970811843872, "No_Beard": 0.9955457448959351, "Oval_Face": 0.4587857723236084, "Pale_Skin": 0.017570503056049347, "Pointy_Nose": 0.004782889969646931, "Receding_Hairline": 0.002171420492231846, "Rosy_Cheeks": 0.00011106607416877523, "Sideburns": 0.0006282274844124913, "Smiling": 0.9993146657943726, "Straight_Hair": 0.02754559926688671, "Wavy_Hair": 0.011174331419169903, "Wearing_Earrings": 0.02439733035862446, "Wearing_Hat": 0.9071971774101257, "Wearing_Lipstick": 0.003921607043594122, "Wearing_Necklace": 0.005234909243881702, "Wearing_Necktie": 0.0013962640659883618, "Young": 0.9277904629707336, "df_race": "asian", "df_race_prob": 51.50219184134104, "df_gender": "Woman", "df_gender_prob": 99.60054755210876, "df_age": 32, "df_emotion": "happy", "df_emotion_prob": 99.93577599525452}