{"name": "Claudia_Pechstein_0002.jpg", "5_o_Clock_Shadow": 0.005001909099519253, "Arched_Eyebrows": 0.003278017044067383, "Attractive": 0.033893123269081116, "Bags_Under_Eyes": 0.1308557391166687, "Bald": 0.0009303737315349281, "Bangs": 0.0019114335300400853, "Big_Lips": 0.007989661768078804, "Big_Nose": 0.040973030030727386, "Black_Hair": 0.0014125125017017126, "Blond_Hair": 0.006291452329605818, "Blurry": 0.18583369255065918, "Brown_Hair": 0.01164796482771635, "Bushy_Eyebrows": 0.00010900818597292528, "Chubby": 0.060340482741594315, "Double_Chin": 0.01410167571157217, "Eyeglasses": 0.0007517607300542295, "Goatee": 0.00036668425309471786, "Gray_Hair": 0.0018435480305925012, "Heavy_Makeup": 0.001369486446492374, "High_Cheekbones": 0.8330370187759399, "Male": 0.3803010582923889, "Mouth_Slightly_Open": 0.9859418272972107, "Mustache": 0.0001565409475006163, "Narrow_Eyes": 0.10669632256031036, "No_Beard": 0.9947409629821777, "Oval_Face": 0.41386300325393677, "Pale_Skin": 0.006333352532237768, "Pointy_Nose": 0.006140850484371185, "Receding_Hairline": 0.004872140474617481, "Rosy_Cheeks": 0.0002075568918371573, "Sideburns": 0.0006641525542363524, "Smiling": 0.9689101576805115, "Straight_Hair": 0.010745036415755749, "Wavy_Hair": 0.00462948065251112, "Wearing_Earrings": 0.02768278680741787, "Wearing_Hat": 0.9655297994613647, "Wearing_Lipstick": 0.0014535991940647364, "Wearing_Necklace": 0.0030681081116199493, "Wearing_Necktie": 0.0009105725912377238, "Young": 0.849981427192688, "df_race": "asian", "df_race_prob": 45.97706246649474, "df_gender": "Woman", "df_gender_prob": 90.46794176101685, "df_age": 35, "df_emotion": "happy", "df_emotion_prob": 80.8907352816182}