{"name": "Clemente_de_la_Vega_0001.jpg", "5_o_Clock_Shadow": 0.004582484718412161, "Arched_Eyebrows": 0.00018041205476038158, "Attractive": 0.007000410463660955, "Bags_Under_Eyes": 0.0792781338095665, "Bald": 0.20506426692008972, "Bangs": 0.00033461558632552624, "Big_Lips": 0.0070183128118515015, "Big_Nose": 0.15358933806419373, "Black_Hair": 0.0024730863515287638, "Blond_Hair": 0.0032599633559584618, "Blurry": 0.13070569932460785, "Brown_Hair": 0.0019147185375913978, "Bushy_Eyebrows": 0.0008559507550671697, "Chubby": 0.018375620245933533, "Double_Chin": 0.008676010183990002, "Eyeglasses": 0.8460132479667664, "Goatee": 0.001280242926441133, "Gray_Hair": 0.6060298085212708, "Heavy_Makeup": 0.0003386804892215878, "High_Cheekbones": 0.04301083832979202, "Male": 0.9980291724205017, "Mouth_Slightly_Open": 0.0069322772324085236, "Mustache": 0.0012197474716231227, "Narrow_Eyes": 0.005701929796487093, "No_Beard": 0.9867594838142395, "Oval_Face": 0.14636220037937164, "Pale_Skin": 0.03587019070982933, "Pointy_Nose": 0.15610261261463165, "Receding_Hairline": 0.6257694363594055, "Rosy_Cheeks": 9.31003742152825e-05, "Sideburns": 0.0007831305847503245, "Smiling": 0.002502505900338292, "Straight_Hair": 0.036312609910964966, "Wavy_Hair": 0.0019280288834124804, "Wearing_Earrings": 0.0008190598455257714, "Wearing_Hat": 0.0007084766402840614, "Wearing_Lipstick": 0.0004944050451740623, "Wearing_Necklace": 0.0002597690327093005, "Wearing_Necktie": 0.05191994458436966, "Young": 0.016040220856666565, "df_race": "white", "df_race_prob": 42.800578474998474, "df_gender": "Man", "df_gender_prob": 99.58641529083252, "df_age": 33, "df_emotion": "sad", "df_emotion_prob": 52.89176106452942}