{"name": "Colin_Powell_0070.jpg", "5_o_Clock_Shadow": 0.003091864986345172, "Arched_Eyebrows": 0.0022838611621409655, "Attractive": 0.0024987771175801754, "Bags_Under_Eyes": 0.26501983404159546, "Bald": 0.04219032824039459, "Bangs": 0.000520004250574857, "Big_Lips": 0.005593966227024794, "Big_Nose": 0.27051064372062683, "Black_Hair": 0.004653711803257465, "Blond_Hair": 0.0026561322156339884, "Blurry": 0.07923738658428192, "Brown_Hair": 0.0008058613166213036, "Bushy_Eyebrows": 0.00027395194047130644, "Chubby": 0.279715359210968, "Double_Chin": 0.07294704765081406, "Eyeglasses": 0.02742428332567215, "Goatee": 0.0006045555346645415, "Gray_Hair": 0.854236364364624, "Heavy_Makeup": 0.00010243290307698771, "High_Cheekbones": 0.017205944284796715, "Male": 0.9977918863296509, "Mouth_Slightly_Open": 0.007955756038427353, "Mustache": 0.001549410866573453, "Narrow_Eyes": 0.22453293204307556, "No_Beard": 0.9920169115066528, "Oval_Face": 0.12766079604625702, "Pale_Skin": 0.15619492530822754, "Pointy_Nose": 0.006363293621689081, "Receding_Hairline": 0.625741183757782, "Rosy_Cheeks": 9.587632666807622e-05, "Sideburns": 0.0011508162133395672, "Smiling": 0.0025347243063151836, "Straight_Hair": 0.19040986895561218, "Wavy_Hair": 0.0025167404673993587, "Wearing_Earrings": 0.0008407864370383322, "Wearing_Hat": 0.0003881695447489619, "Wearing_Lipstick": 0.00013864327047485858, "Wearing_Necklace": 0.00035326226498000324, "Wearing_Necktie": 0.6279517412185669, "Young": 0.006438880227506161, "df_race": "asian", "df_race_prob": 86.55065458409136, "df_gender": "Man", "df_gender_prob": 99.96273517608643, "df_age": 46, "df_emotion": "neutral", "df_emotion_prob": 39.73102569580078}