{"name": "Colin_Powell_0134.jpg", "5_o_Clock_Shadow": 0.009033224545419216, "Arched_Eyebrows": 0.012471804395318031, "Attractive": 0.00024073720851447433, "Bags_Under_Eyes": 0.059746965765953064, "Bald": 0.0041282749734818935, "Bangs": 0.00026734513812698424, "Big_Lips": 0.0247960165143013, "Big_Nose": 0.6166828870773315, "Black_Hair": 0.011360954493284225, "Blond_Hair": 0.002630033530294895, "Blurry": 0.08305542916059494, "Brown_Hair": 0.00031442358158528805, "Bushy_Eyebrows": 0.0005922929267399013, "Chubby": 0.7131375670433044, "Double_Chin": 0.333861380815506, "Eyeglasses": 0.9513663649559021, "Goatee": 0.0006255949847400188, "Gray_Hair": 0.8409355282783508, "Heavy_Makeup": 0.00027677390608005226, "High_Cheekbones": 0.15329018235206604, "Male": 0.9980941414833069, "Mouth_Slightly_Open": 0.6802034378051758, "Mustache": 0.012612193822860718, "Narrow_Eyes": 0.014449616894125938, "No_Beard": 0.949653148651123, "Oval_Face": 0.1771508902311325, "Pale_Skin": 0.009698684327304363, "Pointy_Nose": 0.002092768670991063, "Receding_Hairline": 0.3998102843761444, "Rosy_Cheeks": 0.00023440095537807792, "Sideburns": 0.0007416584994643927, "Smiling": 0.003891470143571496, "Straight_Hair": 0.1896691918373108, "Wavy_Hair": 0.0029048891738057137, "Wearing_Earrings": 0.0012965698260813951, "Wearing_Hat": 0.0005951798520982265, "Wearing_Lipstick": 0.00047119459486566484, "Wearing_Necklace": 0.0008503059507347643, "Wearing_Necktie": 0.5055747628211975, "Young": 0.008209063671529293, "df_race": "asian", "df_race_prob": 51.08636922159012, "df_gender": "Man", "df_gender_prob": 99.50956106185913, "df_age": 35, "df_emotion": "fear", "df_emotion_prob": 51.57734751701355}