{"name": "Colin_Powell_0133.jpg", "5_o_Clock_Shadow": 0.005044554825872183, "Arched_Eyebrows": 0.004571088124066591, "Attractive": 0.00029029810684733093, "Bags_Under_Eyes": 0.12460252642631531, "Bald": 0.0077595156617462635, "Bangs": 0.0005362943047657609, "Big_Lips": 0.019737008959054947, "Big_Nose": 0.7668166756629944, "Black_Hair": 0.007506583351641893, "Blond_Hair": 0.002627159468829632, "Blurry": 0.13665089011192322, "Brown_Hair": 0.00042963336454704404, "Bushy_Eyebrows": 0.00044388818787410855, "Chubby": 0.8137805461883545, "Double_Chin": 0.47848883271217346, "Eyeglasses": 0.6500895023345947, "Goatee": 0.0007311266381293535, "Gray_Hair": 0.892271101474762, "Heavy_Makeup": 0.00015996697766240686, "High_Cheekbones": 0.05008556321263313, "Male": 0.9970709085464478, "Mouth_Slightly_Open": 0.0813799649477005, "Mustache": 0.007564637344330549, "Narrow_Eyes": 0.12690818309783936, "No_Beard": 0.964150071144104, "Oval_Face": 0.09629491716623306, "Pale_Skin": 0.013496873900294304, "Pointy_Nose": 0.0011170066427439451, "Receding_Hairline": 0.57593834400177, "Rosy_Cheeks": 0.00027284855605103076, "Sideburns": 0.0011411051964387298, "Smiling": 0.001743853441439569, "Straight_Hair": 0.14487546682357788, "Wavy_Hair": 0.0064097498543560505, "Wearing_Earrings": 0.0008695446304045618, "Wearing_Hat": 0.000824715883936733, "Wearing_Lipstick": 0.00028266667504794896, "Wearing_Necklace": 0.0009283653926104307, "Wearing_Necktie": 0.6518996357917786, "Young": 0.007348712999373674, "df_race": "asian", "df_race_prob": 71.65926436671444, "df_gender": "Man", "df_gender_prob": 99.96788501739502, "df_age": 31, "df_emotion": "disgust", "df_emotion_prob": 44.4652795791626}