{"name": "Colin_Powell_0072.jpg", "5_o_Clock_Shadow": 0.0031579139176756144, "Arched_Eyebrows": 0.002328799106180668, "Attractive": 0.0024127629585564137, "Bags_Under_Eyes": 0.15175925195217133, "Bald": 0.05089201405644417, "Bangs": 0.00022218214871827513, "Big_Lips": 0.003979354631155729, "Big_Nose": 0.6221575140953064, "Black_Hair": 0.008582137525081635, "Blond_Hair": 0.005421013571321964, "Blurry": 0.18280692398548126, "Brown_Hair": 0.0009178724722005427, "Bushy_Eyebrows": 0.0021596259903162718, "Chubby": 0.4756234586238861, "Double_Chin": 0.42180389165878296, "Eyeglasses": 0.9278251528739929, "Goatee": 0.000892377458512783, "Gray_Hair": 0.8806316256523132, "Heavy_Makeup": 0.00020248533110134304, "High_Cheekbones": 0.27364611625671387, "Male": 0.9979279041290283, "Mouth_Slightly_Open": 0.8687845468521118, "Mustache": 0.0021026614122092724, "Narrow_Eyes": 0.3283528685569763, "No_Beard": 0.9884727597236633, "Oval_Face": 0.16394346952438354, "Pale_Skin": 0.06792031228542328, "Pointy_Nose": 0.0036755059845745564, "Receding_Hairline": 0.562634289264679, "Rosy_Cheeks": 0.0003137369640171528, "Sideburns": 0.0006013886304572225, "Smiling": 0.8673005104064941, "Straight_Hair": 0.21770352125167847, "Wavy_Hair": 0.0011601692531257868, "Wearing_Earrings": 0.0005839357036165893, "Wearing_Hat": 0.0006468641222454607, "Wearing_Lipstick": 0.00022746394097339362, "Wearing_Necklace": 0.00044449837878346443, "Wearing_Necktie": 0.7744985222816467, "Young": 0.005896516609936953, "df_race": "asian", "df_race_prob": 53.319287695799794, "df_gender": "Man", "df_gender_prob": 99.98449087142944, "df_age": 37, "df_emotion": "happy", "df_emotion_prob": 79.38335292140876}