{"name": "Colin_Phillips_0001.jpg", "5_o_Clock_Shadow": 0.019053837284445763, "Arched_Eyebrows": 0.0013117833295837045, "Attractive": 0.004250867757946253, "Bags_Under_Eyes": 0.2879393398761749, "Bald": 0.655577540397644, "Bangs": 0.0004142902325838804, "Big_Lips": 0.007208552677184343, "Big_Nose": 0.18997541069984436, "Black_Hair": 0.0031076620798557997, "Blond_Hair": 0.006482250988483429, "Blurry": 0.022544322535395622, "Brown_Hair": 0.002407514024525881, "Bushy_Eyebrows": 4.7235225792974234e-05, "Chubby": 0.399512380361557, "Double_Chin": 0.35922813415527344, "Eyeglasses": 0.006183265708386898, "Goatee": 0.00257878634147346, "Gray_Hair": 0.6248793601989746, "Heavy_Makeup": 0.0001545548439025879, "High_Cheekbones": 0.02107992209494114, "Male": 0.9992707371711731, "Mouth_Slightly_Open": 0.035031020641326904, "Mustache": 0.001975304912775755, "Narrow_Eyes": 0.00872812233865261, "No_Beard": 0.9455084800720215, "Oval_Face": 0.3162817358970642, "Pale_Skin": 0.022728431969881058, "Pointy_Nose": 0.09818398207426071, "Receding_Hairline": 0.9372944235801697, "Rosy_Cheeks": 0.0006944546476006508, "Sideburns": 0.00801579188555479, "Smiling": 0.008223596028983593, "Straight_Hair": 0.058718107640743256, "Wavy_Hair": 0.0007876325398683548, "Wearing_Earrings": 0.0006888495991006494, "Wearing_Hat": 0.0005391460144892335, "Wearing_Lipstick": 0.00022717005049344152, "Wearing_Necklace": 0.00023596321989316493, "Wearing_Necktie": 0.599867045879364, "Young": 0.014239798299968243, "df_race": "white", "df_race_prob": 90.76371192932129, "df_gender": "Man", "df_gender_prob": 99.92722868919373, "df_age": 42, "df_emotion": "neutral", "df_emotion_prob": 96.86532616615295}