{"name": "Colin_Montgomerie_0002.jpg", "5_o_Clock_Shadow": 0.0456664115190506, "Arched_Eyebrows": 0.00017569145711604506, "Attractive": 0.01300473790615797, "Bags_Under_Eyes": 0.184587761759758, "Bald": 0.0006452758680097759, "Bangs": 0.0009345465805381536, "Big_Lips": 0.0061288136057555676, "Big_Nose": 0.15888270735740662, "Black_Hair": 0.0013050584821030498, "Blond_Hair": 0.06640805304050446, "Blurry": 0.20670422911643982, "Brown_Hair": 0.006813707761466503, "Bushy_Eyebrows": 0.00043346700840629637, "Chubby": 0.09674495458602905, "Double_Chin": 0.03452586755156517, "Eyeglasses": 0.014829273335635662, "Goatee": 0.000983178149908781, "Gray_Hair": 0.7660122513771057, "Heavy_Makeup": 0.00015853368677198887, "High_Cheekbones": 0.018993504345417023, "Male": 0.9982591271400452, "Mouth_Slightly_Open": 0.01440917607396841, "Mustache": 0.002492261817678809, "Narrow_Eyes": 0.11224870383739471, "No_Beard": 0.965355396270752, "Oval_Face": 0.14025616645812988, "Pale_Skin": 0.2490340918302536, "Pointy_Nose": 0.011430649086833, "Receding_Hairline": 0.0042268442921340466, "Rosy_Cheeks": 8.062139386311173e-05, "Sideburns": 0.0034598985221236944, "Smiling": 0.00819169357419014, "Straight_Hair": 0.13623632490634918, "Wavy_Hair": 0.09788112342357635, "Wearing_Earrings": 0.0003721174434758723, "Wearing_Hat": 0.0004116506315767765, "Wearing_Lipstick": 7.222120621008798e-05, "Wearing_Necklace": 0.0006893476820550859, "Wearing_Necktie": 0.008403184823691845, "Young": 0.07118924707174301, "df_race": "white", "df_race_prob": 91.26350387769891, "df_gender": "Man", "df_gender_prob": 99.9974250793457, "df_age": 42, "df_emotion": "neutral", "df_emotion_prob": 63.55118155479431}