{"name": "Colin_Powell_0055.jpg", "5_o_Clock_Shadow": 0.0038291991222649813, "Arched_Eyebrows": 0.002446679398417473, "Attractive": 0.0004816231376025826, "Bags_Under_Eyes": 0.15572208166122437, "Bald": 0.03944418951869011, "Bangs": 0.0001834426511777565, "Big_Lips": 0.02163102850317955, "Big_Nose": 0.6230326890945435, "Black_Hair": 0.01160440407693386, "Blond_Hair": 0.004677755758166313, "Blurry": 0.09488565474748611, "Brown_Hair": 0.00048088934272527695, "Bushy_Eyebrows": 0.000518662272952497, "Chubby": 0.5978789925575256, "Double_Chin": 0.4026362895965576, "Eyeglasses": 0.9354782104492188, "Goatee": 0.0009515134734101593, "Gray_Hair": 0.8482129573822021, "Heavy_Makeup": 0.00020301309996284544, "High_Cheekbones": 0.12721167504787445, "Male": 0.9975312352180481, "Mouth_Slightly_Open": 0.9372918009757996, "Mustache": 0.0048800306394696236, "Narrow_Eyes": 0.14738376438617706, "No_Beard": 0.9826829433441162, "Oval_Face": 0.13954560458660126, "Pale_Skin": 0.02736130729317665, "Pointy_Nose": 0.0012002135626971722, "Receding_Hairline": 0.7636935114860535, "Rosy_Cheeks": 0.00017076462972909212, "Sideburns": 0.001047360128723085, "Smiling": 0.022096950560808182, "Straight_Hair": 0.3931114673614502, "Wavy_Hair": 0.0011833412572741508, "Wearing_Earrings": 0.0011834426550194621, "Wearing_Hat": 0.0006206893594935536, "Wearing_Lipstick": 0.00046219720388762653, "Wearing_Necklace": 0.0006212660809978843, "Wearing_Necktie": 0.6307114958763123, "Young": 0.011088446713984013, "df_race": "asian", "df_race_prob": 77.25307020508406, "df_gender": "Man", "df_gender_prob": 99.9754250049591, "df_age": 34, "df_emotion": "sad", "df_emotion_prob": 76.58523917198181}