{"name": "Colin_Powell_0007.jpg", "5_o_Clock_Shadow": 0.0048006633296608925, "Arched_Eyebrows": 0.023502962663769722, "Attractive": 0.0021589077077805996, "Bags_Under_Eyes": 0.17380517721176147, "Bald": 0.0180377084761858, "Bangs": 0.0003255488118156791, "Big_Lips": 0.012666972354054451, "Big_Nose": 0.2804746925830841, "Black_Hair": 0.00632017757743597, "Blond_Hair": 0.0059463856741786, "Blurry": 0.08240686357021332, "Brown_Hair": 0.0006342257838696241, "Bushy_Eyebrows": 0.0027235974557697773, "Chubby": 0.6764186024665833, "Double_Chin": 0.49634888768196106, "Eyeglasses": 0.014790813438594341, "Goatee": 0.00047735104453749955, "Gray_Hair": 0.9189926385879517, "Heavy_Makeup": 0.0002959619159810245, "High_Cheekbones": 0.06060587987303734, "Male": 0.9963412880897522, "Mouth_Slightly_Open": 0.6214492321014404, "Mustache": 0.0016485190717503428, "Narrow_Eyes": 0.3234016001224518, "No_Beard": 0.9897017478942871, "Oval_Face": 0.1870710700750351, "Pale_Skin": 0.08857075124979019, "Pointy_Nose": 0.004097449593245983, "Receding_Hairline": 0.5098602771759033, "Rosy_Cheeks": 0.00016390890232287347, "Sideburns": 0.0010202471166849136, "Smiling": 0.021596357226371765, "Straight_Hair": 0.30268827080726624, "Wavy_Hair": 0.0047856164164841175, "Wearing_Earrings": 0.000740433984901756, "Wearing_Hat": 0.0005521685816347599, "Wearing_Lipstick": 0.0003475770354270935, "Wearing_Necklace": 0.0005568553460761905, "Wearing_Necktie": 0.5607156157493591, "Young": 0.017738159745931625, "df_race": "asian", "df_race_prob": 83.658367395401, "df_gender": "Man", "df_gender_prob": 99.97963309288025, "df_age": 32, "df_emotion": "neutral", "df_emotion_prob": 51.68411135673523}