{"name": "Colin_Powell_0017.jpg", "5_o_Clock_Shadow": 0.006710550282150507, "Arched_Eyebrows": 0.00979926623404026, "Attractive": 0.0014377771876752377, "Bags_Under_Eyes": 0.017665883526206017, "Bald": 0.019242985174059868, "Bangs": 0.00022014744172338396, "Big_Lips": 0.025969108566641808, "Big_Nose": 0.17964443564414978, "Black_Hair": 0.010858937166631222, "Blond_Hair": 0.0015886252513155341, "Blurry": 0.0775115042924881, "Brown_Hair": 0.0005682500195689499, "Bushy_Eyebrows": 0.0012873992091044784, "Chubby": 0.21131958067417145, "Double_Chin": 0.048937469720840454, "Eyeglasses": 0.9847321510314941, "Goatee": 0.0006811902276240289, "Gray_Hair": 0.6071479320526123, "Heavy_Makeup": 0.00019177456852048635, "High_Cheekbones": 0.022907497361302376, "Male": 0.9979220032691956, "Mouth_Slightly_Open": 0.049504201859235764, "Mustache": 0.0030314025934785604, "Narrow_Eyes": 0.003563655074685812, "No_Beard": 0.9794229865074158, "Oval_Face": 0.2068071812391281, "Pale_Skin": 0.022806817665696144, "Pointy_Nose": 0.011030453257262707, "Receding_Hairline": 0.41201871633529663, "Rosy_Cheeks": 9.69136381172575e-05, "Sideburns": 0.0005870800814591348, "Smiling": 0.0007885720697231591, "Straight_Hair": 0.2059129923582077, "Wavy_Hair": 0.0018576150760054588, "Wearing_Earrings": 0.0005663942429237068, "Wearing_Hat": 0.0008314878214150667, "Wearing_Lipstick": 0.00035664986353367567, "Wearing_Necklace": 0.0005979687557555735, "Wearing_Necktie": 0.2285512536764145, "Young": 0.010386813431978226, "df_race": "asian", "df_race_prob": 50.964564085006714, "df_gender": "Man", "df_gender_prob": 99.97946619987488, "df_age": 32, "df_emotion": "angry", "df_emotion_prob": 50.05137324333191}