{"name": "Colin_Powell_0108.jpg", "5_o_Clock_Shadow": 0.008653707802295685, "Arched_Eyebrows": 0.0029290621168911457, "Attractive": 0.0026772627606987953, "Bags_Under_Eyes": 0.4535338878631592, "Bald": 0.04346926510334015, "Bangs": 0.00045671520638279617, "Big_Lips": 0.015460636466741562, "Big_Nose": 0.8239266872406006, "Black_Hair": 0.0051178960129618645, "Blond_Hair": 0.011584949679672718, "Blurry": 0.26649242639541626, "Brown_Hair": 0.0011836118064820766, "Bushy_Eyebrows": 0.0019246130250394344, "Chubby": 0.7070856094360352, "Double_Chin": 0.6151721477508545, "Eyeglasses": 0.05753270536661148, "Goatee": 0.0006710293237119913, "Gray_Hair": 0.7226170301437378, "Heavy_Makeup": 0.0001604752615094185, "High_Cheekbones": 0.7274583578109741, "Male": 0.9956888556480408, "Mouth_Slightly_Open": 0.994118332862854, "Mustache": 0.0019234545761719346, "Narrow_Eyes": 0.7311368584632874, "No_Beard": 0.9866955280303955, "Oval_Face": 0.37821733951568604, "Pale_Skin": 0.043634653091430664, "Pointy_Nose": 0.0006255490588955581, "Receding_Hairline": 0.6062146425247192, "Rosy_Cheeks": 0.00012965740461368114, "Sideburns": 0.0009298924705944955, "Smiling": 0.9893743395805359, "Straight_Hair": 0.13532093167304993, "Wavy_Hair": 0.002207361627370119, "Wearing_Earrings": 0.0011827590642496943, "Wearing_Hat": 0.000850132608320564, "Wearing_Lipstick": 0.00016149389557540417, "Wearing_Necklace": 0.0006370992050506175, "Wearing_Necktie": 0.3675619065761566, "Young": 0.025468645617365837, "df_race": "asian", "df_race_prob": 58.65898132324219, "df_gender": "Man", "df_gender_prob": 99.98444318771362, "df_age": 33, "df_emotion": "happy", "df_emotion_prob": 99.52139255531982}