{"name": "Colin_Powell_0141.jpg", "5_o_Clock_Shadow": 0.003040035255253315, "Arched_Eyebrows": 0.005621776916086674, "Attractive": 0.0009607414249330759, "Bags_Under_Eyes": 0.10595205426216125, "Bald": 0.061111461371183395, "Bangs": 0.0002761608047876507, "Big_Lips": 0.013260161504149437, "Big_Nose": 0.4154011309146881, "Black_Hair": 0.007914521731436253, "Blond_Hair": 0.002805752446874976, "Blurry": 0.10245638340711594, "Brown_Hair": 0.0004744360048789531, "Bushy_Eyebrows": 0.00048044970026239753, "Chubby": 0.41002771258354187, "Double_Chin": 0.22224920988082886, "Eyeglasses": 0.7908010482788086, "Goatee": 0.0005621907184831798, "Gray_Hair": 0.7383933663368225, "Heavy_Makeup": 0.00012402674474287778, "High_Cheekbones": 0.04694639518857002, "Male": 0.997144877910614, "Mouth_Slightly_Open": 0.030247850343585014, "Mustache": 0.003502920502796769, "Narrow_Eyes": 0.0700986459851265, "No_Beard": 0.9867467880249023, "Oval_Face": 0.12450619786977768, "Pale_Skin": 0.062315065413713455, "Pointy_Nose": 0.0023270505480468273, "Receding_Hairline": 0.632836103439331, "Rosy_Cheeks": 8.376767073059455e-05, "Sideburns": 0.0008080008556134999, "Smiling": 0.0043233721517026424, "Straight_Hair": 0.2562797963619232, "Wavy_Hair": 0.0010175727074965835, "Wearing_Earrings": 0.0005968053010292351, "Wearing_Hat": 0.0006612958386540413, "Wearing_Lipstick": 0.00022226053988561034, "Wearing_Necklace": 0.0006155959563329816, "Wearing_Necktie": 0.7611122727394104, "Young": 0.006726122926920652, "df_race": "asian", "df_race_prob": 98.87184493969947, "df_gender": "Man", "df_gender_prob": 99.95867609977722, "df_age": 35, "df_emotion": "sad", "df_emotion_prob": 47.46586665307681}