{"name": "Colin_Farrell_0008.jpg", "5_o_Clock_Shadow": 0.06827960163354874, "Arched_Eyebrows": 0.002289144555106759, "Attractive": 0.3669818639755249, "Bags_Under_Eyes": 0.6674423813819885, "Bald": 0.00039533351082354784, "Bangs": 0.0006662957603111863, "Big_Lips": 0.016091041266918182, "Big_Nose": 0.21210718154907227, "Black_Hair": 0.026268670335412025, "Blond_Hair": 0.0016088263364508748, "Blurry": 0.18649399280548096, "Brown_Hair": 0.23807403445243835, "Bushy_Eyebrows": 0.20815759897232056, "Chubby": 0.004181640222668648, "Double_Chin": 0.008037528023123741, "Eyeglasses": 0.001136748120188713, "Goatee": 0.0005351254367269576, "Gray_Hair": 0.0009367637685500085, "Heavy_Makeup": 0.00022894325957167894, "High_Cheekbones": 0.8360458612442017, "Male": 0.9988823533058167, "Mouth_Slightly_Open": 0.7626631259918213, "Mustache": 0.0007659948896616697, "Narrow_Eyes": 0.05709259584546089, "No_Beard": 0.9869359135627747, "Oval_Face": 0.18993864953517914, "Pale_Skin": 0.009925157763063908, "Pointy_Nose": 0.013151846826076508, "Receding_Hairline": 0.005841001868247986, "Rosy_Cheeks": 3.433234087424353e-05, "Sideburns": 0.0002740830823313445, "Smiling": 0.9964374303817749, "Straight_Hair": 0.7702869176864624, "Wavy_Hair": 0.0036939322017133236, "Wearing_Earrings": 0.0011590602807700634, "Wearing_Hat": 0.0003299614181742072, "Wearing_Lipstick": 0.00020072550978511572, "Wearing_Necklace": 0.0006121338228695095, "Wearing_Necktie": 0.005039101000875235, "Young": 0.9117658734321594, "df_race": "white", "df_race_prob": 51.90731883049011, "df_gender": "Man", "df_gender_prob": 99.99828338623047, "df_age": 26, "df_emotion": "happy", "df_emotion_prob": 99.62508086859216}