{"name": "Colin_Powell_0140.jpg", "5_o_Clock_Shadow": 0.0058899992145597935, "Arched_Eyebrows": 0.009937427006661892, "Attractive": 0.001306731952354312, "Bags_Under_Eyes": 0.16703327000141144, "Bald": 0.2093236744403839, "Bangs": 0.00040910119423642755, "Big_Lips": 0.01836240477859974, "Big_Nose": 0.6705446839332581, "Black_Hair": 0.012344121001660824, "Blond_Hair": 0.0065920096822083, "Blurry": 0.17728742957115173, "Brown_Hair": 0.0006801640265621245, "Bushy_Eyebrows": 0.0011957865208387375, "Chubby": 0.7599869966506958, "Double_Chin": 0.5884758234024048, "Eyeglasses": 0.9134618639945984, "Goatee": 0.001215970842167735, "Gray_Hair": 0.7408331632614136, "Heavy_Makeup": 0.00016312900697812438, "High_Cheekbones": 0.8145250678062439, "Male": 0.9976202845573425, "Mouth_Slightly_Open": 0.9929350018501282, "Mustache": 0.002912681084126234, "Narrow_Eyes": 0.36243966221809387, "No_Beard": 0.9857111573219299, "Oval_Face": 0.19720904529094696, "Pale_Skin": 0.0624612495303154, "Pointy_Nose": 0.0014193125534802675, "Receding_Hairline": 0.8573883771896362, "Rosy_Cheeks": 0.00047374842688441277, "Sideburns": 0.0009032837115228176, "Smiling": 0.9814141392707825, "Straight_Hair": 0.23640687763690948, "Wavy_Hair": 0.0009888315107673407, "Wearing_Earrings": 0.0010515693575143814, "Wearing_Hat": 0.0005721175111830235, "Wearing_Lipstick": 0.00036721775541082025, "Wearing_Necklace": 0.0008610229124315083, "Wearing_Necktie": 0.7528549432754517, "Young": 0.007658819667994976, "df_race": "asian", "df_race_prob": 76.19535326957703, "df_gender": "Man", "df_gender_prob": 99.98281002044678, "df_age": 31, "df_emotion": "happy", "df_emotion_prob": 84.9319338798523}