{"name": "Colin_Powell_0092.jpg", "5_o_Clock_Shadow": 0.00241035595536232, "Arched_Eyebrows": 0.0046208580024540424, "Attractive": 0.0018164035864174366, "Bags_Under_Eyes": 0.20241130888462067, "Bald": 0.23120732605457306, "Bangs": 0.00021757491049356759, "Big_Lips": 0.007143648341298103, "Big_Nose": 0.19984062016010284, "Black_Hair": 0.00840720348060131, "Blond_Hair": 0.001584689598530531, "Blurry": 0.07070845365524292, "Brown_Hair": 0.0005272358539514244, "Bushy_Eyebrows": 0.0006069939699955285, "Chubby": 0.13038118183612823, "Double_Chin": 0.06044479459524155, "Eyeglasses": 0.7614535093307495, "Goatee": 0.0010840812465175986, "Gray_Hair": 0.6588230133056641, "Heavy_Makeup": 0.00010971751908073202, "High_Cheekbones": 0.13262465596199036, "Male": 0.9985559582710266, "Mouth_Slightly_Open": 0.026065921410918236, "Mustache": 0.0030299804639071226, "Narrow_Eyes": 0.012262960895895958, "No_Beard": 0.9900161623954773, "Oval_Face": 0.2358868420124054, "Pale_Skin": 0.028657691553235054, "Pointy_Nose": 0.006013164296746254, "Receding_Hairline": 0.6703148484230042, "Rosy_Cheeks": 9.63563215918839e-05, "Sideburns": 0.0006350995390675962, "Smiling": 0.019613882526755333, "Straight_Hair": 0.10696394741535187, "Wavy_Hair": 0.0006378501420840621, "Wearing_Earrings": 0.0007317114504985511, "Wearing_Hat": 0.0005815969780087471, "Wearing_Lipstick": 0.00019013285054825246, "Wearing_Necklace": 0.00023274541308637708, "Wearing_Necktie": 0.7672078609466553, "Young": 0.004705086350440979, "df_race": "asian", "df_race_prob": 97.02203869819641, "df_gender": "Man", "df_gender_prob": 99.95061159133911, "df_age": 38, "df_emotion": "neutral", "df_emotion_prob": 42.76732418147614}