{"name": "Colin_Powell_0064.jpg", "5_o_Clock_Shadow": 0.009572668001055717, "Arched_Eyebrows": 0.040975604206323624, "Attractive": 0.001694098231382668, "Bags_Under_Eyes": 0.07707376778125763, "Bald": 0.014919140376150608, "Bangs": 0.00028697223751805723, "Big_Lips": 0.007499943487346172, "Big_Nose": 0.38341620564460754, "Black_Hair": 0.00832978542894125, "Blond_Hair": 0.0031974399462342262, "Blurry": 0.23593710362911224, "Brown_Hair": 0.0007204252760857344, "Bushy_Eyebrows": 0.0007396183209493756, "Chubby": 0.4720354378223419, "Double_Chin": 0.09185647964477539, "Eyeglasses": 0.5464671850204468, "Goatee": 0.0005357011104933918, "Gray_Hair": 0.7499130368232727, "Heavy_Makeup": 0.0002738973416853696, "High_Cheekbones": 0.067717045545578, "Male": 0.99720299243927, "Mouth_Slightly_Open": 0.005249286536127329, "Mustache": 0.004349843133240938, "Narrow_Eyes": 0.00900172721594572, "No_Beard": 0.9644707441329956, "Oval_Face": 0.27811792492866516, "Pale_Skin": 0.0379023440182209, "Pointy_Nose": 0.00699124438688159, "Receding_Hairline": 0.6861808896064758, "Rosy_Cheeks": 0.00015111526590771973, "Sideburns": 0.0011316275922581553, "Smiling": 0.0019311649957671762, "Straight_Hair": 0.15879832208156586, "Wavy_Hair": 0.0038296140264719725, "Wearing_Earrings": 0.0007029453990980983, "Wearing_Hat": 0.00035390694392845035, "Wearing_Lipstick": 0.00041535653872415423, "Wearing_Necklace": 0.0005446623545140028, "Wearing_Necktie": 0.4351474940776825, "Young": 0.016475815325975418, "df_race": "asian", "df_race_prob": 40.27085544293257, "df_gender": "Man", "df_gender_prob": 99.99474287033081, "df_age": 30, "df_emotion": "neutral", "df_emotion_prob": 83.71905587429141}