{"name": "Colin_Powell_0046.jpg", "5_o_Clock_Shadow": 0.006983406376093626, "Arched_Eyebrows": 0.006140180863440037, "Attractive": 0.001179167185910046, "Bags_Under_Eyes": 0.13272126019001007, "Bald": 0.04608733952045441, "Bangs": 0.00045298555050976574, "Big_Lips": 0.012897316366434097, "Big_Nose": 0.43363046646118164, "Black_Hair": 0.006469384301453829, "Blond_Hair": 0.0017343913204967976, "Blurry": 0.13737307488918304, "Brown_Hair": 0.0008310818229801953, "Bushy_Eyebrows": 0.0010220560943707824, "Chubby": 0.28606700897216797, "Double_Chin": 0.103208526968956, "Eyeglasses": 0.7973135113716125, "Goatee": 0.0006844821618869901, "Gray_Hair": 0.7640968561172485, "Heavy_Makeup": 0.0001034143497236073, "High_Cheekbones": 0.010606171563267708, "Male": 0.9981703758239746, "Mouth_Slightly_Open": 0.0026227354537695646, "Mustache": 0.004333472345024347, "Narrow_Eyes": 0.2344854772090912, "No_Beard": 0.9758449196815491, "Oval_Face": 0.09557973593473434, "Pale_Skin": 0.029564354568719864, "Pointy_Nose": 0.006102977320551872, "Receding_Hairline": 0.6732997298240662, "Rosy_Cheeks": 0.00016015561413951218, "Sideburns": 0.0014483429258689284, "Smiling": 0.0009480994194746017, "Straight_Hair": 0.15774643421173096, "Wavy_Hair": 0.0027342895045876503, "Wearing_Earrings": 0.0004733159439638257, "Wearing_Hat": 0.0007000243640504777, "Wearing_Lipstick": 0.00021585430658888072, "Wearing_Necklace": 0.0004929786664433777, "Wearing_Necktie": 0.8659006357192993, "Young": 0.0060498411767184734, "df_race": "asian", "df_race_prob": 78.34630012512207, "df_gender": "Man", "df_gender_prob": 99.98194575309753, "df_age": 35, "df_emotion": "angry", "df_emotion_prob": 79.14379835128784}