{"name": "Colin_Powell_0050.jpg", "5_o_Clock_Shadow": 0.005528984125703573, "Arched_Eyebrows": 0.002888147020712495, "Attractive": 0.0018740373197942972, "Bags_Under_Eyes": 0.17938454449176788, "Bald": 0.017760930582880974, "Bangs": 0.0002761470968835056, "Big_Lips": 0.007423585746437311, "Big_Nose": 0.5716694593429565, "Black_Hair": 0.008517026901245117, "Blond_Hair": 0.0017572272336110473, "Blurry": 0.15093235671520233, "Brown_Hair": 0.0009985037613660097, "Bushy_Eyebrows": 0.001211159978993237, "Chubby": 0.4151917099952698, "Double_Chin": 0.17206473648548126, "Eyeglasses": 0.6066448092460632, "Goatee": 0.0005248426459729671, "Gray_Hair": 0.6317024230957031, "Heavy_Makeup": 0.0001703067246126011, "High_Cheekbones": 0.21857286989688873, "Male": 0.9973430037498474, "Mouth_Slightly_Open": 0.003850268665701151, "Mustache": 0.003260002238675952, "Narrow_Eyes": 0.07176070660352707, "No_Beard": 0.9882864356040955, "Oval_Face": 0.15219561755657196, "Pale_Skin": 0.020503904670476913, "Pointy_Nose": 0.002139271702617407, "Receding_Hairline": 0.553462028503418, "Rosy_Cheeks": 0.00027338886866346, "Sideburns": 0.0005348238628357649, "Smiling": 0.025821618735790253, "Straight_Hair": 0.28228768706321716, "Wavy_Hair": 0.00262133264914155, "Wearing_Earrings": 0.0004981307429261506, "Wearing_Hat": 0.0003066760837100446, "Wearing_Lipstick": 0.00020400369248818606, "Wearing_Necklace": 0.0003082631155848503, "Wearing_Necktie": 0.5955885648727417, "Young": 0.010218381881713867, "df_race": "asian", "df_race_prob": 52.4341344833374, "df_gender": "Man", "df_gender_prob": 99.95915293693542, "df_age": 39, "df_emotion": "neutral", "df_emotion_prob": 70.70121169090271}