{"name": "Colin_Powell_0143.jpg", "5_o_Clock_Shadow": 0.0052910796366631985, "Arched_Eyebrows": 0.0067785256542265415, "Attractive": 0.001228800043463707, "Bags_Under_Eyes": 0.025663122534751892, "Bald": 0.045661114156246185, "Bangs": 0.00014510320033878088, "Big_Lips": 0.01222250983119011, "Big_Nose": 0.1516667902469635, "Black_Hair": 0.009623130783438683, "Blond_Hair": 0.0027415924705564976, "Blurry": 0.14830587804317474, "Brown_Hair": 0.0006626759422942996, "Bushy_Eyebrows": 0.0005885213031433523, "Chubby": 0.3063807189464569, "Double_Chin": 0.10664712637662888, "Eyeglasses": 0.9253740310668945, "Goatee": 0.0013581824023276567, "Gray_Hair": 0.688467264175415, "Heavy_Makeup": 0.00017262832261621952, "High_Cheekbones": 0.026095805689692497, "Male": 0.9973276853561401, "Mouth_Slightly_Open": 0.04799332842230797, "Mustache": 0.004421968478709459, "Narrow_Eyes": 0.08980613946914673, "No_Beard": 0.970741331577301, "Oval_Face": 0.15724259614944458, "Pale_Skin": 0.04325345903635025, "Pointy_Nose": 0.00527578080072999, "Receding_Hairline": 0.7012050747871399, "Rosy_Cheeks": 9.355317888548598e-05, "Sideburns": 0.0012876765104010701, "Smiling": 0.0026194255333393812, "Straight_Hair": 0.28076282143592834, "Wavy_Hair": 0.0010582170216366649, "Wearing_Earrings": 0.0005586614715866745, "Wearing_Hat": 0.0006389581831172109, "Wearing_Lipstick": 0.00019950662681367248, "Wearing_Necklace": 0.0004476123140193522, "Wearing_Necktie": 0.5017797350883484, "Young": 0.014053832739591599, "df_race": "asian", "df_race_prob": 99.98548030853271, "df_gender": "Man", "df_gender_prob": 99.9822199344635, "df_age": 35, "df_emotion": "angry", "df_emotion_prob": 44.809797406196594}