{"name": "Colin_Powell_0022.jpg", "5_o_Clock_Shadow": 0.0031734714284539223, "Arched_Eyebrows": 0.006299097556620836, "Attractive": 0.0016045956872403622, "Bags_Under_Eyes": 0.21205495297908783, "Bald": 0.0470295324921608, "Bangs": 0.00016384436457883567, "Big_Lips": 0.0050862994976341724, "Big_Nose": 0.5664144158363342, "Black_Hair": 0.005073954816907644, "Blond_Hair": 0.0010326042538508773, "Blurry": 0.03734245151281357, "Brown_Hair": 0.00035001823562197387, "Bushy_Eyebrows": 0.0018938222201541066, "Chubby": 0.19176019728183746, "Double_Chin": 0.05558040365576744, "Eyeglasses": 0.5546553730964661, "Goatee": 0.0007685775053687394, "Gray_Hair": 0.7220863103866577, "Heavy_Makeup": 8.428360160905868e-05, "High_Cheekbones": 0.03401406854391098, "Male": 0.997782289981842, "Mouth_Slightly_Open": 0.009501881897449493, "Mustache": 0.0039268797263503075, "Narrow_Eyes": 0.018533365800976753, "No_Beard": 0.9760228395462036, "Oval_Face": 0.20800313353538513, "Pale_Skin": 0.023367108777165413, "Pointy_Nose": 0.004939360544085503, "Receding_Hairline": 0.6282832026481628, "Rosy_Cheeks": 3.4563148801680654e-05, "Sideburns": 0.0008714196737855673, "Smiling": 0.0033300109207630157, "Straight_Hair": 0.05981229990720749, "Wavy_Hair": 0.0007550166337750852, "Wearing_Earrings": 0.0006908337236382067, "Wearing_Hat": 0.0004691998765338212, "Wearing_Lipstick": 0.00010782969911815599, "Wearing_Necklace": 0.0002978527918457985, "Wearing_Necktie": 0.2144891321659088, "Young": 0.009062130935490131, "df_race": "asian", "df_race_prob": 60.13200879096985, "df_gender": "Man", "df_gender_prob": 99.9776303768158, "df_age": 36, "df_emotion": "sad", "df_emotion_prob": 99.34703103864562}