{"name": "Colin_Powell_0148.jpg", "5_o_Clock_Shadow": 0.002711203880608082, "Arched_Eyebrows": 0.005406253505498171, "Attractive": 0.000978130497969687, "Bags_Under_Eyes": 0.071665920317173, "Bald": 0.055915750563144684, "Bangs": 0.00016305419558193535, "Big_Lips": 0.018316494300961494, "Big_Nose": 0.4666159152984619, "Black_Hair": 0.009955918416380882, "Blond_Hair": 0.0009926665807142854, "Blurry": 0.13702422380447388, "Brown_Hair": 0.0006123660714365542, "Bushy_Eyebrows": 0.0024470144417136908, "Chubby": 0.30485111474990845, "Double_Chin": 0.0872582271695137, "Eyeglasses": 0.6568878889083862, "Goatee": 0.0004180205287411809, "Gray_Hair": 0.5306858420372009, "Heavy_Makeup": 0.00013912173744756728, "High_Cheekbones": 0.06901346147060394, "Male": 0.9961122870445251, "Mouth_Slightly_Open": 0.12990513443946838, "Mustache": 0.00288068363443017, "Narrow_Eyes": 0.026776401326060295, "No_Beard": 0.9864885210990906, "Oval_Face": 0.13328300416469574, "Pale_Skin": 0.038166824728250504, "Pointy_Nose": 0.0029737285804003477, "Receding_Hairline": 0.7450581789016724, "Rosy_Cheeks": 8.115764649119228e-05, "Sideburns": 0.0008042430272325873, "Smiling": 0.0023583825677633286, "Straight_Hair": 0.16746872663497925, "Wavy_Hair": 0.0006326992879621685, "Wearing_Earrings": 0.0012740483507514, "Wearing_Hat": 0.0010589094599708915, "Wearing_Lipstick": 0.0002718535251915455, "Wearing_Necklace": 0.0004256976826582104, "Wearing_Necktie": 0.4448482394218445, "Young": 0.00717779528349638, "df_race": "asian", "df_race_prob": 83.19903511995287, "df_gender": "Man", "df_gender_prob": 99.6269941329956, "df_age": 39, "df_emotion": "sad", "df_emotion_prob": 50.72352894825088}