{"name": "Colin_Powell_0229.jpg", "5_o_Clock_Shadow": 0.009275068528950214, "Arched_Eyebrows": 0.015657879412174225, "Attractive": 0.004180071875452995, "Bags_Under_Eyes": 0.37890109419822693, "Bald": 0.32404762506484985, "Bangs": 0.00040500739123672247, "Big_Lips": 0.015569593757390976, "Big_Nose": 0.6966046094894409, "Black_Hair": 0.010423737578094006, "Blond_Hair": 0.006165172439068556, "Blurry": 0.07183215767145157, "Brown_Hair": 0.0013877928722649813, "Bushy_Eyebrows": 0.003456327598541975, "Chubby": 0.6891795992851257, "Double_Chin": 0.6062142848968506, "Eyeglasses": 0.876953125, "Goatee": 0.0014631524682044983, "Gray_Hair": 0.683122456073761, "Heavy_Makeup": 0.00031185022089630365, "High_Cheekbones": 0.905780017375946, "Male": 0.997165858745575, "Mouth_Slightly_Open": 0.9858385920524597, "Mustache": 0.002187484409660101, "Narrow_Eyes": 0.8801994323730469, "No_Beard": 0.9844093918800354, "Oval_Face": 0.27492910623550415, "Pale_Skin": 0.1586497277021408, "Pointy_Nose": 0.0020827576518058777, "Receding_Hairline": 0.8556511402130127, "Rosy_Cheeks": 0.000577954575419426, "Sideburns": 0.0011810704600065947, "Smiling": 0.9978107810020447, "Straight_Hair": 0.1607443392276764, "Wavy_Hair": 0.0011042972328141332, "Wearing_Earrings": 0.0014872185420244932, "Wearing_Hat": 0.0005458260420709848, "Wearing_Lipstick": 0.000668076507281512, "Wearing_Necklace": 0.0008691760594956577, "Wearing_Necktie": 0.7428216934204102, "Young": 0.008744479157030582, "df_race": "asian", "df_race_prob": 96.43865270153847, "df_gender": "Man", "df_gender_prob": 99.99191761016846, "df_age": 35, "df_emotion": "happy", "df_emotion_prob": 99.35078620910645}