{"name": "Colleen_Ryan_0001.jpg", "5_o_Clock_Shadow": 0.0010610198369249701, "Arched_Eyebrows": 0.0013747834600508213, "Attractive": 0.0181430671364069, "Bags_Under_Eyes": 0.005855140276253223, "Bald": 0.0010765893384814262, "Bangs": 0.0006461574230343103, "Big_Lips": 0.012552010826766491, "Big_Nose": 0.01946915127336979, "Black_Hair": 0.0033088382333517075, "Blond_Hair": 0.28902387619018555, "Blurry": 0.09533139318227768, "Brown_Hair": 0.009909809567034245, "Bushy_Eyebrows": 0.0005619777366518974, "Chubby": 0.01092976238578558, "Double_Chin": 0.0017361158970743418, "Eyeglasses": 0.9841241240501404, "Goatee": 0.0002852151228580624, "Gray_Hair": 0.1523991972208023, "Heavy_Makeup": 0.0011851489543914795, "High_Cheekbones": 0.00766590004786849, "Male": 0.07962552458047867, "Mouth_Slightly_Open": 0.048512253910303116, "Mustache": 0.0003138652828056365, "Narrow_Eyes": 0.004390533082187176, "No_Beard": 0.9976397752761841, "Oval_Face": 0.23614273965358734, "Pale_Skin": 0.06045205891132355, "Pointy_Nose": 0.056378819048404694, "Receding_Hairline": 0.08409207314252853, "Rosy_Cheeks": 8.898566738935187e-05, "Sideburns": 0.00037180856452323496, "Smiling": 0.0023244901094585657, "Straight_Hair": 0.7410198450088501, "Wavy_Hair": 0.014901610091328621, "Wearing_Earrings": 0.012677477672696114, "Wearing_Hat": 0.0003266381099820137, "Wearing_Lipstick": 0.0028963538352400064, "Wearing_Necklace": 0.008564268238842487, "Wearing_Necktie": 0.0015304340049624443, "Young": 0.19208291172981262, "df_race": "white", "df_race_prob": 75.57521316857417, "df_gender": "Man", "df_gender_prob": 99.28777813911438, "df_age": 45, "df_emotion": "angry", "df_emotion_prob": 63.57862949371338}