{"name": "Colleen_Donovan_0001.jpg", "5_o_Clock_Shadow": 0.006475412752479315, "Arched_Eyebrows": 0.008106203749775887, "Attractive": 0.11630459874868393, "Bags_Under_Eyes": 0.10973307490348816, "Bald": 0.0007991029415279627, "Bangs": 0.00034636835334822536, "Big_Lips": 0.030557354912161827, "Big_Nose": 0.0588071271777153, "Black_Hair": 0.0034204244147986174, "Blond_Hair": 0.029534585773944855, "Blurry": 0.5680338144302368, "Brown_Hair": 0.10116590559482574, "Bushy_Eyebrows": 0.0005318687180988491, "Chubby": 0.017872685566544533, "Double_Chin": 0.0056692929938435555, "Eyeglasses": 0.0008373368182219565, "Goatee": 0.00035515596391633153, "Gray_Hair": 0.0040147313848137856, "Heavy_Makeup": 0.00032770392135716975, "High_Cheekbones": 0.18169790506362915, "Male": 0.16724738478660583, "Mouth_Slightly_Open": 0.9783775210380554, "Mustache": 0.00037066495860926807, "Narrow_Eyes": 0.5912702679634094, "No_Beard": 0.9851570129394531, "Oval_Face": 0.3232729136943817, "Pale_Skin": 0.04208596795797348, "Pointy_Nose": 0.009427415207028389, "Receding_Hairline": 0.06129815801978111, "Rosy_Cheeks": 5.412116297520697e-05, "Sideburns": 0.0006497545982711017, "Smiling": 0.965743362903595, "Straight_Hair": 0.2858232855796814, "Wavy_Hair": 0.019205648452043533, "Wearing_Earrings": 0.010108225047588348, "Wearing_Hat": 0.0010731054935604334, "Wearing_Lipstick": 0.0007708765915594995, "Wearing_Necklace": 0.005317349918186665, "Wearing_Necktie": 0.002309846691787243, "Young": 0.901710569858551, "df_race": "white", "df_race_prob": 96.94327152451616, "df_gender": "Woman", "df_gender_prob": 99.4890809059143, "df_age": 27, "df_emotion": "happy", "df_emotion_prob": 99.99985694885254}