{"name": "Conchita_Martinez_0001.jpg", "5_o_Clock_Shadow": 0.004674999043345451, "Arched_Eyebrows": 0.007145031355321407, "Attractive": 0.013081805780529976, "Bags_Under_Eyes": 0.02336599864065647, "Bald": 0.00038069518632255495, "Bangs": 0.006642764434218407, "Big_Lips": 0.003323980141431093, "Big_Nose": 0.004905796609818935, "Black_Hair": 0.0013006569352000952, "Blond_Hair": 0.0465390644967556, "Blurry": 0.37149572372436523, "Brown_Hair": 0.054662689566612244, "Bushy_Eyebrows": 0.003339035902172327, "Chubby": 0.0011351839639246464, "Double_Chin": 0.000489111989736557, "Eyeglasses": 0.0007928016129881144, "Goatee": 0.0006012903759256005, "Gray_Hair": 0.009034018963575363, "Heavy_Makeup": 0.0030568416696041822, "High_Cheekbones": 0.08482227474451065, "Male": 0.1438876837491989, "Mouth_Slightly_Open": 0.4139936566352844, "Mustache": 0.00027691511786542833, "Narrow_Eyes": 0.003365724813193083, "No_Beard": 0.9942033886909485, "Oval_Face": 0.07709969580173492, "Pale_Skin": 0.0050930846482515335, "Pointy_Nose": 0.10780858993530273, "Receding_Hairline": 0.009573820978403091, "Rosy_Cheeks": 0.0002028445596806705, "Sideburns": 0.0009792387718334794, "Smiling": 0.001091444748453796, "Straight_Hair": 0.04954466596245766, "Wavy_Hair": 0.019690997898578644, "Wearing_Earrings": 0.058945510536432266, "Wearing_Hat": 0.16194114089012146, "Wearing_Lipstick": 0.002890662057325244, "Wearing_Necklace": 0.1788814514875412, "Wearing_Necktie": 0.0002284731308463961, "Young": 0.8851718306541443, "df_race": "white", "df_race_prob": 99.75249765828238, "df_gender": "Man", "df_gender_prob": 98.80030155181885, "df_age": 24, "df_emotion": "neutral", "df_emotion_prob": 76.85791254043579}