{"name": "Condoleezza_Rice_0003.jpg", "5_o_Clock_Shadow": 0.0014778957702219486, "Arched_Eyebrows": 0.20661309361457825, "Attractive": 0.045032694935798645, "Bags_Under_Eyes": 0.012995255179703236, "Bald": 0.0006400641286745667, "Bangs": 0.0003418904962018132, "Big_Lips": 0.08859968185424805, "Big_Nose": 0.03835495561361313, "Black_Hair": 0.06153831630945206, "Blond_Hair": 0.006867910735309124, "Blurry": 0.2993786931037903, "Brown_Hair": 0.059353798627853394, "Bushy_Eyebrows": 0.00018308598373550922, "Chubby": 0.022862030193209648, "Double_Chin": 0.004875720478594303, "Eyeglasses": 0.0005783108063042164, "Goatee": 0.00023222803429234773, "Gray_Hair": 0.0013060158817097545, "Heavy_Makeup": 0.0129424212500453, "High_Cheekbones": 0.20095720887184143, "Male": 0.0062450929544866085, "Mouth_Slightly_Open": 0.9039568901062012, "Mustache": 0.0004197418747935444, "Narrow_Eyes": 0.024083178490400314, "No_Beard": 0.9954173564910889, "Oval_Face": 0.3755831718444824, "Pale_Skin": 0.00855556782335043, "Pointy_Nose": 0.023822788149118423, "Receding_Hairline": 0.3250749111175537, "Rosy_Cheeks": 0.00017696840222924948, "Sideburns": 0.0005409471341408789, "Smiling": 0.022416315972805023, "Straight_Hair": 0.21117080748081207, "Wavy_Hair": 0.03479238599538803, "Wearing_Earrings": 0.5719497799873352, "Wearing_Hat": 0.0010862827766686678, "Wearing_Lipstick": 0.07349223643541336, "Wearing_Necklace": 0.027625173330307007, "Wearing_Necktie": 0.0022313487716019154, "Young": 0.26644277572631836, "df_race": "asian", "df_race_prob": 63.76117251880005, "df_gender": "Woman", "df_gender_prob": 98.12883138656616, "df_age": 30, "df_emotion": "fear", "df_emotion_prob": 49.98143911361694}