{"name": "Condoleezza_Rice_0011.jpg", "5_o_Clock_Shadow": 0.0009557855664752424, "Arched_Eyebrows": 0.03223274648189545, "Attractive": 0.061015114188194275, "Bags_Under_Eyes": 0.003323307726532221, "Bald": 0.0002534490777179599, "Bangs": 0.017476651817560196, "Big_Lips": 0.1544419676065445, "Big_Nose": 0.008447104133665562, "Black_Hair": 0.24212056398391724, "Blond_Hair": 0.0076211304403841496, "Blurry": 0.41133105754852295, "Brown_Hair": 0.0636167824268341, "Bushy_Eyebrows": 0.00027544423937797546, "Chubby": 0.01755799539387226, "Double_Chin": 0.003719090949743986, "Eyeglasses": 0.0011705891229212284, "Goatee": 0.0002206595818279311, "Gray_Hair": 0.0008986095199361444, "Heavy_Makeup": 0.08976419270038605, "High_Cheekbones": 0.11263957619667053, "Male": 0.003289795946329832, "Mouth_Slightly_Open": 0.9884499311447144, "Mustache": 0.00035011302679777145, "Narrow_Eyes": 0.010349498130381107, "No_Beard": 0.9976460337638855, "Oval_Face": 0.548336386680603, "Pale_Skin": 0.012570038437843323, "Pointy_Nose": 0.013548332266509533, "Receding_Hairline": 0.03007958084344864, "Rosy_Cheeks": 0.00022469513351097703, "Sideburns": 0.0004185701545793563, "Smiling": 0.036750148981809616, "Straight_Hair": 0.14968255162239075, "Wavy_Hair": 0.10659988969564438, "Wearing_Earrings": 0.538184642791748, "Wearing_Hat": 0.000596315716393292, "Wearing_Lipstick": 0.35623082518577576, "Wearing_Necklace": 0.048414446413517, "Wearing_Necktie": 0.0006388757028616965, "Young": 0.37350139021873474, "df_race": "indian", "df_race_prob": 69.20577104126042, "df_gender": "Man", "df_gender_prob": 91.41645431518555, "df_age": 30, "df_emotion": "sad", "df_emotion_prob": 99.9893009656251}