{"name": "Connie_Chung_0001.jpg", "5_o_Clock_Shadow": 0.0003587065148167312, "Arched_Eyebrows": 0.1545742005109787, "Attractive": 0.511284589767456, "Bags_Under_Eyes": 0.005890532396733761, "Bald": 8.861604146659374e-05, "Bangs": 0.01595928706228733, "Big_Lips": 0.07892358303070068, "Big_Nose": 0.005659245420247316, "Black_Hair": 0.07012415677309036, "Blond_Hair": 0.016775285825133324, "Blurry": 0.03006313368678093, "Brown_Hair": 0.04541327431797981, "Bushy_Eyebrows": 0.0007308264030143619, "Chubby": 0.003056975081562996, "Double_Chin": 0.0012399288825690746, "Eyeglasses": 0.0001193477219203487, "Goatee": 0.00019165943376719952, "Gray_Hair": 0.0011151310754939914, "Heavy_Makeup": 0.5495370030403137, "High_Cheekbones": 0.7607965469360352, "Male": 0.0005096124368719757, "Mouth_Slightly_Open": 0.9925044775009155, "Mustache": 0.00013259031402412802, "Narrow_Eyes": 0.6515475511550903, "No_Beard": 0.9991762042045593, "Oval_Face": 0.37955647706985474, "Pale_Skin": 0.05752153694629669, "Pointy_Nose": 0.09527432173490524, "Receding_Hairline": 0.0006342412671074271, "Rosy_Cheeks": 0.0006951784016564488, "Sideburns": 0.0002513827639631927, "Smiling": 0.9873847961425781, "Straight_Hair": 0.529427707195282, "Wavy_Hair": 0.042375598102808, "Wearing_Earrings": 0.10665354132652283, "Wearing_Hat": 0.001318613183684647, "Wearing_Lipstick": 0.8427858948707581, "Wearing_Necklace": 0.010660700500011444, "Wearing_Necktie": 0.00037147008697502315, "Young": 0.23644942045211792, "df_race": "asian", "df_race_prob": 63.4407639503479, "df_gender": "Woman", "df_gender_prob": 99.99347925186157, "df_age": 33, "df_emotion": "fear", "df_emotion_prob": 82.8877329826355}