{"name": "Corey_Maggette_0001.jpg", "5_o_Clock_Shadow": 0.041922710835933685, "Arched_Eyebrows": 0.008222954347729683, "Attractive": 0.0056745256297290325, "Bags_Under_Eyes": 0.0026956198271363974, "Bald": 0.0028474375139921904, "Bangs": 0.0012316815555095673, "Big_Lips": 0.4533352553844452, "Big_Nose": 0.23861321806907654, "Black_Hair": 0.02038206346333027, "Blond_Hair": 0.010238787159323692, "Blurry": 0.15805429220199585, "Brown_Hair": 0.0021589663811028004, "Bushy_Eyebrows": 0.013822885230183601, "Chubby": 0.013687333092093468, "Double_Chin": 0.0010755843250080943, "Eyeglasses": 0.0035752879921346903, "Goatee": 0.036794163286685944, "Gray_Hair": 0.0020120495464652777, "Heavy_Makeup": 0.0006743472767993808, "High_Cheekbones": 0.14800134301185608, "Male": 0.987723708152771, "Mouth_Slightly_Open": 0.8614124655723572, "Mustache": 0.01788473315536976, "Narrow_Eyes": 0.11313661187887192, "No_Beard": 0.5258466601371765, "Oval_Face": 0.20008572936058044, "Pale_Skin": 0.000890919181983918, "Pointy_Nose": 0.0013267435133457184, "Receding_Hairline": 0.07463951408863068, "Rosy_Cheeks": 2.986621984746307e-05, "Sideburns": 0.004000397864729166, "Smiling": 0.006766353268176317, "Straight_Hair": 0.009314279071986675, "Wavy_Hair": 0.00676111551001668, "Wearing_Earrings": 0.01144809927791357, "Wearing_Hat": 0.001124072470702231, "Wearing_Lipstick": 0.0005876524955965579, "Wearing_Necklace": 0.007434172555804253, "Wearing_Necktie": 0.00034086222876794636, "Young": 0.9444388747215271, "df_race": "black", "df_race_prob": 95.4092025756836, "df_gender": "Man", "df_gender_prob": 99.81095790863037, "df_age": 24, "df_emotion": "neutral", "df_emotion_prob": 96.55873775482178}