{"name": "Craig_Burley_0001.jpg", "5_o_Clock_Shadow": 0.051859769970178604, "Arched_Eyebrows": 0.000693314301315695, "Attractive": 0.03637522831559181, "Bags_Under_Eyes": 0.0494750514626503, "Bald": 0.0010398944141343236, "Bangs": 0.00017036811914294958, "Big_Lips": 0.014765290543437004, "Big_Nose": 0.02995312586426735, "Black_Hair": 0.009846932254731655, "Blond_Hair": 0.028562070801854134, "Blurry": 0.2224341332912445, "Brown_Hair": 0.2506568431854248, "Bushy_Eyebrows": 0.000599358812905848, "Chubby": 0.010450213216245174, "Double_Chin": 0.005266664084047079, "Eyeglasses": 0.0018082080641761422, "Goatee": 0.0014622121816501021, "Gray_Hair": 0.00907184649258852, "Heavy_Makeup": 0.00047610202454961836, "High_Cheekbones": 0.25147926807403564, "Male": 0.9943471550941467, "Mouth_Slightly_Open": 0.9976644515991211, "Mustache": 0.0010855456348508596, "Narrow_Eyes": 0.4183443784713745, "No_Beard": 0.9641550779342651, "Oval_Face": 0.16140508651733398, "Pale_Skin": 0.01971457526087761, "Pointy_Nose": 0.016617169603705406, "Receding_Hairline": 0.040303874760866165, "Rosy_Cheeks": 0.00012264077668078244, "Sideburns": 0.0024605796206742525, "Smiling": 0.1952522248029709, "Straight_Hair": 0.4707399606704712, "Wavy_Hair": 0.01387932151556015, "Wearing_Earrings": 0.0016407290240749717, "Wearing_Hat": 0.0007113225292414427, "Wearing_Lipstick": 0.00037596331094391644, "Wearing_Necklace": 0.0012712003663182259, "Wearing_Necktie": 0.0019069986883550882, "Young": 0.9169889688491821, "df_race": "white", "df_race_prob": 59.815120697021484, "df_gender": "Man", "df_gender_prob": 93.70003342628479, "df_age": 30, "df_emotion": "sad", "df_emotion_prob": 99.99433755942135}