{"name": "Craig_David_0001.jpg", "5_o_Clock_Shadow": 0.11057847738265991, "Arched_Eyebrows": 0.04515419900417328, "Attractive": 0.10141052305698395, "Bags_Under_Eyes": 0.009687099605798721, "Bald": 0.0036958507262170315, "Bangs": 0.0019497120520099998, "Big_Lips": 0.25951847434043884, "Big_Nose": 0.3471135199069977, "Black_Hair": 0.006623956374824047, "Blond_Hair": 0.0013152004685252905, "Blurry": 0.021945318207144737, "Brown_Hair": 0.001955636078491807, "Bushy_Eyebrows": 0.04305201396346092, "Chubby": 0.01751827821135521, "Double_Chin": 0.001395441242493689, "Eyeglasses": 0.001221628044731915, "Goatee": 0.7949947118759155, "Gray_Hair": 0.0004448798717930913, "Heavy_Makeup": 0.0011988140176981688, "High_Cheekbones": 0.005987925920635462, "Male": 0.9972449541091919, "Mouth_Slightly_Open": 0.008372562937438488, "Mustache": 0.3347744345664978, "Narrow_Eyes": 0.001730022020637989, "No_Beard": 0.018823418766260147, "Oval_Face": 0.2574029862880707, "Pale_Skin": 0.016573993489146233, "Pointy_Nose": 0.005966688506305218, "Receding_Hairline": 0.002734267385676503, "Rosy_Cheeks": 3.967667362303473e-05, "Sideburns": 0.12242630124092102, "Smiling": 0.00030725024407729506, "Straight_Hair": 0.0033724429085850716, "Wavy_Hair": 0.001696558203548193, "Wearing_Earrings": 0.009240147657692432, "Wearing_Hat": 0.9239281415939331, "Wearing_Lipstick": 0.0026114226784557104, "Wearing_Necklace": 0.0048665995709598064, "Wearing_Necktie": 0.002413212787359953, "Young": 0.8998462557792664, "df_race": "latino hispanic", "df_race_prob": 32.54882291250365, "df_gender": "Man", "df_gender_prob": 99.97560381889343, "df_age": 22, "df_emotion": "neutral", "df_emotion_prob": 94.81916365851923}