{"name": "Cristian_Barros_0001.jpg", "5_o_Clock_Shadow": 0.026345405727624893, "Arched_Eyebrows": 0.0043060434982180595, "Attractive": 0.01602987013757229, "Bags_Under_Eyes": 0.5137248635292053, "Bald": 0.0013889208203181624, "Bangs": 0.004533905535936356, "Big_Lips": 0.007181432563811541, "Big_Nose": 0.4054418206214905, "Black_Hair": 0.0029306933283805847, "Blond_Hair": 0.04020603373646736, "Blurry": 0.27947792410850525, "Brown_Hair": 0.0335477776825428, "Bushy_Eyebrows": 0.003400498302653432, "Chubby": 0.2812870144844055, "Double_Chin": 0.41225466132164, "Eyeglasses": 0.0014400568325072527, "Goatee": 0.0017753316788002849, "Gray_Hair": 0.2811014950275421, "Heavy_Makeup": 0.00012220673670526594, "High_Cheekbones": 0.30538204312324524, "Male": 0.9961354732513428, "Mouth_Slightly_Open": 0.06115405261516571, "Mustache": 0.009390615858137608, "Narrow_Eyes": 0.2741803228855133, "No_Beard": 0.9669897556304932, "Oval_Face": 0.1864835023880005, "Pale_Skin": 0.03877273574471474, "Pointy_Nose": 0.009211519733071327, "Receding_Hairline": 0.0038362920749932528, "Rosy_Cheeks": 6.8213019403629e-05, "Sideburns": 0.0012597674503922462, "Smiling": 0.7987747192382812, "Straight_Hair": 0.5912709832191467, "Wavy_Hair": 0.0131743298843503, "Wearing_Earrings": 0.0004124614060856402, "Wearing_Hat": 0.0004257664259057492, "Wearing_Lipstick": 0.00013480753113981336, "Wearing_Necklace": 0.0006049094372428954, "Wearing_Necktie": 0.576964259147644, "Young": 0.027201930060982704, "df_race": "white", "df_race_prob": 47.97821044921875, "df_gender": "Man", "df_gender_prob": 99.99421834945679, "df_age": 38, "df_emotion": "happy", "df_emotion_prob": 94.2787766456604}