{"name": "Cruz_Bustamante_0001.jpg", "5_o_Clock_Shadow": 0.046358704566955566, "Arched_Eyebrows": 0.034857377409935, "Attractive": 0.03329825401306152, "Bags_Under_Eyes": 0.3999120593070984, "Bald": 0.3980109691619873, "Bangs": 0.0005138497217558324, "Big_Lips": 0.007183428853750229, "Big_Nose": 0.15518774092197418, "Black_Hair": 0.011588351801037788, "Blond_Hair": 0.004656559322029352, "Blurry": 0.03675898164510727, "Brown_Hair": 0.002393219619989395, "Bushy_Eyebrows": 0.14334224164485931, "Chubby": 0.3514062762260437, "Double_Chin": 0.1921788901090622, "Eyeglasses": 0.002353015588596463, "Goatee": 0.0031427626963704824, "Gray_Hair": 0.02192874811589718, "Heavy_Makeup": 0.0002583374734967947, "High_Cheekbones": 0.6998329758644104, "Male": 0.997877836227417, "Mouth_Slightly_Open": 0.8547638654708862, "Mustache": 0.017455998808145523, "Narrow_Eyes": 0.5210078358650208, "No_Beard": 0.8215939402580261, "Oval_Face": 0.7689392566680908, "Pale_Skin": 0.013785176910459995, "Pointy_Nose": 0.017123252153396606, "Receding_Hairline": 0.389045774936676, "Rosy_Cheeks": 8.73367753229104e-05, "Sideburns": 0.0028816931881010532, "Smiling": 0.9934544563293457, "Straight_Hair": 0.014666727744042873, "Wavy_Hair": 0.0016753958771005273, "Wearing_Earrings": 0.0008323760121129453, "Wearing_Hat": 0.0005489564500749111, "Wearing_Lipstick": 0.00034810593933798373, "Wearing_Necklace": 0.00027825342840515077, "Wearing_Necktie": 0.36664605140686035, "Young": 0.09106836467981339, "df_race": "latino hispanic", "df_race_prob": 33.447715640068054, "df_gender": "Man", "df_gender_prob": 99.99856948852539, "df_age": 39, "df_emotion": "happy", "df_emotion_prob": 99.46417808532715}