{"name": "Curtis_Joseph_0001.jpg", "5_o_Clock_Shadow": 0.2808540463447571, "Arched_Eyebrows": 0.009764487855136395, "Attractive": 0.40254369378089905, "Bags_Under_Eyes": 0.019662369042634964, "Bald": 0.003166730049997568, "Bangs": 5.5214972235262394e-05, "Big_Lips": 0.00271345186047256, "Big_Nose": 0.04477081447839737, "Black_Hair": 0.0028196547646075487, "Blond_Hair": 0.03753102943301201, "Blurry": 0.006552657578140497, "Brown_Hair": 0.05685998871922493, "Bushy_Eyebrows": 0.02493187040090561, "Chubby": 0.0029827095568180084, "Double_Chin": 0.008609146811068058, "Eyeglasses": 0.0005917955422773957, "Goatee": 0.0005484444554895163, "Gray_Hair": 0.014282631687819958, "Heavy_Makeup": 0.0002683116472326219, "High_Cheekbones": 0.030713913962244987, "Male": 0.9996808767318726, "Mouth_Slightly_Open": 0.6797209978103638, "Mustache": 0.0002356635086471215, "Narrow_Eyes": 0.010139716789126396, "No_Beard": 0.9322494268417358, "Oval_Face": 0.5889267921447754, "Pale_Skin": 0.018204260617494583, "Pointy_Nose": 0.05398759990930557, "Receding_Hairline": 0.23099102079868317, "Rosy_Cheeks": 0.0001589323510415852, "Sideburns": 0.0010928967967629433, "Smiling": 0.8149150013923645, "Straight_Hair": 0.2601519823074341, "Wavy_Hair": 0.006512008607387543, "Wearing_Earrings": 0.0003960330504924059, "Wearing_Hat": 9.215965837938711e-05, "Wearing_Lipstick": 0.00031853021937422454, "Wearing_Necklace": 0.0009701179224066436, "Wearing_Necktie": 0.002840080764144659, "Young": 0.6622660160064697, "df_race": "white", "df_race_prob": 48.75142574310303, "df_gender": "Man", "df_gender_prob": 99.9995470046997, "df_age": 25, "df_emotion": "happy", "df_emotion_prob": 82.20643997192383}