{"name": "Cynthia_Nixon_0001.jpg", "5_o_Clock_Shadow": 0.0008846062701195478, "Arched_Eyebrows": 0.00635414058342576, "Attractive": 0.3972211182117462, "Bags_Under_Eyes": 0.018536308780312538, "Bald": 0.00046580054913647473, "Bangs": 0.003077017841860652, "Big_Lips": 0.028830235823988914, "Big_Nose": 0.010694903321564198, "Black_Hair": 0.0003497153811622411, "Blond_Hair": 0.8332762718200684, "Blurry": 0.03233917057514191, "Brown_Hair": 0.018565934151411057, "Bushy_Eyebrows": 9.217188198817894e-05, "Chubby": 0.0011505772126838565, "Double_Chin": 0.00046137181925587356, "Eyeglasses": 0.0005765559617429972, "Goatee": 0.0001779011363396421, "Gray_Hair": 0.007773861289024353, "Heavy_Makeup": 0.024313470348715782, "High_Cheekbones": 0.4821265637874603, "Male": 0.011146089993417263, "Mouth_Slightly_Open": 0.0005559333367273211, "Mustache": 0.0001226551685249433, "Narrow_Eyes": 0.003685033181682229, "No_Beard": 0.99910968542099, "Oval_Face": 0.17753122746944427, "Pale_Skin": 0.12184622883796692, "Pointy_Nose": 0.20590606331825256, "Receding_Hairline": 0.013168138451874256, "Rosy_Cheeks": 0.0006881825975142419, "Sideburns": 0.00035491344169713557, "Smiling": 0.06358737498521805, "Straight_Hair": 0.15794849395751953, "Wavy_Hair": 0.03443058580160141, "Wearing_Earrings": 0.5643869638442993, "Wearing_Hat": 0.00021439307602122426, "Wearing_Lipstick": 0.10017766803503036, "Wearing_Necklace": 0.012992899864912033, "Wearing_Necktie": 0.0007860969053581357, "Young": 0.6098372936248779, "df_race": "white", "df_race_prob": 98.51406207764519, "df_gender": "Woman", "df_gender_prob": 99.56562519073486, "df_age": 33, "df_emotion": "neutral", "df_emotion_prob": 76.58568024635315}