{"name": "Dale_Earnhardt_Jr_0004.jpg", "5_o_Clock_Shadow": 0.057233069092035294, "Arched_Eyebrows": 0.002532350365072489, "Attractive": 0.03126847743988037, "Bags_Under_Eyes": 0.1036885529756546, "Bald": 0.006634233985096216, "Bangs": 0.0010433169081807137, "Big_Lips": 0.014470900408923626, "Big_Nose": 0.07310481369495392, "Black_Hair": 0.0005049978499300778, "Blond_Hair": 0.02648705057799816, "Blurry": 0.25830578804016113, "Brown_Hair": 0.006284614093601704, "Bushy_Eyebrows": 0.00010901576024480164, "Chubby": 0.10057122260332108, "Double_Chin": 0.1475801318883896, "Eyeglasses": 0.0011444210540503263, "Goatee": 0.0006788098835386336, "Gray_Hair": 0.014083576388657093, "Heavy_Makeup": 0.000342737854225561, "High_Cheekbones": 0.43599724769592285, "Male": 0.9959564805030823, "Mouth_Slightly_Open": 0.9915093183517456, "Mustache": 0.0008232275722548366, "Narrow_Eyes": 0.06330540031194687, "No_Beard": 0.9714837670326233, "Oval_Face": 0.3625207841396332, "Pale_Skin": 0.025188062340021133, "Pointy_Nose": 0.032637663185596466, "Receding_Hairline": 0.005490693263709545, "Rosy_Cheeks": 0.0006375116645358503, "Sideburns": 0.0016429126262664795, "Smiling": 0.9442151188850403, "Straight_Hair": 0.011485821567475796, "Wavy_Hair": 0.0045608761720359325, "Wearing_Earrings": 0.0034835319966077805, "Wearing_Hat": 0.8319689631462097, "Wearing_Lipstick": 0.000533278682269156, "Wearing_Necklace": 0.0024759487714618444, "Wearing_Necktie": 0.003763675456866622, "Young": 0.592963457107544, "df_race": "white", "df_race_prob": 99.32002425193787, "df_gender": "Man", "df_gender_prob": 99.99221563339233, "df_age": 26, "df_emotion": "happy", "df_emotion_prob": 95.66965103149414}