{"name": "Dale_Earnhardt_Jr_0003.jpg", "5_o_Clock_Shadow": 0.10321281850337982, "Arched_Eyebrows": 0.00033759986399672925, "Attractive": 0.045504312962293625, "Bags_Under_Eyes": 0.05449502170085907, "Bald": 0.0014776249881833792, "Bangs": 0.0008966504246927798, "Big_Lips": 0.008183524012565613, "Big_Nose": 0.12262517958879471, "Black_Hair": 0.0008440099190920591, "Blond_Hair": 0.002826128853484988, "Blurry": 0.1047099158167839, "Brown_Hair": 0.0033060088753700256, "Bushy_Eyebrows": 0.0006957832374610007, "Chubby": 0.024736784398555756, "Double_Chin": 0.008174286223948002, "Eyeglasses": 0.009004156105220318, "Goatee": 0.00191011861898005, "Gray_Hair": 0.0043976884335279465, "Heavy_Makeup": 0.0002498608664609492, "High_Cheekbones": 0.107730932533741, "Male": 0.9924411773681641, "Mouth_Slightly_Open": 0.0040231067687273026, "Mustache": 0.0012578502064570785, "Narrow_Eyes": 0.05636939778923988, "No_Beard": 0.9433369636535645, "Oval_Face": 0.12212710827589035, "Pale_Skin": 0.020160969346761703, "Pointy_Nose": 0.03629310056567192, "Receding_Hairline": 0.0009583972278051078, "Rosy_Cheeks": 0.00010774048860184848, "Sideburns": 0.003232225077226758, "Smiling": 0.06145145371556282, "Straight_Hair": 0.004908770322799683, "Wavy_Hair": 0.0032780386973172426, "Wearing_Earrings": 0.0036203365307301283, "Wearing_Hat": 0.9630218744277954, "Wearing_Lipstick": 0.0002448751765768975, "Wearing_Necklace": 0.0022302446886897087, "Wearing_Necktie": 0.0019674208015203476, "Young": 0.6343021392822266, "df_race": "white", "df_race_prob": 99.12577867507935, "df_gender": "Man", "df_gender_prob": 99.89584684371948, "df_age": 29, "df_emotion": "sad", "df_emotion_prob": 54.72719073295593}