{"name": "Dan_LaCoutre_0001.jpg", "5_o_Clock_Shadow": 0.022867592051625252, "Arched_Eyebrows": 0.0031668473966419697, "Attractive": 0.008297277614474297, "Bags_Under_Eyes": 0.06699886918067932, "Bald": 0.002295890124514699, "Bangs": 0.0021869868505746126, "Big_Lips": 0.018263285979628563, "Big_Nose": 0.06819813698530197, "Black_Hair": 0.0011321973288431764, "Blond_Hair": 0.06003756448626518, "Blurry": 0.5779338479042053, "Brown_Hair": 0.03890608996152878, "Bushy_Eyebrows": 0.00020348381076473743, "Chubby": 0.07763846218585968, "Double_Chin": 0.033131856471300125, "Eyeglasses": 0.003071937710046768, "Goatee": 0.0028747115284204483, "Gray_Hair": 0.05957581102848053, "Heavy_Makeup": 0.00022132223239168525, "High_Cheekbones": 0.052505362778902054, "Male": 0.9892577528953552, "Mouth_Slightly_Open": 0.9950821399688721, "Mustache": 0.003247230313718319, "Narrow_Eyes": 0.7694435715675354, "No_Beard": 0.9040440917015076, "Oval_Face": 0.20246368646621704, "Pale_Skin": 0.013982054777443409, "Pointy_Nose": 0.011629052460193634, "Receding_Hairline": 0.040097426623106, "Rosy_Cheeks": 5.257204611552879e-05, "Sideburns": 0.004393782000988722, "Smiling": 0.16275887191295624, "Straight_Hair": 0.11665166914463043, "Wavy_Hair": 0.023725837469100952, "Wearing_Earrings": 0.0015939031727612019, "Wearing_Hat": 0.0005474479403346777, "Wearing_Lipstick": 0.00013305664469953626, "Wearing_Necklace": 0.0022269512992352247, "Wearing_Necktie": 0.006072808522731066, "Young": 0.7575556635856628, "df_race": "white", "df_race_prob": 95.15784353958628, "df_gender": "Man", "df_gender_prob": 99.98437166213989, "df_age": 46, "df_emotion": "angry", "df_emotion_prob": 79.36035640712304}