{"name": "Dan_Snyder_0001.jpg", "5_o_Clock_Shadow": 0.012313486076891422, "Arched_Eyebrows": 0.0028194428887218237, "Attractive": 0.005447481293231249, "Bags_Under_Eyes": 0.1392536461353302, "Bald": 0.0017971128690987825, "Bangs": 0.00017643078172113746, "Big_Lips": 0.011668293736875057, "Big_Nose": 0.35936954617500305, "Black_Hair": 0.12491194903850555, "Blond_Hair": 0.0017923291306942701, "Blurry": 0.0948004499077797, "Brown_Hair": 0.02912762202322483, "Bushy_Eyebrows": 0.009943307377398014, "Chubby": 0.3262121081352234, "Double_Chin": 0.31633561849594116, "Eyeglasses": 0.9968330264091492, "Goatee": 0.0004280500579625368, "Gray_Hair": 0.07518291473388672, "Heavy_Makeup": 0.00025791735970415175, "High_Cheekbones": 0.5498482584953308, "Male": 0.9988866448402405, "Mouth_Slightly_Open": 0.9987421631813049, "Mustache": 0.001841938472352922, "Narrow_Eyes": 0.006572190206497908, "No_Beard": 0.9882005453109741, "Oval_Face": 0.26200780272483826, "Pale_Skin": 0.015183799900114536, "Pointy_Nose": 0.011425461620092392, "Receding_Hairline": 0.009770805947482586, "Rosy_Cheeks": 0.00027867211611010134, "Sideburns": 0.0005989316268824041, "Smiling": 0.9694674611091614, "Straight_Hair": 0.8399118781089783, "Wavy_Hair": 0.003828735090792179, "Wearing_Earrings": 0.000834417762234807, "Wearing_Hat": 0.0007847720989957452, "Wearing_Lipstick": 0.00044842716306447983, "Wearing_Necklace": 0.0004020455526188016, "Wearing_Necktie": 0.688948392868042, "Young": 0.019830305129289627, "df_race": "white", "df_race_prob": 79.46601754832058, "df_gender": "Man", "df_gender_prob": 99.98015761375427, "df_age": 33, "df_emotion": "happy", "df_emotion_prob": 99.97360110282898}