{"name": "Daniel_Chin_0001.jpg", "5_o_Clock_Shadow": 0.01634555496275425, "Arched_Eyebrows": 0.00030164269264787436, "Attractive": 0.010410038754343987, "Bags_Under_Eyes": 0.04015881195664406, "Bald": 0.00026776298182085156, "Bangs": 0.016629422083497047, "Big_Lips": 0.00594341242685914, "Big_Nose": 0.12657047808170319, "Black_Hair": 0.1643795520067215, "Blond_Hair": 0.0013862962368875742, "Blurry": 0.08658906072378159, "Brown_Hair": 0.020486537367105484, "Bushy_Eyebrows": 0.03511825576424599, "Chubby": 0.0035272210370749235, "Double_Chin": 0.002116690156981349, "Eyeglasses": 0.938767671585083, "Goatee": 0.0017438302747905254, "Gray_Hair": 0.017458558082580566, "Heavy_Makeup": 0.00016515390598215163, "High_Cheekbones": 0.5225477814674377, "Male": 0.9959402084350586, "Mouth_Slightly_Open": 0.019392188638448715, "Mustache": 0.006388087756931782, "Narrow_Eyes": 0.007222615648061037, "No_Beard": 0.9769590497016907, "Oval_Face": 0.16695789992809296, "Pale_Skin": 0.0016600033268332481, "Pointy_Nose": 0.010238773189485073, "Receding_Hairline": 0.0002568229683674872, "Rosy_Cheeks": 6.0745405789930373e-05, "Sideburns": 0.001038936898112297, "Smiling": 0.10448689013719559, "Straight_Hair": 0.615338146686554, "Wavy_Hair": 0.012242025695741177, "Wearing_Earrings": 0.0007324087782762945, "Wearing_Hat": 0.001667212462052703, "Wearing_Lipstick": 0.00015609692491125315, "Wearing_Necklace": 0.0003177007311023772, "Wearing_Necktie": 0.3210148215293884, "Young": 0.14973007142543793, "df_race": "indian", "df_race_prob": 91.88997149467468, "df_gender": "Man", "df_gender_prob": 99.54954385757446, "df_age": 28, "df_emotion": "happy", "df_emotion_prob": 80.27034997940063}