{"name": "Daniela_Cicarelli_0001.jpg", "5_o_Clock_Shadow": 0.00037195219192653894, "Arched_Eyebrows": 0.23555989563465118, "Attractive": 0.5971184372901917, "Bags_Under_Eyes": 0.10827315598726273, "Bald": 0.00017452603788115084, "Bangs": 0.8966224789619446, "Big_Lips": 0.3919866383075714, "Big_Nose": 0.023715373128652573, "Black_Hair": 0.0019401354948058724, "Blond_Hair": 0.16591794788837433, "Blurry": 0.14544421434402466, "Brown_Hair": 0.14049622416496277, "Bushy_Eyebrows": 0.0034754681400954723, "Chubby": 0.0009140627225860953, "Double_Chin": 0.0007868725806474686, "Eyeglasses": 0.0002381942031206563, "Goatee": 0.00029598281253129244, "Gray_Hair": 0.0006058582803234458, "Heavy_Makeup": 0.1664624661207199, "High_Cheekbones": 0.8744007349014282, "Male": 0.0016545288963243365, "Mouth_Slightly_Open": 0.9989069700241089, "Mustache": 0.00013759912690147758, "Narrow_Eyes": 0.5995175838470459, "No_Beard": 0.999067485332489, "Oval_Face": 0.175432488322258, "Pale_Skin": 0.054513365030288696, "Pointy_Nose": 0.1679629534482956, "Receding_Hairline": 9.53677881625481e-05, "Rosy_Cheeks": 0.00013456211308948696, "Sideburns": 0.00033440388506278396, "Smiling": 0.9981167316436768, "Straight_Hair": 0.40852972865104675, "Wavy_Hair": 0.10436660051345825, "Wearing_Earrings": 0.011005782522261143, "Wearing_Hat": 0.0007749784854240716, "Wearing_Lipstick": 0.5053276419639587, "Wearing_Necklace": 0.07243400067090988, "Wearing_Necktie": 0.00010153462062589824, "Young": 0.8210209012031555, "df_race": "white", "df_race_prob": 50.474315825186274, "df_gender": "Woman", "df_gender_prob": 99.99997615814209, "df_age": 32, "df_emotion": "happy", "df_emotion_prob": 97.82978918197284}