{"name": "Daniel_Day-Lewis_0001.jpg", "5_o_Clock_Shadow": 0.03241482004523277, "Arched_Eyebrows": 0.008361299522221088, "Attractive": 0.1070040836930275, "Bags_Under_Eyes": 0.37204602360725403, "Bald": 0.9113267660140991, "Bangs": 0.008429226465523243, "Big_Lips": 0.02462657168507576, "Big_Nose": 0.2704926133155823, "Black_Hair": 0.0018449893686920404, "Blond_Hair": 0.007431910838931799, "Blurry": 0.34959444403648376, "Brown_Hair": 0.0038052441086620092, "Bushy_Eyebrows": 0.04072806239128113, "Chubby": 0.06322967261075974, "Double_Chin": 0.03842587769031525, "Eyeglasses": 0.009377455338835716, "Goatee": 0.002592320553958416, "Gray_Hair": 0.042441289871931076, "Heavy_Makeup": 0.0005275558214634657, "High_Cheekbones": 0.6676676273345947, "Male": 0.9976670742034912, "Mouth_Slightly_Open": 0.042281635105609894, "Mustache": 0.0020098581444472075, "Narrow_Eyes": 0.31057819724082947, "No_Beard": 0.9734252691268921, "Oval_Face": 0.22676007449626923, "Pale_Skin": 0.19918188452720642, "Pointy_Nose": 0.04821544513106346, "Receding_Hairline": 0.027661707252264023, "Rosy_Cheeks": 5.685069118044339e-05, "Sideburns": 0.0015415678499266505, "Smiling": 0.9887692928314209, "Straight_Hair": 0.009435994550585747, "Wavy_Hair": 0.004250508267432451, "Wearing_Earrings": 0.002651692135259509, "Wearing_Hat": 0.003020144999027252, "Wearing_Lipstick": 0.0009308041771873832, "Wearing_Necklace": 0.0006157561438158154, "Wearing_Necktie": 0.6437371969223022, "Young": 0.272943377494812, "df_race": "middle eastern", "df_race_prob": 56.44514560699463, "df_gender": "Man", "df_gender_prob": 99.99958276748657, "df_age": 28, "df_emotion": "happy", "df_emotion_prob": 99.99591112136841}