{"name": "Daniel_Montenegro_0001.jpg", "5_o_Clock_Shadow": 0.20957349240779877, "Arched_Eyebrows": 0.006311223842203617, "Attractive": 0.04048025235533714, "Bags_Under_Eyes": 0.16330131888389587, "Bald": 0.0008976522949524224, "Bangs": 0.000294660305371508, "Big_Lips": 0.025169527158141136, "Big_Nose": 0.13728055357933044, "Black_Hair": 0.31440797448158264, "Blond_Hair": 0.0027186882216483355, "Blurry": 0.4020102620124817, "Brown_Hair": 0.01684350147843361, "Bushy_Eyebrows": 0.3865033984184265, "Chubby": 0.012416866607964039, "Double_Chin": 0.004434657748788595, "Eyeglasses": 0.0015886086039245129, "Goatee": 0.005999937187880278, "Gray_Hair": 0.001584519981406629, "Heavy_Makeup": 0.00029673916287720203, "High_Cheekbones": 0.6348176002502441, "Male": 0.9970752000808716, "Mouth_Slightly_Open": 0.9931684732437134, "Mustache": 0.0029484229162335396, "Narrow_Eyes": 0.691544234752655, "No_Beard": 0.8732811808586121, "Oval_Face": 0.37164562940597534, "Pale_Skin": 0.0010702646104618907, "Pointy_Nose": 0.020689496770501137, "Receding_Hairline": 0.015688231214880943, "Rosy_Cheeks": 8.39071799418889e-05, "Sideburns": 0.003512508003041148, "Smiling": 0.8833814859390259, "Straight_Hair": 0.2786622941493988, "Wavy_Hair": 0.005908743944019079, "Wearing_Earrings": 0.0033084952738136053, "Wearing_Hat": 0.0012830084888264537, "Wearing_Lipstick": 0.00019439416064415127, "Wearing_Necklace": 0.0015413638902828097, "Wearing_Necktie": 0.001177625497803092, "Young": 0.9547876715660095, "df_race": "middle eastern", "df_race_prob": 28.60739827156067, "df_gender": "Man", "df_gender_prob": 99.94040727615356, "df_age": 29, "df_emotion": "happy", "df_emotion_prob": 99.91863369941711}