{"name": "Darrell_Dickey_0001.jpg", "5_o_Clock_Shadow": 0.020626993849873543, "Arched_Eyebrows": 0.0017659914446994662, "Attractive": 0.011001931503415108, "Bags_Under_Eyes": 0.2091647982597351, "Bald": 0.7554976940155029, "Bangs": 0.0009940643794834614, "Big_Lips": 0.018186792731285095, "Big_Nose": 0.04765626788139343, "Black_Hair": 0.0042148311622440815, "Blond_Hair": 0.008237678557634354, "Blurry": 0.03144131600856781, "Brown_Hair": 0.005512778647243977, "Bushy_Eyebrows": 0.00032213691156357527, "Chubby": 0.6171286106109619, "Double_Chin": 0.29360759258270264, "Eyeglasses": 0.0012037340784445405, "Goatee": 0.001379029592499137, "Gray_Hair": 0.031287577003240585, "Heavy_Makeup": 0.0002804477699100971, "High_Cheekbones": 0.5246452689170837, "Male": 0.9978298544883728, "Mouth_Slightly_Open": 0.9929384589195251, "Mustache": 0.0007796454010531306, "Narrow_Eyes": 0.42161622643470764, "No_Beard": 0.9857853055000305, "Oval_Face": 0.5529448986053467, "Pale_Skin": 0.013636212795972824, "Pointy_Nose": 0.011869395151734352, "Receding_Hairline": 0.06662943214178085, "Rosy_Cheeks": 0.0002624526678118855, "Sideburns": 0.002314860699698329, "Smiling": 0.6175098419189453, "Straight_Hair": 0.015842581167817116, "Wavy_Hair": 0.0021377778612077236, "Wearing_Earrings": 0.0017302435589954257, "Wearing_Hat": 0.001009974512271583, "Wearing_Lipstick": 0.00021319488587323576, "Wearing_Necklace": 0.001251619542017579, "Wearing_Necktie": 0.006657537538558245, "Young": 0.23736676573753357, "df_race": "black", "df_race_prob": 26.066604256629944, "df_gender": "Man", "df_gender_prob": 99.93144273757935, "df_age": 28, "df_emotion": "happy", "df_emotion_prob": 56.83501958847046}