{"name": "David_Beckham_0016.jpg", "5_o_Clock_Shadow": 0.2884911894798279, "Arched_Eyebrows": 0.003808198729529977, "Attractive": 0.09592371433973312, "Bags_Under_Eyes": 0.01555548794567585, "Bald": 0.004251585807651281, "Bangs": 9.514379780739546e-05, "Big_Lips": 0.01990281045436859, "Big_Nose": 0.09775637835264206, "Black_Hair": 0.0029386295937001705, "Blond_Hair": 0.07652237266302109, "Blurry": 0.13262344896793365, "Brown_Hair": 0.0036344288382679224, "Bushy_Eyebrows": 0.00020774122094735503, "Chubby": 0.005967958364635706, "Double_Chin": 0.006336378399282694, "Eyeglasses": 0.001999911852180958, "Goatee": 0.002756407018750906, "Gray_Hair": 0.10580798983573914, "Heavy_Makeup": 0.00010647403541952372, "High_Cheekbones": 0.025741610676050186, "Male": 0.9973069429397583, "Mouth_Slightly_Open": 0.00273085362277925, "Mustache": 0.003099493682384491, "Narrow_Eyes": 0.023339461535215378, "No_Beard": 0.7708975672721863, "Oval_Face": 0.14535273611545563, "Pale_Skin": 0.019120052456855774, "Pointy_Nose": 0.1593826413154602, "Receding_Hairline": 0.4122620224952698, "Rosy_Cheeks": 0.00016940121713560075, "Sideburns": 0.0021491507068276405, "Smiling": 0.006751138251274824, "Straight_Hair": 0.11211680620908737, "Wavy_Hair": 0.008364676497876644, "Wearing_Earrings": 0.011423927731812, "Wearing_Hat": 0.00013906206004321575, "Wearing_Lipstick": 0.00032111184555105865, "Wearing_Necklace": 0.012053728103637695, "Wearing_Necktie": 0.003993757534772158, "Young": 0.7027813792228699, "df_race": "white", "df_race_prob": 99.96368288777369, "df_gender": "Man", "df_gender_prob": 99.98750686645508, "df_age": 27, "df_emotion": "neutral", "df_emotion_prob": 99.68096613883972}