{"name": "David_Nalbandian_0005.jpg", "5_o_Clock_Shadow": 0.1995927393436432, "Arched_Eyebrows": 0.0021651489660143852, "Attractive": 0.02047969587147236, "Bags_Under_Eyes": 0.02162284217774868, "Bald": 0.0002761747455224395, "Bangs": 0.003472775686532259, "Big_Lips": 0.003381431335583329, "Big_Nose": 0.00726264389231801, "Black_Hair": 0.0029938137158751488, "Blond_Hair": 0.1603182852268219, "Blurry": 0.5133126974105835, "Brown_Hair": 0.15981711447238922, "Bushy_Eyebrows": 0.0005804672255180776, "Chubby": 0.002934409072622657, "Double_Chin": 0.0009561003535054624, "Eyeglasses": 0.0016717032995074987, "Goatee": 0.005751955788582563, "Gray_Hair": 0.011735671199858189, "Heavy_Makeup": 0.000360794278094545, "High_Cheekbones": 0.07456411421298981, "Male": 0.9979402422904968, "Mouth_Slightly_Open": 0.9433618187904358, "Mustache": 0.0024889414198696613, "Narrow_Eyes": 0.13217797875404358, "No_Beard": 0.8432031869888306, "Oval_Face": 0.15389758348464966, "Pale_Skin": 0.004260372370481491, "Pointy_Nose": 0.11711052060127258, "Receding_Hairline": 0.0026843370869755745, "Rosy_Cheeks": 0.00012731831520795822, "Sideburns": 0.005511068738996983, "Smiling": 0.01516853366047144, "Straight_Hair": 0.0712241679430008, "Wavy_Hair": 0.3624691367149353, "Wearing_Earrings": 0.0010179533855989575, "Wearing_Hat": 0.0004519861249718815, "Wearing_Lipstick": 0.0001580211683176458, "Wearing_Necklace": 0.001275505986995995, "Wearing_Necktie": 0.0009946048958227038, "Young": 0.9352719783782959, "df_race": "white", "df_race_prob": 82.35401511192322, "df_gender": "Man", "df_gender_prob": 99.98069405555725, "df_age": 32, "df_emotion": "neutral", "df_emotion_prob": 50.744965716896395}