{"name": "David_Nalbandian_0007.jpg", "5_o_Clock_Shadow": 0.07190437614917755, "Arched_Eyebrows": 0.0010083464439958334, "Attractive": 0.016192104667425156, "Bags_Under_Eyes": 0.04028772562742233, "Bald": 0.0006984130013734102, "Bangs": 0.004211394116282463, "Big_Lips": 0.006908731069415808, "Big_Nose": 0.009282073937356472, "Black_Hair": 0.0007553501636721194, "Blond_Hair": 0.5389313697814941, "Blurry": 0.5372116565704346, "Brown_Hair": 0.02988244965672493, "Bushy_Eyebrows": 0.0001385288342135027, "Chubby": 0.0052146087400615215, "Double_Chin": 0.002493614796549082, "Eyeglasses": 0.005401781294494867, "Goatee": 0.0017736473819240928, "Gray_Hair": 0.0570315346121788, "Heavy_Makeup": 0.0002241456531919539, "High_Cheekbones": 0.03585825487971306, "Male": 0.9857456684112549, "Mouth_Slightly_Open": 0.9608618021011353, "Mustache": 0.0014489098684862256, "Narrow_Eyes": 0.13590393960475922, "No_Beard": 0.9078614711761475, "Oval_Face": 0.10097905248403549, "Pale_Skin": 0.02613869123160839, "Pointy_Nose": 0.06650141626596451, "Receding_Hairline": 0.012255270034074783, "Rosy_Cheeks": 0.0001253185182576999, "Sideburns": 0.004018767736852169, "Smiling": 0.02794434130191803, "Straight_Hair": 0.006785064935684204, "Wavy_Hair": 0.721203625202179, "Wearing_Earrings": 0.002236967207863927, "Wearing_Hat": 0.0013332117814570665, "Wearing_Lipstick": 0.00021172600099816918, "Wearing_Necklace": 0.0066227479837834835, "Wearing_Necktie": 0.0017085918225347996, "Young": 0.8504444360733032, "df_race": "white", "df_race_prob": 99.96932745345504, "df_gender": "Man", "df_gender_prob": 99.5591938495636, "df_age": 33, "df_emotion": "fear", "df_emotion_prob": 33.89222227884664}