{"name": "David_Beckham_0008.jpg", "5_o_Clock_Shadow": 0.1002642810344696, "Arched_Eyebrows": 0.00048016448272392154, "Attractive": 0.35076412558555603, "Bags_Under_Eyes": 0.2043769210577011, "Bald": 0.0007490280549973249, "Bangs": 0.002462292555719614, "Big_Lips": 0.04505455493927002, "Big_Nose": 0.27617147564888, "Black_Hair": 0.0019738588016480207, "Blond_Hair": 0.3420617878437042, "Blurry": 0.10063265264034271, "Brown_Hair": 0.022336117923259735, "Bushy_Eyebrows": 9.937119466485456e-05, "Chubby": 0.004987811204046011, "Double_Chin": 0.006447925698012114, "Eyeglasses": 0.0011851381277665496, "Goatee": 0.000747634214349091, "Gray_Hair": 0.015249272808432579, "Heavy_Makeup": 0.00036672691931016743, "High_Cheekbones": 0.8204776644706726, "Male": 0.9838278293609619, "Mouth_Slightly_Open": 0.988688051700592, "Mustache": 0.000695082766469568, "Narrow_Eyes": 0.5477356910705566, "No_Beard": 0.9822262525558472, "Oval_Face": 0.3157501816749573, "Pale_Skin": 0.008777818642556667, "Pointy_Nose": 0.06535844504833221, "Receding_Hairline": 0.02575818821787834, "Rosy_Cheeks": 0.00014937648666091263, "Sideburns": 0.0010398830054327846, "Smiling": 0.9959028363227844, "Straight_Hair": 0.4581242501735687, "Wavy_Hair": 0.013740277849137783, "Wearing_Earrings": 0.037464261054992676, "Wearing_Hat": 0.00013064690574537963, "Wearing_Lipstick": 0.00042757944902405143, "Wearing_Necklace": 0.006734040565788746, "Wearing_Necktie": 0.003123706439509988, "Young": 0.9342563152313232, "df_race": "white", "df_race_prob": 90.04842638969421, "df_gender": "Man", "df_gender_prob": 99.98140931129456, "df_age": 23, "df_emotion": "happy", "df_emotion_prob": 99.99052286261048}