{"name": "David_Beckham_0017.jpg", "5_o_Clock_Shadow": 0.3371000587940216, "Arched_Eyebrows": 0.0007533819298259914, "Attractive": 0.37896817922592163, "Bags_Under_Eyes": 0.015917202457785606, "Bald": 0.0009328217129223049, "Bangs": 0.00049722840776667, "Big_Lips": 0.008827903307974339, "Big_Nose": 0.03970407694578171, "Black_Hair": 0.0031710409093648195, "Blond_Hair": 0.2837674617767334, "Blurry": 0.2914302945137024, "Brown_Hair": 0.028805823996663094, "Bushy_Eyebrows": 0.00028535001911222935, "Chubby": 0.0018345714779570699, "Double_Chin": 0.0013132665771991014, "Eyeglasses": 0.002985444851219654, "Goatee": 0.0015003620646893978, "Gray_Hair": 0.032697852700948715, "Heavy_Makeup": 0.00034779595443978906, "High_Cheekbones": 0.04830174520611763, "Male": 0.995740532875061, "Mouth_Slightly_Open": 0.0015790548641234636, "Mustache": 0.0019354737596586347, "Narrow_Eyes": 0.04756922274827957, "No_Beard": 0.8601002097129822, "Oval_Face": 0.21844050288200378, "Pale_Skin": 0.02344404347240925, "Pointy_Nose": 0.30415621399879456, "Receding_Hairline": 0.03547414019703865, "Rosy_Cheeks": 0.0002110524073941633, "Sideburns": 0.001248513231985271, "Smiling": 0.023751752451062202, "Straight_Hair": 0.3763078451156616, "Wavy_Hair": 0.028036586940288544, "Wearing_Earrings": 0.0076896920800209045, "Wearing_Hat": 0.00016688239702489227, "Wearing_Lipstick": 0.0003261862730141729, "Wearing_Necklace": 0.004543121438473463, "Wearing_Necktie": 0.005095646716654301, "Young": 0.8706331849098206, "df_race": "white", "df_race_prob": 99.95657205322814, "df_gender": "Man", "df_gender_prob": 99.98465776443481, "df_age": 25, "df_emotion": "neutral", "df_emotion_prob": 62.21154702970666}