{"name": "David_Trimble_0002.jpg", "5_o_Clock_Shadow": 0.006293169688433409, "Arched_Eyebrows": 0.00030799105297774076, "Attractive": 0.0026862602680921555, "Bags_Under_Eyes": 0.055503398180007935, "Bald": 0.0026868123095482588, "Bangs": 0.0031765925232321024, "Big_Lips": 0.004338724073022604, "Big_Nose": 0.03675859421491623, "Black_Hair": 0.003026617458090186, "Blond_Hair": 0.02936529368162155, "Blurry": 0.05907019227743149, "Brown_Hair": 0.031063027679920197, "Bushy_Eyebrows": 0.00036087303305976093, "Chubby": 0.1737099587917328, "Double_Chin": 0.149617001414299, "Eyeglasses": 0.9749931693077087, "Goatee": 0.0008248695521615446, "Gray_Hair": 0.40085500478744507, "Heavy_Makeup": 0.00037000380689278245, "High_Cheekbones": 0.04008679836988449, "Male": 0.9965182542800903, "Mouth_Slightly_Open": 0.9576411247253418, "Mustache": 0.0016348868375644088, "Narrow_Eyes": 0.11298558115959167, "No_Beard": 0.9873185753822327, "Oval_Face": 0.22818495333194733, "Pale_Skin": 0.04186795651912689, "Pointy_Nose": 0.023407984524965286, "Receding_Hairline": 0.005696622189134359, "Rosy_Cheeks": 0.00021933577954769135, "Sideburns": 0.0013222175184637308, "Smiling": 0.027084387838840485, "Straight_Hair": 0.7076287865638733, "Wavy_Hair": 0.0028078064788132906, "Wearing_Earrings": 0.0006193692097440362, "Wearing_Hat": 0.0007582847611047328, "Wearing_Lipstick": 0.0002448592858854681, "Wearing_Necklace": 0.0004239903937559575, "Wearing_Necktie": 0.5597571134567261, "Young": 0.025176694616675377, "df_race": "asian", "df_race_prob": 50.82425182010244, "df_gender": "Man", "df_gender_prob": 99.95893836021423, "df_age": 51, "df_emotion": "fear", "df_emotion_prob": 43.916961550712585}