{"name": "David_Westerfield_0001.jpg", "5_o_Clock_Shadow": 0.005676277447491884, "Arched_Eyebrows": 0.0025849209632724524, "Attractive": 0.005191256292164326, "Bags_Under_Eyes": 0.38296470046043396, "Bald": 0.9230278134346008, "Bangs": 0.003011091845110059, "Big_Lips": 0.0031356418039649725, "Big_Nose": 0.05611253157258034, "Black_Hair": 0.0021745709236711264, "Blond_Hair": 0.0029840769711881876, "Blurry": 0.1275349110364914, "Brown_Hair": 0.006143997423350811, "Bushy_Eyebrows": 0.0020351617131382227, "Chubby": 0.2041848599910736, "Double_Chin": 0.03404740244150162, "Eyeglasses": 0.009166083298623562, "Goatee": 0.5980280041694641, "Gray_Hair": 0.12857870757579803, "Heavy_Makeup": 0.00016034937289077789, "High_Cheekbones": 0.020326143130660057, "Male": 0.9983013868331909, "Mouth_Slightly_Open": 0.005649781320244074, "Mustache": 0.2593369781970978, "Narrow_Eyes": 0.5328164100646973, "No_Beard": 0.09678708761930466, "Oval_Face": 0.320345014333725, "Pale_Skin": 0.03852229565382004, "Pointy_Nose": 0.02877832017838955, "Receding_Hairline": 0.14729556441307068, "Rosy_Cheeks": 0.00018063599418383092, "Sideburns": 0.2119496762752533, "Smiling": 0.009075979702174664, "Straight_Hair": 0.014715353958308697, "Wavy_Hair": 0.003029182553291321, "Wearing_Earrings": 0.001555428490974009, "Wearing_Hat": 0.003582193050533533, "Wearing_Lipstick": 7.515390461776406e-05, "Wearing_Necklace": 0.0005609529325738549, "Wearing_Necktie": 0.4305773675441742, "Young": 0.021956194192171097, "df_race": "asian", "df_race_prob": 58.660805225372314, "df_gender": "Man", "df_gender_prob": 99.99762773513794, "df_age": 48, "df_emotion": "sad", "df_emotion_prob": 69.74642872810364}