{"name": "David_Beckham_0018.jpg", "5_o_Clock_Shadow": 0.21365304291248322, "Arched_Eyebrows": 0.0003796447126660496, "Attractive": 0.2129254788160324, "Bags_Under_Eyes": 0.5081349015235901, "Bald": 0.0030543068423867226, "Bangs": 0.0015725219855085015, "Big_Lips": 0.05174751207232475, "Big_Nose": 0.42510494589805603, "Black_Hair": 0.0012789199827238917, "Blond_Hair": 0.3752925395965576, "Blurry": 0.1650376170873642, "Brown_Hair": 0.022163933143019676, "Bushy_Eyebrows": 0.00036158968578092754, "Chubby": 0.03324202075600624, "Double_Chin": 0.016849802806973457, "Eyeglasses": 0.0018387194722890854, "Goatee": 0.0020111985504627228, "Gray_Hair": 0.046774279326200485, "Heavy_Makeup": 0.0002665319771040231, "High_Cheekbones": 0.7734670042991638, "Male": 0.9905520677566528, "Mouth_Slightly_Open": 0.9810613393783569, "Mustache": 0.0023394457530230284, "Narrow_Eyes": 0.7762717008590698, "No_Beard": 0.9386613368988037, "Oval_Face": 0.20935305953025818, "Pale_Skin": 0.054680660367012024, "Pointy_Nose": 0.01785784400999546, "Receding_Hairline": 0.029570957645773888, "Rosy_Cheeks": 0.00010206522711087018, "Sideburns": 0.004729271400719881, "Smiling": 0.9922371506690979, "Straight_Hair": 0.4993455708026886, "Wavy_Hair": 0.009478327818214893, "Wearing_Earrings": 0.0016701858257874846, "Wearing_Hat": 0.00024324143305420876, "Wearing_Lipstick": 0.00017519411630928516, "Wearing_Necklace": 0.001423723646439612, "Wearing_Necktie": 0.0076746284030377865, "Young": 0.752220094203949, "df_race": "white", "df_race_prob": 83.28718742284924, "df_gender": "Man", "df_gender_prob": 99.9994158744812, "df_age": 23, "df_emotion": "happy", "df_emotion_prob": 97.27350457152751}