{"name": "David_Beckham_0015.jpg", "5_o_Clock_Shadow": 0.2231741100549698, "Arched_Eyebrows": 0.0003458367718849331, "Attractive": 0.05872870609164238, "Bags_Under_Eyes": 0.08100100606679916, "Bald": 0.0008539853733964264, "Bangs": 0.0005350232240743935, "Big_Lips": 0.008841302245855331, "Big_Nose": 0.053755663335323334, "Black_Hair": 0.0005261931219138205, "Blond_Hair": 0.33714866638183594, "Blurry": 0.20214210450649261, "Brown_Hair": 0.005791621282696724, "Bushy_Eyebrows": 7.770783122396097e-05, "Chubby": 0.004125458654016256, "Double_Chin": 0.0013953634770587087, "Eyeglasses": 0.0025384677574038506, "Goatee": 0.0018398251850157976, "Gray_Hair": 0.43368491530418396, "Heavy_Makeup": 0.00014820898650214076, "High_Cheekbones": 0.03862418979406357, "Male": 0.9977607727050781, "Mouth_Slightly_Open": 0.7515037059783936, "Mustache": 0.001717597246170044, "Narrow_Eyes": 0.2232014387845993, "No_Beard": 0.8193910121917725, "Oval_Face": 0.09168900549411774, "Pale_Skin": 0.14984439313411713, "Pointy_Nose": 0.1034773662686348, "Receding_Hairline": 0.05105409771203995, "Rosy_Cheeks": 7.022111094556749e-05, "Sideburns": 0.004106404259800911, "Smiling": 0.027426844462752342, "Straight_Hair": 0.2805993854999542, "Wavy_Hair": 0.01897915080189705, "Wearing_Earrings": 0.0010598328663036227, "Wearing_Hat": 0.0003648429992608726, "Wearing_Lipstick": 0.0001427158567821607, "Wearing_Necklace": 0.0019342004088684916, "Wearing_Necktie": 0.004551207181066275, "Young": 0.6168991327285767, "df_race": "white", "df_race_prob": 99.79771374450408, "df_gender": "Man", "df_gender_prob": 99.99548196792603, "df_age": 26, "df_emotion": "angry", "df_emotion_prob": 34.1415673494339}