{"name": "Dean_Barkley_0001.jpg", "5_o_Clock_Shadow": 0.0038849192205816507, "Arched_Eyebrows": 0.0019385084742680192, "Attractive": 0.0029424375388771296, "Bags_Under_Eyes": 0.48767098784446716, "Bald": 0.3293841481208801, "Bangs": 0.0006025048205628991, "Big_Lips": 0.008262273855507374, "Big_Nose": 0.16094870865345, "Black_Hair": 0.0011446947464719415, "Blond_Hair": 0.03383203223347664, "Blurry": 0.07245585322380066, "Brown_Hair": 0.010175309143960476, "Bushy_Eyebrows": 0.0004528970457613468, "Chubby": 0.29081249237060547, "Double_Chin": 0.23367351293563843, "Eyeglasses": 0.0029553300701081753, "Goatee": 0.0008408143767155707, "Gray_Hair": 0.3721354603767395, "Heavy_Makeup": 0.00030135209090076387, "High_Cheekbones": 0.10911998897790909, "Male": 0.9982032775878906, "Mouth_Slightly_Open": 0.11966034770011902, "Mustache": 0.0006016741972416639, "Narrow_Eyes": 0.03996032103896141, "No_Beard": 0.9937680959701538, "Oval_Face": 0.24244917929172516, "Pale_Skin": 0.041629817336797714, "Pointy_Nose": 0.03513946384191513, "Receding_Hairline": 0.8746283054351807, "Rosy_Cheeks": 0.00016754581884015352, "Sideburns": 0.0031632729806005955, "Smiling": 0.014770245179533958, "Straight_Hair": 0.06165006384253502, "Wavy_Hair": 0.0016596636269241571, "Wearing_Earrings": 0.0008369060815311968, "Wearing_Hat": 0.00045029990724287927, "Wearing_Lipstick": 0.0002933116047643125, "Wearing_Necklace": 0.0004083881212864071, "Wearing_Necktie": 0.7887092232704163, "Young": 0.009450665675103664, "df_race": "white", "df_race_prob": 81.00144863128662, "df_gender": "Man", "df_gender_prob": 99.24336671829224, "df_age": 36, "df_emotion": "angry", "df_emotion_prob": 96.7424988746643}