{"name": "Dean_Barker_0001.jpg", "5_o_Clock_Shadow": 0.028112180531024933, "Arched_Eyebrows": 0.002688588574528694, "Attractive": 0.19072501361370087, "Bags_Under_Eyes": 0.01813310757279396, "Bald": 0.0003084071504417807, "Bangs": 0.0010357999708503485, "Big_Lips": 0.005512707866728306, "Big_Nose": 0.0094291428104043, "Black_Hair": 0.0007951254374347627, "Blond_Hair": 0.1611204594373703, "Blurry": 0.06558828055858612, "Brown_Hair": 0.03584909439086914, "Bushy_Eyebrows": 0.0002809305442497134, "Chubby": 0.0028206445276737213, "Double_Chin": 0.0010376103455200791, "Eyeglasses": 0.0005689537501893938, "Goatee": 0.0003079194575548172, "Gray_Hair": 0.029326148331165314, "Heavy_Makeup": 0.0004603872948791832, "High_Cheekbones": 0.021597707644104958, "Male": 0.9963374137878418, "Mouth_Slightly_Open": 0.007616526447236538, "Mustache": 0.00046307806042023003, "Narrow_Eyes": 0.0047489977441728115, "No_Beard": 0.9889489412307739, "Oval_Face": 0.20106732845306396, "Pale_Skin": 0.09522365778684616, "Pointy_Nose": 0.2889033555984497, "Receding_Hairline": 0.002406267449259758, "Rosy_Cheeks": 0.00012622289068531245, "Sideburns": 0.0002766066463664174, "Smiling": 0.010213796980679035, "Straight_Hair": 0.5360552072525024, "Wavy_Hair": 0.024186303839087486, "Wearing_Earrings": 0.0012787433806806803, "Wearing_Hat": 0.00020289485109969974, "Wearing_Lipstick": 0.0005995258688926697, "Wearing_Necklace": 0.0011142583098262548, "Wearing_Necktie": 0.0019948643166571856, "Young": 0.8481947779655457, "df_race": "white", "df_race_prob": 99.27961230278015, "df_gender": "Man", "df_gender_prob": 99.9994158744812, "df_age": 29, "df_emotion": "neutral", "df_emotion_prob": 43.0791437625885}