{"name": "Debbie_Reynolds_0002.jpg", "5_o_Clock_Shadow": 0.000493092171382159, "Arched_Eyebrows": 0.4430040717124939, "Attractive": 0.11353343725204468, "Bags_Under_Eyes": 0.08275967091321945, "Bald": 0.0008846290875226259, "Bangs": 0.9611959457397461, "Big_Lips": 0.16547486186027527, "Big_Nose": 0.09314668923616409, "Black_Hair": 0.001539519988000393, "Blond_Hair": 0.7514218688011169, "Blurry": 0.1447201520204544, "Brown_Hair": 0.0020026317797601223, "Bushy_Eyebrows": 0.0005735881859436631, "Chubby": 0.008009511977434158, "Double_Chin": 0.016033194959163666, "Eyeglasses": 0.00022615517082158476, "Goatee": 0.0007719929562881589, "Gray_Hair": 0.22822415828704834, "Heavy_Makeup": 0.2661168873310089, "High_Cheekbones": 0.6474815607070923, "Male": 0.002236501080915332, "Mouth_Slightly_Open": 0.9416453242301941, "Mustache": 0.0010467496467754245, "Narrow_Eyes": 0.18948207795619965, "No_Beard": 0.9968243837356567, "Oval_Face": 0.08791825920343399, "Pale_Skin": 0.41301044821739197, "Pointy_Nose": 0.11589702218770981, "Receding_Hairline": 0.0012926586205139756, "Rosy_Cheeks": 0.001777328667230904, "Sideburns": 0.0015909024514257908, "Smiling": 0.9598425030708313, "Straight_Hair": 0.0017687497893348336, "Wavy_Hair": 0.8351297974586487, "Wearing_Earrings": 0.7538025975227356, "Wearing_Hat": 0.0005698055028915405, "Wearing_Lipstick": 0.7987982034683228, "Wearing_Necklace": 0.2052425593137741, "Wearing_Necktie": 0.00045547346235252917, "Young": 0.014308924786746502, "df_race": "white", "df_race_prob": 92.72366762161255, "df_gender": "Woman", "df_gender_prob": 99.99784231185913, "df_age": 52, "df_emotion": "happy", "df_emotion_prob": 99.95000958144722}