{"name": "Denise_Johnson_0001.jpg", "5_o_Clock_Shadow": 0.0028343484736979008, "Arched_Eyebrows": 0.004544780123978853, "Attractive": 0.04516368359327316, "Bags_Under_Eyes": 0.07210979610681534, "Bald": 0.0007479584310203791, "Bangs": 0.001815662020817399, "Big_Lips": 0.2980542778968811, "Big_Nose": 0.051689088344573975, "Black_Hair": 0.003660611342638731, "Blond_Hair": 0.028012773022055626, "Blurry": 0.49230843782424927, "Brown_Hair": 0.08183639496564865, "Bushy_Eyebrows": 0.0005223547923378646, "Chubby": 0.004106763284653425, "Double_Chin": 0.0009152648271992803, "Eyeglasses": 0.0012631213758140802, "Goatee": 0.0005917089292779565, "Gray_Hair": 0.0017746752128005028, "Heavy_Makeup": 0.0015870989300310612, "High_Cheekbones": 0.03158574923872948, "Male": 0.04703233391046524, "Mouth_Slightly_Open": 0.08330612629652023, "Mustache": 0.000996336224488914, "Narrow_Eyes": 0.08630627393722534, "No_Beard": 0.9917959570884705, "Oval_Face": 0.15890976786613464, "Pale_Skin": 0.008054562844336033, "Pointy_Nose": 0.022248459979891777, "Receding_Hairline": 0.24105802178382874, "Rosy_Cheeks": 3.3736454497557133e-05, "Sideburns": 0.0005168389761820436, "Smiling": 0.006189976818859577, "Straight_Hair": 0.07974856346845627, "Wavy_Hair": 0.03192652016878128, "Wearing_Earrings": 0.05614493787288666, "Wearing_Hat": 0.0003114503051619977, "Wearing_Lipstick": 0.00798286497592926, "Wearing_Necklace": 0.06277923285961151, "Wearing_Necktie": 0.0015818465035408735, "Young": 0.9281064867973328, "df_race": "black", "df_race_prob": 73.62412810325623, "df_gender": "Man", "df_gender_prob": 99.77453351020813, "df_age": 35, "df_emotion": "sad", "df_emotion_prob": 54.06925678253174}