{"name": "Dennis_Hastert_0005.jpg", "5_o_Clock_Shadow": 0.005391518119722605, "Arched_Eyebrows": 0.00016976713959593326, "Attractive": 0.0014889317099004984, "Bags_Under_Eyes": 0.0620814748108387, "Bald": 0.0058741699904203415, "Bangs": 0.005690230522304773, "Big_Lips": 0.011133309453725815, "Big_Nose": 0.15373358130455017, "Black_Hair": 0.010420187376439571, "Blond_Hair": 0.016511598601937294, "Blurry": 0.04777070879936218, "Brown_Hair": 0.0013576404890045524, "Bushy_Eyebrows": 0.00021802636911161244, "Chubby": 0.5556926727294922, "Double_Chin": 0.5237725377082825, "Eyeglasses": 0.9066289663314819, "Goatee": 0.000780001690145582, "Gray_Hair": 0.9259350895881653, "Heavy_Makeup": 0.0006370424525812268, "High_Cheekbones": 0.045279450714588165, "Male": 0.99788898229599, "Mouth_Slightly_Open": 0.8889681100845337, "Mustache": 0.003699155058711767, "Narrow_Eyes": 0.06780115514993668, "No_Beard": 0.9861050248146057, "Oval_Face": 0.1627988964319229, "Pale_Skin": 0.0778222605586052, "Pointy_Nose": 0.016002019867300987, "Receding_Hairline": 0.034421179443597794, "Rosy_Cheeks": 0.0003725785354617983, "Sideburns": 0.0013947517145425081, "Smiling": 0.05337315797805786, "Straight_Hair": 0.8495199680328369, "Wavy_Hair": 0.003578457050025463, "Wearing_Earrings": 0.0004411115951370448, "Wearing_Hat": 0.0003793335927184671, "Wearing_Lipstick": 0.0007238017278723419, "Wearing_Necklace": 0.000458661001175642, "Wearing_Necktie": 0.590514600276947, "Young": 0.005447091534733772, "df_race": "asian", "df_race_prob": 100.0, "df_gender": "Man", "df_gender_prob": 99.93430972099304, "df_age": 23, "df_emotion": "neutral", "df_emotion_prob": 39.42800399231935}