{"name": "Derek_Jeter_0003.jpg", "5_o_Clock_Shadow": 0.050761424005031586, "Arched_Eyebrows": 0.0033354624174535275, "Attractive": 0.06925281137228012, "Bags_Under_Eyes": 0.34144464135169983, "Bald": 0.0016976414481177926, "Bangs": 9.056700946530327e-05, "Big_Lips": 0.017046434804797173, "Big_Nose": 0.52692711353302, "Black_Hair": 0.017197787761688232, "Blond_Hair": 0.017478004097938538, "Blurry": 0.10879030078649521, "Brown_Hair": 0.013187646865844727, "Bushy_Eyebrows": 0.0033643494825810194, "Chubby": 0.081363245844841, "Double_Chin": 0.025374459102749825, "Eyeglasses": 0.0004648234462365508, "Goatee": 0.000628720794338733, "Gray_Hair": 0.012162731029093266, "Heavy_Makeup": 0.00023124173458199948, "High_Cheekbones": 0.8374188542366028, "Male": 0.9936414361000061, "Mouth_Slightly_Open": 0.9710363149642944, "Mustache": 0.000475120497867465, "Narrow_Eyes": 0.5687595009803772, "No_Beard": 0.9745245575904846, "Oval_Face": 0.45319390296936035, "Pale_Skin": 0.009314957074820995, "Pointy_Nose": 0.009737125597894192, "Receding_Hairline": 0.08974295854568481, "Rosy_Cheeks": 6.746911822119728e-05, "Sideburns": 0.0008481215336360037, "Smiling": 0.9738199710845947, "Straight_Hair": 0.2623213231563568, "Wavy_Hair": 0.0030827997252345085, "Wearing_Earrings": 0.003441294189542532, "Wearing_Hat": 0.00020215603581164032, "Wearing_Lipstick": 0.00025048607494682074, "Wearing_Necklace": 0.001236068201251328, "Wearing_Necktie": 0.0013427133671939373, "Young": 0.8000667095184326, "df_race": "black", "df_race_prob": 48.06218147277832, "df_gender": "Man", "df_gender_prob": 99.99407529830933, "df_age": 25, "df_emotion": "happy", "df_emotion_prob": 99.84785914421082}