{"name": "Desiree_McKenzie_0001.jpg", "5_o_Clock_Shadow": 0.001787420827895403, "Arched_Eyebrows": 0.010130053386092186, "Attractive": 0.05129508674144745, "Bags_Under_Eyes": 0.019641445949673653, "Bald": 0.0002339591010240838, "Bangs": 0.0017892316682264209, "Big_Lips": 0.14387907087802887, "Big_Nose": 0.049466852098703384, "Black_Hair": 0.007357856258749962, "Blond_Hair": 0.007376191206276417, "Blurry": 0.30223071575164795, "Brown_Hair": 0.0065642306581139565, "Bushy_Eyebrows": 0.0002592237142380327, "Chubby": 0.016710970550775528, "Double_Chin": 0.003437287174165249, "Eyeglasses": 0.0010083243250846863, "Goatee": 0.00040562092908658087, "Gray_Hair": 0.0007074265158735216, "Heavy_Makeup": 0.009196760132908821, "High_Cheekbones": 0.2527618706226349, "Male": 0.026680687442421913, "Mouth_Slightly_Open": 0.9989296793937683, "Mustache": 0.0008499455288983881, "Narrow_Eyes": 0.20090728998184204, "No_Beard": 0.9923694133758545, "Oval_Face": 0.2911415696144104, "Pale_Skin": 0.012307548895478249, "Pointy_Nose": 0.004740634933114052, "Receding_Hairline": 0.0059354957193136215, "Rosy_Cheeks": 6.804800068493932e-05, "Sideburns": 0.0007052432629279792, "Smiling": 0.6747146248817444, "Straight_Hair": 0.00999923050403595, "Wavy_Hair": 0.01752368174493313, "Wearing_Earrings": 0.06108251214027405, "Wearing_Hat": 0.9380691051483154, "Wearing_Lipstick": 0.03822500258684158, "Wearing_Necklace": 0.019262460991740227, "Wearing_Necktie": 0.00022832938702777028, "Young": 0.9241945743560791, "df_race": "latino hispanic", "df_race_prob": 23.271916806697845, "df_gender": "Woman", "df_gender_prob": 82.3846697807312, "df_age": 33, "df_emotion": "neutral", "df_emotion_prob": 98.7356424331665}