{"name": "Dewayne_White_0001.jpg", "5_o_Clock_Shadow": 0.04874013736844063, "Arched_Eyebrows": 0.0029551771003752947, "Attractive": 0.022591419517993927, "Bags_Under_Eyes": 0.1902996152639389, "Bald": 0.020429406315088272, "Bangs": 0.0008567618788219988, "Big_Lips": 0.2236676812171936, "Big_Nose": 0.7887663841247559, "Black_Hair": 0.026987217366695404, "Blond_Hair": 0.012144281528890133, "Blurry": 0.04679250344634056, "Brown_Hair": 0.005076957866549492, "Bushy_Eyebrows": 0.0008487472659908235, "Chubby": 0.7384518384933472, "Double_Chin": 0.2908201217651367, "Eyeglasses": 0.0024629507679492235, "Goatee": 0.0010604619747027755, "Gray_Hair": 0.006812311243265867, "Heavy_Makeup": 0.0002588347706478089, "High_Cheekbones": 0.9763907194137573, "Male": 0.9980801343917847, "Mouth_Slightly_Open": 0.9975554347038269, "Mustache": 0.0024025295861065388, "Narrow_Eyes": 0.3574877083301544, "No_Beard": 0.953787624835968, "Oval_Face": 0.7499720454216003, "Pale_Skin": 0.027712829411029816, "Pointy_Nose": 0.0004182702105026692, "Receding_Hairline": 0.043860822916030884, "Rosy_Cheeks": 9.03825493878685e-05, "Sideburns": 0.001357272733002901, "Smiling": 0.9990693926811218, "Straight_Hair": 0.05835966020822525, "Wavy_Hair": 0.0021578746382147074, "Wearing_Earrings": 0.004367608577013016, "Wearing_Hat": 0.0005439444212242961, "Wearing_Lipstick": 0.000402017030864954, "Wearing_Necklace": 0.0012086671777069569, "Wearing_Necktie": 0.007683075964450836, "Young": 0.7025321125984192, "df_race": "asian", "df_race_prob": 54.07586420034553, "df_gender": "Man", "df_gender_prob": 99.9966025352478, "df_age": 24, "df_emotion": "happy", "df_emotion_prob": 98.72256509796173}