{"name": "Diana_Krall_0005.jpg", "5_o_Clock_Shadow": 0.0008151881047524512, "Arched_Eyebrows": 0.017915021628141403, "Attractive": 0.5351158976554871, "Bags_Under_Eyes": 0.010104719549417496, "Bald": 0.00013819859304931015, "Bangs": 0.7990729808807373, "Big_Lips": 0.043422501534223557, "Big_Nose": 0.01874181441962719, "Black_Hair": 0.0008924105786718428, "Blond_Hair": 0.9635999798774719, "Blurry": 0.03522217646241188, "Brown_Hair": 0.007150465622544289, "Bushy_Eyebrows": 0.0005207869689911604, "Chubby": 0.0024410865735262632, "Double_Chin": 0.0003762890410143882, "Eyeglasses": 0.0002772397710941732, "Goatee": 0.00015630574489478022, "Gray_Hair": 0.0022527226246893406, "Heavy_Makeup": 0.12311403453350067, "High_Cheekbones": 0.08015169948339462, "Male": 0.005862205754965544, "Mouth_Slightly_Open": 0.0029218809213489294, "Mustache": 0.00013521680375561118, "Narrow_Eyes": 0.06659246236085892, "No_Beard": 0.9994062185287476, "Oval_Face": 0.38895145058631897, "Pale_Skin": 0.05234875902533531, "Pointy_Nose": 0.19649197161197662, "Receding_Hairline": 0.00014530452608596534, "Rosy_Cheeks": 0.0005119022680446506, "Sideburns": 0.0002160583680961281, "Smiling": 0.05658551678061485, "Straight_Hair": 0.8382262587547302, "Wavy_Hair": 0.04693689942359924, "Wearing_Earrings": 0.004177585709840059, "Wearing_Hat": 0.0003157687606289983, "Wearing_Lipstick": 0.3097795248031616, "Wearing_Necklace": 0.0454009547829628, "Wearing_Necktie": 0.0002593824465293437, "Young": 0.8375694155693054, "df_race": "white", "df_race_prob": 100.0, "df_gender": "Woman", "df_gender_prob": 99.9962568283081, "df_age": 23, "df_emotion": "neutral", "df_emotion_prob": 46.86337113380432}