{"name": "Diana_Krall_0004.jpg", "5_o_Clock_Shadow": 0.0005566764739342034, "Arched_Eyebrows": 0.021651336923241615, "Attractive": 0.22542180120944977, "Bags_Under_Eyes": 0.005193497985601425, "Bald": 0.0001435252488590777, "Bangs": 0.09536262601613998, "Big_Lips": 0.08877619355916977, "Big_Nose": 0.0036046612076461315, "Black_Hair": 0.0026160592678934336, "Blond_Hair": 0.9045044183731079, "Blurry": 0.14337846636772156, "Brown_Hair": 0.005075659137219191, "Bushy_Eyebrows": 0.0009145866497419775, "Chubby": 0.003703359281644225, "Double_Chin": 0.0006024849717505276, "Eyeglasses": 0.00019020267063751817, "Goatee": 0.00012124023487558588, "Gray_Hair": 0.004031412769109011, "Heavy_Makeup": 0.20452335476875305, "High_Cheekbones": 0.042143985629081726, "Male": 0.0030248898547142744, "Mouth_Slightly_Open": 0.936728298664093, "Mustache": 9.36361902859062e-05, "Narrow_Eyes": 0.1679333746433258, "No_Beard": 0.9988957643508911, "Oval_Face": 0.42834949493408203, "Pale_Skin": 0.11500966548919678, "Pointy_Nose": 0.12811577320098877, "Receding_Hairline": 0.0006351013435050845, "Rosy_Cheeks": 0.00019591889576986432, "Sideburns": 0.00026908147265203297, "Smiling": 0.026289010420441628, "Straight_Hair": 0.5914356708526611, "Wavy_Hair": 0.0722828209400177, "Wearing_Earrings": 0.004022472538053989, "Wearing_Hat": 0.00040037132566794753, "Wearing_Lipstick": 0.3116901218891144, "Wearing_Necklace": 0.01837213523685932, "Wearing_Necktie": 0.0002384859835729003, "Young": 0.8676328063011169, "df_race": "white", "df_race_prob": 41.24429523944855, "df_gender": "Man", "df_gender_prob": 93.38017106056213, "df_age": 34, "df_emotion": "fear", "df_emotion_prob": 83.49909088010138}