{"name": "Diana_Krall_0001.jpg", "5_o_Clock_Shadow": 0.0008433961193077266, "Arched_Eyebrows": 0.08566669374704361, "Attractive": 0.536401093006134, "Bags_Under_Eyes": 0.0004875972808804363, "Bald": 0.00011414207983762026, "Bangs": 0.0005654535489156842, "Big_Lips": 0.05673610791563988, "Big_Nose": 0.004407666157931089, "Black_Hair": 0.0007901840726844966, "Blond_Hair": 0.9379629492759705, "Blurry": 0.05123807489871979, "Brown_Hair": 0.005169429816305637, "Bushy_Eyebrows": 0.0003490635135676712, "Chubby": 0.0028451166581362486, "Double_Chin": 0.0006569376564584672, "Eyeglasses": 0.0002759965427685529, "Goatee": 0.0001331372477579862, "Gray_Hair": 0.007201771717518568, "Heavy_Makeup": 0.24012166261672974, "High_Cheekbones": 0.024062257260084152, "Male": 0.010471496731042862, "Mouth_Slightly_Open": 0.9927266836166382, "Mustache": 0.00014415562327485532, "Narrow_Eyes": 0.037592243403196335, "No_Beard": 0.9988260865211487, "Oval_Face": 0.5337690114974976, "Pale_Skin": 0.029644614085555077, "Pointy_Nose": 0.13388098776340485, "Receding_Hairline": 0.013893046416342258, "Rosy_Cheeks": 0.0014752214774489403, "Sideburns": 0.0001264877209905535, "Smiling": 0.06100920960307121, "Straight_Hair": 0.08724518120288849, "Wavy_Hair": 0.5111318826675415, "Wearing_Earrings": 0.007304022554308176, "Wearing_Hat": 0.0002182639145758003, "Wearing_Lipstick": 0.6291314959526062, "Wearing_Necklace": 0.02028764598071575, "Wearing_Necktie": 0.00017674783885013312, "Young": 0.9369038343429565, "df_race": "white", "df_race_prob": 94.0873023323597, "df_gender": "Woman", "df_gender_prob": 93.98818612098694, "df_age": 27, "df_emotion": "angry", "df_emotion_prob": 45.5074816942215}