{"name": "Diana_Krall_0002.jpg", "5_o_Clock_Shadow": 0.0008550867205485702, "Arched_Eyebrows": 0.022613195702433586, "Attractive": 0.14168906211853027, "Bags_Under_Eyes": 0.005431897472590208, "Bald": 0.00016449163376819342, "Bangs": 0.0019789745565503836, "Big_Lips": 0.0643668845295906, "Big_Nose": 0.01062970981001854, "Black_Hair": 0.0008500957046635449, "Blond_Hair": 0.9677868485450745, "Blurry": 0.25374504923820496, "Brown_Hair": 0.0034967726096510887, "Bushy_Eyebrows": 0.00026260988670401275, "Chubby": 0.005149868316948414, "Double_Chin": 0.0016188934678211808, "Eyeglasses": 0.0014795087045058608, "Goatee": 0.00018703186651691794, "Gray_Hair": 0.01396614033728838, "Heavy_Makeup": 0.05907491594552994, "High_Cheekbones": 0.052867744117975235, "Male": 0.015191773883998394, "Mouth_Slightly_Open": 0.7429500222206116, "Mustache": 0.00028685410507023335, "Narrow_Eyes": 0.0932009145617485, "No_Beard": 0.9981381893157959, "Oval_Face": 0.30427223443984985, "Pale_Skin": 0.22972919046878815, "Pointy_Nose": 0.21098493039608002, "Receding_Hairline": 0.004625780042260885, "Rosy_Cheeks": 0.0005822106613777578, "Sideburns": 0.0001187407469842583, "Smiling": 0.02364533208310604, "Straight_Hair": 0.023824041709303856, "Wavy_Hair": 0.8090111017227173, "Wearing_Earrings": 0.004360607359558344, "Wearing_Hat": 0.00022043287754058838, "Wearing_Lipstick": 0.25723424553871155, "Wearing_Necklace": 0.06304759532213211, "Wearing_Necktie": 0.0002713340800255537, "Young": 0.549282968044281, "df_race": "white", "df_race_prob": 99.8219907283783, "df_gender": "Woman", "df_gender_prob": 99.98552799224854, "df_age": 30, "df_emotion": "angry", "df_emotion_prob": 51.909929513931274}