{"name": "Diana_Taylor_0001.jpg", "5_o_Clock_Shadow": 0.0019201913382858038, "Arched_Eyebrows": 0.09379565715789795, "Attractive": 0.14165781438350677, "Bags_Under_Eyes": 0.522106945514679, "Bald": 0.00032495433697476983, "Bangs": 0.004482214339077473, "Big_Lips": 0.0589609295129776, "Big_Nose": 0.13890758156776428, "Black_Hair": 0.0019522503716871142, "Blond_Hair": 0.08279380947351456, "Blurry": 0.2264237105846405, "Brown_Hair": 0.09534657746553421, "Bushy_Eyebrows": 0.0007039543706923723, "Chubby": 0.014535619877278805, "Double_Chin": 0.013398987241089344, "Eyeglasses": 0.0003612436121329665, "Goatee": 0.00040170326246879995, "Gray_Hair": 0.0161934494972229, "Heavy_Makeup": 0.0021211476996541023, "High_Cheekbones": 0.9385057091712952, "Male": 0.0407855361700058, "Mouth_Slightly_Open": 0.9942545294761658, "Mustache": 0.0003566126397345215, "Narrow_Eyes": 0.8598713278770447, "No_Beard": 0.9961573481559753, "Oval_Face": 0.3441317081451416, "Pale_Skin": 0.065466970205307, "Pointy_Nose": 0.01156825851649046, "Receding_Hairline": 0.005038438830524683, "Rosy_Cheeks": 9.16822100407444e-05, "Sideburns": 0.0006416820688173175, "Smiling": 0.9972936511039734, "Straight_Hair": 0.009995690546929836, "Wavy_Hair": 0.38203921914100647, "Wearing_Earrings": 0.49646979570388794, "Wearing_Hat": 0.00034610196598805487, "Wearing_Lipstick": 0.005194483790546656, "Wearing_Necklace": 0.015575399622321129, "Wearing_Necktie": 0.0005831870366819203, "Young": 0.2114073634147644, "df_race": "white", "df_race_prob": 93.01035362543783, "df_gender": "Man", "df_gender_prob": 98.43308329582214, "df_age": 30, "df_emotion": "happy", "df_emotion_prob": 99.99988675116818}