{"name": "Dick_Cheney_0009.jpg", "5_o_Clock_Shadow": 0.0023225038312375546, "Arched_Eyebrows": 0.0003655614273156971, "Attractive": 0.004038388375192881, "Bags_Under_Eyes": 0.3294876217842102, "Bald": 0.7216171026229858, "Bangs": 0.0018233037553727627, "Big_Lips": 0.013382652774453163, "Big_Nose": 0.7437409162521362, "Black_Hair": 0.001889932667836547, "Blond_Hair": 0.0020097396336495876, "Blurry": 0.024575745686888695, "Brown_Hair": 0.000568669696804136, "Bushy_Eyebrows": 0.0003129137330688536, "Chubby": 0.21213605999946594, "Double_Chin": 0.16082488000392914, "Eyeglasses": 0.9826892614364624, "Goatee": 0.0007317658164538443, "Gray_Hair": 0.8250018358230591, "Heavy_Makeup": 0.00014848238788545132, "High_Cheekbones": 0.03161739185452461, "Male": 0.9980225563049316, "Mouth_Slightly_Open": 0.015628023073077202, "Mustache": 0.002008753828704357, "Narrow_Eyes": 0.07049901783466339, "No_Beard": 0.9951092600822449, "Oval_Face": 0.15032310783863068, "Pale_Skin": 0.08346258103847504, "Pointy_Nose": 0.02251768857240677, "Receding_Hairline": 0.2567403018474579, "Rosy_Cheeks": 0.00010884718358283862, "Sideburns": 0.0009192448342218995, "Smiling": 0.03853985667228699, "Straight_Hair": 0.0173205453902483, "Wavy_Hair": 0.001171459211036563, "Wearing_Earrings": 0.0008693317649886012, "Wearing_Hat": 0.0015441733412444592, "Wearing_Lipstick": 0.00031718352693133056, "Wearing_Necklace": 0.0004435422015376389, "Wearing_Necktie": 0.7264496088027954, "Young": 0.008102363906800747, "df_race": "white", "df_race_prob": 87.84823345233401, "df_gender": "Man", "df_gender_prob": 99.9915599822998, "df_age": 36, "df_emotion": "sad", "df_emotion_prob": 62.848883867263794}