{"name": "Dick_Cheney_0011.jpg", "5_o_Clock_Shadow": 0.0010860085021704435, "Arched_Eyebrows": 0.0015605370281264186, "Attractive": 0.0010957223130390048, "Bags_Under_Eyes": 0.18088829517364502, "Bald": 0.7699659466743469, "Bangs": 0.0018930365331470966, "Big_Lips": 0.016257446259260178, "Big_Nose": 0.4675074517726898, "Black_Hair": 0.0015161486808210611, "Blond_Hair": 0.0029174513183534145, "Blurry": 0.04380212724208832, "Brown_Hair": 0.0006894883699715137, "Bushy_Eyebrows": 0.00026471822638995945, "Chubby": 0.4873942732810974, "Double_Chin": 0.301461786031723, "Eyeglasses": 0.9957956075668335, "Goatee": 0.000777816865593195, "Gray_Hair": 0.8891554474830627, "Heavy_Makeup": 0.00015652990259695798, "High_Cheekbones": 0.03510929271578789, "Male": 0.9981789588928223, "Mouth_Slightly_Open": 0.37593090534210205, "Mustache": 0.002495473949238658, "Narrow_Eyes": 0.01562885381281376, "No_Beard": 0.9959757924079895, "Oval_Face": 0.1981656700372696, "Pale_Skin": 0.041708867996931076, "Pointy_Nose": 0.02184978500008583, "Receding_Hairline": 0.34614717960357666, "Rosy_Cheeks": 0.0001305393234360963, "Sideburns": 0.0004940663347952068, "Smiling": 0.018212661147117615, "Straight_Hair": 0.022495970129966736, "Wavy_Hair": 0.0011642976896837354, "Wearing_Earrings": 0.0011611012741923332, "Wearing_Hat": 0.001592361950315535, "Wearing_Lipstick": 0.0003950148238800466, "Wearing_Necklace": 0.0005919539835304022, "Wearing_Necktie": 0.7114889025688171, "Young": 0.011979754082858562, "df_race": "white", "df_race_prob": 66.56621098518372, "df_gender": "Man", "df_gender_prob": 99.92701411247253, "df_age": 37, "df_emotion": "disgust", "df_emotion_prob": 66.57576957796631}