{"name": "Dick_Cheney_0012.jpg", "5_o_Clock_Shadow": 0.004737171810120344, "Arched_Eyebrows": 0.00020193814998492599, "Attractive": 0.009107080288231373, "Bags_Under_Eyes": 0.08337350934743881, "Bald": 0.5952088236808777, "Bangs": 0.0021757963113486767, "Big_Lips": 0.011347887106239796, "Big_Nose": 0.16201062500476837, "Black_Hair": 0.0018250021385028958, "Blond_Hair": 0.003654915140941739, "Blurry": 0.02549387700855732, "Brown_Hair": 0.0007949371938593686, "Bushy_Eyebrows": 0.00011787693802034482, "Chubby": 0.12615108489990234, "Double_Chin": 0.06180666387081146, "Eyeglasses": 0.9741025567054749, "Goatee": 0.0007762755849398673, "Gray_Hair": 0.6826292872428894, "Heavy_Makeup": 0.0003096770087722689, "High_Cheekbones": 0.017901016399264336, "Male": 0.9980328679084778, "Mouth_Slightly_Open": 0.0014859401853755116, "Mustache": 0.0010875246953219175, "Narrow_Eyes": 0.013942750170826912, "No_Beard": 0.9948161244392395, "Oval_Face": 0.3483755588531494, "Pale_Skin": 0.036736126989126205, "Pointy_Nose": 0.20010294020175934, "Receding_Hairline": 0.18495966494083405, "Rosy_Cheeks": 0.0001984551636269316, "Sideburns": 0.0009199515334330499, "Smiling": 0.007879233919084072, "Straight_Hair": 0.028978141024708748, "Wavy_Hair": 0.0019429447129368782, "Wearing_Earrings": 0.0009182670619338751, "Wearing_Hat": 0.001839969540014863, "Wearing_Lipstick": 0.0005765801761299372, "Wearing_Necklace": 0.0004756139824166894, "Wearing_Necktie": 0.6421803832054138, "Young": 0.019268257543444633, "df_race": "white", "df_race_prob": 99.7553288936615, "df_gender": "Man", "df_gender_prob": 99.86656904220581, "df_age": 35, "df_emotion": "neutral", "df_emotion_prob": 55.0490921794286}