{"name": "Dick_Latessa_0002.jpg", "5_o_Clock_Shadow": 0.007661124225705862, "Arched_Eyebrows": 0.000221654016058892, "Attractive": 0.0057554831728339195, "Bags_Under_Eyes": 0.6269316077232361, "Bald": 0.05589953064918518, "Bangs": 0.00043883087346330285, "Big_Lips": 0.01497083343565464, "Big_Nose": 0.8556936383247375, "Black_Hair": 0.0021178408060222864, "Blond_Hair": 0.0033138853032141924, "Blurry": 0.13795451819896698, "Brown_Hair": 0.0007779907900840044, "Bushy_Eyebrows": 0.0019462095806375146, "Chubby": 0.33292442560195923, "Double_Chin": 0.4395248591899872, "Eyeglasses": 0.007222444750368595, "Goatee": 0.0006280655506998301, "Gray_Hair": 0.8504631519317627, "Heavy_Makeup": 0.00027693199808709323, "High_Cheekbones": 0.7644474506378174, "Male": 0.9992802739143372, "Mouth_Slightly_Open": 0.8701572418212891, "Mustache": 0.001627325895242393, "Narrow_Eyes": 0.34690549969673157, "No_Beard": 0.9943769574165344, "Oval_Face": 0.14708863198757172, "Pale_Skin": 0.013091024942696095, "Pointy_Nose": 0.03080414980649948, "Receding_Hairline": 0.5915961861610413, "Rosy_Cheeks": 0.0003176262544002384, "Sideburns": 0.0008216288988478482, "Smiling": 0.9648454189300537, "Straight_Hair": 0.19745643436908722, "Wavy_Hair": 0.0041419221088290215, "Wearing_Earrings": 0.0011393169406801462, "Wearing_Hat": 0.0002979542186949402, "Wearing_Lipstick": 0.000443167780758813, "Wearing_Necklace": 0.0002937896060757339, "Wearing_Necktie": 0.18720294535160065, "Young": 0.010299085639417171, "df_race": "white", "df_race_prob": 95.35663723945618, "df_gender": "Man", "df_gender_prob": 99.96542930603027, "df_age": 45, "df_emotion": "angry", "df_emotion_prob": 71.07704281806946}