{"name": "Dick_Cheney_0006.jpg", "5_o_Clock_Shadow": 0.0021408172324299812, "Arched_Eyebrows": 0.0014745403314009309, "Attractive": 0.003314482280984521, "Bags_Under_Eyes": 0.1067805141210556, "Bald": 0.5256466269493103, "Bangs": 0.0011280305916443467, "Big_Lips": 0.0033737123012542725, "Big_Nose": 0.13572607934474945, "Black_Hair": 0.0022231254260987043, "Blond_Hair": 0.0018238758202642202, "Blurry": 0.10274362564086914, "Brown_Hair": 0.0008704420761205256, "Bushy_Eyebrows": 0.0006707818829454482, "Chubby": 0.24497190117835999, "Double_Chin": 0.13469715416431427, "Eyeglasses": 0.9753588438034058, "Goatee": 0.0009164712391793728, "Gray_Hair": 0.7205215096473694, "Heavy_Makeup": 0.00022055924637243152, "High_Cheekbones": 0.03838196024298668, "Male": 0.9964407086372375, "Mouth_Slightly_Open": 0.005565969739109278, "Mustache": 0.00176435976754874, "Narrow_Eyes": 0.11572429537773132, "No_Beard": 0.9924010038375854, "Oval_Face": 0.2590588629245758, "Pale_Skin": 0.0808497965335846, "Pointy_Nose": 0.013183427974581718, "Receding_Hairline": 0.21539120376110077, "Rosy_Cheeks": 0.00012377322127576917, "Sideburns": 0.0008376804180443287, "Smiling": 0.028809452429413795, "Straight_Hair": 0.02651386708021164, "Wavy_Hair": 0.0023077158257365227, "Wearing_Earrings": 0.000849614676553756, "Wearing_Hat": 0.0013479531044140458, "Wearing_Lipstick": 0.00022986059775575995, "Wearing_Necklace": 0.0002684393257368356, "Wearing_Necktie": 0.6467075347900391, "Young": 0.011789803393185139, "df_race": "white", "df_race_prob": 81.31271227446648, "df_gender": "Man", "df_gender_prob": 99.99532699584961, "df_age": 42, "df_emotion": "sad", "df_emotion_prob": 58.606427907943726}