{"name": "Didier_Defago_0001.jpg", "5_o_Clock_Shadow": 0.016746478155255318, "Arched_Eyebrows": 0.0004353154799900949, "Attractive": 0.01692303456366062, "Bags_Under_Eyes": 0.0032551095355302095, "Bald": 0.0007912287255749106, "Bangs": 0.0006735633942298591, "Big_Lips": 0.01014049630612135, "Big_Nose": 0.030233202502131462, "Black_Hair": 0.0008577592670917511, "Blond_Hair": 0.0044761900790035725, "Blurry": 0.31870460510253906, "Brown_Hair": 0.003787479130551219, "Bushy_Eyebrows": 0.00017927926091942936, "Chubby": 0.025335220620036125, "Double_Chin": 0.008905262686312199, "Eyeglasses": 0.9321908950805664, "Goatee": 0.0011869464069604874, "Gray_Hair": 0.00552058219909668, "Heavy_Makeup": 0.000320019869832322, "High_Cheekbones": 0.021739443764090538, "Male": 0.6442878842353821, "Mouth_Slightly_Open": 0.3186383843421936, "Mustache": 0.001167899346910417, "Narrow_Eyes": 0.006385582499206066, "No_Beard": 0.9625621438026428, "Oval_Face": 0.07183682918548584, "Pale_Skin": 0.03881589695811272, "Pointy_Nose": 0.007309701759368181, "Receding_Hairline": 0.004020889289677143, "Rosy_Cheeks": 6.385257438523695e-05, "Sideburns": 0.002696799347177148, "Smiling": 0.07678257673978806, "Straight_Hair": 0.014729236252605915, "Wavy_Hair": 0.003274518297985196, "Wearing_Earrings": 0.007413111627101898, "Wearing_Hat": 0.9832236766815186, "Wearing_Lipstick": 0.0005057741655036807, "Wearing_Necklace": 0.008548843674361706, "Wearing_Necktie": 0.0022932933643460274, "Young": 0.6418309211730957, "df_race": "white", "df_race_prob": 87.7437949180603, "df_gender": "Man", "df_gender_prob": 97.00871109962463, "df_age": 26, "df_emotion": "happy", "df_emotion_prob": 83.92196797859478}