{"name": "Diego_Colorado_0001.jpg", "5_o_Clock_Shadow": 0.052611347287893295, "Arched_Eyebrows": 0.0003762392152566463, "Attractive": 0.14243580400943756, "Bags_Under_Eyes": 0.1873692274093628, "Bald": 0.0002265978546347469, "Bangs": 0.00022372609237208962, "Big_Lips": 0.01315657515078783, "Big_Nose": 0.14266018569469452, "Black_Hair": 0.034307144582271576, "Blond_Hair": 0.0022982845548540354, "Blurry": 0.0395791232585907, "Brown_Hair": 0.051205527037382126, "Bushy_Eyebrows": 0.014170880429446697, "Chubby": 0.0018555218121036887, "Double_Chin": 0.000998635427094996, "Eyeglasses": 0.0009001301368698478, "Goatee": 0.00034827739000320435, "Gray_Hair": 0.002048488473519683, "Heavy_Makeup": 6.734004273312166e-05, "High_Cheekbones": 0.07017632573843002, "Male": 0.9962248802185059, "Mouth_Slightly_Open": 0.013672111555933952, "Mustache": 0.0003808554320130497, "Narrow_Eyes": 0.03857400640845299, "No_Beard": 0.9909303784370422, "Oval_Face": 0.10874879360198975, "Pale_Skin": 0.00728077394887805, "Pointy_Nose": 0.0367300920188427, "Receding_Hairline": 0.0017407143022865057, "Rosy_Cheeks": 3.266642306698486e-05, "Sideburns": 0.0003946824581362307, "Smiling": 0.06801290810108185, "Straight_Hair": 0.5294490456581116, "Wavy_Hair": 0.002884385408833623, "Wearing_Earrings": 0.0011419578222557902, "Wearing_Hat": 0.0016043498180806637, "Wearing_Lipstick": 5.993506056256592e-05, "Wearing_Necklace": 0.0008116543758660555, "Wearing_Necktie": 0.0012115066638216376, "Young": 0.9254710078239441, "df_race": "latino hispanic", "df_race_prob": 21.345490652860324, "df_gender": "Man", "df_gender_prob": 99.99566078186035, "df_age": 31, "df_emotion": "neutral", "df_emotion_prob": 50.88205337524414}