{"name": "Dolly_Parton_0002.jpg", "5_o_Clock_Shadow": 0.0009224512614309788, "Arched_Eyebrows": 0.5856661796569824, "Attractive": 0.2268844097852707, "Bags_Under_Eyes": 0.07700996845960617, "Bald": 0.0006135280127637088, "Bangs": 0.9483914971351624, "Big_Lips": 0.2460208684206009, "Big_Nose": 0.035097669810056686, "Black_Hair": 0.004561922047287226, "Blond_Hair": 0.836448073387146, "Blurry": 0.4125160276889801, "Brown_Hair": 0.001261203782632947, "Bushy_Eyebrows": 0.00248325546272099, "Chubby": 0.0019397923024371266, "Double_Chin": 0.004194309934973717, "Eyeglasses": 0.0004402974445838481, "Goatee": 0.0008998787961900234, "Gray_Hair": 0.09485860913991928, "Heavy_Makeup": 0.6537659764289856, "High_Cheekbones": 0.9356168508529663, "Male": 0.000688854546751827, "Mouth_Slightly_Open": 0.9878419041633606, "Mustache": 0.0008807438425719738, "Narrow_Eyes": 0.5120297074317932, "No_Beard": 0.993860125541687, "Oval_Face": 0.16489343345165253, "Pale_Skin": 0.08989321440458298, "Pointy_Nose": 0.23319095373153687, "Receding_Hairline": 0.0009678509668447077, "Rosy_Cheeks": 0.00024685694370418787, "Sideburns": 0.001517386408522725, "Smiling": 0.9930596351623535, "Straight_Hair": 0.018516240641474724, "Wavy_Hair": 0.47061705589294434, "Wearing_Earrings": 0.7763638496398926, "Wearing_Hat": 0.0007515172474086285, "Wearing_Lipstick": 0.8174514770507812, "Wearing_Necklace": 0.26743051409721375, "Wearing_Necktie": 0.0003691899182740599, "Young": 0.08325240761041641, "df_race": "white", "df_race_prob": 99.91095662117004, "df_gender": "Woman", "df_gender_prob": 99.99949932098389, "df_age": 39, "df_emotion": "happy", "df_emotion_prob": 99.96612071990967}