{"name": "Dominique_de_Villepin_0015.jpg", "5_o_Clock_Shadow": 0.03344527259469032, "Arched_Eyebrows": 0.0005291089182719588, "Attractive": 0.08024590462446213, "Bags_Under_Eyes": 0.62702876329422, "Bald": 0.0068884799256920815, "Bangs": 0.0006532972911372781, "Big_Lips": 0.012075114995241165, "Big_Nose": 0.7718314528465271, "Black_Hair": 0.0019212680635973811, "Blond_Hair": 0.024558117613196373, "Blurry": 0.06833603233098984, "Brown_Hair": 0.0015614792937412858, "Bushy_Eyebrows": 0.000560858054086566, "Chubby": 0.023546021431684494, "Double_Chin": 0.07007013261318207, "Eyeglasses": 0.002701814752072096, "Goatee": 0.0010728095658123493, "Gray_Hair": 0.8289979100227356, "Heavy_Makeup": 0.0002697426243685186, "High_Cheekbones": 0.9267697334289551, "Male": 0.9990103244781494, "Mouth_Slightly_Open": 0.9793757796287537, "Mustache": 0.0014102375134825706, "Narrow_Eyes": 0.5790679454803467, "No_Beard": 0.9849439263343811, "Oval_Face": 0.243771031498909, "Pale_Skin": 0.04421675205230713, "Pointy_Nose": 0.022246602922677994, "Receding_Hairline": 0.16424643993377686, "Rosy_Cheeks": 0.00021797107183374465, "Sideburns": 0.0012057200074195862, "Smiling": 0.9989485144615173, "Straight_Hair": 0.36596861481666565, "Wavy_Hair": 0.008850278332829475, "Wearing_Earrings": 0.0004931939765810966, "Wearing_Hat": 0.00013010759721510112, "Wearing_Lipstick": 0.0002141454751836136, "Wearing_Necklace": 0.0004425128281582147, "Wearing_Necktie": 0.6376116871833801, "Young": 0.05377723276615143, "df_race": "white", "df_race_prob": 85.10861904076451, "df_gender": "Man", "df_gender_prob": 99.97082352638245, "df_age": 42, "df_emotion": "happy", "df_emotion_prob": 99.99995827674617}