{"name": "Don_Nickles_0001.jpg", "5_o_Clock_Shadow": 0.002917275298386812, "Arched_Eyebrows": 0.003635939909145236, "Attractive": 0.006111617665737867, "Bags_Under_Eyes": 0.06102342531085014, "Bald": 0.44168728590011597, "Bangs": 0.0003513019473757595, "Big_Lips": 0.023696038872003555, "Big_Nose": 0.014542889781296253, "Black_Hair": 0.0018882036674767733, "Blond_Hair": 0.00923503190279007, "Blurry": 0.08475132286548615, "Brown_Hair": 0.002634986536577344, "Bushy_Eyebrows": 0.00013474264414981008, "Chubby": 0.036829687654972076, "Double_Chin": 0.015167958103120327, "Eyeglasses": 0.002621525665745139, "Goatee": 0.0006462125456891954, "Gray_Hair": 0.23642434179782867, "Heavy_Makeup": 0.0005321331555023789, "High_Cheekbones": 0.018902378156781197, "Male": 0.9940173625946045, "Mouth_Slightly_Open": 0.7434677481651306, "Mustache": 0.0007875323062762618, "Narrow_Eyes": 0.11011739820241928, "No_Beard": 0.9909802079200745, "Oval_Face": 0.24419650435447693, "Pale_Skin": 0.034464795142412186, "Pointy_Nose": 0.030637813732028008, "Receding_Hairline": 0.6269298195838928, "Rosy_Cheeks": 0.0001285986218135804, "Sideburns": 0.001207375549711287, "Smiling": 0.0072199939750134945, "Straight_Hair": 0.06570525467395782, "Wavy_Hair": 0.0013294549426063895, "Wearing_Earrings": 0.0014509637840092182, "Wearing_Hat": 0.0003385739400982857, "Wearing_Lipstick": 0.0012986751971766353, "Wearing_Necklace": 0.0005595759721472859, "Wearing_Necktie": 0.040811941027641296, "Young": 0.06027746945619583, "df_race": "white", "df_race_prob": 99.99063015095828, "df_gender": "Man", "df_gender_prob": 99.99654293060303, "df_age": 41, "df_emotion": "sad", "df_emotion_prob": 99.25332069396973}