{"name": "Donald_Rumsfeld_0018.jpg", "5_o_Clock_Shadow": 0.002235569292679429, "Arched_Eyebrows": 0.000932471186388284, "Attractive": 0.0009109973907470703, "Bags_Under_Eyes": 0.17386074364185333, "Bald": 0.00838281586766243, "Bangs": 0.0006317629013210535, "Big_Lips": 0.002619580365717411, "Big_Nose": 0.18769921362400055, "Black_Hair": 0.0018979687010869384, "Blond_Hair": 0.006216235458850861, "Blurry": 0.18587717413902283, "Brown_Hair": 0.002873276825994253, "Bushy_Eyebrows": 0.0007199980318546295, "Chubby": 0.1280088871717453, "Double_Chin": 0.1053604781627655, "Eyeglasses": 0.8807358145713806, "Goatee": 0.00043076195288449526, "Gray_Hair": 0.941376805305481, "Heavy_Makeup": 0.00011594797251746058, "High_Cheekbones": 0.04714878648519516, "Male": 0.996491014957428, "Mouth_Slightly_Open": 0.0074104564264416695, "Mustache": 0.0014891671016812325, "Narrow_Eyes": 0.0437440387904644, "No_Beard": 0.9932467937469482, "Oval_Face": 0.0742848664522171, "Pale_Skin": 0.020207753404974937, "Pointy_Nose": 0.01547218021005392, "Receding_Hairline": 0.31273695826530457, "Rosy_Cheeks": 0.00014323281357064843, "Sideburns": 0.0005900481482967734, "Smiling": 0.01207641139626503, "Straight_Hair": 0.5198185443878174, "Wavy_Hair": 0.003405393101274967, "Wearing_Earrings": 0.0004766762722283602, "Wearing_Hat": 0.000251494231633842, "Wearing_Lipstick": 0.00012990552932024002, "Wearing_Necklace": 0.0004811695544049144, "Wearing_Necktie": 0.6395396590232849, "Young": 0.004883849993348122, "df_race": "white", "df_race_prob": 55.197309828125256, "df_gender": "Man", "df_gender_prob": 99.96700286865234, "df_age": 35, "df_emotion": "neutral", "df_emotion_prob": 96.44147753715515}