{"name": "Donald_Rumsfeld_0095.jpg", "5_o_Clock_Shadow": 0.003749144496396184, "Arched_Eyebrows": 0.0001376325817545876, "Attractive": 0.0016954528400674462, "Bags_Under_Eyes": 0.22963397204875946, "Bald": 0.00542124779894948, "Bangs": 0.0006932792603038251, "Big_Lips": 0.0023591723293066025, "Big_Nose": 0.1590701788663864, "Black_Hair": 0.0012053721584379673, "Blond_Hair": 0.015124511905014515, "Blurry": 0.050424568355083466, "Brown_Hair": 0.003911628387868404, "Bushy_Eyebrows": 0.0003544096543919295, "Chubby": 0.024202615022659302, "Double_Chin": 0.046946119517087936, "Eyeglasses": 0.9262101054191589, "Goatee": 0.0004701147263403982, "Gray_Hair": 0.8854017853736877, "Heavy_Makeup": 0.00013972703891340643, "High_Cheekbones": 0.051681745797395706, "Male": 0.9971147775650024, "Mouth_Slightly_Open": 0.04525572061538696, "Mustache": 0.0010087980190292, "Narrow_Eyes": 0.023739371448755264, "No_Beard": 0.996416449546814, "Oval_Face": 0.04844606667757034, "Pale_Skin": 0.02533661015331745, "Pointy_Nose": 0.01200910471379757, "Receding_Hairline": 0.12687911093235016, "Rosy_Cheeks": 0.00011329334665788338, "Sideburns": 0.0009380234405398369, "Smiling": 0.006973631680011749, "Straight_Hair": 0.5862996578216553, "Wavy_Hair": 0.0019950210116803646, "Wearing_Earrings": 0.0006010265205986798, "Wearing_Hat": 0.0002683894126676023, "Wearing_Lipstick": 0.00012155486911069602, "Wearing_Necklace": 0.000374962663045153, "Wearing_Necktie": 0.6310892701148987, "Young": 0.005331863649189472, "df_race": "white", "df_race_prob": 99.96520280838013, "df_gender": "Man", "df_gender_prob": 99.92596507072449, "df_age": 44, "df_emotion": "neutral", "df_emotion_prob": 93.95761489868164}