{"name": "Donald_Rumsfeld_0068.jpg", "5_o_Clock_Shadow": 0.004737854935228825, "Arched_Eyebrows": 0.0004819190944544971, "Attractive": 0.006314149126410484, "Bags_Under_Eyes": 0.16395172476768494, "Bald": 0.017519518733024597, "Bangs": 0.0002961950667668134, "Big_Lips": 0.004049132578074932, "Big_Nose": 0.11958420276641846, "Black_Hair": 0.003380357986316085, "Blond_Hair": 0.008509093895554543, "Blurry": 0.15800097584724426, "Brown_Hair": 0.008144136518239975, "Bushy_Eyebrows": 0.0009280099184252322, "Chubby": 0.12044858187437057, "Double_Chin": 0.13419635593891144, "Eyeglasses": 0.9207900166511536, "Goatee": 0.0007549767033196986, "Gray_Hair": 0.5239481329917908, "Heavy_Makeup": 0.00015991268446668983, "High_Cheekbones": 0.5535398125648499, "Male": 0.9962143301963806, "Mouth_Slightly_Open": 0.9791939854621887, "Mustache": 0.001343648531474173, "Narrow_Eyes": 0.35373011231422424, "No_Beard": 0.9911608695983887, "Oval_Face": 0.20841021835803986, "Pale_Skin": 0.07756530493497849, "Pointy_Nose": 0.022406959906220436, "Receding_Hairline": 0.332322895526886, "Rosy_Cheeks": 9.195477468892932e-05, "Sideburns": 0.0005984377348795533, "Smiling": 0.9823118448257446, "Straight_Hair": 0.5700387358665466, "Wavy_Hair": 0.0016209910390898585, "Wearing_Earrings": 0.0006030991789884865, "Wearing_Hat": 0.0001993619225686416, "Wearing_Lipstick": 0.00021392118651419878, "Wearing_Necklace": 0.0003325316356495023, "Wearing_Necktie": 0.4439676105976105, "Young": 0.008030365221202374, "df_race": "white", "df_race_prob": 95.28590496946514, "df_gender": "Man", "df_gender_prob": 99.86538887023926, "df_age": 40, "df_emotion": "happy", "df_emotion_prob": 98.22833527495476}