{"name": "Donald_Rumsfeld_0091.jpg", "5_o_Clock_Shadow": 0.003690180368721485, "Arched_Eyebrows": 9.326048893854022e-05, "Attractive": 0.0026657762937247753, "Bags_Under_Eyes": 0.13662606477737427, "Bald": 0.006605069153010845, "Bangs": 0.0004047414695378393, "Big_Lips": 0.003349385457113385, "Big_Nose": 0.0829315334558487, "Black_Hair": 0.0009663913515396416, "Blond_Hair": 0.02777017094194889, "Blurry": 0.024488015100359917, "Brown_Hair": 0.0037119619082659483, "Bushy_Eyebrows": 0.00018562973127700388, "Chubby": 0.012261644005775452, "Double_Chin": 0.016454286873340607, "Eyeglasses": 0.9704661965370178, "Goatee": 0.0005504009313881397, "Gray_Hair": 0.7832968831062317, "Heavy_Makeup": 0.00016390248492825776, "High_Cheekbones": 0.062431469559669495, "Male": 0.9975098371505737, "Mouth_Slightly_Open": 0.4254316985607147, "Mustache": 0.0006534564308822155, "Narrow_Eyes": 0.03166985139250755, "No_Beard": 0.9951303005218506, "Oval_Face": 0.0677533894777298, "Pale_Skin": 0.024318290874361992, "Pointy_Nose": 0.017482828348875046, "Receding_Hairline": 0.16486474871635437, "Rosy_Cheeks": 7.634977373527363e-05, "Sideburns": 0.0005657842848449945, "Smiling": 0.010052450001239777, "Straight_Hair": 0.4104434549808502, "Wavy_Hair": 0.002971969312056899, "Wearing_Earrings": 0.0009367887396365404, "Wearing_Hat": 0.00012847568723373115, "Wearing_Lipstick": 0.00018163271306548268, "Wearing_Necklace": 0.0004056517209392041, "Wearing_Necktie": 0.1762779951095581, "Young": 0.01475867535918951, "df_race": "white", "df_race_prob": 75.11432766914368, "df_gender": "Man", "df_gender_prob": 99.98319149017334, "df_age": 33, "df_emotion": "sad", "df_emotion_prob": 36.523830087413195}