{"name": "Donald_Rumsfeld_0062.jpg", "5_o_Clock_Shadow": 0.0021441569551825523, "Arched_Eyebrows": 0.0002250920224469155, "Attractive": 0.0019567953422665596, "Bags_Under_Eyes": 0.1912042498588562, "Bald": 0.013011777773499489, "Bangs": 0.00033846127917058766, "Big_Lips": 0.0019268704345449805, "Big_Nose": 0.12525653839111328, "Black_Hair": 0.001362438197247684, "Blond_Hair": 0.00884957518428564, "Blurry": 0.04145308956503868, "Brown_Hair": 0.0018759192898869514, "Bushy_Eyebrows": 0.0004050224379170686, "Chubby": 0.02279028855264187, "Double_Chin": 0.023894133046269417, "Eyeglasses": 0.8542498350143433, "Goatee": 0.0004642309795599431, "Gray_Hair": 0.9384763836860657, "Heavy_Makeup": 9.783988207345828e-05, "High_Cheekbones": 0.018917612731456757, "Male": 0.9977911710739136, "Mouth_Slightly_Open": 0.023851998150348663, "Mustache": 0.0010535632027313113, "Narrow_Eyes": 0.02162838540971279, "No_Beard": 0.996315062046051, "Oval_Face": 0.057789962738752365, "Pale_Skin": 0.023069025948643684, "Pointy_Nose": 0.015624966472387314, "Receding_Hairline": 0.4935045540332794, "Rosy_Cheeks": 8.042589615797624e-05, "Sideburns": 0.0006973080453462899, "Smiling": 0.0019708466716110706, "Straight_Hair": 0.32784631848335266, "Wavy_Hair": 0.0024871660862118006, "Wearing_Earrings": 0.0006803284049965441, "Wearing_Hat": 0.00027300024521537125, "Wearing_Lipstick": 0.00011124213779112324, "Wearing_Necklace": 0.00039262938662432134, "Wearing_Necktie": 0.45378825068473816, "Young": 0.007512813434004784, "df_race": "white", "df_race_prob": 44.330430030822754, "df_gender": "Man", "df_gender_prob": 99.98538494110107, "df_age": 43, "df_emotion": "neutral", "df_emotion_prob": 55.01170754432678}