{"name": "Donald_Fehr_0003.jpg", "5_o_Clock_Shadow": 0.005705980118364096, "Arched_Eyebrows": 0.0016777559649199247, "Attractive": 0.0031178793869912624, "Bags_Under_Eyes": 0.16575053334236145, "Bald": 0.07042226940393448, "Bangs": 0.00014836959599051625, "Big_Lips": 0.005131714511662722, "Big_Nose": 0.0991227924823761, "Black_Hair": 0.0019831981044262648, "Blond_Hair": 0.02131897211074829, "Blurry": 0.0484931617975235, "Brown_Hair": 0.003074794076383114, "Bushy_Eyebrows": 0.002153524663299322, "Chubby": 0.6262562274932861, "Double_Chin": 0.31475111842155457, "Eyeglasses": 0.0018547464860603213, "Goatee": 0.0004704610037151724, "Gray_Hair": 0.6678605675697327, "Heavy_Makeup": 0.00028421779279597104, "High_Cheekbones": 0.20417296886444092, "Male": 0.9975820779800415, "Mouth_Slightly_Open": 0.8572607040405273, "Mustache": 0.0007904242957010865, "Narrow_Eyes": 0.14880068600177765, "No_Beard": 0.9920550584793091, "Oval_Face": 0.3896341323852539, "Pale_Skin": 0.10654550790786743, "Pointy_Nose": 0.008927974849939346, "Receding_Hairline": 0.5377116799354553, "Rosy_Cheeks": 0.00027998400037176907, "Sideburns": 0.0008362858789041638, "Smiling": 0.27958303689956665, "Straight_Hair": 0.10401152074337006, "Wavy_Hair": 0.0034233336336910725, "Wearing_Earrings": 0.0005562749574892223, "Wearing_Hat": 0.00024847706663422287, "Wearing_Lipstick": 0.00031771985231898725, "Wearing_Necklace": 0.00045648671220988035, "Wearing_Necktie": 0.015370283275842667, "Young": 0.011418655514717102, "df_race": "white", "df_race_prob": 96.46258396356296, "df_gender": "Man", "df_gender_prob": 99.94891881942749, "df_age": 29, "df_emotion": "sad", "df_emotion_prob": 84.58511141449877}