{"name": "Donald_Rumsfeld_0089.jpg", "5_o_Clock_Shadow": 0.0057068164460361, "Arched_Eyebrows": 0.00021177830058149993, "Attractive": 0.004396242089569569, "Bags_Under_Eyes": 0.2657725512981415, "Bald": 0.013923071324825287, "Bangs": 0.0004241325077600777, "Big_Lips": 0.002939402125775814, "Big_Nose": 0.15234197676181793, "Black_Hair": 0.0010139060905203223, "Blond_Hair": 0.02348274178802967, "Blurry": 0.16178280115127563, "Brown_Hair": 0.003018751507624984, "Bushy_Eyebrows": 0.00020950939506292343, "Chubby": 0.03329499065876007, "Double_Chin": 0.07616207748651505, "Eyeglasses": 0.6304216980934143, "Goatee": 0.000768667901866138, "Gray_Hair": 0.866630494594574, "Heavy_Makeup": 9.377915557706729e-05, "High_Cheekbones": 0.26288795471191406, "Male": 0.9984155893325806, "Mouth_Slightly_Open": 0.9835600852966309, "Mustache": 0.0014572261134162545, "Narrow_Eyes": 0.19187600910663605, "No_Beard": 0.990298330783844, "Oval_Face": 0.10855010896921158, "Pale_Skin": 0.020849639549851418, "Pointy_Nose": 0.015256763435900211, "Receding_Hairline": 0.32921648025512695, "Rosy_Cheeks": 7.779851875966415e-05, "Sideburns": 0.0007416867883875966, "Smiling": 0.7828800082206726, "Straight_Hair": 0.48856407403945923, "Wavy_Hair": 0.0018571059918031096, "Wearing_Earrings": 0.0005054433131590486, "Wearing_Hat": 0.00011872455797856674, "Wearing_Lipstick": 8.840098598739132e-05, "Wearing_Necklace": 0.00026106307632289827, "Wearing_Necktie": 0.37865519523620605, "Young": 0.014564192853868008, "df_race": "white", "df_race_prob": 56.78744654580632, "df_gender": "Man", "df_gender_prob": 99.87044334411621, "df_age": 42, "df_emotion": "happy", "df_emotion_prob": 99.90376829527428}