{"name": "Donald_Rumsfeld_0101.jpg", "5_o_Clock_Shadow": 0.007525517605245113, "Arched_Eyebrows": 0.00028650122112594545, "Attractive": 0.0011391540756449103, "Bags_Under_Eyes": 0.42123284935951233, "Bald": 0.01107514277100563, "Bangs": 0.00046253943582996726, "Big_Lips": 0.002930939896032214, "Big_Nose": 0.3968537449836731, "Black_Hair": 0.0014583248412236571, "Blond_Hair": 0.007533698808401823, "Blurry": 0.05546256899833679, "Brown_Hair": 0.003006754908710718, "Bushy_Eyebrows": 0.0005789149436168373, "Chubby": 0.030041959136724472, "Double_Chin": 0.04607097804546356, "Eyeglasses": 0.8733339309692383, "Goatee": 0.0006799537222832441, "Gray_Hair": 0.9241744875907898, "Heavy_Makeup": 5.288344982545823e-05, "High_Cheekbones": 0.06953565031290054, "Male": 0.9990770816802979, "Mouth_Slightly_Open": 0.03205312788486481, "Mustache": 0.002829218516126275, "Narrow_Eyes": 0.03496243804693222, "No_Beard": 0.9877831339836121, "Oval_Face": 0.04167673736810684, "Pale_Skin": 0.009020824916660786, "Pointy_Nose": 0.012827781029045582, "Receding_Hairline": 0.24981312453746796, "Rosy_Cheeks": 7.391232793452218e-05, "Sideburns": 0.0015385682927444577, "Smiling": 0.0048112706281244755, "Straight_Hair": 0.5563398599624634, "Wavy_Hair": 0.001190394745208323, "Wearing_Earrings": 0.00035541984834708273, "Wearing_Hat": 0.0002583571767900139, "Wearing_Lipstick": 7.108044519554824e-05, "Wearing_Necklace": 0.00024999433662742376, "Wearing_Necktie": 0.4114532172679901, "Young": 0.003460607025772333, "df_race": "white", "df_race_prob": 28.17120850086212, "df_gender": "Man", "df_gender_prob": 99.9632477760315, "df_age": 45, "df_emotion": "neutral", "df_emotion_prob": 95.95755982904913}