{"name": "Donald_Rumsfeld_0058.jpg", "5_o_Clock_Shadow": 0.0029424154199659824, "Arched_Eyebrows": 0.00014223248581402004, "Attractive": 0.0032880266662687063, "Bags_Under_Eyes": 0.3225955665111542, "Bald": 0.015585600398480892, "Bangs": 0.00020140627748332918, "Big_Lips": 0.0024177811574190855, "Big_Nose": 0.06927704811096191, "Black_Hair": 0.00212210975587368, "Blond_Hair": 0.007128394674509764, "Blurry": 0.03489203751087189, "Brown_Hair": 0.0025027499068528414, "Bushy_Eyebrows": 0.0003442676679696888, "Chubby": 0.03848206251859665, "Double_Chin": 0.05142571032047272, "Eyeglasses": 0.2940385341644287, "Goatee": 0.00030058567062951624, "Gray_Hair": 0.8950167298316956, "Heavy_Makeup": 0.00012602951028384268, "High_Cheekbones": 0.06615789979696274, "Male": 0.9985263347625732, "Mouth_Slightly_Open": 0.19227172434329987, "Mustache": 0.0004865411901846528, "Narrow_Eyes": 0.08912262320518494, "No_Beard": 0.9970021843910217, "Oval_Face": 0.12357699126005173, "Pale_Skin": 0.034739989787340164, "Pointy_Nose": 0.036432527005672455, "Receding_Hairline": 0.3516688048839569, "Rosy_Cheeks": 0.00013432276318781078, "Sideburns": 0.0006410503410734236, "Smiling": 0.01743750087916851, "Straight_Hair": 0.43335092067718506, "Wavy_Hair": 0.0017243532929569483, "Wearing_Earrings": 0.0003989013493992388, "Wearing_Hat": 0.00015530872042290866, "Wearing_Lipstick": 0.00016993963799905032, "Wearing_Necklace": 0.0002213817642768845, "Wearing_Necktie": 0.6124842166900635, "Young": 0.0074084154330194, "df_race": "white", "df_race_prob": 85.16181288220729, "df_gender": "Man", "df_gender_prob": 99.9822199344635, "df_age": 33, "df_emotion": "sad", "df_emotion_prob": 53.1049907207489}