{"name": "Donald_Anderson_0001.jpg", "5_o_Clock_Shadow": 0.011669023893773556, "Arched_Eyebrows": 0.0003817927499767393, "Attractive": 0.01653076708316803, "Bags_Under_Eyes": 0.6227546334266663, "Bald": 0.8759488463401794, "Bangs": 0.004061807878315449, "Big_Lips": 0.002631797920912504, "Big_Nose": 0.5645133256912231, "Black_Hair": 0.0008752046269364655, "Blond_Hair": 0.01212952472269535, "Blurry": 0.03696982190012932, "Brown_Hair": 0.0011040879180654883, "Bushy_Eyebrows": 0.00029795445152558386, "Chubby": 0.19085152447223663, "Double_Chin": 0.21622467041015625, "Eyeglasses": 0.005227075889706612, "Goatee": 0.0028422516770660877, "Gray_Hair": 0.9036751985549927, "Heavy_Makeup": 0.0001463687513023615, "High_Cheekbones": 0.12700852751731873, "Male": 0.9991586208343506, "Mouth_Slightly_Open": 0.050159528851509094, "Mustache": 0.00396358035504818, "Narrow_Eyes": 0.2621816396713257, "No_Beard": 0.9802683591842651, "Oval_Face": 0.2636660933494568, "Pale_Skin": 0.07042181491851807, "Pointy_Nose": 0.11155515909194946, "Receding_Hairline": 0.1592574119567871, "Rosy_Cheeks": 0.0005203124019317329, "Sideburns": 0.004913328215479851, "Smiling": 0.30755025148391724, "Straight_Hair": 0.017168613150715828, "Wavy_Hair": 0.0038837662432342768, "Wearing_Earrings": 0.0005944986478425562, "Wearing_Hat": 0.0013697094982489944, "Wearing_Lipstick": 0.0001221785496454686, "Wearing_Necklace": 0.0002890555770136416, "Wearing_Necktie": 0.8194013237953186, "Young": 0.01554387342184782, "df_race": "white", "df_race_prob": 99.99938607212222, "df_gender": "Man", "df_gender_prob": 99.9943494796753, "df_age": 32, "df_emotion": "sad", "df_emotion_prob": 88.30073406104648}