{"name": "Donna_Brazile_0001.jpg", "5_o_Clock_Shadow": 0.001752207288518548, "Arched_Eyebrows": 0.06081019714474678, "Attractive": 0.008789015002548695, "Bags_Under_Eyes": 0.125430628657341, "Bald": 0.0008540501003153622, "Bangs": 0.0013138401554897428, "Big_Lips": 0.0693427324295044, "Big_Nose": 0.645745575428009, "Black_Hair": 0.02265867218375206, "Blond_Hair": 0.0032888988498598337, "Blurry": 0.22311604022979736, "Brown_Hair": 0.0013870581751689315, "Bushy_Eyebrows": 0.0028962602373212576, "Chubby": 0.7691740989685059, "Double_Chin": 0.3854008913040161, "Eyeglasses": 0.0012251980369910598, "Goatee": 0.00032280804589390755, "Gray_Hair": 0.5500931739807129, "Heavy_Makeup": 0.00788948405534029, "High_Cheekbones": 0.7165030241012573, "Male": 0.296227365732193, "Mouth_Slightly_Open": 0.12032423168420792, "Mustache": 0.0009055211558006704, "Narrow_Eyes": 0.11555389314889908, "No_Beard": 0.9854263067245483, "Oval_Face": 0.38500213623046875, "Pale_Skin": 0.009319865144789219, "Pointy_Nose": 0.0028643691912293434, "Receding_Hairline": 0.1502622812986374, "Rosy_Cheeks": 0.00029969148454256356, "Sideburns": 0.001476873061619699, "Smiling": 0.4162483513355255, "Straight_Hair": 0.006107676774263382, "Wavy_Hair": 0.5295894742012024, "Wearing_Earrings": 0.19013166427612305, "Wearing_Hat": 0.00021687650587409735, "Wearing_Lipstick": 0.00954136997461319, "Wearing_Necklace": 0.019557107239961624, "Wearing_Necktie": 0.0011305903317406774, "Young": 0.03762241080403328, "df_race": "black", "df_race_prob": 42.90020763874054, "df_gender": "Man", "df_gender_prob": 99.34572577476501, "df_age": 28, "df_emotion": "happy", "df_emotion_prob": 93.18093657493591}