{"name": "Dorothy_Loudon_0001.jpg", "5_o_Clock_Shadow": 0.0008697124430909753, "Arched_Eyebrows": 0.03025696612894535, "Attractive": 0.21763959527015686, "Bags_Under_Eyes": 0.0757666528224945, "Bald": 0.00033052527578547597, "Bangs": 0.916604220867157, "Big_Lips": 0.058846116065979004, "Big_Nose": 0.022411590442061424, "Black_Hair": 0.0005247871740721166, "Blond_Hair": 0.22111523151397705, "Blurry": 0.6044551134109497, "Brown_Hair": 0.07703637331724167, "Bushy_Eyebrows": 0.0007264746818691492, "Chubby": 0.0060162716545164585, "Double_Chin": 0.005388276651501656, "Eyeglasses": 0.0005239829188212752, "Goatee": 0.000229385492275469, "Gray_Hair": 0.04896434769034386, "Heavy_Makeup": 0.010553520172834396, "High_Cheekbones": 0.384798139333725, "Male": 0.07079888135194778, "Mouth_Slightly_Open": 0.9573757648468018, "Mustache": 0.0003356722299940884, "Narrow_Eyes": 0.2977931797504425, "No_Beard": 0.9974185228347778, "Oval_Face": 0.22658249735832214, "Pale_Skin": 0.26348820328712463, "Pointy_Nose": 0.17346014082431793, "Receding_Hairline": 0.00016387950745411217, "Rosy_Cheeks": 0.00030636865994893014, "Sideburns": 0.0004421025514602661, "Smiling": 0.9705937504768372, "Straight_Hair": 0.009782901965081692, "Wavy_Hair": 0.4107968509197235, "Wearing_Earrings": 0.034311164170503616, "Wearing_Hat": 0.001100071705877781, "Wearing_Lipstick": 0.026302652433514595, "Wearing_Necklace": 0.08293468505144119, "Wearing_Necktie": 0.0007490055286325514, "Young": 0.07935280352830887, "df_race": "white", "df_race_prob": 99.99992847442627, "df_gender": "Woman", "df_gender_prob": 99.99995231628418, "df_age": 36, "df_emotion": "fear", "df_emotion_prob": 37.90620493329793}