{"name": "Doug_Melvin_0002.jpg", "5_o_Clock_Shadow": 0.018172862008213997, "Arched_Eyebrows": 0.0026410145219415426, "Attractive": 0.00945078581571579, "Bags_Under_Eyes": 0.4311111867427826, "Bald": 0.0017916535725817084, "Bangs": 0.0013624739367514849, "Big_Lips": 0.00419719610363245, "Big_Nose": 0.2828248143196106, "Black_Hair": 0.0007315740804187953, "Blond_Hair": 0.02654711715877056, "Blurry": 0.03357093781232834, "Brown_Hair": 0.022276373580098152, "Bushy_Eyebrows": 0.004158854018896818, "Chubby": 0.21911822259426117, "Double_Chin": 0.12600861489772797, "Eyeglasses": 0.0014585747849196196, "Goatee": 0.009530038572847843, "Gray_Hair": 0.47190845012664795, "Heavy_Makeup": 0.00011621684825513512, "High_Cheekbones": 0.336051344871521, "Male": 0.9992863535881042, "Mouth_Slightly_Open": 0.7922888994216919, "Mustache": 0.39024826884269714, "Narrow_Eyes": 0.4355738162994385, "No_Beard": 0.263422429561615, "Oval_Face": 0.39007464051246643, "Pale_Skin": 0.04797809198498726, "Pointy_Nose": 0.006745672784745693, "Receding_Hairline": 0.005542237311601639, "Rosy_Cheeks": 0.00025030344841070473, "Sideburns": 0.003534493502229452, "Smiling": 0.49633967876434326, "Straight_Hair": 0.5631355047225952, "Wavy_Hair": 0.010564854368567467, "Wearing_Earrings": 0.0005885608261451125, "Wearing_Hat": 0.0003588298277463764, "Wearing_Lipstick": 0.00010573997860774398, "Wearing_Necklace": 0.00030322017846629024, "Wearing_Necktie": 0.31950849294662476, "Young": 0.025471443310379982, "df_race": "white", "df_race_prob": 39.47630524635315, "df_gender": "Man", "df_gender_prob": 99.7256338596344, "df_age": 29, "df_emotion": "happy", "df_emotion_prob": 79.03493517845483}