{"name": "Eddie_Fenech_Adami_0001.jpg", "5_o_Clock_Shadow": 0.0011055797804147005, "Arched_Eyebrows": 0.0010652381461113691, "Attractive": 0.0008267557132057846, "Bags_Under_Eyes": 0.19164559245109558, "Bald": 0.05625104159116745, "Bangs": 0.0004678183177020401, "Big_Lips": 0.002252281177788973, "Big_Nose": 0.6330552697181702, "Black_Hair": 0.001987796975299716, "Blond_Hair": 0.010240407660603523, "Blurry": 0.06844187527894974, "Brown_Hair": 0.0010007413802668452, "Bushy_Eyebrows": 0.0008304223883897066, "Chubby": 0.3801819384098053, "Double_Chin": 0.4425840377807617, "Eyeglasses": 0.9953173398971558, "Goatee": 0.0018580651376396418, "Gray_Hair": 0.9904671311378479, "Heavy_Makeup": 0.0002473910863045603, "High_Cheekbones": 0.01333501935005188, "Male": 0.9965136647224426, "Mouth_Slightly_Open": 0.12234769016504288, "Mustache": 0.004519290290772915, "Narrow_Eyes": 0.02698311023414135, "No_Beard": 0.9881312847137451, "Oval_Face": 0.0631418377161026, "Pale_Skin": 0.021120227873325348, "Pointy_Nose": 0.006152962800115347, "Receding_Hairline": 0.8639798760414124, "Rosy_Cheeks": 0.00019070712733082473, "Sideburns": 0.0016280991258099675, "Smiling": 0.019291827455163002, "Straight_Hair": 0.1114249899983406, "Wavy_Hair": 0.004093370866030455, "Wearing_Earrings": 0.0008220517775043845, "Wearing_Hat": 0.0006835408275946975, "Wearing_Lipstick": 0.000353134295437485, "Wearing_Necklace": 0.0011943414574488997, "Wearing_Necktie": 0.669043242931366, "Young": 0.006420016288757324, "df_race": "latino hispanic", "df_race_prob": 35.21678061585311, "df_gender": "Man", "df_gender_prob": 99.98704195022583, "df_age": 54, "df_emotion": "angry", "df_emotion_prob": 39.189248632743876}