{"name": "Eddie_Lewis_0001.jpg", "5_o_Clock_Shadow": 0.019813625141978264, "Arched_Eyebrows": 0.0006267470889724791, "Attractive": 0.07709918916225433, "Bags_Under_Eyes": 0.014304662123322487, "Bald": 0.00035997916711494327, "Bangs": 0.0008621279266662896, "Big_Lips": 0.0038935833144932985, "Big_Nose": 0.008218040689826012, "Black_Hair": 0.0005863056285306811, "Blond_Hair": 0.18069198727607727, "Blurry": 0.10866724699735641, "Brown_Hair": 0.030710643157362938, "Bushy_Eyebrows": 0.00029053480830043554, "Chubby": 0.0005089713959023356, "Double_Chin": 0.00023841574147809297, "Eyeglasses": 0.0012560471659526229, "Goatee": 0.00030751520534977317, "Gray_Hair": 0.03129580244421959, "Heavy_Makeup": 0.0003683888935483992, "High_Cheekbones": 0.009102589450776577, "Male": 0.9942724704742432, "Mouth_Slightly_Open": 0.005678011104464531, "Mustache": 0.0004128717118874192, "Narrow_Eyes": 0.007241846062242985, "No_Beard": 0.9898215532302856, "Oval_Face": 0.06735756248235703, "Pale_Skin": 0.012903911992907524, "Pointy_Nose": 0.06337882578372955, "Receding_Hairline": 0.02520604431629181, "Rosy_Cheeks": 4.199719842290506e-05, "Sideburns": 0.0004690670466516167, "Smiling": 0.0014270670944824815, "Straight_Hair": 0.17397969961166382, "Wavy_Hair": 0.03312915191054344, "Wearing_Earrings": 0.0010465806117281318, "Wearing_Hat": 0.0001015383968479, "Wearing_Lipstick": 0.00030581592000089586, "Wearing_Necklace": 0.0012362076668068767, "Wearing_Necktie": 0.0014546618331223726, "Young": 0.776827335357666, "df_race": "white", "df_race_prob": 98.79561066627502, "df_gender": "Man", "df_gender_prob": 99.9395489692688, "df_age": 29, "df_emotion": "neutral", "df_emotion_prob": 93.38645935058594}