{"name": "Edmund_Stoiber_0006.jpg", "5_o_Clock_Shadow": 0.0028118090704083443, "Arched_Eyebrows": 0.000466721918201074, "Attractive": 0.004831911064684391, "Bags_Under_Eyes": 0.6126359105110168, "Bald": 0.5785007476806641, "Bangs": 0.00190850836224854, "Big_Lips": 0.009572881273925304, "Big_Nose": 0.6854849457740784, "Black_Hair": 0.001771183917298913, "Blond_Hair": 0.00428468082100153, "Blurry": 0.12435229867696762, "Brown_Hair": 0.000574117642827332, "Bushy_Eyebrows": 0.0005767664988525212, "Chubby": 0.26150116324424744, "Double_Chin": 0.32769227027893066, "Eyeglasses": 0.9468573331832886, "Goatee": 0.0014719042228534818, "Gray_Hair": 0.9398680329322815, "Heavy_Makeup": 0.00010751316585810855, "High_Cheekbones": 0.34148675203323364, "Male": 0.9972182512283325, "Mouth_Slightly_Open": 0.8860338926315308, "Mustache": 0.0031009777449071407, "Narrow_Eyes": 0.5892208814620972, "No_Beard": 0.9898982048034668, "Oval_Face": 0.12430858612060547, "Pale_Skin": 0.05199256166815758, "Pointy_Nose": 0.03739110007882118, "Receding_Hairline": 0.5756496787071228, "Rosy_Cheeks": 0.00010930233111139387, "Sideburns": 0.0015253258170560002, "Smiling": 0.9852800369262695, "Straight_Hair": 0.061063483357429504, "Wavy_Hair": 0.0023004156537353992, "Wearing_Earrings": 0.000992662855423987, "Wearing_Hat": 0.0004140693345107138, "Wearing_Lipstick": 0.00021991520770825446, "Wearing_Necklace": 0.00108632305637002, "Wearing_Necktie": 0.6567009091377258, "Young": 0.008147095330059528, "df_race": "middle eastern", "df_race_prob": 47.55988121032715, "df_gender": "Man", "df_gender_prob": 99.9864935874939, "df_age": 33, "df_emotion": "happy", "df_emotion_prob": 99.7717022895813}