{"name": "Eduardo_Duhalde_0001.jpg", "5_o_Clock_Shadow": 0.005280366633087397, "Arched_Eyebrows": 0.00239194487221539, "Attractive": 0.005281554069370031, "Bags_Under_Eyes": 0.05208229646086693, "Bald": 0.002182569820433855, "Bangs": 0.00019411781977396458, "Big_Lips": 0.007638916838914156, "Big_Nose": 0.2323034554719925, "Black_Hair": 0.012212888337671757, "Blond_Hair": 0.0025365406181663275, "Blurry": 0.37672141194343567, "Brown_Hair": 0.041350699961185455, "Bushy_Eyebrows": 0.0007620077230967581, "Chubby": 0.288904070854187, "Double_Chin": 0.031246744096279144, "Eyeglasses": 0.005927143152803183, "Goatee": 0.00046351374476216733, "Gray_Hair": 0.11586807668209076, "Heavy_Makeup": 0.00025086631649173796, "High_Cheekbones": 0.005117970984429121, "Male": 0.9884448051452637, "Mouth_Slightly_Open": 0.017773905768990517, "Mustache": 0.001830342342145741, "Narrow_Eyes": 0.09928952902555466, "No_Beard": 0.9805723428726196, "Oval_Face": 0.1233125850558281, "Pale_Skin": 0.044671088457107544, "Pointy_Nose": 0.01977333426475525, "Receding_Hairline": 0.2927776277065277, "Rosy_Cheeks": 7.884464139351621e-05, "Sideburns": 0.001052084844559431, "Smiling": 0.0009965668432414532, "Straight_Hair": 0.15711791813373566, "Wavy_Hair": 0.022676214575767517, "Wearing_Earrings": 0.0014506763545796275, "Wearing_Hat": 0.00018737369100563228, "Wearing_Lipstick": 0.00038592892815358937, "Wearing_Necklace": 0.0016636375803500414, "Wearing_Necktie": 0.01915697567164898, "Young": 0.05558250844478607, "df_race": "latino hispanic", "df_race_prob": 39.66924548149109, "df_gender": "Man", "df_gender_prob": 99.97591376304626, "df_age": 43, "df_emotion": "neutral", "df_emotion_prob": 63.89397548365301}