{"name": "Eduardo_Duhalde_0009.jpg", "5_o_Clock_Shadow": 0.005418348591774702, "Arched_Eyebrows": 0.001155245816335082, "Attractive": 0.009074474684894085, "Bags_Under_Eyes": 0.6764036417007446, "Bald": 0.009402977302670479, "Bangs": 0.00017687950457911938, "Big_Lips": 0.004461262375116348, "Big_Nose": 0.6015517115592957, "Black_Hair": 0.007881216704845428, "Blond_Hair": 0.0025730454362928867, "Blurry": 0.19258703291416168, "Brown_Hair": 0.02677270956337452, "Bushy_Eyebrows": 0.0032771900296211243, "Chubby": 0.34576696157455444, "Double_Chin": 0.2945280969142914, "Eyeglasses": 0.005281969904899597, "Goatee": 0.0005424628034234047, "Gray_Hair": 0.3973720371723175, "Heavy_Makeup": 0.00016291215433739126, "High_Cheekbones": 0.6371008157730103, "Male": 0.99650639295578, "Mouth_Slightly_Open": 0.4096847474575043, "Mustache": 0.0008730377885513008, "Narrow_Eyes": 0.31802085041999817, "No_Beard": 0.9938568472862244, "Oval_Face": 0.22726483643054962, "Pale_Skin": 0.007135968655347824, "Pointy_Nose": 0.02375485748052597, "Receding_Hairline": 0.4616105258464813, "Rosy_Cheeks": 0.00010369370284024626, "Sideburns": 0.0005948457983322442, "Smiling": 0.9483448266983032, "Straight_Hair": 0.26986777782440186, "Wavy_Hair": 0.010245622135698795, "Wearing_Earrings": 0.0003944013442378491, "Wearing_Hat": 0.0001125102280639112, "Wearing_Lipstick": 0.0002639258746057749, "Wearing_Necklace": 0.0004169660387560725, "Wearing_Necktie": 0.18578119575977325, "Young": 0.007023727521300316, "df_race": "latino hispanic", "df_race_prob": 27.976441383361816, "df_gender": "Man", "df_gender_prob": 99.83678460121155, "df_age": 46, "df_emotion": "happy", "df_emotion_prob": 99.9920427794482}