{"name": "Edward_Johnson_0001.jpg", "5_o_Clock_Shadow": 0.002058660378679633, "Arched_Eyebrows": 0.00015514279948547482, "Attractive": 0.0016385503113269806, "Bags_Under_Eyes": 0.20745645463466644, "Bald": 0.35499244928359985, "Bangs": 0.0017632850212976336, "Big_Lips": 0.009774858132004738, "Big_Nose": 0.053899433463811874, "Black_Hair": 0.0010070714633911848, "Blond_Hair": 0.002125405240803957, "Blurry": 0.1711714118719101, "Brown_Hair": 0.0007832854171283543, "Bushy_Eyebrows": 0.0005339556373655796, "Chubby": 0.06006908416748047, "Double_Chin": 0.06476302444934845, "Eyeglasses": 0.8552861213684082, "Goatee": 0.001191279967315495, "Gray_Hair": 0.8965789675712585, "Heavy_Makeup": 0.00013616104843094945, "High_Cheekbones": 0.005808207206428051, "Male": 0.9969960451126099, "Mouth_Slightly_Open": 0.021503053605556488, "Mustache": 0.0017547487514093518, "Narrow_Eyes": 0.017317458987236023, "No_Beard": 0.9886572957038879, "Oval_Face": 0.16264449059963226, "Pale_Skin": 0.015488850884139538, "Pointy_Nose": 0.055314723402261734, "Receding_Hairline": 0.3279409408569336, "Rosy_Cheeks": 4.22973207605537e-05, "Sideburns": 0.0016634166240692139, "Smiling": 0.005034522619098425, "Straight_Hair": 0.013791505247354507, "Wavy_Hair": 0.006320956163108349, "Wearing_Earrings": 0.0007902247016318142, "Wearing_Hat": 0.0017590540228411555, "Wearing_Lipstick": 0.00025578439817763865, "Wearing_Necklace": 0.0004699478449765593, "Wearing_Necktie": 0.38479506969451904, "Young": 0.005565299652516842, "df_race": "middle eastern", "df_race_prob": 32.91675346593579, "df_gender": "Man", "df_gender_prob": 99.53184723854065, "df_age": 40, "df_emotion": "sad", "df_emotion_prob": 97.55170941352844}