{"name": "Edward_Lu_0001.jpg", "5_o_Clock_Shadow": 0.008169938810169697, "Arched_Eyebrows": 0.0006904562469571829, "Attractive": 0.09769828617572784, "Bags_Under_Eyes": 0.1234021708369255, "Bald": 0.0006766255828551948, "Bangs": 0.012356276623904705, "Big_Lips": 0.004733466077595949, "Big_Nose": 0.09179215133190155, "Black_Hair": 0.15853165090084076, "Blond_Hair": 0.00429219426587224, "Blurry": 0.021232105791568756, "Brown_Hair": 0.01084489282220602, "Bushy_Eyebrows": 0.00018760502280201763, "Chubby": 0.0070943888276815414, "Double_Chin": 0.002469005761668086, "Eyeglasses": 0.0008410864975303411, "Goatee": 0.00032505166018381715, "Gray_Hair": 0.004224848002195358, "Heavy_Makeup": 0.00028656242648139596, "High_Cheekbones": 0.32803499698638916, "Male": 0.9967983365058899, "Mouth_Slightly_Open": 0.1313762664794922, "Mustache": 0.0002293343422934413, "Narrow_Eyes": 0.19201572239398956, "No_Beard": 0.996272087097168, "Oval_Face": 0.1060570701956749, "Pale_Skin": 0.010119506157934666, "Pointy_Nose": 0.03415434807538986, "Receding_Hairline": 0.0059511736035346985, "Rosy_Cheeks": 0.00016301176219712943, "Sideburns": 0.00032220943830907345, "Smiling": 0.7522437572479248, "Straight_Hair": 0.7341194748878479, "Wavy_Hair": 0.0013236728264018893, "Wearing_Earrings": 0.0010399161837995052, "Wearing_Hat": 0.0004739238938782364, "Wearing_Lipstick": 0.000505413452629, "Wearing_Necklace": 0.00018652502330951393, "Wearing_Necktie": 0.26303449273109436, "Young": 0.2550663948059082, "df_race": "middle eastern", "df_race_prob": 42.13780164718628, "df_gender": "Man", "df_gender_prob": 99.99274015426636, "df_age": 30, "df_emotion": "fear", "df_emotion_prob": 83.5889220237732}