{"name": "Elaine_Chao_0001.jpg", "5_o_Clock_Shadow": 0.00028049215325154364, "Arched_Eyebrows": 0.18350891768932343, "Attractive": 0.1418052613735199, "Bags_Under_Eyes": 0.014785914681851864, "Bald": 0.0001224510051542893, "Bangs": 0.012530511245131493, "Big_Lips": 0.014760900288820267, "Big_Nose": 0.0016571070300415158, "Black_Hair": 0.023338111117482185, "Blond_Hair": 0.015780353918671608, "Blurry": 0.07226743549108505, "Brown_Hair": 0.24827975034713745, "Bushy_Eyebrows": 0.0009514476987533271, "Chubby": 0.0034305446315556765, "Double_Chin": 0.00034937294549308717, "Eyeglasses": 0.0004387787776067853, "Goatee": 0.00016755859542172402, "Gray_Hair": 0.0010642558336257935, "Heavy_Makeup": 0.05956854298710823, "High_Cheekbones": 0.3116638660430908, "Male": 0.0013298930134624243, "Mouth_Slightly_Open": 0.08460838347673416, "Mustache": 0.00024202230270020664, "Narrow_Eyes": 0.037545327097177505, "No_Beard": 0.9989392161369324, "Oval_Face": 0.4644080400466919, "Pale_Skin": 0.015532588586211205, "Pointy_Nose": 0.025695698335766792, "Receding_Hairline": 0.0035258065909147263, "Rosy_Cheeks": 8.877944492269307e-05, "Sideburns": 0.00044959093793295324, "Smiling": 0.0043720523826777935, "Straight_Hair": 0.09018348157405853, "Wavy_Hair": 0.22221556305885315, "Wearing_Earrings": 0.6539852023124695, "Wearing_Hat": 0.0005726563395000994, "Wearing_Lipstick": 0.1650284081697464, "Wearing_Necklace": 0.01887943595647812, "Wearing_Necktie": 0.0003778426325879991, "Young": 0.3740285634994507, "df_race": "asian", "df_race_prob": 99.98219609260559, "df_gender": "Woman", "df_gender_prob": 94.59150433540344, "df_age": 31, "df_emotion": "neutral", "df_emotion_prob": 98.74674677848816}