{"name": "Eliane_Karp_0004.jpg", "5_o_Clock_Shadow": 0.001118146232329309, "Arched_Eyebrows": 0.14305229485034943, "Attractive": 0.17201298475265503, "Bags_Under_Eyes": 0.020714661106467247, "Bald": 0.0006429998320527375, "Bangs": 0.03365667164325714, "Big_Lips": 0.051494382321834564, "Big_Nose": 0.00750848138704896, "Black_Hair": 0.001223121304064989, "Blond_Hair": 0.7656735181808472, "Blurry": 0.6690422892570496, "Brown_Hair": 0.007815305143594742, "Bushy_Eyebrows": 0.0011051243636757135, "Chubby": 0.004796607419848442, "Double_Chin": 0.001251718495041132, "Eyeglasses": 0.0008751887362450361, "Goatee": 0.0004357854777481407, "Gray_Hair": 0.027582978829741478, "Heavy_Makeup": 0.018373770639300346, "High_Cheekbones": 0.5710119009017944, "Male": 0.006917356979101896, "Mouth_Slightly_Open": 0.6694860458374023, "Mustache": 0.0002660488535184413, "Narrow_Eyes": 0.6751676201820374, "No_Beard": 0.9941262006759644, "Oval_Face": 0.4275771975517273, "Pale_Skin": 0.42556628584861755, "Pointy_Nose": 0.04587084800004959, "Receding_Hairline": 0.013962057419121265, "Rosy_Cheeks": 5.615213012788445e-05, "Sideburns": 0.0005303315701894462, "Smiling": 0.9065011143684387, "Straight_Hair": 0.016463272273540497, "Wavy_Hair": 0.2455785870552063, "Wearing_Earrings": 0.334688276052475, "Wearing_Hat": 0.00029470075969584286, "Wearing_Lipstick": 0.032260071486234665, "Wearing_Necklace": 0.02133150026202202, "Wearing_Necktie": 0.0010003653587773442, "Young": 0.3973146080970764, "df_race": "white", "df_race_prob": 89.54940562851363, "df_gender": "Woman", "df_gender_prob": 99.94719624519348, "df_age": 38, "df_emotion": "happy", "df_emotion_prob": 97.08312153816223}