{"name": "Elijan_Ingram_0001.jpg", "5_o_Clock_Shadow": 0.10035405308008194, "Arched_Eyebrows": 0.000961500103585422, "Attractive": 0.0017054318450391293, "Bags_Under_Eyes": 0.06653914600610733, "Bald": 0.008536316454410553, "Bangs": 0.0005841297097504139, "Big_Lips": 0.04388017579913139, "Big_Nose": 0.7698342204093933, "Black_Hair": 0.04848605766892433, "Blond_Hair": 0.0020752460695803165, "Blurry": 0.1702406108379364, "Brown_Hair": 0.0023603993467986584, "Bushy_Eyebrows": 0.002685297280550003, "Chubby": 0.09911425411701202, "Double_Chin": 0.02393692173063755, "Eyeglasses": 0.003544397884979844, "Goatee": 0.052621226757764816, "Gray_Hair": 0.00649549113586545, "Heavy_Makeup": 3.6913126677973196e-05, "High_Cheekbones": 0.03818351775407791, "Male": 0.9993305206298828, "Mouth_Slightly_Open": 0.014521140605211258, "Mustache": 0.12275049835443497, "Narrow_Eyes": 0.09161850810050964, "No_Beard": 0.2241731882095337, "Oval_Face": 0.07832613587379456, "Pale_Skin": 0.00285379309207201, "Pointy_Nose": 0.0010310998186469078, "Receding_Hairline": 0.12728877365589142, "Rosy_Cheeks": 3.6090921639697626e-05, "Sideburns": 0.024014659225940704, "Smiling": 0.00044339930173009634, "Straight_Hair": 0.011162261478602886, "Wavy_Hair": 0.003589560277760029, "Wearing_Earrings": 0.0024936730042099953, "Wearing_Hat": 0.0017675058916211128, "Wearing_Lipstick": 3.09538772853557e-05, "Wearing_Necklace": 0.0007000212790444493, "Wearing_Necktie": 0.007603044621646404, "Young": 0.5997565984725952, "df_race": "black", "df_race_prob": 97.59588823293973, "df_gender": "Man", "df_gender_prob": 99.99536275863647, "df_age": 28, "df_emotion": "fear", "df_emotion_prob": 78.50905996669054}