{"name": "Elizabeth_Shue_0001.jpg", "5_o_Clock_Shadow": 0.0004141328972764313, "Arched_Eyebrows": 0.040018461644649506, "Attractive": 0.43165460228919983, "Bags_Under_Eyes": 0.0031194330658763647, "Bald": 0.0003394267987459898, "Bangs": 0.001323058968409896, "Big_Lips": 0.04356358200311661, "Big_Nose": 0.0041007413528859615, "Black_Hair": 0.0008169537177309394, "Blond_Hair": 0.9383719563484192, "Blurry": 0.1433945745229721, "Brown_Hair": 0.006714577786624432, "Bushy_Eyebrows": 0.00018083694158121943, "Chubby": 0.0011418609647080302, "Double_Chin": 0.0008279714384116232, "Eyeglasses": 0.00027243574731983244, "Goatee": 0.0003217345511075109, "Gray_Hair": 0.011776493862271309, "Heavy_Makeup": 0.0993770956993103, "High_Cheekbones": 0.6342130303382874, "Male": 0.0026828257832676172, "Mouth_Slightly_Open": 0.9833990335464478, "Mustache": 0.00018196603923570365, "Narrow_Eyes": 0.006305553950369358, "No_Beard": 0.9985585808753967, "Oval_Face": 0.18824602663516998, "Pale_Skin": 0.05260723456740379, "Pointy_Nose": 0.3728266656398773, "Receding_Hairline": 0.040481287986040115, "Rosy_Cheeks": 0.002955187112092972, "Sideburns": 0.00013938717893324792, "Smiling": 0.9697585105895996, "Straight_Hair": 0.10676494240760803, "Wavy_Hair": 0.3312525749206543, "Wearing_Earrings": 0.01411554403603077, "Wearing_Hat": 0.00030350187444128096, "Wearing_Lipstick": 0.44823887944221497, "Wearing_Necklace": 0.11031781136989594, "Wearing_Necktie": 0.0002511223719920963, "Young": 0.6806665658950806, "df_race": "white", "df_race_prob": 99.98364448547363, "df_gender": "Woman", "df_gender_prob": 99.96916055679321, "df_age": 36, "df_emotion": "fear", "df_emotion_prob": 86.55667304992676}