{"name": "Elizabeth_Taylor_0002.jpg", "5_o_Clock_Shadow": 0.0010088066337630153, "Arched_Eyebrows": 0.03864580765366554, "Attractive": 0.019393913447856903, "Bags_Under_Eyes": 0.007821670733392239, "Bald": 0.0006508981459774077, "Bangs": 0.23123544454574585, "Big_Lips": 0.1558680385351181, "Big_Nose": 0.009701360017061234, "Black_Hair": 0.0031028930097818375, "Blond_Hair": 0.32917386293411255, "Blurry": 0.6845047473907471, "Brown_Hair": 0.00327724264934659, "Bushy_Eyebrows": 0.0028005221392959356, "Chubby": 0.022305956110358238, "Double_Chin": 0.006823279894888401, "Eyeglasses": 0.0025491598062217236, "Goatee": 0.0009362698765471578, "Gray_Hair": 0.12863951921463013, "Heavy_Makeup": 0.07193198055028915, "High_Cheekbones": 0.007822984829545021, "Male": 0.040130794048309326, "Mouth_Slightly_Open": 0.8900454640388489, "Mustache": 0.0014456551289185882, "Narrow_Eyes": 0.5654681324958801, "No_Beard": 0.9869241118431091, "Oval_Face": 0.24888679385185242, "Pale_Skin": 0.03388401120901108, "Pointy_Nose": 0.10949776321649551, "Receding_Hairline": 0.0030061632860451937, "Rosy_Cheeks": 0.0002034700446529314, "Sideburns": 0.0023957560770213604, "Smiling": 0.002683578757569194, "Straight_Hair": 0.0023164041340351105, "Wavy_Hair": 0.8822365999221802, "Wearing_Earrings": 0.029556188732385635, "Wearing_Hat": 0.0015901648439466953, "Wearing_Lipstick": 0.15918637812137604, "Wearing_Necklace": 0.03187663480639458, "Wearing_Necktie": 0.00042314251186326146, "Young": 0.14095959067344666, "df_race": "white", "df_race_prob": 99.78673458099365, "df_gender": "Woman", "df_gender_prob": 99.59599375724792, "df_age": 45, "df_emotion": "fear", "df_emotion_prob": 71.72418236732483}