{"name": "Ellen_Engleman_0001.jpg", "5_o_Clock_Shadow": 0.00030022652936168015, "Arched_Eyebrows": 0.01253069844096899, "Attractive": 0.04968314617872238, "Bags_Under_Eyes": 0.0017384272068738937, "Bald": 0.0002812092425301671, "Bangs": 0.10162844508886337, "Big_Lips": 0.012955328449606895, "Big_Nose": 0.0015675498871132731, "Black_Hair": 0.0014917501248419285, "Blond_Hair": 0.3635682463645935, "Blurry": 0.3296670615673065, "Brown_Hair": 0.02547955885529518, "Bushy_Eyebrows": 0.000300316431093961, "Chubby": 0.0016649820609018207, "Double_Chin": 0.00039822087273932993, "Eyeglasses": 0.8814414739608765, "Goatee": 0.0005093953805044293, "Gray_Hair": 0.058158259838819504, "Heavy_Makeup": 0.020795859396457672, "High_Cheekbones": 0.0052154650911688805, "Male": 0.0027941707521677017, "Mouth_Slightly_Open": 0.021516084671020508, "Mustache": 0.0006176840979605913, "Narrow_Eyes": 0.02542603202164173, "No_Beard": 0.9970943927764893, "Oval_Face": 0.30633193254470825, "Pale_Skin": 0.10753095895051956, "Pointy_Nose": 0.06581338495016098, "Receding_Hairline": 0.004590668249875307, "Rosy_Cheeks": 5.956027234788053e-05, "Sideburns": 0.0004350754607003182, "Smiling": 0.0018115693237632513, "Straight_Hair": 0.00735162477940321, "Wavy_Hair": 0.6329967975616455, "Wearing_Earrings": 0.02646862342953682, "Wearing_Hat": 0.0005319465417414904, "Wearing_Lipstick": 0.04594581201672554, "Wearing_Necklace": 0.08273173123598099, "Wearing_Necktie": 0.00029295412241481245, "Young": 0.3986789286136627, "df_race": "white", "df_race_prob": 68.0355966091156, "df_gender": "Woman", "df_gender_prob": 54.41722869873047, "df_age": 29, "df_emotion": "neutral", "df_emotion_prob": 85.08426458145765}