{"name": "Emily_Mortimer_0001.jpg", "5_o_Clock_Shadow": 0.0014271296095103025, "Arched_Eyebrows": 0.0027396022342145443, "Attractive": 0.16866502165794373, "Bags_Under_Eyes": 0.01868622563779354, "Bald": 0.0002187683421652764, "Bangs": 0.008409449830651283, "Big_Lips": 0.07257088273763657, "Big_Nose": 0.03454054892063141, "Black_Hair": 0.0013354396214708686, "Blond_Hair": 0.03232143819332123, "Blurry": 0.4469011425971985, "Brown_Hair": 0.02429177425801754, "Bushy_Eyebrows": 0.0004987374413758516, "Chubby": 0.011561499908566475, "Double_Chin": 0.0024316192138940096, "Eyeglasses": 0.006381330080330372, "Goatee": 0.00028167988057248294, "Gray_Hair": 0.0018353199120610952, "Heavy_Makeup": 0.013712538406252861, "High_Cheekbones": 0.3654813766479492, "Male": 0.00713261729106307, "Mouth_Slightly_Open": 0.011034880764782429, "Mustache": 0.0004867664538323879, "Narrow_Eyes": 0.114170141518116, "No_Beard": 0.9981291890144348, "Oval_Face": 0.26761841773986816, "Pale_Skin": 0.20064952969551086, "Pointy_Nose": 0.04247856140136719, "Receding_Hairline": 0.0011415162589401007, "Rosy_Cheeks": 0.0006751106120646, "Sideburns": 0.000395948882214725, "Smiling": 0.4389614760875702, "Straight_Hair": 0.014019127003848553, "Wavy_Hair": 0.019620034843683243, "Wearing_Earrings": 0.026839112862944603, "Wearing_Hat": 0.9899466633796692, "Wearing_Lipstick": 0.10483339428901672, "Wearing_Necklace": 0.024228109046816826, "Wearing_Necktie": 0.0010836475994437933, "Young": 0.7391076683998108, "df_race": "asian", "df_race_prob": 99.0571738413365, "df_gender": "Woman", "df_gender_prob": 99.72827434539795, "df_age": 40, "df_emotion": "sad", "df_emotion_prob": 99.66701865196228}