{"name": "Emma_Thompson_0003.jpg", "5_o_Clock_Shadow": 0.0007539830403402448, "Arched_Eyebrows": 0.014786560088396072, "Attractive": 0.38313865661621094, "Bags_Under_Eyes": 0.09376709163188934, "Bald": 0.0002165485784644261, "Bangs": 0.0030323495157063007, "Big_Lips": 0.03961756080389023, "Big_Nose": 0.039021220058202744, "Black_Hair": 0.0008649204974062741, "Blond_Hair": 0.8912754654884338, "Blurry": 0.14647074043750763, "Brown_Hair": 0.0066595966927707195, "Bushy_Eyebrows": 0.0009519513114355505, "Chubby": 0.001494750496931374, "Double_Chin": 0.0014302022755146027, "Eyeglasses": 0.0005102365394122899, "Goatee": 0.00018893305968958884, "Gray_Hair": 0.00768706202507019, "Heavy_Makeup": 0.026860181242227554, "High_Cheekbones": 0.9790551066398621, "Male": 0.004759154748171568, "Mouth_Slightly_Open": 0.9965608716011047, "Mustache": 0.0001405621151207015, "Narrow_Eyes": 0.011393611319363117, "No_Beard": 0.9989113807678223, "Oval_Face": 0.3473135828971863, "Pale_Skin": 0.018566230311989784, "Pointy_Nose": 0.18405896425247192, "Receding_Hairline": 0.01102531049400568, "Rosy_Cheeks": 0.0006454407121054828, "Sideburns": 0.00014856609050184488, "Smiling": 0.9989976286888123, "Straight_Hair": 0.05950523540377617, "Wavy_Hair": 0.32781651616096497, "Wearing_Earrings": 0.06774533540010452, "Wearing_Hat": 0.0002909711329266429, "Wearing_Lipstick": 0.1562722772359848, "Wearing_Necklace": 0.23480048775672913, "Wearing_Necktie": 0.0002358716301387176, "Young": 0.4111432731151581, "df_race": "asian", "df_race_prob": 29.588353633880615, "df_gender": "Woman", "df_gender_prob": 99.89525079727173, "df_age": 34, "df_emotion": "happy", "df_emotion_prob": 99.71788523899825}