{"name": "Emma_Watson_0003.jpg", "5_o_Clock_Shadow": 0.0006765411235392094, "Arched_Eyebrows": 0.15742669999599457, "Attractive": 0.8593099117279053, "Bags_Under_Eyes": 0.01846109889447689, "Bald": 0.00015886856999713928, "Bangs": 0.05537909269332886, "Big_Lips": 0.18756036460399628, "Big_Nose": 0.08299426734447479, "Black_Hair": 0.0006198100163601339, "Blond_Hair": 0.8103759288787842, "Blurry": 0.04396144673228264, "Brown_Hair": 0.005927204620093107, "Bushy_Eyebrows": 0.015075325965881348, "Chubby": 0.0002414974442217499, "Double_Chin": 0.0003025216865353286, "Eyeglasses": 0.00013564153050538152, "Goatee": 0.00016952627629507333, "Gray_Hair": 0.0021608120296150446, "Heavy_Makeup": 0.08589006215333939, "High_Cheekbones": 0.7150605916976929, "Male": 0.029245689511299133, "Mouth_Slightly_Open": 0.99153733253479, "Mustache": 0.00021536482381634414, "Narrow_Eyes": 0.06318347156047821, "No_Beard": 0.9987406134605408, "Oval_Face": 0.3824266493320465, "Pale_Skin": 0.3396088182926178, "Pointy_Nose": 0.05012962594628334, "Receding_Hairline": 0.0018201605416834354, "Rosy_Cheeks": 0.0017034788616001606, "Sideburns": 0.00010100244253408164, "Smiling": 0.9991532564163208, "Straight_Hair": 0.005137682892382145, "Wavy_Hair": 0.8170351982116699, "Wearing_Earrings": 0.010491862893104553, "Wearing_Hat": 0.00018326537974644452, "Wearing_Lipstick": 0.47140687704086304, "Wearing_Necklace": 0.09702050685882568, "Wearing_Necktie": 0.00017477848450653255, "Young": 0.9786010384559631, "df_race": "white", "df_race_prob": 99.93392228686346, "df_gender": "Woman", "df_gender_prob": 99.95040893554688, "df_age": 21, "df_emotion": "happy", "df_emotion_prob": 99.84949827194214}