{"name": "Emmit_Smith_0001.jpg", "5_o_Clock_Shadow": 0.14411604404449463, "Arched_Eyebrows": 0.011926007457077503, "Attractive": 0.009844881482422352, "Bags_Under_Eyes": 0.25931039452552795, "Bald": 0.9124936461448669, "Bangs": 0.002330183517187834, "Big_Lips": 0.9255595207214355, "Big_Nose": 0.9399653673171997, "Black_Hair": 0.018435735255479813, "Blond_Hair": 0.006553036626428366, "Blurry": 0.009768135845661163, "Brown_Hair": 0.00047543898108415306, "Bushy_Eyebrows": 0.004170163068920374, "Chubby": 0.6445705890655518, "Double_Chin": 0.10101621598005295, "Eyeglasses": 0.0034536824095994234, "Goatee": 0.09048794209957123, "Gray_Hair": 0.0063018109649419785, "Heavy_Makeup": 0.00040542325587011874, "High_Cheekbones": 0.5609301924705505, "Male": 0.9997090697288513, "Mouth_Slightly_Open": 0.5897063612937927, "Mustache": 0.2563173174858093, "Narrow_Eyes": 0.0025007245130836964, "No_Beard": 0.21664799749851227, "Oval_Face": 0.8300878405570984, "Pale_Skin": 0.03456408903002739, "Pointy_Nose": 0.0006471888045780361, "Receding_Hairline": 0.08732949942350388, "Rosy_Cheeks": 6.114362622611225e-05, "Sideburns": 0.01757504604756832, "Smiling": 0.16594156622886658, "Straight_Hair": 0.002985444851219654, "Wavy_Hair": 0.0006836255197413266, "Wearing_Earrings": 0.012903911992907524, "Wearing_Hat": 0.0011769128032028675, "Wearing_Lipstick": 0.0006310019525699317, "Wearing_Necklace": 0.0011695754947140813, "Wearing_Necktie": 0.5654089450836182, "Young": 0.6662889122962952, "df_race": "black", "df_race_prob": 100.0, "df_gender": "Man", "df_gender_prob": 99.98486042022705, "df_age": 28, "df_emotion": "angry", "df_emotion_prob": 80.9532560054369}