{"name": "Enos_Slaughter_0001.jpg", "5_o_Clock_Shadow": 0.07528533041477203, "Arched_Eyebrows": 0.0007585030398331583, "Attractive": 0.03267500922083855, "Bags_Under_Eyes": 0.2083478569984436, "Bald": 0.0082724429666996, "Bangs": 0.0005145383183844388, "Big_Lips": 0.026822473853826523, "Big_Nose": 0.7648299932479858, "Black_Hair": 0.0004310344811528921, "Blond_Hair": 0.020872687920928, "Blurry": 0.07009920477867126, "Brown_Hair": 0.004712322726845741, "Bushy_Eyebrows": 0.00036520231515169144, "Chubby": 0.08297234028577805, "Double_Chin": 0.053574830293655396, "Eyeglasses": 0.006022959016263485, "Goatee": 0.0006912269163876772, "Gray_Hair": 0.0458008348941803, "Heavy_Makeup": 0.00017471483442932367, "High_Cheekbones": 0.007943729870021343, "Male": 0.9989227652549744, "Mouth_Slightly_Open": 0.003063419833779335, "Mustache": 0.0014466700376942754, "Narrow_Eyes": 0.07397855073213577, "No_Beard": 0.9771597981452942, "Oval_Face": 0.13535858690738678, "Pale_Skin": 0.14074085652828217, "Pointy_Nose": 0.07102829217910767, "Receding_Hairline": 0.010485448874533176, "Rosy_Cheeks": 0.00032297056168317795, "Sideburns": 0.0020355007145553827, "Smiling": 0.0057838428765535355, "Straight_Hair": 0.007433116901665926, "Wavy_Hair": 0.004087788052856922, "Wearing_Earrings": 0.0037056542932987213, "Wearing_Hat": 0.9407210350036621, "Wearing_Lipstick": 0.0004858328611589968, "Wearing_Necklace": 0.002290650038048625, "Wearing_Necktie": 0.04044603928923607, "Young": 0.16088934242725372, "df_race": "white", "df_race_prob": 95.68647146224976, "df_gender": "Man", "df_gender_prob": 99.99946355819702, "df_age": 25, "df_emotion": "angry", "df_emotion_prob": 43.14664602279663}