{"name": "Enrique_Haroldo_Gorriaran_Merlo_0001.jpg", "5_o_Clock_Shadow": 0.03011247143149376, "Arched_Eyebrows": 0.015957145020365715, "Attractive": 0.00977100059390068, "Bags_Under_Eyes": 0.5328976511955261, "Bald": 0.587047815322876, "Bangs": 0.00017342850333079696, "Big_Lips": 0.006598624400794506, "Big_Nose": 0.21206209063529968, "Black_Hair": 0.0009408062906004488, "Blond_Hair": 0.0027069691568613052, "Blurry": 0.17164811491966248, "Brown_Hair": 0.0017179340356960893, "Bushy_Eyebrows": 0.012416345998644829, "Chubby": 0.12801820039749146, "Double_Chin": 0.08319690823554993, "Eyeglasses": 0.002280994551256299, "Goatee": 0.3410106897354126, "Gray_Hair": 0.07639181613922119, "Heavy_Makeup": 8.021350367926061e-05, "High_Cheekbones": 0.1228058859705925, "Male": 0.9988994598388672, "Mouth_Slightly_Open": 0.34909090399742126, "Mustache": 0.2070867270231247, "Narrow_Eyes": 0.3994942903518677, "No_Beard": 0.09414780884981155, "Oval_Face": 0.2195053994655609, "Pale_Skin": 0.01866133138537407, "Pointy_Nose": 0.03238890320062637, "Receding_Hairline": 0.16287674009799957, "Rosy_Cheeks": 0.00022039316536393017, "Sideburns": 0.011903911828994751, "Smiling": 0.6549320220947266, "Straight_Hair": 0.003850983688607812, "Wavy_Hair": 0.0012681384105235338, "Wearing_Earrings": 0.0022290300112217665, "Wearing_Hat": 0.04150727391242981, "Wearing_Lipstick": 8.96784767974168e-05, "Wearing_Necklace": 0.0004842516500502825, "Wearing_Necktie": 0.02446480467915535, "Young": 0.019568489864468575, "df_race": "asian", "df_race_prob": 45.78275680541992, "df_gender": "Man", "df_gender_prob": 99.98290538787842, "df_age": 50, "df_emotion": "happy", "df_emotion_prob": 99.21810626983643}