{"name": "Enrique_Oliu_0001.jpg", "5_o_Clock_Shadow": 0.04706753417849541, "Arched_Eyebrows": 0.00022802111925557256, "Attractive": 0.013064339756965637, "Bags_Under_Eyes": 0.2143292874097824, "Bald": 0.0010948723647743464, "Bangs": 0.014408084563910961, "Big_Lips": 0.012328196316957474, "Big_Nose": 0.506446897983551, "Black_Hair": 0.0012784560676664114, "Blond_Hair": 0.011229916475713253, "Blurry": 0.04256591573357582, "Brown_Hair": 0.014379389584064484, "Bushy_Eyebrows": 0.004375191871076822, "Chubby": 0.14155220985412598, "Double_Chin": 0.04875802621245384, "Eyeglasses": 0.003684394294396043, "Goatee": 0.000311841577058658, "Gray_Hair": 0.6892722845077515, "Heavy_Makeup": 0.0002680758771020919, "High_Cheekbones": 0.04166017100214958, "Male": 0.9982435703277588, "Mouth_Slightly_Open": 0.002915360499173403, "Mustache": 0.0006764114950783551, "Narrow_Eyes": 0.08985773473978043, "No_Beard": 0.9910663962364197, "Oval_Face": 0.0844912976026535, "Pale_Skin": 0.061323389410972595, "Pointy_Nose": 0.0053186845034360886, "Receding_Hairline": 0.0020287777297198772, "Rosy_Cheeks": 0.000243547503487207, "Sideburns": 0.002278153086081147, "Smiling": 0.0029066340066492558, "Straight_Hair": 0.4701295495033264, "Wavy_Hair": 0.014691383577883244, "Wearing_Earrings": 0.0005277025047689676, "Wearing_Hat": 0.0006691553280688822, "Wearing_Lipstick": 0.00029818268376402557, "Wearing_Necklace": 0.0015063845785334706, "Wearing_Necktie": 0.004721520934253931, "Young": 0.02385500818490982, "df_race": "white", "df_race_prob": 98.65488998025, "df_gender": "Man", "df_gender_prob": 99.99924898147583, "df_age": 26, "df_emotion": "sad", "df_emotion_prob": 48.11592996120453}