{"name": "Enrique_Medina_Gomez_0001.jpg", "5_o_Clock_Shadow": 0.002231273101642728, "Arched_Eyebrows": 0.0019133595051243901, "Attractive": 0.011950120329856873, "Bags_Under_Eyes": 0.0753842145204544, "Bald": 0.5061362981796265, "Bangs": 0.0011324627557769418, "Big_Lips": 0.007146847900003195, "Big_Nose": 0.026300495490431786, "Black_Hair": 0.0029243757016956806, "Blond_Hair": 0.003969433251768351, "Blurry": 0.252734899520874, "Brown_Hair": 0.005089166574180126, "Bushy_Eyebrows": 0.0002514474908821285, "Chubby": 0.04596925154328346, "Double_Chin": 0.047579627484083176, "Eyeglasses": 0.0014840743970125914, "Goatee": 0.0009391713538207114, "Gray_Hair": 0.15251168608665466, "Heavy_Makeup": 0.0005100694834254682, "High_Cheekbones": 0.013366732746362686, "Male": 0.9904534816741943, "Mouth_Slightly_Open": 0.010751044377684593, "Mustache": 0.0004098709614481777, "Narrow_Eyes": 0.004830459598451853, "No_Beard": 0.9956888556480408, "Oval_Face": 0.2822473645210266, "Pale_Skin": 0.013018345460295677, "Pointy_Nose": 0.1550057977437973, "Receding_Hairline": 0.22210027277469635, "Rosy_Cheeks": 0.00015985779464244843, "Sideburns": 0.0007374967099167407, "Smiling": 0.005688641685992479, "Straight_Hair": 0.00960090197622776, "Wavy_Hair": 0.006227598991245031, "Wearing_Earrings": 0.0011149244382977486, "Wearing_Hat": 0.001073238323442638, "Wearing_Lipstick": 0.0013117146445438266, "Wearing_Necklace": 0.000894817232619971, "Wearing_Necktie": 0.05506357550621033, "Young": 0.06435873359441757, "df_race": "white", "df_race_prob": 91.578209400177, "df_gender": "Man", "df_gender_prob": 99.15974736213684, "df_age": 36, "df_emotion": "neutral", "df_emotion_prob": 55.24468421936035}