{"name": "Eric_Christian_Olsen_0001.jpg", "5_o_Clock_Shadow": 0.010267294012010098, "Arched_Eyebrows": 0.0012778406962752342, "Attractive": 0.147264301776886, "Bags_Under_Eyes": 0.25532984733581543, "Bald": 0.0004207971505820751, "Bangs": 0.2648862600326538, "Big_Lips": 0.0577566996216774, "Big_Nose": 0.06890615820884705, "Black_Hair": 0.0012045324547216296, "Blond_Hair": 0.06257510185241699, "Blurry": 0.04327229782938957, "Brown_Hair": 0.3182661235332489, "Bushy_Eyebrows": 0.0015865187160670757, "Chubby": 0.0018569681560620666, "Double_Chin": 0.0012584972428157926, "Eyeglasses": 0.0003652813611552119, "Goatee": 0.0003357935347594321, "Gray_Hair": 0.001150759169831872, "Heavy_Makeup": 0.0010285675525665283, "High_Cheekbones": 0.8846409916877747, "Male": 0.9534479975700378, "Mouth_Slightly_Open": 0.9985112547874451, "Mustache": 0.0001979109802050516, "Narrow_Eyes": 0.028595922514796257, "No_Beard": 0.9959296584129333, "Oval_Face": 0.3551861047744751, "Pale_Skin": 0.014901380054652691, "Pointy_Nose": 0.009862462989985943, "Receding_Hairline": 0.0006743771373294294, "Rosy_Cheeks": 5.13363593199756e-05, "Sideburns": 0.0004161902761552483, "Smiling": 0.9929066896438599, "Straight_Hair": 0.6249175071716309, "Wavy_Hair": 0.010668368078768253, "Wearing_Earrings": 0.002005907939746976, "Wearing_Hat": 0.0005235755234025419, "Wearing_Lipstick": 0.003188766073435545, "Wearing_Necklace": 0.007556633558124304, "Wearing_Necktie": 0.00014679029118269682, "Young": 0.9768482446670532, "df_race": "white", "df_race_prob": 35.01495718955994, "df_gender": "Man", "df_gender_prob": 99.9815046787262, "df_age": 26, "df_emotion": "happy", "df_emotion_prob": 99.9380171262036}