{"name": "Eric_Daze_0001.jpg", "5_o_Clock_Shadow": 0.1698201298713684, "Arched_Eyebrows": 0.002617149380967021, "Attractive": 0.13804732263088226, "Bags_Under_Eyes": 0.14405439794063568, "Bald": 0.0012887819902971387, "Bangs": 0.0007558938232250512, "Big_Lips": 0.013139772228896618, "Big_Nose": 0.107781320810318, "Black_Hair": 0.00060343585209921, "Blond_Hair": 0.01643979176878929, "Blurry": 0.2096560299396515, "Brown_Hair": 0.006793363485485315, "Bushy_Eyebrows": 0.001368476776406169, "Chubby": 0.01091895904392004, "Double_Chin": 0.012360718101263046, "Eyeglasses": 0.0010980117367580533, "Goatee": 0.0015999044990167022, "Gray_Hair": 0.010065948590636253, "Heavy_Makeup": 0.00037166010588407516, "High_Cheekbones": 0.26828449964523315, "Male": 0.9969072937965393, "Mouth_Slightly_Open": 0.9922297596931458, "Mustache": 0.0013038483448326588, "Narrow_Eyes": 0.16853652894496918, "No_Beard": 0.8924432992935181, "Oval_Face": 0.17361220717430115, "Pale_Skin": 0.12297582626342773, "Pointy_Nose": 0.011957784183323383, "Receding_Hairline": 0.002981317462399602, "Rosy_Cheeks": 7.064270903356373e-05, "Sideburns": 0.0034761636052280664, "Smiling": 0.9652189612388611, "Straight_Hair": 0.015853997319936752, "Wavy_Hair": 0.00565690640360117, "Wearing_Earrings": 0.004318458493798971, "Wearing_Hat": 0.8703820109367371, "Wearing_Lipstick": 0.0002583682653494179, "Wearing_Necklace": 0.007345878519117832, "Wearing_Necktie": 0.005445166956633329, "Young": 0.8836327195167542, "df_race": "white", "df_race_prob": 88.80742325694284, "df_gender": "Man", "df_gender_prob": 99.98897314071655, "df_age": 23, "df_emotion": "happy", "df_emotion_prob": 99.44719076156616}