{"name": "Eric_Fehr_0001.jpg", "5_o_Clock_Shadow": 0.03802324831485748, "Arched_Eyebrows": 0.0031926031224429607, "Attractive": 0.24059796333312988, "Bags_Under_Eyes": 0.04193529486656189, "Bald": 0.0009891376830637455, "Bangs": 0.00026709443773142993, "Big_Lips": 0.003117460059002042, "Big_Nose": 0.03636036440730095, "Black_Hair": 0.00116074294783175, "Blond_Hair": 0.33818286657333374, "Blurry": 0.1029990017414093, "Brown_Hair": 0.01875654235482216, "Bushy_Eyebrows": 0.00014130931231193244, "Chubby": 0.005559443961828947, "Double_Chin": 0.004516527988016605, "Eyeglasses": 0.0009102707845158875, "Goatee": 0.000359214871423319, "Gray_Hair": 0.056735213845968246, "Heavy_Makeup": 0.0002795657201204449, "High_Cheekbones": 0.13727355003356934, "Male": 0.9991575479507446, "Mouth_Slightly_Open": 0.9723337292671204, "Mustache": 0.0004137430223636329, "Narrow_Eyes": 0.009138106368482113, "No_Beard": 0.9813840389251709, "Oval_Face": 0.4055040180683136, "Pale_Skin": 0.03167666494846344, "Pointy_Nose": 0.05847515910863876, "Receding_Hairline": 0.03271535784006119, "Rosy_Cheeks": 8.064816211117432e-05, "Sideburns": 0.00048213248373940587, "Smiling": 0.8138529062271118, "Straight_Hair": 0.6517975330352783, "Wavy_Hair": 0.007463641930371523, "Wearing_Earrings": 0.0007339316071011126, "Wearing_Hat": 0.00011431385792093351, "Wearing_Lipstick": 0.0002120189310517162, "Wearing_Necklace": 0.00036155746784061193, "Wearing_Necktie": 0.084104023873806, "Young": 0.8314255475997925, "df_race": "white", "df_race_prob": 40.57731330394745, "df_gender": "Man", "df_gender_prob": 99.97581839561462, "df_age": 27, "df_emotion": "happy", "df_emotion_prob": 61.94700598716736}