{"name": "Erin_Hershey_Presley_0001.jpg", "5_o_Clock_Shadow": 0.0012467110063880682, "Arched_Eyebrows": 0.5593149662017822, "Attractive": 0.2548147737979889, "Bags_Under_Eyes": 0.003708968637511134, "Bald": 0.0002163308672606945, "Bangs": 0.007961704395711422, "Big_Lips": 0.14489103853702545, "Big_Nose": 0.005203176289796829, "Black_Hair": 0.0008713486604392529, "Blond_Hair": 0.9298607707023621, "Blurry": 0.1979188472032547, "Brown_Hair": 0.0005980890709906816, "Bushy_Eyebrows": 4.277940024621785e-05, "Chubby": 0.0017242415342479944, "Double_Chin": 0.0009605308878235519, "Eyeglasses": 0.0001127499490394257, "Goatee": 0.00019276326929684728, "Gray_Hair": 0.01832614280283451, "Heavy_Makeup": 0.10706114023923874, "High_Cheekbones": 0.3512150049209595, "Male": 0.0023383277002722025, "Mouth_Slightly_Open": 0.9677753448486328, "Mustache": 0.00016541585500817746, "Narrow_Eyes": 0.0567048117518425, "No_Beard": 0.9968736171722412, "Oval_Face": 0.06551956385374069, "Pale_Skin": 0.01971898041665554, "Pointy_Nose": 0.24496817588806152, "Receding_Hairline": 0.0043009924702346325, "Rosy_Cheeks": 0.0010070379357784986, "Sideburns": 0.00036500825081020594, "Smiling": 0.6179074048995972, "Straight_Hair": 0.024461273103952408, "Wavy_Hair": 0.2776229679584503, "Wearing_Earrings": 0.2539134621620178, "Wearing_Hat": 0.0006407662876881659, "Wearing_Lipstick": 0.2577604651451111, "Wearing_Necklace": 0.13159219920635223, "Wearing_Necktie": 0.00018006285245064646, "Young": 0.744529128074646, "df_race": "white", "df_race_prob": 84.92884635925293, "df_gender": "Woman", "df_gender_prob": 100.0, "df_age": 36, "df_emotion": "happy", "df_emotion_prob": 98.52361679077148}