{"name": "Erin_Runnion_0001.jpg", "5_o_Clock_Shadow": 0.001060987007804215, "Arched_Eyebrows": 0.006684455554932356, "Attractive": 0.2822608947753906, "Bags_Under_Eyes": 0.05928031727671623, "Bald": 0.00022352971427608281, "Bangs": 0.0004583742702379823, "Big_Lips": 0.06286832690238953, "Big_Nose": 0.012448867782950401, "Black_Hair": 0.005064277909696102, "Blond_Hair": 0.1833556443452835, "Blurry": 0.2122514843940735, "Brown_Hair": 0.1091194674372673, "Bushy_Eyebrows": 0.0028418111614882946, "Chubby": 0.002327042631804943, "Double_Chin": 0.0015003520529717207, "Eyeglasses": 0.000303351174807176, "Goatee": 0.00015438692935276777, "Gray_Hair": 0.0018239844357594848, "Heavy_Makeup": 0.010384613648056984, "High_Cheekbones": 0.5639922618865967, "Male": 0.01355508342385292, "Mouth_Slightly_Open": 0.994797945022583, "Mustache": 0.0001052512670867145, "Narrow_Eyes": 0.7869358062744141, "No_Beard": 0.9989336133003235, "Oval_Face": 0.17891129851341248, "Pale_Skin": 0.04787195101380348, "Pointy_Nose": 0.09030766785144806, "Receding_Hairline": 0.011239011771976948, "Rosy_Cheeks": 0.00022092588187661022, "Sideburns": 0.00021407502936199307, "Smiling": 0.9713889360427856, "Straight_Hair": 0.5991877317428589, "Wavy_Hair": 0.07808855175971985, "Wearing_Earrings": 0.004617617465555668, "Wearing_Hat": 0.0004681088903453201, "Wearing_Lipstick": 0.059840768575668335, "Wearing_Necklace": 0.012593935243785381, "Wearing_Necktie": 0.00048480721306987107, "Young": 0.5664315819740295, "df_race": "latino hispanic", "df_race_prob": 30.79324960708618, "df_gender": "Man", "df_gender_prob": 80.23976683616638, "df_age": 29, "df_emotion": "happy", "df_emotion_prob": 95.83584070205688}