{"name": "Esther_Macklin_0001.jpg", "5_o_Clock_Shadow": 0.0017307327361777425, "Arched_Eyebrows": 0.004851960111409426, "Attractive": 0.003354666056111455, "Bags_Under_Eyes": 0.08576402813196182, "Bald": 0.0014075004728510976, "Bangs": 0.002090398920699954, "Big_Lips": 0.1807136982679367, "Big_Nose": 0.2746320962905884, "Black_Hair": 0.04292330890893936, "Blond_Hair": 0.015436466783285141, "Blurry": 0.5155981183052063, "Brown_Hair": 0.009208856150507927, "Bushy_Eyebrows": 0.0018683073576539755, "Chubby": 0.06413818150758743, "Double_Chin": 0.011113656684756279, "Eyeglasses": 0.9668254852294922, "Goatee": 0.0012956482823938131, "Gray_Hair": 0.023398801684379578, "Heavy_Makeup": 0.00034433710970915854, "High_Cheekbones": 0.03332795202732086, "Male": 0.17258912324905396, "Mouth_Slightly_Open": 0.011937273666262627, "Mustache": 0.0037960908375680447, "Narrow_Eyes": 0.07740062475204468, "No_Beard": 0.9776608943939209, "Oval_Face": 0.09046004712581635, "Pale_Skin": 0.009450772777199745, "Pointy_Nose": 0.005965391173958778, "Receding_Hairline": 0.2741275429725647, "Rosy_Cheeks": 2.9789218388032168e-05, "Sideburns": 0.0013221779372543097, "Smiling": 0.009245696477591991, "Straight_Hair": 0.12576746940612793, "Wavy_Hair": 0.027661455795168877, "Wearing_Earrings": 0.015369114466011524, "Wearing_Hat": 0.0013503426453098655, "Wearing_Lipstick": 0.002907798159867525, "Wearing_Necklace": 0.2336357682943344, "Wearing_Necktie": 0.0019825829658657312, "Young": 0.2804722189903259, "df_race": "asian", "df_race_prob": 26.953846216201782, "df_gender": "Woman", "df_gender_prob": 95.83912491798401, "df_age": 33, "df_emotion": "neutral", "df_emotion_prob": 77.48118042945862}