{"name": "Ethan_Hawke_0003.jpg", "5_o_Clock_Shadow": 0.22453637421131134, "Arched_Eyebrows": 0.00043400327558629215, "Attractive": 0.16927996277809143, "Bags_Under_Eyes": 0.01706065610051155, "Bald": 0.001330845756456256, "Bangs": 0.003635748289525509, "Big_Lips": 0.05457966402173042, "Big_Nose": 0.02032187581062317, "Black_Hair": 0.0016577502246946096, "Blond_Hair": 0.043379638344049454, "Blurry": 0.1832079440355301, "Brown_Hair": 0.05619824677705765, "Bushy_Eyebrows": 0.0019420700846239924, "Chubby": 0.002819558372721076, "Double_Chin": 0.0017943759448826313, "Eyeglasses": 0.0011664190096780658, "Goatee": 0.22022055089473724, "Gray_Hair": 0.00467981630936265, "Heavy_Makeup": 0.00033845772850327194, "High_Cheekbones": 0.028973881155252457, "Male": 0.997983455657959, "Mouth_Slightly_Open": 0.6580976843833923, "Mustache": 0.055809345096349716, "Narrow_Eyes": 0.052200354635715485, "No_Beard": 0.13789354264736176, "Oval_Face": 0.04052099958062172, "Pale_Skin": 0.10070724040269852, "Pointy_Nose": 0.1249091699719429, "Receding_Hairline": 0.0033917136024683714, "Rosy_Cheeks": 6.023346577421762e-05, "Sideburns": 0.015400420874357224, "Smiling": 0.055359579622745514, "Straight_Hair": 0.28048381209373474, "Wavy_Hair": 0.03852589428424835, "Wearing_Earrings": 0.0011028395965695381, "Wearing_Hat": 0.0006101289764046669, "Wearing_Lipstick": 0.0005127820768393576, "Wearing_Necklace": 0.0007152478210628033, "Wearing_Necktie": 0.14345139265060425, "Young": 0.6086525321006775, "df_race": "white", "df_race_prob": 99.18763637542725, "df_gender": "Man", "df_gender_prob": 99.98892545700073, "df_age": 36, "df_emotion": "neutral", "df_emotion_prob": 79.72888592137267}