{"name": "Evander_Holyfield_0001.jpg", "5_o_Clock_Shadow": 0.09473685920238495, "Arched_Eyebrows": 0.02292640693485737, "Attractive": 0.014406628906726837, "Bags_Under_Eyes": 0.037206124514341354, "Bald": 0.9520408511161804, "Bangs": 0.0033915508538484573, "Big_Lips": 0.7173447608947754, "Big_Nose": 0.9426143765449524, "Black_Hair": 0.04323791339993477, "Blond_Hair": 0.0015113715780898929, "Blurry": 0.11230248957872391, "Brown_Hair": 0.0016338526038452983, "Bushy_Eyebrows": 0.023964980617165565, "Chubby": 0.4542551338672638, "Double_Chin": 0.08272729814052582, "Eyeglasses": 0.0018451606156304479, "Goatee": 0.06250868737697601, "Gray_Hair": 0.0034931704867631197, "Heavy_Makeup": 0.0005146751645952463, "High_Cheekbones": 0.23588499426841736, "Male": 0.9992895126342773, "Mouth_Slightly_Open": 0.007252279669046402, "Mustache": 0.2864895761013031, "Narrow_Eyes": 0.038931649178266525, "No_Beard": 0.18843616545200348, "Oval_Face": 0.3516833186149597, "Pale_Skin": 0.00384347140789032, "Pointy_Nose": 0.0020291979890316725, "Receding_Hairline": 0.03696673363447189, "Rosy_Cheeks": 0.00014106510207057, "Sideburns": 0.007573781535029411, "Smiling": 0.023225104436278343, "Straight_Hair": 0.0005214506527408957, "Wavy_Hair": 0.0037964966613799334, "Wearing_Earrings": 0.010435149073600769, "Wearing_Hat": 0.0027278997004032135, "Wearing_Lipstick": 0.0019335717661306262, "Wearing_Necklace": 0.007641331292688847, "Wearing_Necktie": 0.016292953863739967, "Young": 0.6785352230072021, "df_race": "black", "df_race_prob": 99.58664772430943, "df_gender": "Man", "df_gender_prob": 99.99586343765259, "df_age": 27, "df_emotion": "neutral", "df_emotion_prob": 78.03022730530664}