{"name": "Eve_Pelletier_0001.jpg", "5_o_Clock_Shadow": 0.0014706362271681428, "Arched_Eyebrows": 0.0016013752901926637, "Attractive": 0.028866389766335487, "Bags_Under_Eyes": 0.1225079894065857, "Bald": 0.0037480206228792667, "Bangs": 0.00031524570658802986, "Big_Lips": 0.01000362541526556, "Big_Nose": 0.03849104046821594, "Black_Hair": 0.0010923679219558835, "Blond_Hair": 0.31679341197013855, "Blurry": 0.2717384099960327, "Brown_Hair": 0.11574992537498474, "Bushy_Eyebrows": 0.00012263236567378044, "Chubby": 0.028334086760878563, "Double_Chin": 0.013041801750659943, "Eyeglasses": 0.0017142922151833773, "Goatee": 0.0005753425066359341, "Gray_Hair": 0.03438325971364975, "Heavy_Makeup": 0.0028564948588609695, "High_Cheekbones": 0.5452725887298584, "Male": 0.026712898164987564, "Mouth_Slightly_Open": 0.9957574009895325, "Mustache": 0.00019927279208786786, "Narrow_Eyes": 0.6919685006141663, "No_Beard": 0.9967764019966125, "Oval_Face": 0.28316938877105713, "Pale_Skin": 0.010162618942558765, "Pointy_Nose": 0.01804305613040924, "Receding_Hairline": 0.34271085262298584, "Rosy_Cheeks": 0.00031166919507086277, "Sideburns": 0.0008426118292845786, "Smiling": 0.6255309581756592, "Straight_Hair": 0.2786758542060852, "Wavy_Hair": 0.010204361751675606, "Wearing_Earrings": 0.023612692952156067, "Wearing_Hat": 0.0002908219175878912, "Wearing_Lipstick": 0.003079148242250085, "Wearing_Necklace": 0.045225564390420914, "Wearing_Necktie": 0.0005096246022731066, "Young": 0.8287041783332825, "df_race": "white", "df_race_prob": 42.878660559654236, "df_gender": "Man", "df_gender_prob": 99.87335801124573, "df_age": 39, "df_emotion": "angry", "df_emotion_prob": 91.45106622285046}