{"name": "Fabricio_Oberto_0001.jpg", "5_o_Clock_Shadow": 0.23235668241977692, "Arched_Eyebrows": 0.0018810441251844168, "Attractive": 0.01734221912920475, "Bags_Under_Eyes": 0.009639331139624119, "Bald": 0.0013147058198228478, "Bangs": 0.0006938335136510432, "Big_Lips": 0.001728144590742886, "Big_Nose": 0.009488724172115326, "Black_Hair": 0.004042634274810553, "Blond_Hair": 0.012608720920979977, "Blurry": 0.33913353085517883, "Brown_Hair": 0.2480350285768509, "Bushy_Eyebrows": 0.0016157274367287755, "Chubby": 0.004317800980061293, "Double_Chin": 0.002646366599947214, "Eyeglasses": 0.0010509102139621973, "Goatee": 0.001405973918735981, "Gray_Hair": 0.004052353091537952, "Heavy_Makeup": 0.00035759052843786776, "High_Cheekbones": 0.013836321420967579, "Male": 0.9923886656761169, "Mouth_Slightly_Open": 0.1873161643743515, "Mustache": 0.00047669807099737227, "Narrow_Eyes": 0.2644519507884979, "No_Beard": 0.8836653828620911, "Oval_Face": 0.15380865335464478, "Pale_Skin": 0.008440357632935047, "Pointy_Nose": 0.07327620685100555, "Receding_Hairline": 0.016434112563729286, "Rosy_Cheeks": 0.00012174382572993636, "Sideburns": 0.006696541793644428, "Smiling": 0.0025243700947612524, "Straight_Hair": 0.13676972687244415, "Wavy_Hair": 0.07103588432073593, "Wearing_Earrings": 0.0009714521002024412, "Wearing_Hat": 0.0012645995011553168, "Wearing_Lipstick": 0.0001612326450413093, "Wearing_Necklace": 0.001069392659701407, "Wearing_Necktie": 0.006920154206454754, "Young": 0.8739553689956665, "df_race": "white", "df_race_prob": 90.53397718274458, "df_gender": "Man", "df_gender_prob": 99.99128580093384, "df_age": 30, "df_emotion": "sad", "df_emotion_prob": 79.8798143863678}