{"name": "Fann_Wong_0001.jpg", "5_o_Clock_Shadow": 0.0004788017540704459, "Arched_Eyebrows": 0.0121099092066288, "Attractive": 0.17988164722919464, "Bags_Under_Eyes": 0.033034391701221466, "Bald": 0.00028872836264781654, "Bangs": 0.9582903981208801, "Big_Lips": 0.14715319871902466, "Big_Nose": 0.023480137810111046, "Black_Hair": 0.030917184427380562, "Blond_Hair": 0.028524866327643394, "Blurry": 0.752471923828125, "Brown_Hair": 0.07428418844938278, "Bushy_Eyebrows": 0.0004368975351098925, "Chubby": 0.0025291412603110075, "Double_Chin": 0.0009697172790765762, "Eyeglasses": 0.0006250746664591134, "Goatee": 0.0005136636318638921, "Gray_Hair": 0.0007492604199796915, "Heavy_Makeup": 0.049414776265621185, "High_Cheekbones": 0.8964495062828064, "Male": 0.004270752426236868, "Mouth_Slightly_Open": 0.9806154370307922, "Mustache": 0.0004451987042557448, "Narrow_Eyes": 0.0727253407239914, "No_Beard": 0.9974946975708008, "Oval_Face": 0.1492648422718048, "Pale_Skin": 0.01594635099172592, "Pointy_Nose": 0.03593078628182411, "Receding_Hairline": 0.0006022576708346605, "Rosy_Cheeks": 0.0011175030376762152, "Sideburns": 0.0003083815681748092, "Smiling": 0.9960570335388184, "Straight_Hair": 0.7231550812721252, "Wavy_Hair": 0.0049748835153877735, "Wearing_Earrings": 0.007059900090098381, "Wearing_Hat": 0.005196038167923689, "Wearing_Lipstick": 0.29338884353637695, "Wearing_Necklace": 0.06424234062433243, "Wearing_Necktie": 0.0002495294902473688, "Young": 0.9155585169792175, "df_race": "asian", "df_race_prob": 99.04598588025486, "df_gender": "Woman", "df_gender_prob": 99.97016787528992, "df_age": 33, "df_emotion": "happy", "df_emotion_prob": 99.99779462814331}