{"name": "Faye_Wong_0001.jpg", "5_o_Clock_Shadow": 0.0002865484857466072, "Arched_Eyebrows": 0.3265449106693268, "Attractive": 0.7955397367477417, "Bags_Under_Eyes": 0.1185305193066597, "Bald": 0.00010803760960698128, "Bangs": 0.4936603903770447, "Big_Lips": 0.03954235464334488, "Big_Nose": 0.02145320177078247, "Black_Hair": 0.2904738485813141, "Blond_Hair": 0.002224769676104188, "Blurry": 0.038007963448762894, "Brown_Hair": 0.03862111642956734, "Bushy_Eyebrows": 0.022830672562122345, "Chubby": 0.001515606651082635, "Double_Chin": 0.00029318188899196684, "Eyeglasses": 0.00010876615124288946, "Goatee": 0.00026413484010845423, "Gray_Hair": 0.0003458397404756397, "Heavy_Makeup": 0.1373627930879593, "High_Cheekbones": 0.9797391295433044, "Male": 0.002541347872465849, "Mouth_Slightly_Open": 0.9941936135292053, "Mustache": 0.00012158269964857027, "Narrow_Eyes": 0.2951737344264984, "No_Beard": 0.9993606209754944, "Oval_Face": 0.601523220539093, "Pale_Skin": 0.05653185397386551, "Pointy_Nose": 0.00412943959236145, "Receding_Hairline": 0.0004657564277295023, "Rosy_Cheeks": 0.0001878889452200383, "Sideburns": 0.0002539587439969182, "Smiling": 0.9994608759880066, "Straight_Hair": 0.5228510499000549, "Wavy_Hair": 0.01274389959871769, "Wearing_Earrings": 0.02333347499370575, "Wearing_Hat": 0.0005980563000775874, "Wearing_Lipstick": 0.4272780418395996, "Wearing_Necklace": 0.01664258912205696, "Wearing_Necktie": 0.00016563554527238011, "Young": 0.9762994647026062, "df_race": "asian", "df_race_prob": 99.94444251060486, "df_gender": "Woman", "df_gender_prob": 99.9944806098938, "df_age": 25, "df_emotion": "happy", "df_emotion_prob": 99.98901486331313}