{"name": "Faye_Dunaway_0003.jpg", "5_o_Clock_Shadow": 0.0004844475770369172, "Arched_Eyebrows": 0.20272880792617798, "Attractive": 0.0933876484632492, "Bags_Under_Eyes": 0.02991005964577198, "Bald": 0.0005414211773313582, "Bangs": 0.0025083499494940042, "Big_Lips": 0.04967793822288513, "Big_Nose": 0.02384364977478981, "Black_Hair": 0.0007570292218588293, "Blond_Hair": 0.7628663182258606, "Blurry": 0.581334114074707, "Brown_Hair": 0.004823631141334772, "Bushy_Eyebrows": 6.165084050735459e-05, "Chubby": 0.007306065410375595, "Double_Chin": 0.004876213148236275, "Eyeglasses": 0.0002777792396955192, "Goatee": 0.0002648239897098392, "Gray_Hair": 0.05187387391924858, "Heavy_Makeup": 0.015704896301031113, "High_Cheekbones": 0.7889155149459839, "Male": 0.0025679522659629583, "Mouth_Slightly_Open": 0.9658063650131226, "Mustache": 0.00011406483099563047, "Narrow_Eyes": 0.20878039300441742, "No_Beard": 0.9975993037223816, "Oval_Face": 0.17974995076656342, "Pale_Skin": 0.09475792199373245, "Pointy_Nose": 0.15391875803470612, "Receding_Hairline": 0.036337416619062424, "Rosy_Cheeks": 0.00038075269549153745, "Sideburns": 0.00024077990383375436, "Smiling": 0.9814051985740662, "Straight_Hair": 0.2780774235725403, "Wavy_Hair": 0.18984030187129974, "Wearing_Earrings": 0.014747952111065388, "Wearing_Hat": 0.00020915333880111575, "Wearing_Lipstick": 0.0980951339006424, "Wearing_Necklace": 0.02526579052209854, "Wearing_Necktie": 0.0007420912152156234, "Young": 0.15388797223567963, "df_race": "white", "df_race_prob": 33.08316171169281, "df_gender": "Woman", "df_gender_prob": 99.99924898147583, "df_age": 48, "df_emotion": "happy", "df_emotion_prob": 91.51156544685364}