{"name": "Felipe_De_Borbon_0001.jpg", "5_o_Clock_Shadow": 0.13210071623325348, "Arched_Eyebrows": 0.00014898032532073557, "Attractive": 0.09151319414377213, "Bags_Under_Eyes": 0.11042683571577072, "Bald": 0.001218307064846158, "Bangs": 0.000857415609061718, "Big_Lips": 0.0012787026353180408, "Big_Nose": 0.15006279945373535, "Black_Hair": 0.0024919372517615557, "Blond_Hair": 0.02708331309258938, "Blurry": 0.06293904036283493, "Brown_Hair": 0.022823531180620193, "Bushy_Eyebrows": 0.005063665099442005, "Chubby": 0.005199611186981201, "Double_Chin": 0.006375763565301895, "Eyeglasses": 0.0017731012776494026, "Goatee": 0.0014263767516240478, "Gray_Hair": 0.16558684408664703, "Heavy_Makeup": 0.00023555205552838743, "High_Cheekbones": 0.1605745404958725, "Male": 0.9989804625511169, "Mouth_Slightly_Open": 0.005296212155371904, "Mustache": 0.001206746557727456, "Narrow_Eyes": 0.16412386298179626, "No_Beard": 0.9553483128547668, "Oval_Face": 0.15708093345165253, "Pale_Skin": 0.07523468881845474, "Pointy_Nose": 0.027036894112825394, "Receding_Hairline": 0.009966284036636353, "Rosy_Cheeks": 0.00013034988660365343, "Sideburns": 0.0033587708603590727, "Smiling": 0.06523492932319641, "Straight_Hair": 0.4350731372833252, "Wavy_Hair": 0.004572203382849693, "Wearing_Earrings": 0.0003750229370780289, "Wearing_Hat": 0.0003669160942081362, "Wearing_Lipstick": 7.71346312831156e-05, "Wearing_Necklace": 0.00016466740635223687, "Wearing_Necktie": 0.3650156855583191, "Young": 0.25190597772598267, "df_race": "white", "df_race_prob": 84.75566506385803, "df_gender": "Man", "df_gender_prob": 100.0, "df_age": 32, "df_emotion": "neutral", "df_emotion_prob": 37.96707093715668}