{"name": "Fernando_Vargas_0003.jpg", "5_o_Clock_Shadow": 0.010036366991698742, "Arched_Eyebrows": 0.0005265578511171043, "Attractive": 0.018093382939696312, "Bags_Under_Eyes": 0.003319280920550227, "Bald": 0.006320387125015259, "Bangs": 0.0001599309907760471, "Big_Lips": 0.026960233226418495, "Big_Nose": 0.1986624002456665, "Black_Hair": 0.007312459871172905, "Blond_Hair": 0.01409139670431614, "Blurry": 0.06266436725854874, "Brown_Hair": 0.00662078196182847, "Bushy_Eyebrows": 0.0004006431845482439, "Chubby": 0.03416590392589569, "Double_Chin": 0.01324164867401123, "Eyeglasses": 0.9638503193855286, "Goatee": 0.001403594040311873, "Gray_Hair": 0.01621527411043644, "Heavy_Makeup": 0.00015755370259284973, "High_Cheekbones": 0.023551451042294502, "Male": 0.9888947010040283, "Mouth_Slightly_Open": 0.4384083151817322, "Mustache": 0.0010253355139866471, "Narrow_Eyes": 0.004958371631801128, "No_Beard": 0.9854414463043213, "Oval_Face": 0.17032591998577118, "Pale_Skin": 0.0034383784513920546, "Pointy_Nose": 0.006234555505216122, "Receding_Hairline": 0.10658441483974457, "Rosy_Cheeks": 4.450722553883679e-05, "Sideburns": 0.0006811613566242158, "Smiling": 0.04148025065660477, "Straight_Hair": 0.05612470582127571, "Wavy_Hair": 0.0023054094053804874, "Wearing_Earrings": 0.014542704448103905, "Wearing_Hat": 0.004008560441434383, "Wearing_Lipstick": 0.0005235516000539064, "Wearing_Necklace": 0.06853771954774857, "Wearing_Necktie": 0.00047046662075445056, "Young": 0.8973178267478943, "df_race": "white", "df_race_prob": 36.23782992362976, "df_gender": "Man", "df_gender_prob": 99.70057606697083, "df_age": 35, "df_emotion": "angry", "df_emotion_prob": 44.04917061328888}