{"name": "Fernando_Valenzuela_0001.jpg", "5_o_Clock_Shadow": 0.040215086191892624, "Arched_Eyebrows": 0.001691602636128664, "Attractive": 0.005164518021047115, "Bags_Under_Eyes": 0.42273759841918945, "Bald": 0.002119846874848008, "Bangs": 0.0017924613784998655, "Big_Lips": 0.0702800527215004, "Big_Nose": 0.8464884161949158, "Black_Hair": 0.0025002658367156982, "Blond_Hair": 0.04564778879284859, "Blurry": 0.15463824570178986, "Brown_Hair": 0.008107596077024937, "Bushy_Eyebrows": 0.0010175713105127215, "Chubby": 0.8866012692451477, "Double_Chin": 0.8629461526870728, "Eyeglasses": 0.004570637363940477, "Goatee": 0.0015884414315223694, "Gray_Hair": 0.6459990739822388, "Heavy_Makeup": 0.0003957828157581389, "High_Cheekbones": 0.9156531691551208, "Male": 0.9979337453842163, "Mouth_Slightly_Open": 0.9975684285163879, "Mustache": 0.004099828191101551, "Narrow_Eyes": 0.7254671454429626, "No_Beard": 0.9673895239830017, "Oval_Face": 0.13942696154117584, "Pale_Skin": 0.059047453105449677, "Pointy_Nose": 0.0029186527244746685, "Receding_Hairline": 0.02298535779118538, "Rosy_Cheeks": 0.0012482586316764355, "Sideburns": 0.0029668391216546297, "Smiling": 0.9939990043640137, "Straight_Hair": 0.2355642318725586, "Wavy_Hair": 0.051593512296676636, "Wearing_Earrings": 0.0013519355561584234, "Wearing_Hat": 0.00030665093800053, "Wearing_Lipstick": 0.00040079999598674476, "Wearing_Necklace": 0.0007464002119377255, "Wearing_Necktie": 0.22321245074272156, "Young": 0.010400640778243542, "df_race": "asian", "df_race_prob": 48.701271414756775, "df_gender": "Man", "df_gender_prob": 99.99743700027466, "df_age": 27, "df_emotion": "happy", "df_emotion_prob": 99.46162104606628}