{"name": "Fernando_Gonzalez_0007.jpg", "5_o_Clock_Shadow": 0.53656405210495, "Arched_Eyebrows": 0.0008643775363452733, "Attractive": 0.07975699752569199, "Bags_Under_Eyes": 0.1804829090833664, "Bald": 0.0010437344899401069, "Bangs": 0.0004844201321247965, "Big_Lips": 0.007516113575547934, "Big_Nose": 0.03193391114473343, "Black_Hair": 0.0025959527119994164, "Blond_Hair": 0.011365373618900776, "Blurry": 0.2319190353155136, "Brown_Hair": 0.29928311705589294, "Bushy_Eyebrows": 0.014236378483474255, "Chubby": 0.00680059427395463, "Double_Chin": 0.0043891784735023975, "Eyeglasses": 0.0013163151452317834, "Goatee": 0.015734689310193062, "Gray_Hair": 0.0017020750092342496, "Heavy_Makeup": 8.284773502964526e-05, "High_Cheekbones": 0.08042081445455551, "Male": 0.9951960444450378, "Mouth_Slightly_Open": 0.021798206493258476, "Mustache": 0.0036032809875905514, "Narrow_Eyes": 0.29367613792419434, "No_Beard": 0.3819151818752289, "Oval_Face": 0.19297273457050323, "Pale_Skin": 0.0062829554080963135, "Pointy_Nose": 0.013129845261573792, "Receding_Hairline": 0.03595956042408943, "Rosy_Cheeks": 3.244363688281737e-05, "Sideburns": 0.05775654688477516, "Smiling": 0.4200083315372467, "Straight_Hair": 0.038089897483587265, "Wavy_Hair": 0.0684368759393692, "Wearing_Earrings": 0.0011869316222146153, "Wearing_Hat": 0.0023642282467335463, "Wearing_Lipstick": 7.129442383302376e-05, "Wearing_Necklace": 0.0018302499083802104, "Wearing_Necktie": 0.0019606282003223896, "Young": 0.9139898419380188, "df_race": "middle eastern", "df_race_prob": 54.50040102005005, "df_gender": "Man", "df_gender_prob": 99.99854564666748, "df_age": 25, "df_emotion": "happy", "df_emotion_prob": 99.7979820015452}