{"name": "Fidel_Castro_0007.jpg", "5_o_Clock_Shadow": 0.023896191269159317, "Arched_Eyebrows": 0.0016297820257022977, "Attractive": 0.004481965210288763, "Bags_Under_Eyes": 0.09730593115091324, "Bald": 0.15783081948757172, "Bangs": 0.0005045099533163011, "Big_Lips": 0.006451915949583054, "Big_Nose": 0.29766908288002014, "Black_Hair": 0.0036711341235786676, "Blond_Hair": 0.0023879678919911385, "Blurry": 0.2901824414730072, "Brown_Hair": 0.0011662961915135384, "Bushy_Eyebrows": 0.01962687261402607, "Chubby": 0.24410586059093475, "Double_Chin": 0.03853809833526611, "Eyeglasses": 0.01298186182975769, "Goatee": 0.08277378976345062, "Gray_Hair": 0.703728437423706, "Heavy_Makeup": 0.0002320927887922153, "High_Cheekbones": 0.005940962117165327, "Male": 0.99839848279953, "Mouth_Slightly_Open": 0.016602152958512306, "Mustache": 0.0966874435544014, "Narrow_Eyes": 0.3812100887298584, "No_Beard": 0.07304395735263824, "Oval_Face": 0.07802683115005493, "Pale_Skin": 0.01247677393257618, "Pointy_Nose": 0.07880810648202896, "Receding_Hairline": 0.8494325876235962, "Rosy_Cheeks": 0.0003534428251441568, "Sideburns": 0.7503584027290344, "Smiling": 0.004936952143907547, "Straight_Hair": 0.027268286794424057, "Wavy_Hair": 0.011423722840845585, "Wearing_Earrings": 0.0007584235863760114, "Wearing_Hat": 0.0012421214487403631, "Wearing_Lipstick": 0.00018054232350550592, "Wearing_Necklace": 0.0007605347782373428, "Wearing_Necktie": 0.024459589272737503, "Young": 0.030501822009682655, "df_race": "middle eastern", "df_race_prob": 35.02373904131288, "df_gender": "Man", "df_gender_prob": 99.96670484542847, "df_age": 41, "df_emotion": "happy", "df_emotion_prob": 60.17535328865051}