{"name": "Flor_Montulo_0001.jpg", "5_o_Clock_Shadow": 0.0011794884921982884, "Arched_Eyebrows": 0.011020058766007423, "Attractive": 0.02507380209863186, "Bags_Under_Eyes": 0.016341837123036385, "Bald": 0.0005737205501645803, "Bangs": 0.0011433243053033948, "Big_Lips": 0.019258134067058563, "Big_Nose": 0.022380108013749123, "Black_Hair": 0.09645701199769974, "Blond_Hair": 0.018143683671951294, "Blurry": 0.5329062342643738, "Brown_Hair": 0.02128293551504612, "Bushy_Eyebrows": 0.0004807619552593678, "Chubby": 0.033864621073007584, "Double_Chin": 0.0024288080167025328, "Eyeglasses": 0.001484125154092908, "Goatee": 0.00037728672032244503, "Gray_Hair": 0.0035425082314759493, "Heavy_Makeup": 0.006019877269864082, "High_Cheekbones": 0.23978401720523834, "Male": 0.011874742805957794, "Mouth_Slightly_Open": 0.8485448360443115, "Mustache": 0.0005381633527576923, "Narrow_Eyes": 0.31757035851478577, "No_Beard": 0.9940800070762634, "Oval_Face": 0.4812069833278656, "Pale_Skin": 0.02462807111442089, "Pointy_Nose": 0.0025231156032532454, "Receding_Hairline": 0.03689870238304138, "Rosy_Cheeks": 0.00017194281099364161, "Sideburns": 0.0004538295906968415, "Smiling": 0.03880499675869942, "Straight_Hair": 0.40698471665382385, "Wavy_Hair": 0.007562178187072277, "Wearing_Earrings": 0.024414269253611565, "Wearing_Hat": 0.0006970727699808776, "Wearing_Lipstick": 0.007476192899048328, "Wearing_Necklace": 0.006260447204113007, "Wearing_Necktie": 0.0007569841691292822, "Young": 0.7587031722068787, "df_race": "asian", "df_race_prob": 96.0965271111163, "df_gender": "Man", "df_gender_prob": 99.28406476974487, "df_age": 28, "df_emotion": "sad", "df_emotion_prob": 99.4201123714447}