{"name": "Franz_Beckenbauer_0001.jpg", "5_o_Clock_Shadow": 0.006144981365650892, "Arched_Eyebrows": 0.00029725025524385273, "Attractive": 0.004453676752746105, "Bags_Under_Eyes": 0.31335678696632385, "Bald": 0.1666754186153412, "Bangs": 0.0004142712859902531, "Big_Lips": 0.0029362791683524847, "Big_Nose": 0.07348833978176117, "Black_Hair": 0.001997624058276415, "Blond_Hair": 0.005758075974881649, "Blurry": 0.06976377964019775, "Brown_Hair": 0.00048657049774192274, "Bushy_Eyebrows": 0.0008521986892446876, "Chubby": 0.059551358222961426, "Double_Chin": 0.07777736335992813, "Eyeglasses": 0.2690434455871582, "Goatee": 0.0009085927158594131, "Gray_Hair": 0.9365983009338379, "Heavy_Makeup": 7.163175177993253e-05, "High_Cheekbones": 0.018807154148817062, "Male": 0.9995027780532837, "Mouth_Slightly_Open": 0.02264620177447796, "Mustache": 0.0013677842216566205, "Narrow_Eyes": 0.12162953615188599, "No_Beard": 0.9922004342079163, "Oval_Face": 0.18724729120731354, "Pale_Skin": 0.02125917375087738, "Pointy_Nose": 0.031798750162124634, "Receding_Hairline": 0.5830252170562744, "Rosy_Cheeks": 0.0001407478703185916, "Sideburns": 0.0009510285453870893, "Smiling": 0.014456382021307945, "Straight_Hair": 0.0765809416770935, "Wavy_Hair": 0.003086596028879285, "Wearing_Earrings": 0.0003521612088661641, "Wearing_Hat": 0.00033063211594708264, "Wearing_Lipstick": 8.316736784763634e-05, "Wearing_Necklace": 0.00022877306037116796, "Wearing_Necktie": 0.7057094573974609, "Young": 0.014215721748769283, "df_race": "white", "df_race_prob": 24.640196604705263, "df_gender": "Man", "df_gender_prob": 99.97519850730896, "df_age": 44, "df_emotion": "sad", "df_emotion_prob": 53.60426306724548}