{"name": "Frank_Cassell_0002.jpg", "5_o_Clock_Shadow": 0.009455889463424683, "Arched_Eyebrows": 0.0002762866788543761, "Attractive": 0.0104485172778368, "Bags_Under_Eyes": 0.2378830760717392, "Bald": 0.6130037307739258, "Bangs": 0.0006174065638333559, "Big_Lips": 0.004064976237714291, "Big_Nose": 0.4330314099788666, "Black_Hair": 0.0008617484709247947, "Blond_Hair": 0.0048121795989573, "Blurry": 0.04273450747132301, "Brown_Hair": 0.0011939739342778921, "Bushy_Eyebrows": 0.0006149206892587245, "Chubby": 0.2002117931842804, "Double_Chin": 0.1580895483493805, "Eyeglasses": 0.006601538509130478, "Goatee": 0.0012757818913087249, "Gray_Hair": 0.7188253402709961, "Heavy_Makeup": 0.00016002556367311627, "High_Cheekbones": 0.008348301984369755, "Male": 0.9989752769470215, "Mouth_Slightly_Open": 0.006887070368975401, "Mustache": 0.00126157037448138, "Narrow_Eyes": 0.26245906949043274, "No_Beard": 0.9847038984298706, "Oval_Face": 0.22943323850631714, "Pale_Skin": 0.1071806252002716, "Pointy_Nose": 0.06131511181592941, "Receding_Hairline": 0.22917935252189636, "Rosy_Cheeks": 0.00015720195369794965, "Sideburns": 0.0047795819118618965, "Smiling": 0.0046269698068499565, "Straight_Hair": 0.013663665391504765, "Wavy_Hair": 0.002641331171616912, "Wearing_Earrings": 0.0006827419274486601, "Wearing_Hat": 0.0014931022888049483, "Wearing_Lipstick": 0.00010725032188929617, "Wearing_Necklace": 0.00040422650636173785, "Wearing_Necktie": 0.40432700514793396, "Young": 0.02519354037940502, "df_race": "white", "df_race_prob": 59.422168697248026, "df_gender": "Man", "df_gender_prob": 99.87402558326721, "df_age": 36, "df_emotion": "fear", "df_emotion_prob": 47.481173276901245}