{"name": "Frank_Stallone_0001.jpg", "5_o_Clock_Shadow": 0.009984050877392292, "Arched_Eyebrows": 0.001777502940967679, "Attractive": 0.004538778215646744, "Bags_Under_Eyes": 0.10344397276639938, "Bald": 0.002714037662371993, "Bangs": 0.00032936519710347056, "Big_Lips": 0.011009733192622662, "Big_Nose": 0.12262778729200363, "Black_Hair": 0.009035772643983364, "Blond_Hair": 0.0015190410194918513, "Blurry": 0.30550575256347656, "Brown_Hair": 0.005904076620936394, "Bushy_Eyebrows": 0.0005329984123818576, "Chubby": 0.11230884492397308, "Double_Chin": 0.10589174926280975, "Eyeglasses": 0.004160220734775066, "Goatee": 0.00028752326034009457, "Gray_Hair": 0.4021682143211365, "Heavy_Makeup": 0.00013149803271517158, "High_Cheekbones": 0.015413121320307255, "Male": 0.9969871640205383, "Mouth_Slightly_Open": 0.012377428822219372, "Mustache": 0.0011467213043943048, "Narrow_Eyes": 0.01936984993517399, "No_Beard": 0.9783080220222473, "Oval_Face": 0.0741213783621788, "Pale_Skin": 0.010937869548797607, "Pointy_Nose": 0.13632597029209137, "Receding_Hairline": 0.22832560539245605, "Rosy_Cheeks": 0.00014968517643865198, "Sideburns": 0.0011602422455325723, "Smiling": 0.004156468436121941, "Straight_Hair": 0.18948572874069214, "Wavy_Hair": 0.015240767039358616, "Wearing_Earrings": 0.0006235648179426789, "Wearing_Hat": 0.000333696196321398, "Wearing_Lipstick": 0.0003459507133811712, "Wearing_Necklace": 0.0007381221512332559, "Wearing_Necktie": 0.07401618361473083, "Young": 0.030824705958366394, "df_race": "latino hispanic", "df_race_prob": 33.46128165721893, "df_gender": "Man", "df_gender_prob": 99.90167617797852, "df_age": 36, "df_emotion": "fear", "df_emotion_prob": 95.94628762558551}