{"name": "Frank_Griswold_0001.jpg", "5_o_Clock_Shadow": 0.0028161765076220036, "Arched_Eyebrows": 0.0006114869029261172, "Attractive": 0.0008288969402201474, "Bags_Under_Eyes": 0.09533601254224777, "Bald": 0.002882226137444377, "Bangs": 0.0005367266130633652, "Big_Lips": 0.025798233225941658, "Big_Nose": 0.289521723985672, "Black_Hair": 0.0017888917354866862, "Blond_Hair": 0.01212405227124691, "Blurry": 0.07843215018510818, "Brown_Hair": 0.0028794168028980494, "Bushy_Eyebrows": 0.0017942485865205526, "Chubby": 0.308685839176178, "Double_Chin": 0.23935553431510925, "Eyeglasses": 0.9901269674301147, "Goatee": 0.0007082907250151038, "Gray_Hair": 0.8502655029296875, "Heavy_Makeup": 0.0002376581687713042, "High_Cheekbones": 0.014967705123126507, "Male": 0.9955529570579529, "Mouth_Slightly_Open": 0.9422666430473328, "Mustache": 0.0009471555822528899, "Narrow_Eyes": 0.1682111918926239, "No_Beard": 0.9943062663078308, "Oval_Face": 0.06957462430000305, "Pale_Skin": 0.03620043396949768, "Pointy_Nose": 0.00625209603458643, "Receding_Hairline": 0.051536425948143005, "Rosy_Cheeks": 0.00018815607472788543, "Sideburns": 0.0008433150360360742, "Smiling": 0.012475498951971531, "Straight_Hair": 0.3871263265609741, "Wavy_Hair": 0.007321991957724094, "Wearing_Earrings": 0.000692089379299432, "Wearing_Hat": 0.00039124078466556966, "Wearing_Lipstick": 0.00044971497845835984, "Wearing_Necklace": 0.0014887885190546513, "Wearing_Necktie": 0.018223663792014122, "Young": 0.011895250529050827, "df_race": "white", "df_race_prob": 45.72298526763916, "df_gender": "Man", "df_gender_prob": 99.87824559211731, "df_age": 46, "df_emotion": "angry", "df_emotion_prob": 74.54076409339905}