{"name": "Franz_Fischler_0002.jpg", "5_o_Clock_Shadow": 0.026048801839351654, "Arched_Eyebrows": 0.0006288251024670899, "Attractive": 0.005792867857962847, "Bags_Under_Eyes": 0.17499834299087524, "Bald": 0.009300878271460533, "Bangs": 0.0007923495722934604, "Big_Lips": 0.02410469390451908, "Big_Nose": 0.16126932203769684, "Black_Hair": 0.005947616882622242, "Blond_Hair": 0.009595349431037903, "Blurry": 0.4569338858127594, "Brown_Hair": 0.0019311032956466079, "Bushy_Eyebrows": 0.00044499398791231215, "Chubby": 0.13071151077747345, "Double_Chin": 0.012298012152314186, "Eyeglasses": 0.0033010526094585657, "Goatee": 0.024299882352352142, "Gray_Hair": 0.5879226326942444, "Heavy_Makeup": 0.0005547648761421442, "High_Cheekbones": 0.14644135534763336, "Male": 0.9977936744689941, "Mouth_Slightly_Open": 0.2307654172182083, "Mustache": 0.011952276341617107, "Narrow_Eyes": 0.016193989664316177, "No_Beard": 0.21936900913715363, "Oval_Face": 0.2825782299041748, "Pale_Skin": 0.03479109704494476, "Pointy_Nose": 0.08719290792942047, "Receding_Hairline": 0.24710308015346527, "Rosy_Cheeks": 0.00025568687124177814, "Sideburns": 0.6147075891494751, "Smiling": 0.022516760975122452, "Straight_Hair": 0.4605916440486908, "Wavy_Hair": 0.0021823125425726175, "Wearing_Earrings": 0.000517263833899051, "Wearing_Hat": 0.0012950844829902053, "Wearing_Lipstick": 0.0003273645124863833, "Wearing_Necklace": 0.00040392548544332385, "Wearing_Necktie": 0.17315459251403809, "Young": 0.038717690855264664, "df_race": "white", "df_race_prob": 99.92429018923161, "df_gender": "Man", "df_gender_prob": 98.7868070602417, "df_age": 36, "df_emotion": "fear", "df_emotion_prob": 48.69409203529358}