{"name": "Fred_Funk_0001.jpg", "5_o_Clock_Shadow": 0.06307429820299149, "Arched_Eyebrows": 0.0003460719308350235, "Attractive": 0.015378613956272602, "Bags_Under_Eyes": 0.4855929911136627, "Bald": 0.0009721946553327143, "Bangs": 0.0009749848395586014, "Big_Lips": 0.002014464931562543, "Big_Nose": 0.09190221130847931, "Black_Hair": 0.00034279419924132526, "Blond_Hair": 0.10703162848949432, "Blurry": 0.21342377364635468, "Brown_Hair": 0.05449112504720688, "Bushy_Eyebrows": 0.0003313645429443568, "Chubby": 0.020090803503990173, "Double_Chin": 0.025056906044483185, "Eyeglasses": 0.00141380843706429, "Goatee": 0.0006433973321691155, "Gray_Hair": 0.3355777859687805, "Heavy_Makeup": 7.149839802877977e-05, "High_Cheekbones": 0.1099526509642601, "Male": 0.9986125230789185, "Mouth_Slightly_Open": 0.04600723087787628, "Mustache": 0.0010192415211349726, "Narrow_Eyes": 0.047447070479393005, "No_Beard": 0.9839140176773071, "Oval_Face": 0.11153394728899002, "Pale_Skin": 0.010287932120263577, "Pointy_Nose": 0.050948530435562134, "Receding_Hairline": 0.019226321950554848, "Rosy_Cheeks": 8.203610923374072e-05, "Sideburns": 0.0013225612929090858, "Smiling": 0.06802681088447571, "Straight_Hair": 0.08938693255186081, "Wavy_Hair": 0.059759803116321564, "Wearing_Earrings": 0.0004372741677798331, "Wearing_Hat": 0.00031831470550969243, "Wearing_Lipstick": 3.759211176657118e-05, "Wearing_Necklace": 0.0004012050339952111, "Wearing_Necktie": 0.008141756989061832, "Young": 0.1318245381116867, "df_race": "white", "df_race_prob": 52.601033449172974, "df_gender": "Man", "df_gender_prob": 99.99549388885498, "df_age": 39, "df_emotion": "sad", "df_emotion_prob": 38.41950526353748}