{"name": "Fruit_Chan_0001.jpg", "5_o_Clock_Shadow": 0.0019024921348318458, "Arched_Eyebrows": 0.0015006220201030374, "Attractive": 0.002295338548719883, "Bags_Under_Eyes": 0.0700998306274414, "Bald": 0.010222945362329483, "Bangs": 0.00024519735598005354, "Big_Lips": 0.015045758336782455, "Big_Nose": 0.161858931183815, "Black_Hair": 0.24952299892902374, "Blond_Hair": 0.0019322525477036834, "Blurry": 0.06722674518823624, "Brown_Hair": 0.002082792343571782, "Bushy_Eyebrows": 0.0023722280748188496, "Chubby": 0.5959075093269348, "Double_Chin": 0.08679279685020447, "Eyeglasses": 0.9897069931030273, "Goatee": 0.000627096917014569, "Gray_Hair": 0.02255314029753208, "Heavy_Makeup": 0.000198153211385943, "High_Cheekbones": 0.17527875304222107, "Male": 0.979390025138855, "Mouth_Slightly_Open": 0.0195219237357378, "Mustache": 0.0013880599290132523, "Narrow_Eyes": 0.11537385731935501, "No_Beard": 0.9952774047851562, "Oval_Face": 0.17830607295036316, "Pale_Skin": 0.03289123624563217, "Pointy_Nose": 0.0010239498224109411, "Receding_Hairline": 0.20489239692687988, "Rosy_Cheeks": 5.8719018852571025e-05, "Sideburns": 0.00039087803452275693, "Smiling": 0.04667647182941437, "Straight_Hair": 0.41116297245025635, "Wavy_Hair": 0.0011580924037843943, "Wearing_Earrings": 0.0037062985356897116, "Wearing_Hat": 0.0010133490432053804, "Wearing_Lipstick": 0.0003688548458740115, "Wearing_Necklace": 0.0014621210284531116, "Wearing_Necktie": 0.01905328407883644, "Young": 0.08254989981651306, "df_race": "asian", "df_race_prob": 61.74418926239014, "df_gender": "Man", "df_gender_prob": 98.49645495414734, "df_age": 41, "df_emotion": "fear", "df_emotion_prob": 44.22383273982005}