{"name": "Fujio_Cho_0006.jpg", "5_o_Clock_Shadow": 0.0009527493384666741, "Arched_Eyebrows": 0.003249149303883314, "Attractive": 0.0007550694863311946, "Bags_Under_Eyes": 0.05989662930369377, "Bald": 0.02858516201376915, "Bangs": 0.00016808684449642897, "Big_Lips": 0.005601310636848211, "Big_Nose": 0.05854695662856102, "Black_Hair": 0.031306516379117966, "Blond_Hair": 0.0056738774292171, "Blurry": 0.09594186395406723, "Brown_Hair": 0.0032226790208369493, "Bushy_Eyebrows": 0.0010966903064399958, "Chubby": 0.1970273107290268, "Double_Chin": 0.1306358277797699, "Eyeglasses": 0.9877726435661316, "Goatee": 0.0009126894292421639, "Gray_Hair": 0.38763973116874695, "Heavy_Makeup": 0.0005771643482148647, "High_Cheekbones": 0.265796422958374, "Male": 0.9923977255821228, "Mouth_Slightly_Open": 0.9153211712837219, "Mustache": 0.0024741794914007187, "Narrow_Eyes": 0.16346146166324615, "No_Beard": 0.9929006099700928, "Oval_Face": 0.16982364654541016, "Pale_Skin": 0.017492560669779778, "Pointy_Nose": 0.004739937838166952, "Receding_Hairline": 0.6774095296859741, "Rosy_Cheeks": 0.00023386251996271312, "Sideburns": 0.0004748468054458499, "Smiling": 0.06616542488336563, "Straight_Hair": 0.400068074464798, "Wavy_Hair": 0.0009616974857635796, "Wearing_Earrings": 0.000852359866257757, "Wearing_Hat": 0.0005629349616356194, "Wearing_Lipstick": 0.0006766807055100799, "Wearing_Necklace": 0.0005701412446796894, "Wearing_Necktie": 0.4544205963611603, "Young": 0.013241243548691273, "df_race": "asian", "df_race_prob": 82.33333826065063, "df_gender": "Man", "df_gender_prob": 95.97622156143188, "df_age": 44, "df_emotion": "neutral", "df_emotion_prob": 73.65827560424805}