{"name": "Fujio_Cho_0001.jpg", "5_o_Clock_Shadow": 0.0018274419708177447, "Arched_Eyebrows": 0.009759186767041683, "Attractive": 0.0029399474151432514, "Bags_Under_Eyes": 0.3938528895378113, "Bald": 0.03344579041004181, "Bangs": 0.00026522777625359595, "Big_Lips": 0.00445575313642621, "Big_Nose": 0.22882886230945587, "Black_Hair": 0.13020172715187073, "Blond_Hair": 0.0043639251962304115, "Blurry": 0.07753424346446991, "Brown_Hair": 0.005009608808904886, "Bushy_Eyebrows": 0.010243388824164867, "Chubby": 0.2439473569393158, "Double_Chin": 0.11404140293598175, "Eyeglasses": 0.9908388257026672, "Goatee": 0.0017958413809537888, "Gray_Hair": 0.19321711361408234, "Heavy_Makeup": 0.0002801543159876019, "High_Cheekbones": 0.7620036005973816, "Male": 0.9930102229118347, "Mouth_Slightly_Open": 0.9966222047805786, "Mustache": 0.0029478047508746386, "Narrow_Eyes": 0.9163976907730103, "No_Beard": 0.9930983185768127, "Oval_Face": 0.18712884187698364, "Pale_Skin": 0.027767764404416084, "Pointy_Nose": 0.004937200341373682, "Receding_Hairline": 0.5665596723556519, "Rosy_Cheeks": 0.0002612244279589504, "Sideburns": 0.0006912703393027186, "Smiling": 0.9864370226860046, "Straight_Hair": 0.6640153527259827, "Wavy_Hair": 0.0013921764912083745, "Wearing_Earrings": 0.0010558255016803741, "Wearing_Hat": 0.000989569933153689, "Wearing_Lipstick": 0.0004766412603203207, "Wearing_Necklace": 0.0008438611403107643, "Wearing_Necktie": 0.6948049664497375, "Young": 0.015954412519931793, "df_race": "asian", "df_race_prob": 71.48221731185913, "df_gender": "Man", "df_gender_prob": 99.95866417884827, "df_age": 48, "df_emotion": "happy", "df_emotion_prob": 94.6814477443695}