{"name": "Gabriel_Hughes_0001.jpg", "5_o_Clock_Shadow": 0.024078190326690674, "Arched_Eyebrows": 0.0016901979688555002, "Attractive": 0.01148754358291626, "Bags_Under_Eyes": 0.045471448451280594, "Bald": 0.001023092190735042, "Bangs": 0.0006882203742861748, "Big_Lips": 0.24477237462997437, "Big_Nose": 0.3966396450996399, "Black_Hair": 0.49493011832237244, "Blond_Hair": 0.0013130903244018555, "Blurry": 0.2858891487121582, "Brown_Hair": 0.0036980726290494204, "Bushy_Eyebrows": 0.0005959293921478093, "Chubby": 0.021471917629241943, "Double_Chin": 0.002134170848876238, "Eyeglasses": 0.0020443079993128777, "Goatee": 0.0026270507369190454, "Gray_Hair": 0.0006239914218895137, "Heavy_Makeup": 0.0001607855811016634, "High_Cheekbones": 0.1277536153793335, "Male": 0.9758190512657166, "Mouth_Slightly_Open": 0.15011852979660034, "Mustache": 0.01151457242667675, "Narrow_Eyes": 0.05706655979156494, "No_Beard": 0.9363704919815063, "Oval_Face": 0.08657559752464294, "Pale_Skin": 0.006922042462974787, "Pointy_Nose": 0.002286679344251752, "Receding_Hairline": 0.06157243624329567, "Rosy_Cheeks": 2.774273161776364e-05, "Sideburns": 0.0015228710835799575, "Smiling": 0.0015724209370091558, "Straight_Hair": 0.08905195444822311, "Wavy_Hair": 0.004555196966975927, "Wearing_Earrings": 0.005115927197039127, "Wearing_Hat": 0.0012581251794472337, "Wearing_Lipstick": 0.00030031384085305035, "Wearing_Necklace": 0.0013867273228242993, "Wearing_Necktie": 0.004819316323846579, "Young": 0.8648395538330078, "df_race": "black", "df_race_prob": 74.90357160568237, "df_gender": "Man", "df_gender_prob": 99.81826543807983, "df_age": 34, "df_emotion": "sad", "df_emotion_prob": 55.450958013534546}