{"name": "Gary_Williams_0001.jpg", "5_o_Clock_Shadow": 0.016867119818925858, "Arched_Eyebrows": 0.0010643490822985768, "Attractive": 0.007294627837836742, "Bags_Under_Eyes": 0.1567969024181366, "Bald": 0.002319407882168889, "Bangs": 0.0003085339267272502, "Big_Lips": 0.00488172797486186, "Big_Nose": 0.020827509462833405, "Black_Hair": 0.002836756408214569, "Blond_Hair": 0.01301780715584755, "Blurry": 0.09689894318580627, "Brown_Hair": 0.002971563721075654, "Bushy_Eyebrows": 0.003303081262856722, "Chubby": 0.008224067278206348, "Double_Chin": 0.01028671395033598, "Eyeglasses": 0.001149816787801683, "Goatee": 0.0007041549542918801, "Gray_Hair": 0.6451988816261292, "Heavy_Makeup": 0.0003475693811196834, "High_Cheekbones": 0.05543598532676697, "Male": 0.9993715882301331, "Mouth_Slightly_Open": 0.9728684425354004, "Mustache": 0.0007882084464654326, "Narrow_Eyes": 0.02472744509577751, "No_Beard": 0.9840546250343323, "Oval_Face": 0.09846385568380356, "Pale_Skin": 0.02267259545624256, "Pointy_Nose": 0.06355351209640503, "Receding_Hairline": 0.051318638026714325, "Rosy_Cheeks": 0.0001123478141380474, "Sideburns": 0.0033421728294342756, "Smiling": 0.008737930096685886, "Straight_Hair": 0.7816023230552673, "Wavy_Hair": 0.0020017989445477724, "Wearing_Earrings": 0.000765303906518966, "Wearing_Hat": 0.0006719191442243755, "Wearing_Lipstick": 0.00024045917962212116, "Wearing_Necklace": 0.0002016405196627602, "Wearing_Necktie": 0.3396204710006714, "Young": 0.04205503687262535, "df_race": "white", "df_race_prob": 94.82119083404541, "df_gender": "Man", "df_gender_prob": 99.85761642456055, "df_age": 35, "df_emotion": "surprise", "df_emotion_prob": 73.11810255050659}