{"name": "Gary_Bettman_0001.jpg", "5_o_Clock_Shadow": 0.0732724517583847, "Arched_Eyebrows": 0.022013794630765915, "Attractive": 0.05043432116508484, "Bags_Under_Eyes": 0.07592089474201202, "Bald": 0.02095058374106884, "Bangs": 3.891237065545283e-05, "Big_Lips": 0.010814244858920574, "Big_Nose": 0.11347893625497818, "Black_Hair": 0.017731215804815292, "Blond_Hair": 0.0008422702085226774, "Blurry": 0.02847122959792614, "Brown_Hair": 0.008999574929475784, "Bushy_Eyebrows": 0.036470718681812286, "Chubby": 0.013654164038598537, "Double_Chin": 0.003341488540172577, "Eyeglasses": 0.0014079423854127526, "Goatee": 0.0005241750041022897, "Gray_Hair": 0.014553484506905079, "Heavy_Makeup": 0.00025467766681686044, "High_Cheekbones": 0.01196228712797165, "Male": 0.9990708827972412, "Mouth_Slightly_Open": 0.001031628460623324, "Mustache": 0.0012397811515256763, "Narrow_Eyes": 0.013423074036836624, "No_Beard": 0.9705570340156555, "Oval_Face": 0.1600172519683838, "Pale_Skin": 0.009454491548240185, "Pointy_Nose": 0.5239046216011047, "Receding_Hairline": 0.584094226360321, "Rosy_Cheeks": 0.00015824311412870884, "Sideburns": 0.0028553390875458717, "Smiling": 0.002059211954474449, "Straight_Hair": 0.08696524053812027, "Wavy_Hair": 0.002648554975166917, "Wearing_Earrings": 0.0006926878704689443, "Wearing_Hat": 0.0008264568750746548, "Wearing_Lipstick": 0.0005041215918026865, "Wearing_Necklace": 0.00013431624392978847, "Wearing_Necktie": 0.09758038818836212, "Young": 0.0767589583992958, "df_race": "middle eastern", "df_race_prob": 68.0493414402008, "df_gender": "Man", "df_gender_prob": 99.99163150787354, "df_age": 29, "df_emotion": "neutral", "df_emotion_prob": 95.65978050231934}