{"name": "Gary_Carter_0001.jpg", "5_o_Clock_Shadow": 0.013920956291258335, "Arched_Eyebrows": 0.002793437335640192, "Attractive": 0.01248255092650652, "Bags_Under_Eyes": 0.34698355197906494, "Bald": 0.5801947712898254, "Bangs": 0.00045851891627535224, "Big_Lips": 0.0023388813715428114, "Big_Nose": 0.4473891258239746, "Black_Hair": 0.0010084799723699689, "Blond_Hair": 0.025006907060742378, "Blurry": 0.021840350702404976, "Brown_Hair": 0.01122163888067007, "Bushy_Eyebrows": 0.005641095340251923, "Chubby": 0.29750463366508484, "Double_Chin": 0.5085931420326233, "Eyeglasses": 0.007493358571082354, "Goatee": 0.001802152255550027, "Gray_Hair": 0.32640907168388367, "Heavy_Makeup": 0.0002076932869385928, "High_Cheekbones": 0.700103759765625, "Male": 0.9990496039390564, "Mouth_Slightly_Open": 0.027199842035770416, "Mustache": 0.0016553583554923534, "Narrow_Eyes": 0.5851140022277832, "No_Beard": 0.9888452887535095, "Oval_Face": 0.46144938468933105, "Pale_Skin": 0.027832334861159325, "Pointy_Nose": 0.04034080728888512, "Receding_Hairline": 0.6595045924186707, "Rosy_Cheeks": 0.0007659876137040555, "Sideburns": 0.0020158945117145777, "Smiling": 0.9836052060127258, "Straight_Hair": 0.08249484747648239, "Wavy_Hair": 0.0012339289532974362, "Wearing_Earrings": 0.0006097732111811638, "Wearing_Hat": 0.0006324819405563176, "Wearing_Lipstick": 0.00016106960538309067, "Wearing_Necklace": 0.0002055279037449509, "Wearing_Necktie": 0.7207697033882141, "Young": 0.00973628368228674, "df_race": "white", "df_race_prob": 89.03580438663907, "df_gender": "Man", "df_gender_prob": 99.97156262397766, "df_age": 27, "df_emotion": "happy", "df_emotion_prob": 97.13956117630005}