{"name": "Gary_Winnick_0001.jpg", "5_o_Clock_Shadow": 0.01593054085969925, "Arched_Eyebrows": 0.0006852973601780832, "Attractive": 0.017144933342933655, "Bags_Under_Eyes": 0.3230559527873993, "Bald": 0.0059791505336761475, "Bangs": 0.00016036910528782755, "Big_Lips": 0.00483053969219327, "Big_Nose": 0.21591493487358093, "Black_Hair": 0.005000684875994921, "Blond_Hair": 0.00770977046340704, "Blurry": 0.0908573567867279, "Brown_Hair": 0.024987805634737015, "Bushy_Eyebrows": 0.008413391187787056, "Chubby": 0.4751504361629486, "Double_Chin": 0.33402034640312195, "Eyeglasses": 0.003864665050059557, "Goatee": 0.0002969355555251241, "Gray_Hair": 0.35862717032432556, "Heavy_Makeup": 0.0001949528668774292, "High_Cheekbones": 0.8054891228675842, "Male": 0.9989426732063293, "Mouth_Slightly_Open": 0.9775436520576477, "Mustache": 0.0007953259046189487, "Narrow_Eyes": 0.11596328765153885, "No_Beard": 0.9928119778633118, "Oval_Face": 0.524543046951294, "Pale_Skin": 0.03877672553062439, "Pointy_Nose": 0.04881128668785095, "Receding_Hairline": 0.2757408320903778, "Rosy_Cheeks": 0.0005504342843778431, "Sideburns": 0.0009759082458913326, "Smiling": 0.9928666353225708, "Straight_Hair": 0.2512674629688263, "Wavy_Hair": 0.01017522718757391, "Wearing_Earrings": 0.00021471999934874475, "Wearing_Hat": 0.00020891476015094668, "Wearing_Lipstick": 0.00016040197806432843, "Wearing_Necklace": 0.00018346206343267113, "Wearing_Necktie": 0.8228222131729126, "Young": 0.01908285915851593, "df_race": "white", "df_race_prob": 75.60498118400574, "df_gender": "Man", "df_gender_prob": 99.75175857543945, "df_age": 33, "df_emotion": "happy", "df_emotion_prob": 94.46355104446411}