{"name": "Gene_Orza_0001.jpg", "5_o_Clock_Shadow": 0.034229826182127, "Arched_Eyebrows": 0.0007540678489021957, "Attractive": 0.008704905398190022, "Bags_Under_Eyes": 0.13762801885604858, "Bald": 0.0012003182200714946, "Bangs": 0.0010325310286134481, "Big_Lips": 0.014683516696095467, "Big_Nose": 0.13836078345775604, "Black_Hair": 0.0012244298122823238, "Blond_Hair": 0.010051201097667217, "Blurry": 0.3931863605976105, "Brown_Hair": 0.015427629463374615, "Bushy_Eyebrows": 0.0018146978691220284, "Chubby": 0.04037068411707878, "Double_Chin": 0.009808567352592945, "Eyeglasses": 0.8025182485580444, "Goatee": 0.002123829908668995, "Gray_Hair": 0.16719892621040344, "Heavy_Makeup": 9.376940579386428e-05, "High_Cheekbones": 0.027125367894768715, "Male": 0.9988756775856018, "Mouth_Slightly_Open": 0.2888186275959015, "Mustache": 0.004540903028100729, "Narrow_Eyes": 0.39958950877189636, "No_Beard": 0.8918651342391968, "Oval_Face": 0.12756091356277466, "Pale_Skin": 0.013583478517830372, "Pointy_Nose": 0.041169386357069016, "Receding_Hairline": 0.020311681553721428, "Rosy_Cheeks": 2.4209175535361283e-05, "Sideburns": 0.0013317664852365851, "Smiling": 0.06160148233175278, "Straight_Hair": 0.011956702917814255, "Wavy_Hair": 0.26381823420524597, "Wearing_Earrings": 0.000591685005929321, "Wearing_Hat": 0.0001296401023864746, "Wearing_Lipstick": 9.922717435983941e-05, "Wearing_Necklace": 0.0005521057173609734, "Wearing_Necktie": 0.014497950673103333, "Young": 0.027215464040637016, "df_race": "middle eastern", "df_race_prob": 53.05578745076507, "df_gender": "Man", "df_gender_prob": 98.02132248878479, "df_age": 39, "df_emotion": "neutral", "df_emotion_prob": 97.88460756723791}