{"name": "Geoff_Dixon_0001.jpg", "5_o_Clock_Shadow": 0.0032149360049515963, "Arched_Eyebrows": 0.005780463106930256, "Attractive": 0.0014285810757428408, "Bags_Under_Eyes": 0.27411192655563354, "Bald": 0.01941494643688202, "Bangs": 0.0003275633498560637, "Big_Lips": 0.01575523056089878, "Big_Nose": 0.25124871730804443, "Black_Hair": 0.0013465335359796882, "Blond_Hair": 0.018793204799294472, "Blurry": 0.1251949965953827, "Brown_Hair": 0.002031551441177726, "Bushy_Eyebrows": 0.00047851272393018007, "Chubby": 0.1260068267583847, "Double_Chin": 0.13418331742286682, "Eyeglasses": 0.00399899622425437, "Goatee": 0.0005376290646381676, "Gray_Hair": 0.7843043804168701, "Heavy_Makeup": 0.0001426033559255302, "High_Cheekbones": 0.0312873013317585, "Male": 0.9986879229545593, "Mouth_Slightly_Open": 0.8968817591667175, "Mustache": 0.0006028055213391781, "Narrow_Eyes": 0.007126414217054844, "No_Beard": 0.9911536574363708, "Oval_Face": 0.11932838708162308, "Pale_Skin": 0.08456805348396301, "Pointy_Nose": 0.01718182861804962, "Receding_Hairline": 0.5517604947090149, "Rosy_Cheeks": 6.626071262871847e-05, "Sideburns": 0.0015245330287143588, "Smiling": 0.008876567706465721, "Straight_Hair": 0.20634572207927704, "Wavy_Hair": 0.002229074714705348, "Wearing_Earrings": 0.0011850354494526982, "Wearing_Hat": 0.0005073061911389232, "Wearing_Lipstick": 0.0004282606823835522, "Wearing_Necklace": 0.0005635021370835602, "Wearing_Necktie": 0.1748078316450119, "Young": 0.008899586275219917, "df_race": "latino hispanic", "df_race_prob": 31.412601470947266, "df_gender": "Man", "df_gender_prob": 99.85390901565552, "df_age": 40, "df_emotion": "fear", "df_emotion_prob": 30.26769043610635}