{"name": "George_W_Bush_0171.jpg", "5_o_Clock_Shadow": 0.004889677278697491, "Arched_Eyebrows": 0.0007898734766058624, "Attractive": 0.006042806431651115, "Bags_Under_Eyes": 0.0825551226735115, "Bald": 0.006682024337351322, "Bangs": 0.0008029863238334656, "Big_Lips": 0.003166001755744219, "Big_Nose": 0.02039642073214054, "Black_Hair": 0.0017302501946687698, "Blond_Hair": 0.012096886523067951, "Blurry": 0.16503897309303284, "Brown_Hair": 0.003034749301150441, "Bushy_Eyebrows": 0.0006819505360908806, "Chubby": 0.017720073461532593, "Double_Chin": 0.010682432912290096, "Eyeglasses": 0.0031696122605353594, "Goatee": 0.0006346656591631472, "Gray_Hair": 0.7953871488571167, "Heavy_Makeup": 0.0006582766654901206, "High_Cheekbones": 0.01697571761906147, "Male": 0.9966715574264526, "Mouth_Slightly_Open": 0.24057531356811523, "Mustache": 0.00124821113422513, "Narrow_Eyes": 0.05103742703795433, "No_Beard": 0.9889590740203857, "Oval_Face": 0.14659923315048218, "Pale_Skin": 0.06396502256393433, "Pointy_Nose": 0.06504172086715698, "Receding_Hairline": 0.47499191761016846, "Rosy_Cheeks": 0.00016383780166506767, "Sideburns": 0.002102155238389969, "Smiling": 0.0012485357001423836, "Straight_Hair": 0.1332710236310959, "Wavy_Hair": 0.01181175746023655, "Wearing_Earrings": 0.0009720020461827517, "Wearing_Hat": 0.0003359992988407612, "Wearing_Lipstick": 0.00036666958476416767, "Wearing_Necklace": 0.00044336359133012593, "Wearing_Necktie": 0.32627072930336, "Young": 0.018755044788122177, "df_race": "asian", "df_race_prob": 30.238520474610272, "df_gender": "Man", "df_gender_prob": 99.99849796295166, "df_age": 31, "df_emotion": "fear", "df_emotion_prob": 73.82176362405798}