{"name": "George_HW_Bush_0013.jpg", "5_o_Clock_Shadow": 0.007884271442890167, "Arched_Eyebrows": 0.00039674423169344664, "Attractive": 0.009901092387735844, "Bags_Under_Eyes": 0.3860471546649933, "Bald": 0.09408716857433319, "Bangs": 0.0008074482320807874, "Big_Lips": 0.002764227334409952, "Big_Nose": 0.3024436831474304, "Black_Hair": 0.00141810136847198, "Blond_Hair": 0.013167859055101871, "Blurry": 0.17215421795845032, "Brown_Hair": 0.00795271247625351, "Bushy_Eyebrows": 0.0008100642589852214, "Chubby": 0.25059154629707336, "Double_Chin": 0.27277031540870667, "Eyeglasses": 0.01018188614398241, "Goatee": 0.0013411829713732004, "Gray_Hair": 0.7727030515670776, "Heavy_Makeup": 0.0002963512670248747, "High_Cheekbones": 0.2017887383699417, "Male": 0.9975905418395996, "Mouth_Slightly_Open": 0.06499739736318588, "Mustache": 0.00190422881860286, "Narrow_Eyes": 0.5961284041404724, "No_Beard": 0.990526556968689, "Oval_Face": 0.16238336265087128, "Pale_Skin": 0.15300972759723663, "Pointy_Nose": 0.03766591474413872, "Receding_Hairline": 0.6893985271453857, "Rosy_Cheeks": 0.00036079174606129527, "Sideburns": 0.001761542516760528, "Smiling": 0.4436768591403961, "Straight_Hair": 0.15414370596408844, "Wavy_Hair": 0.0046877674758434296, "Wearing_Earrings": 0.00042124808533117175, "Wearing_Hat": 0.0008141187718138099, "Wearing_Lipstick": 0.00024153359117917717, "Wearing_Necklace": 0.0002860849490389228, "Wearing_Necktie": 0.7515234351158142, "Young": 0.009165897034108639, "df_race": "white", "df_race_prob": 99.9320387840271, "df_gender": "Man", "df_gender_prob": 99.99723434448242, "df_age": 37, "df_emotion": "sad", "df_emotion_prob": 56.017619371414185}