{"name": "George_W_Bush_0374.jpg", "5_o_Clock_Shadow": 0.006948804948478937, "Arched_Eyebrows": 0.0005408484139479697, "Attractive": 0.006322789937257767, "Bags_Under_Eyes": 0.09490414708852768, "Bald": 0.003160427790135145, "Bangs": 0.0014953997451812029, "Big_Lips": 0.0036467385943979025, "Big_Nose": 0.03798936307430267, "Black_Hair": 0.0034879096783697605, "Blond_Hair": 0.005965085234493017, "Blurry": 0.07121846824884415, "Brown_Hair": 0.009057865478098392, "Bushy_Eyebrows": 0.002333808923140168, "Chubby": 0.03674497827887535, "Double_Chin": 0.0257869865745306, "Eyeglasses": 0.012186761014163494, "Goatee": 0.0007266886532306671, "Gray_Hair": 0.7739647030830383, "Heavy_Makeup": 0.00042894031503237784, "High_Cheekbones": 0.013732177205383778, "Male": 0.9977272152900696, "Mouth_Slightly_Open": 0.06973578780889511, "Mustache": 0.0010345849441364408, "Narrow_Eyes": 0.11161195486783981, "No_Beard": 0.9932030439376831, "Oval_Face": 0.14072760939598083, "Pale_Skin": 0.05885752663016319, "Pointy_Nose": 0.023051150143146515, "Receding_Hairline": 0.03138884902000427, "Rosy_Cheeks": 0.00024183640198316425, "Sideburns": 0.0023259855806827545, "Smiling": 0.0012947083450853825, "Straight_Hair": 0.6079640984535217, "Wavy_Hair": 0.008205730468034744, "Wearing_Earrings": 0.000507286109495908, "Wearing_Hat": 0.0011366901453584433, "Wearing_Lipstick": 0.0002490206388756633, "Wearing_Necklace": 0.00028139803907833993, "Wearing_Necktie": 0.8439789414405823, "Young": 0.011566448025405407, "df_race": "white", "df_race_prob": 68.21086217229737, "df_gender": "Man", "df_gender_prob": 99.99748468399048, "df_age": 27, "df_emotion": "fear", "df_emotion_prob": 49.3097722530365}