{"name": "George_W_Bush_0065.jpg", "5_o_Clock_Shadow": 0.015779726207256317, "Arched_Eyebrows": 0.0005116352112963796, "Attractive": 0.010021094232797623, "Bags_Under_Eyes": 0.7411244511604309, "Bald": 0.008027770556509495, "Bangs": 0.0012481730664148927, "Big_Lips": 0.005000293254852295, "Big_Nose": 0.21105769276618958, "Black_Hair": 0.0006199134513735771, "Blond_Hair": 0.03654143959283829, "Blurry": 0.16530102491378784, "Brown_Hair": 0.004888415336608887, "Bushy_Eyebrows": 0.0021152906119823456, "Chubby": 0.07832925021648407, "Double_Chin": 0.11642242223024368, "Eyeglasses": 0.0045009152963757515, "Goatee": 0.0004471278516575694, "Gray_Hair": 0.7955356240272522, "Heavy_Makeup": 0.00011213589459657669, "High_Cheekbones": 0.4987320899963379, "Male": 0.9971254467964172, "Mouth_Slightly_Open": 0.6842638254165649, "Mustache": 0.0007018603500910103, "Narrow_Eyes": 0.7787715196609497, "No_Beard": 0.9923349022865295, "Oval_Face": 0.18107831478118896, "Pale_Skin": 0.043181322515010834, "Pointy_Nose": 0.013405885547399521, "Receding_Hairline": 0.0961141437292099, "Rosy_Cheeks": 0.00011357251787558198, "Sideburns": 0.0018443316221237183, "Smiling": 0.9334421157836914, "Straight_Hair": 0.30345863103866577, "Wavy_Hair": 0.013982204720377922, "Wearing_Earrings": 0.000639245321508497, "Wearing_Hat": 0.0004674420633818954, "Wearing_Lipstick": 7.718009874224663e-05, "Wearing_Necklace": 0.0005193756660446525, "Wearing_Necktie": 0.22405599057674408, "Young": 0.013030629605054855, "df_race": "latino hispanic", "df_race_prob": 33.32441747188568, "df_gender": "Man", "df_gender_prob": 99.99470710754395, "df_age": 43, "df_emotion": "happy", "df_emotion_prob": 88.55537635748105}