{"name": "George_W_Bush_0458.jpg", "5_o_Clock_Shadow": 0.003212354378774762, "Arched_Eyebrows": 0.00031957507599145174, "Attractive": 0.007232623174786568, "Bags_Under_Eyes": 0.2738778293132782, "Bald": 0.0034831759985536337, "Bangs": 0.0003893946122843772, "Big_Lips": 0.003164692549034953, "Big_Nose": 0.07415366917848587, "Black_Hair": 0.0019764897879213095, "Blond_Hair": 0.009390381164848804, "Blurry": 0.03834351524710655, "Brown_Hair": 0.007627826649695635, "Bushy_Eyebrows": 0.0016137071652337909, "Chubby": 0.03449931740760803, "Double_Chin": 0.037896640598773956, "Eyeglasses": 0.002923494204878807, "Goatee": 0.000316197780193761, "Gray_Hair": 0.7908515334129333, "Heavy_Makeup": 0.0002771694853436202, "High_Cheekbones": 0.05390153080224991, "Male": 0.9987601041793823, "Mouth_Slightly_Open": 0.6214735507965088, "Mustache": 0.0004214454966131598, "Narrow_Eyes": 0.04179121553897858, "No_Beard": 0.9968980550765991, "Oval_Face": 0.19811376929283142, "Pale_Skin": 0.017950644716620445, "Pointy_Nose": 0.014789311215281487, "Receding_Hairline": 0.12134627997875214, "Rosy_Cheeks": 0.00017559347907081246, "Sideburns": 0.0011756669264286757, "Smiling": 0.011393783614039421, "Straight_Hair": 0.6383568048477173, "Wavy_Hair": 0.0061949389055371284, "Wearing_Earrings": 0.000398497300921008, "Wearing_Hat": 0.0002909054164774716, "Wearing_Lipstick": 0.0001981413079192862, "Wearing_Necklace": 0.0002554765669628978, "Wearing_Necktie": 0.33261537551879883, "Young": 0.016236906871199608, "df_race": "latino hispanic", "df_race_prob": 35.96999943256378, "df_gender": "Man", "df_gender_prob": 99.99040365219116, "df_age": 41, "df_emotion": "angry", "df_emotion_prob": 73.83928143020161}