{"name": "George_W_Bush_0191.jpg", "5_o_Clock_Shadow": 0.007890390232205391, "Arched_Eyebrows": 0.0002533314109314233, "Attractive": 0.01710258238017559, "Bags_Under_Eyes": 0.11075479537248611, "Bald": 0.008673460222780704, "Bangs": 0.0002372302842559293, "Big_Lips": 0.005301233381032944, "Big_Nose": 0.06271965801715851, "Black_Hair": 0.0018439419800415635, "Blond_Hair": 0.0023349749390035868, "Blurry": 0.05063479766249657, "Brown_Hair": 0.005567711777985096, "Bushy_Eyebrows": 0.0010185756254941225, "Chubby": 0.016309039667248726, "Double_Chin": 0.01718922331929207, "Eyeglasses": 0.003295448375865817, "Goatee": 0.0004293463716749102, "Gray_Hair": 0.724229097366333, "Heavy_Makeup": 0.00017880959785543382, "High_Cheekbones": 0.013205207884311676, "Male": 0.9988595247268677, "Mouth_Slightly_Open": 0.013038180768489838, "Mustache": 0.0004609293828252703, "Narrow_Eyes": 0.054539285600185394, "No_Beard": 0.9962576627731323, "Oval_Face": 0.060933735221624374, "Pale_Skin": 0.03287201002240181, "Pointy_Nose": 0.16064566373825073, "Receding_Hairline": 0.38368111848831177, "Rosy_Cheeks": 0.00011016685311915353, "Sideburns": 0.0007490847492590547, "Smiling": 0.005006843246519566, "Straight_Hair": 0.32788729667663574, "Wavy_Hair": 0.003731650998815894, "Wearing_Earrings": 0.0005364082753658295, "Wearing_Hat": 0.0005651749670505524, "Wearing_Lipstick": 0.00018506015476305038, "Wearing_Necklace": 0.00027546947239898145, "Wearing_Necktie": 0.28491127490997314, "Young": 0.01402746606618166, "df_race": "middle eastern", "df_race_prob": 47.622468925861654, "df_gender": "Man", "df_gender_prob": 99.98970031738281, "df_age": 47, "df_emotion": "fear", "df_emotion_prob": 96.83905839920044}