{"name": "George_W_Bush_0081.jpg", "5_o_Clock_Shadow": 0.006761489901691675, "Arched_Eyebrows": 0.00018900279246736318, "Attractive": 0.010580991394817829, "Bags_Under_Eyes": 0.22018647193908691, "Bald": 0.005263293161988258, "Bangs": 0.0006159862386994064, "Big_Lips": 0.0026842195075005293, "Big_Nose": 0.08084791153669357, "Black_Hair": 0.00204543792642653, "Blond_Hair": 0.007585122715681791, "Blurry": 0.05895671248435974, "Brown_Hair": 0.007017964031547308, "Bushy_Eyebrows": 0.0012931721284985542, "Chubby": 0.05513647571206093, "Double_Chin": 0.03913205489516258, "Eyeglasses": 0.005192892160266638, "Goatee": 0.000577225408051163, "Gray_Hair": 0.7948538661003113, "Heavy_Makeup": 0.0003104056231677532, "High_Cheekbones": 0.029612883925437927, "Male": 0.99831223487854, "Mouth_Slightly_Open": 0.18113739788532257, "Mustache": 0.0005156759871169925, "Narrow_Eyes": 0.43599408864974976, "No_Beard": 0.9957664012908936, "Oval_Face": 0.1326945573091507, "Pale_Skin": 0.024165116250514984, "Pointy_Nose": 0.025697750970721245, "Receding_Hairline": 0.12811367213726044, "Rosy_Cheeks": 0.0003139634500257671, "Sideburns": 0.0014546805759891868, "Smiling": 0.014120614156126976, "Straight_Hair": 0.4360501766204834, "Wavy_Hair": 0.009827095083892345, "Wearing_Earrings": 0.00039341431693173945, "Wearing_Hat": 0.0005364001262933016, "Wearing_Lipstick": 0.0001365036005154252, "Wearing_Necklace": 0.00026874663308262825, "Wearing_Necktie": 0.5844921469688416, "Young": 0.013799757696688175, "df_race": "white", "df_race_prob": 34.25754904747009, "df_gender": "Man", "df_gender_prob": 99.99858140945435, "df_age": 27, "df_emotion": "sad", "df_emotion_prob": 44.20504868030548}