{"name": "George_W_Bush_0493.jpg", "5_o_Clock_Shadow": 0.020954333245754242, "Arched_Eyebrows": 0.0003031672677025199, "Attractive": 0.014242549426853657, "Bags_Under_Eyes": 0.6880865693092346, "Bald": 0.0049576000310480595, "Bangs": 0.0009262696257792413, "Big_Lips": 0.00515300128608942, "Big_Nose": 0.23183391988277435, "Black_Hair": 0.0015193253057077527, "Blond_Hair": 0.00749955652281642, "Blurry": 0.10450108349323273, "Brown_Hair": 0.003385277232155204, "Bushy_Eyebrows": 0.001393568585626781, "Chubby": 0.0609627440571785, "Double_Chin": 0.09103135019540787, "Eyeglasses": 0.003394069615751505, "Goatee": 0.00098946422804147, "Gray_Hair": 0.8582665324211121, "Heavy_Makeup": 0.0001381070469506085, "High_Cheekbones": 0.06306972354650497, "Male": 0.9992480874061584, "Mouth_Slightly_Open": 0.009218689985573292, "Mustache": 0.0012601867783814669, "Narrow_Eyes": 0.5351065397262573, "No_Beard": 0.9893196821212769, "Oval_Face": 0.093960702419281, "Pale_Skin": 0.027845855802297592, "Pointy_Nose": 0.044641077518463135, "Receding_Hairline": 0.08840792626142502, "Rosy_Cheeks": 0.00017025312990881503, "Sideburns": 0.0035484216641634703, "Smiling": 0.09652462601661682, "Straight_Hair": 0.3323317766189575, "Wavy_Hair": 0.016704287379980087, "Wearing_Earrings": 0.00030438220710493624, "Wearing_Hat": 0.0006730622262693942, "Wearing_Lipstick": 5.7199373259209096e-05, "Wearing_Necklace": 0.0003663221141323447, "Wearing_Necktie": 0.8138089179992676, "Young": 0.012130147777497768, "df_race": "white", "df_race_prob": 67.29493737220764, "df_gender": "Man", "df_gender_prob": 99.9995231628418, "df_age": 45, "df_emotion": "neutral", "df_emotion_prob": 62.93873190879822}