{"name": "George_HW_Bush_0004.jpg", "5_o_Clock_Shadow": 0.0061987536028027534, "Arched_Eyebrows": 0.0002570199139881879, "Attractive": 0.008754520677030087, "Bags_Under_Eyes": 0.7201437950134277, "Bald": 0.2661745846271515, "Bangs": 0.00047931441804394126, "Big_Lips": 0.003201564308255911, "Big_Nose": 0.16879117488861084, "Black_Hair": 0.0012865823227912188, "Blond_Hair": 0.012875626794993877, "Blurry": 0.11570046842098236, "Brown_Hair": 0.005924370605498552, "Bushy_Eyebrows": 0.0007423794595524669, "Chubby": 0.20452265441417694, "Double_Chin": 0.22172553837299347, "Eyeglasses": 0.005202159751206636, "Goatee": 0.0028059137985110283, "Gray_Hair": 0.6974965929985046, "Heavy_Makeup": 0.00023583477013744414, "High_Cheekbones": 0.5405235886573792, "Male": 0.9984360337257385, "Mouth_Slightly_Open": 0.9389789700508118, "Mustache": 0.0033601822797209024, "Narrow_Eyes": 0.6833873391151428, "No_Beard": 0.976416289806366, "Oval_Face": 0.3553493916988373, "Pale_Skin": 0.009076661430299282, "Pointy_Nose": 0.05704399570822716, "Receding_Hairline": 0.7933253049850464, "Rosy_Cheeks": 0.0003310560423415154, "Sideburns": 0.0034515776205807924, "Smiling": 0.9487732648849487, "Straight_Hair": 0.07087390869855881, "Wavy_Hair": 0.0038680366706103086, "Wearing_Earrings": 0.0005676637520082295, "Wearing_Hat": 0.0006267906865105033, "Wearing_Lipstick": 0.00019336928380653262, "Wearing_Necklace": 0.0002826386480592191, "Wearing_Necktie": 0.507231593132019, "Young": 0.00927046500146389, "df_race": "white", "df_race_prob": 73.35336804389954, "df_gender": "Man", "df_gender_prob": 99.93103742599487, "df_age": 52, "df_emotion": "fear", "df_emotion_prob": 69.82405185699463}