{"name": "George_W_Bush_0176.jpg", "5_o_Clock_Shadow": 0.010344092734158039, "Arched_Eyebrows": 0.001486791530624032, "Attractive": 0.004872692748904228, "Bags_Under_Eyes": 0.6299961805343628, "Bald": 0.003079149639233947, "Bangs": 0.0008488394087180495, "Big_Lips": 0.0062966058030724525, "Big_Nose": 0.22280864417552948, "Black_Hair": 0.0017767432145774364, "Blond_Hair": 0.004362398758530617, "Blurry": 0.06618513911962509, "Brown_Hair": 0.0059953974559903145, "Bushy_Eyebrows": 0.0006885247421450913, "Chubby": 0.03243032470345497, "Double_Chin": 0.03729182109236717, "Eyeglasses": 0.002463742857798934, "Goatee": 0.00029903161339461803, "Gray_Hair": 0.7417547106742859, "Heavy_Makeup": 5.709278048016131e-05, "High_Cheekbones": 0.05183574557304382, "Male": 0.9975311160087585, "Mouth_Slightly_Open": 0.0567939355969429, "Mustache": 0.0009441584115847945, "Narrow_Eyes": 0.04458668828010559, "No_Beard": 0.9920514822006226, "Oval_Face": 0.04647381976246834, "Pale_Skin": 0.028808796778321266, "Pointy_Nose": 0.02295849472284317, "Receding_Hairline": 0.0686093345284462, "Rosy_Cheeks": 6.1006467149127275e-05, "Sideburns": 0.0020790721755474806, "Smiling": 0.009053154848515987, "Straight_Hair": 0.4868948459625244, "Wavy_Hair": 0.008128632791340351, "Wearing_Earrings": 0.0008229088271036744, "Wearing_Hat": 0.00047553193871863186, "Wearing_Lipstick": 6.971270340727642e-05, "Wearing_Necklace": 0.000724424549844116, "Wearing_Necktie": 0.04114760085940361, "Young": 0.008643409237265587, "df_race": "white", "df_race_prob": 93.14563870429993, "df_gender": "Man", "df_gender_prob": 99.99207258224487, "df_age": 40, "df_emotion": "angry", "df_emotion_prob": 42.27361977100372}