{"name": "George_W_Bush_0172.jpg", "5_o_Clock_Shadow": 0.00483408709987998, "Arched_Eyebrows": 0.0007385703502222896, "Attractive": 0.004527288023382425, "Bags_Under_Eyes": 0.030777525156736374, "Bald": 0.013871434144675732, "Bangs": 0.00019231182523071766, "Big_Lips": 0.0059179686941206455, "Big_Nose": 0.01331718172878027, "Black_Hair": 0.002025475027039647, "Blond_Hair": 0.031758710741996765, "Blurry": 0.12421472370624542, "Brown_Hair": 0.0031901076436042786, "Bushy_Eyebrows": 0.0013934617163613439, "Chubby": 0.024653231725096703, "Double_Chin": 0.011654635891318321, "Eyeglasses": 0.003598384791985154, "Goatee": 0.0008169611101038754, "Gray_Hair": 0.6213334798812866, "Heavy_Makeup": 0.0008536855457350612, "High_Cheekbones": 0.040964189916849136, "Male": 0.9959008097648621, "Mouth_Slightly_Open": 0.9836606383323669, "Mustache": 0.000626869557891041, "Narrow_Eyes": 0.15694092214107513, "No_Beard": 0.9900679588317871, "Oval_Face": 0.21151117980480194, "Pale_Skin": 0.0441509410738945, "Pointy_Nose": 0.04696645587682724, "Receding_Hairline": 0.41124147176742554, "Rosy_Cheeks": 0.00013148914149496704, "Sideburns": 0.0020094583742320538, "Smiling": 0.008767543360590935, "Straight_Hair": 0.26427069306373596, "Wavy_Hair": 0.004940961487591267, "Wearing_Earrings": 0.0013563461834564805, "Wearing_Hat": 0.0005686834920197725, "Wearing_Lipstick": 0.00047253313823603094, "Wearing_Necklace": 0.0004890012787654996, "Wearing_Necktie": 0.039416443556547165, "Young": 0.06573819369077682, "df_race": "white", "df_race_prob": 95.4058289527893, "df_gender": "Man", "df_gender_prob": 99.9506950378418, "df_age": 28, "df_emotion": "sad", "df_emotion_prob": 70.9691387992584}