{"name": "George_W_Bush_0396.jpg", "5_o_Clock_Shadow": 0.004495188593864441, "Arched_Eyebrows": 0.00037783794687129557, "Attractive": 0.01997734233736992, "Bags_Under_Eyes": 0.246226966381073, "Bald": 0.0033561314921826124, "Bangs": 0.0004680288548115641, "Big_Lips": 0.002325328765437007, "Big_Nose": 0.04628754407167435, "Black_Hair": 0.0020501180551946163, "Blond_Hair": 0.007688680663704872, "Blurry": 0.0774262547492981, "Brown_Hair": 0.008227677084505558, "Bushy_Eyebrows": 0.002560094930231571, "Chubby": 0.024678630754351616, "Double_Chin": 0.01677318662405014, "Eyeglasses": 0.0018938512075692415, "Goatee": 0.0004942997475154698, "Gray_Hair": 0.8209593892097473, "Heavy_Makeup": 0.00039888880564831197, "High_Cheekbones": 0.014271652325987816, "Male": 0.9989301562309265, "Mouth_Slightly_Open": 0.012373990379273891, "Mustache": 0.0008245449280366302, "Narrow_Eyes": 0.15192605555057526, "No_Beard": 0.9959729313850403, "Oval_Face": 0.18756692111492157, "Pale_Skin": 0.026229681447148323, "Pointy_Nose": 0.02561527118086815, "Receding_Hairline": 0.14531674981117249, "Rosy_Cheeks": 0.00015860899293329567, "Sideburns": 0.0009765741415321827, "Smiling": 0.004412972368299961, "Straight_Hair": 0.4050085246562958, "Wavy_Hair": 0.019277870655059814, "Wearing_Earrings": 0.0003535174182616174, "Wearing_Hat": 0.0004730458022095263, "Wearing_Lipstick": 0.0002476806694176048, "Wearing_Necklace": 0.00023630158102605492, "Wearing_Necktie": 0.5386465191841125, "Young": 0.01596222259104252, "df_race": "white", "df_race_prob": 74.12913287455636, "df_gender": "Man", "df_gender_prob": 99.99959468841553, "df_age": 27, "df_emotion": "neutral", "df_emotion_prob": 40.669527649879456}