{"name": "George_Ryan_0002.jpg", "5_o_Clock_Shadow": 0.0016564170364290476, "Arched_Eyebrows": 0.0008292734273709357, "Attractive": 0.0007186786970123649, "Bags_Under_Eyes": 0.2593662142753601, "Bald": 0.7028363943099976, "Bangs": 0.0009508758666925132, "Big_Lips": 0.01120135560631752, "Big_Nose": 0.7766029238700867, "Black_Hair": 0.0020852626767009497, "Blond_Hair": 0.004297296050935984, "Blurry": 0.06084304675459862, "Brown_Hair": 0.0007002854836173356, "Bushy_Eyebrows": 0.00039639094029553235, "Chubby": 0.682707667350769, "Double_Chin": 0.6623991131782532, "Eyeglasses": 0.9866663813591003, "Goatee": 0.0021246576216071844, "Gray_Hair": 0.9355019927024841, "Heavy_Makeup": 0.00014237631694413722, "High_Cheekbones": 0.009806186892092228, "Male": 0.9984620809555054, "Mouth_Slightly_Open": 0.04920988902449608, "Mustache": 0.009197477251291275, "Narrow_Eyes": 0.16077816486358643, "No_Beard": 0.9869863390922546, "Oval_Face": 0.07269837707281113, "Pale_Skin": 0.05291673541069031, "Pointy_Nose": 0.008215704932808876, "Receding_Hairline": 0.6029696464538574, "Rosy_Cheeks": 0.0001544913393445313, "Sideburns": 0.0026008030399680138, "Smiling": 0.005395912565290928, "Straight_Hair": 0.03864634782075882, "Wavy_Hair": 0.0013903817161917686, "Wearing_Earrings": 0.0008986698230728507, "Wearing_Hat": 0.0016964459791779518, "Wearing_Lipstick": 0.00026384310331195593, "Wearing_Necklace": 0.0008337862673215568, "Wearing_Necktie": 0.8559048771858215, "Young": 0.0034438790753483772, "df_race": "middle eastern", "df_race_prob": 44.8689341545105, "df_gender": "Man", "df_gender_prob": 99.98602867126465, "df_age": 46, "df_emotion": "neutral", "df_emotion_prob": 60.281745212182116}