{"name": "George_W_Bush_0325.jpg", "5_o_Clock_Shadow": 0.0061877416446805, "Arched_Eyebrows": 0.00028644167468883097, "Attractive": 0.005708423908799887, "Bags_Under_Eyes": 0.24861611425876617, "Bald": 0.005084345117211342, "Bangs": 0.0008499871473759413, "Big_Lips": 0.003128611948341131, "Big_Nose": 0.07611829042434692, "Black_Hair": 0.0014917246298864484, "Blond_Hair": 0.01730753853917122, "Blurry": 0.07981026917695999, "Brown_Hair": 0.005853189155459404, "Bushy_Eyebrows": 0.0005148010677658021, "Chubby": 0.03051479533314705, "Double_Chin": 0.026608355343341827, "Eyeglasses": 0.006340323947370052, "Goatee": 0.0008305232622660697, "Gray_Hair": 0.8005658984184265, "Heavy_Makeup": 0.00014044006820768118, "High_Cheekbones": 0.011416638270020485, "Male": 0.9981916546821594, "Mouth_Slightly_Open": 0.01521421317011118, "Mustache": 0.0012472817907109857, "Narrow_Eyes": 0.052754033356904984, "No_Beard": 0.9913915395736694, "Oval_Face": 0.06310510635375977, "Pale_Skin": 0.028044292703270912, "Pointy_Nose": 0.020347844809293747, "Receding_Hairline": 0.22701139748096466, "Rosy_Cheeks": 0.00010816316353157163, "Sideburns": 0.002317058853805065, "Smiling": 0.002703174250200391, "Straight_Hair": 0.3695865869522095, "Wavy_Hair": 0.011211162433028221, "Wearing_Earrings": 0.0003958730667363852, "Wearing_Hat": 0.0004928783746436238, "Wearing_Lipstick": 8.597588748671114e-05, "Wearing_Necklace": 0.00027165375649929047, "Wearing_Necktie": 0.7394008636474609, "Young": 0.013075594790279865, "df_race": "latino hispanic", "df_race_prob": 44.64879333972931, "df_gender": "Man", "df_gender_prob": 99.99746084213257, "df_age": 46, "df_emotion": "sad", "df_emotion_prob": 95.70477604866028}