{"name": "George_W_Bush_0367.jpg", "5_o_Clock_Shadow": 0.005763770546764135, "Arched_Eyebrows": 0.0002471866609994322, "Attractive": 0.010707639157772064, "Bags_Under_Eyes": 0.12897981703281403, "Bald": 0.002839447231963277, "Bangs": 0.0013669624458998442, "Big_Lips": 0.0018321613315492868, "Big_Nose": 0.04558972269296646, "Black_Hair": 0.0016386337811127305, "Blond_Hair": 0.01691250316798687, "Blurry": 0.03654593974351883, "Brown_Hair": 0.009215006604790688, "Bushy_Eyebrows": 0.0016430518589913845, "Chubby": 0.02616707980632782, "Double_Chin": 0.011583312414586544, "Eyeglasses": 0.004686624743044376, "Goatee": 0.0005955069791525602, "Gray_Hair": 0.6341079473495483, "Heavy_Makeup": 0.0005133094964548945, "High_Cheekbones": 0.024823570623993874, "Male": 0.997171938419342, "Mouth_Slightly_Open": 0.04795115813612938, "Mustache": 0.000824853777885437, "Narrow_Eyes": 0.453204870223999, "No_Beard": 0.9925212264060974, "Oval_Face": 0.1515156477689743, "Pale_Skin": 0.0475604422390461, "Pointy_Nose": 0.013736349530518055, "Receding_Hairline": 0.041185084730386734, "Rosy_Cheeks": 0.00020510191097855568, "Sideburns": 0.001818377524614334, "Smiling": 0.0030971344094723463, "Straight_Hair": 0.41086965799331665, "Wavy_Hair": 0.01276326086372137, "Wearing_Earrings": 0.0005233495030552149, "Wearing_Hat": 0.0003664136165753007, "Wearing_Lipstick": 0.00017047536675818264, "Wearing_Necklace": 0.00029446653206832707, "Wearing_Necktie": 0.4971327483654022, "Young": 0.024919750168919563, "df_race": "white", "df_race_prob": 40.21238088607788, "df_gender": "Man", "df_gender_prob": 99.99874830245972, "df_age": 43, "df_emotion": "angry", "df_emotion_prob": 96.69893324952125}