{"name": "George_W_Bush_0086.jpg", "5_o_Clock_Shadow": 0.004083131905645132, "Arched_Eyebrows": 0.0005212562973611057, "Attractive": 0.010676282458007336, "Bags_Under_Eyes": 0.0626697763800621, "Bald": 0.0032032611779868603, "Bangs": 0.0004733836685772985, "Big_Lips": 0.0016873569693416357, "Big_Nose": 0.04695795103907585, "Black_Hair": 0.002296089194715023, "Blond_Hair": 0.00872286781668663, "Blurry": 0.04177546501159668, "Brown_Hair": 0.0063269492238759995, "Bushy_Eyebrows": 0.0024978432338684797, "Chubby": 0.020213816314935684, "Double_Chin": 0.017724165692925453, "Eyeglasses": 0.00600021006539464, "Goatee": 0.000445871235569939, "Gray_Hair": 0.6934327483177185, "Heavy_Makeup": 0.00038197787944227457, "High_Cheekbones": 0.014535353519022465, "Male": 0.998336136341095, "Mouth_Slightly_Open": 0.20042452216148376, "Mustache": 0.0004826826916541904, "Narrow_Eyes": 0.04184300824999809, "No_Beard": 0.995736837387085, "Oval_Face": 0.17525112628936768, "Pale_Skin": 0.021398944780230522, "Pointy_Nose": 0.014636528678238392, "Receding_Hairline": 0.13426734507083893, "Rosy_Cheeks": 0.00030971894739195704, "Sideburns": 0.0010516338516026735, "Smiling": 0.002888939343392849, "Straight_Hair": 0.42121458053588867, "Wavy_Hair": 0.005402757320553064, "Wearing_Earrings": 0.00037017089198343456, "Wearing_Hat": 0.0006555189029313624, "Wearing_Lipstick": 0.00019645238353405148, "Wearing_Necklace": 0.0002255696163047105, "Wearing_Necktie": 0.5110359191894531, "Young": 0.02244860678911209, "df_race": "white", "df_race_prob": 37.2643917798996, "df_gender": "Man", "df_gender_prob": 99.99949932098389, "df_age": 27, "df_emotion": "neutral", "df_emotion_prob": 43.56339497129857}