{"name": "George_W_Bush_0009.jpg", "5_o_Clock_Shadow": 0.0077583324164152145, "Arched_Eyebrows": 0.00011037738295271993, "Attractive": 0.00598826352506876, "Bags_Under_Eyes": 0.2485787719488144, "Bald": 0.0057335807941854, "Bangs": 0.0009114406420849264, "Big_Lips": 0.002547001466155052, "Big_Nose": 0.07324580103158951, "Black_Hair": 0.0018581923795863986, "Blond_Hair": 0.02565613016486168, "Blurry": 0.10224893689155579, "Brown_Hair": 0.005077523645013571, "Bushy_Eyebrows": 0.0013222653651610017, "Chubby": 0.06929323822259903, "Double_Chin": 0.044201821088790894, "Eyeglasses": 0.029845930635929108, "Goatee": 0.0005159648135304451, "Gray_Hair": 0.8919197916984558, "Heavy_Makeup": 0.000187007273780182, "High_Cheekbones": 0.026761053130030632, "Male": 0.9981980919837952, "Mouth_Slightly_Open": 0.04044276103377342, "Mustache": 0.0008752504363656044, "Narrow_Eyes": 0.5254570841789246, "No_Beard": 0.9928750991821289, "Oval_Face": 0.14760060608386993, "Pale_Skin": 0.0580056756734848, "Pointy_Nose": 0.02000204101204872, "Receding_Hairline": 0.12215561419725418, "Rosy_Cheeks": 0.00014066255243960768, "Sideburns": 0.0016671695047989488, "Smiling": 0.015771707519888878, "Straight_Hair": 0.2553403973579407, "Wavy_Hair": 0.015762049704790115, "Wearing_Earrings": 0.0005180555745027959, "Wearing_Hat": 0.0005525574088096619, "Wearing_Lipstick": 7.545363769168034e-05, "Wearing_Necklace": 0.0003721878747455776, "Wearing_Necktie": 0.5180361866950989, "Young": 0.01417818944901228, "df_race": "white", "df_race_prob": 93.46946477890015, "df_gender": "Man", "df_gender_prob": 99.99995231628418, "df_age": 49, "df_emotion": "sad", "df_emotion_prob": 68.55943015572012}