{"name": "George_W_Bush_0166.jpg", "5_o_Clock_Shadow": 0.009597329422831535, "Arched_Eyebrows": 8.623988105682656e-05, "Attractive": 0.010348590090870857, "Bags_Under_Eyes": 0.19314347207546234, "Bald": 0.0034065505024045706, "Bangs": 0.0007190850446932018, "Big_Lips": 0.006738925352692604, "Big_Nose": 0.1025083065032959, "Black_Hair": 0.0005505153094418347, "Blond_Hair": 0.027065979316830635, "Blurry": 0.09673413634300232, "Brown_Hair": 0.007654210552573204, "Bushy_Eyebrows": 0.0012262283125892282, "Chubby": 0.014873958192765713, "Double_Chin": 0.008367655798792839, "Eyeglasses": 0.0067371162585914135, "Goatee": 0.0006217752234078944, "Gray_Hair": 0.7267463207244873, "Heavy_Makeup": 0.0002102488069795072, "High_Cheekbones": 0.007349676452577114, "Male": 0.9966132044792175, "Mouth_Slightly_Open": 0.0190663393586874, "Mustache": 0.000635158852674067, "Narrow_Eyes": 0.3061251640319824, "No_Beard": 0.9950143694877625, "Oval_Face": 0.05429695174098015, "Pale_Skin": 0.04374230280518532, "Pointy_Nose": 0.038873180747032166, "Receding_Hairline": 0.10911036282777786, "Rosy_Cheeks": 9.047006460605189e-05, "Sideburns": 0.0011845106491819024, "Smiling": 0.0011622366728261113, "Straight_Hair": 0.17942893505096436, "Wavy_Hair": 0.015187130309641361, "Wearing_Earrings": 0.0005119372508488595, "Wearing_Hat": 0.0005896728252992034, "Wearing_Lipstick": 0.00025928602553904057, "Wearing_Necklace": 0.001102849142625928, "Wearing_Necktie": 0.00809574406594038, "Young": 0.03246582671999931, "df_race": "white", "df_race_prob": 66.41157865524292, "df_gender": "Man", "df_gender_prob": 99.99831914901733, "df_age": 33, "df_emotion": "fear", "df_emotion_prob": 36.6182907364715}