{"name": "George_W_Bush_0183.jpg", "5_o_Clock_Shadow": 0.008159574121236801, "Arched_Eyebrows": 0.0003317479568067938, "Attractive": 0.010064955800771713, "Bags_Under_Eyes": 0.07688008248806, "Bald": 0.01053856872022152, "Bangs": 0.00024948405916802585, "Big_Lips": 0.0025558904744684696, "Big_Nose": 0.044740941375494, "Black_Hair": 0.00158827961422503, "Blond_Hair": 0.011772332713007927, "Blurry": 0.1277056187391281, "Brown_Hair": 0.004367295186966658, "Bushy_Eyebrows": 0.002218186389654875, "Chubby": 0.0439877025783062, "Double_Chin": 0.017572147771716118, "Eyeglasses": 0.007092978339642286, "Goatee": 0.0010890880366787314, "Gray_Hair": 0.5103908777236938, "Heavy_Makeup": 0.0003835118259303272, "High_Cheekbones": 0.017798928543925285, "Male": 0.9911585450172424, "Mouth_Slightly_Open": 0.04769190028309822, "Mustache": 0.0004436091985553503, "Narrow_Eyes": 0.7139512300491333, "No_Beard": 0.9905921816825867, "Oval_Face": 0.22110828757286072, "Pale_Skin": 0.11392271518707275, "Pointy_Nose": 0.019657999277114868, "Receding_Hairline": 0.3142184615135193, "Rosy_Cheeks": 0.00010744081373559311, "Sideburns": 0.0017318528844043612, "Smiling": 0.012379271909594536, "Straight_Hair": 0.19413542747497559, "Wavy_Hair": 0.0059428466483950615, "Wearing_Earrings": 0.001483940752223134, "Wearing_Hat": 0.0007307905470952392, "Wearing_Lipstick": 0.00028734488296322525, "Wearing_Necklace": 0.0007340211304835975, "Wearing_Necktie": 0.013382053934037685, "Young": 0.033901311457157135, "df_race": "white", "df_race_prob": 83.45906635874906, "df_gender": "Man", "df_gender_prob": 55.4906964302063, "df_age": 28, "df_emotion": "fear", "df_emotion_prob": 51.31146311759949}