{"name": "George_W_Bush_0091.jpg", "5_o_Clock_Shadow": 0.012196567840874195, "Arched_Eyebrows": 0.00027857915847562253, "Attractive": 0.023443229496479034, "Bags_Under_Eyes": 0.08937157690525055, "Bald": 0.002942332997918129, "Bangs": 0.000754588283598423, "Big_Lips": 0.0020546300802379847, "Big_Nose": 0.07585766166448593, "Black_Hair": 0.0011556068202480674, "Blond_Hair": 0.021465376019477844, "Blurry": 0.09207084774971008, "Brown_Hair": 0.008142657577991486, "Bushy_Eyebrows": 0.0009679487557150424, "Chubby": 0.022016406059265137, "Double_Chin": 0.016140388324856758, "Eyeglasses": 0.006053048186004162, "Goatee": 0.00048597712884657085, "Gray_Hair": 0.6040194630622864, "Heavy_Makeup": 0.0002016097423620522, "High_Cheekbones": 0.02242015302181244, "Male": 0.9992454051971436, "Mouth_Slightly_Open": 0.0063104527071118355, "Mustache": 0.0007038463372737169, "Narrow_Eyes": 0.1031760573387146, "No_Beard": 0.9892936944961548, "Oval_Face": 0.18453170359134674, "Pale_Skin": 0.07384859025478363, "Pointy_Nose": 0.061986614018678665, "Receding_Hairline": 0.11481894552707672, "Rosy_Cheeks": 0.00022308577899821103, "Sideburns": 0.0010183271951973438, "Smiling": 0.009711801074445248, "Straight_Hair": 0.1305694580078125, "Wavy_Hair": 0.02256654016673565, "Wearing_Earrings": 0.0003168565162923187, "Wearing_Hat": 0.0004757949209306389, "Wearing_Lipstick": 0.0001246782048838213, "Wearing_Necklace": 0.0002656698925420642, "Wearing_Necktie": 0.5686710476875305, "Young": 0.02701449580490589, "df_race": "white", "df_race_prob": 74.4821548461914, "df_gender": "Man", "df_gender_prob": 94.95957493782043, "df_age": 23, "df_emotion": "neutral", "df_emotion_prob": 81.32491707801819}