{"name": "George_Galloway_0002.jpg", "5_o_Clock_Shadow": 0.005397709086537361, "Arched_Eyebrows": 0.000582691456656903, "Attractive": 0.005036407150328159, "Bags_Under_Eyes": 0.2507789134979248, "Bald": 0.23285771906375885, "Bangs": 0.0006604426889680326, "Big_Lips": 0.0009665194083936512, "Big_Nose": 0.2473376840353012, "Black_Hair": 0.0014888870064169168, "Blond_Hair": 0.008791412226855755, "Blurry": 0.07953045517206192, "Brown_Hair": 0.0014359040651470423, "Bushy_Eyebrows": 0.0003324273566249758, "Chubby": 0.19436036050319672, "Double_Chin": 0.03039880096912384, "Eyeglasses": 0.010602004826068878, "Goatee": 0.004842610098421574, "Gray_Hair": 0.5890786051750183, "Heavy_Makeup": 0.0001375903229927644, "High_Cheekbones": 0.03182028606534004, "Male": 0.9974237680435181, "Mouth_Slightly_Open": 0.0953640416264534, "Mustache": 0.17071424424648285, "Narrow_Eyes": 0.31062784790992737, "No_Beard": 0.5417894124984741, "Oval_Face": 0.29262271523475647, "Pale_Skin": 0.022230086848139763, "Pointy_Nose": 0.03183802217245102, "Receding_Hairline": 0.6002439856529236, "Rosy_Cheeks": 0.0002526492753531784, "Sideburns": 0.00419430760666728, "Smiling": 0.004111465532332659, "Straight_Hair": 0.01571664959192276, "Wavy_Hair": 0.005285719409584999, "Wearing_Earrings": 0.0006210319115780294, "Wearing_Hat": 0.00041189792682416737, "Wearing_Lipstick": 0.00015055046242196113, "Wearing_Necklace": 0.0007472695433534682, "Wearing_Necktie": 0.007557774428278208, "Young": 0.053999144583940506, "df_race": "asian", "df_race_prob": 73.25296998023987, "df_gender": "Man", "df_gender_prob": 99.96660947799683, "df_age": 30, "df_emotion": "angry", "df_emotion_prob": 44.471035066719644}