{"name": "George_W_Bush_0194.jpg", "5_o_Clock_Shadow": 0.004777949303388596, "Arched_Eyebrows": 0.00047538141370750964, "Attractive": 0.008760017342865467, "Bags_Under_Eyes": 0.12715306878089905, "Bald": 0.002146770479157567, "Bangs": 0.0013847958762198687, "Big_Lips": 0.0020792661234736443, "Big_Nose": 0.01977207325398922, "Black_Hair": 0.0012639655033126473, "Blond_Hair": 0.04899940639734268, "Blurry": 0.10848089307546616, "Brown_Hair": 0.010777431540191174, "Bushy_Eyebrows": 0.0007817585137672722, "Chubby": 0.01397587638348341, "Double_Chin": 0.017669541761279106, "Eyeglasses": 0.0041633490473032, "Goatee": 0.0008045277209021151, "Gray_Hair": 0.7876163721084595, "Heavy_Makeup": 0.0005392318707890809, "High_Cheekbones": 0.018167896196246147, "Male": 0.9980733394622803, "Mouth_Slightly_Open": 0.5575124025344849, "Mustache": 0.0010302587179467082, "Narrow_Eyes": 0.07654371112585068, "No_Beard": 0.9944808483123779, "Oval_Face": 0.12029296904802322, "Pale_Skin": 0.020718131214380264, "Pointy_Nose": 0.043056461960077286, "Receding_Hairline": 0.027297422289848328, "Rosy_Cheeks": 0.0001279104471905157, "Sideburns": 0.001713043311610818, "Smiling": 0.004566679708659649, "Straight_Hair": 0.5585780143737793, "Wavy_Hair": 0.013844624161720276, "Wearing_Earrings": 0.00048677061568014324, "Wearing_Hat": 0.00023687747307121754, "Wearing_Lipstick": 0.00024550355738028884, "Wearing_Necklace": 0.00035852548899129033, "Wearing_Necktie": 0.6347615122795105, "Young": 0.02314765192568302, "df_race": "latino hispanic", "df_race_prob": 39.09521996974945, "df_gender": "Man", "df_gender_prob": 99.99961853027344, "df_age": 45, "df_emotion": "fear", "df_emotion_prob": 41.442325711250305}