{"name": "George_W_Bush_0309.jpg", "5_o_Clock_Shadow": 0.0038818572647869587, "Arched_Eyebrows": 0.0002702649508137256, "Attractive": 0.004743443801999092, "Bags_Under_Eyes": 0.2855587303638458, "Bald": 0.016519559547305107, "Bangs": 0.0002338266058359295, "Big_Lips": 0.0024070858489722013, "Big_Nose": 0.18748578429222107, "Black_Hair": 0.001954117091372609, "Blond_Hair": 0.00736581115052104, "Blurry": 0.041444577276706696, "Brown_Hair": 0.003967518452554941, "Bushy_Eyebrows": 0.0027502235025167465, "Chubby": 0.10524370521306992, "Double_Chin": 0.1269659698009491, "Eyeglasses": 0.014016932807862759, "Goatee": 0.0007040515774860978, "Gray_Hair": 0.9190916419029236, "Heavy_Makeup": 0.0002126004983438179, "High_Cheekbones": 0.015604428015649319, "Male": 0.9988937973976135, "Mouth_Slightly_Open": 0.03023722395300865, "Mustache": 0.0006577789899893105, "Narrow_Eyes": 0.28061559796333313, "No_Beard": 0.9951086640357971, "Oval_Face": 0.09355827420949936, "Pale_Skin": 0.028861161321401596, "Pointy_Nose": 0.018511895090341568, "Receding_Hairline": 0.4574427008628845, "Rosy_Cheeks": 0.00029948752489872277, "Sideburns": 0.0021192661952227354, "Smiling": 0.009290752001106739, "Straight_Hair": 0.256716787815094, "Wavy_Hair": 0.006256496533751488, "Wearing_Earrings": 0.0003474406839814037, "Wearing_Hat": 0.0012005565222352743, "Wearing_Lipstick": 0.00011765199451474473, "Wearing_Necklace": 0.00037038783193565905, "Wearing_Necktie": 0.8384131789207458, "Young": 0.006183983758091927, "df_race": "white", "df_race_prob": 84.25195813179016, "df_gender": "Man", "df_gender_prob": 99.94233846664429, "df_age": 41, "df_emotion": "sad", "df_emotion_prob": 48.938751347213824}