{"name": "George_W_Bush_0058.jpg", "5_o_Clock_Shadow": 0.008244803175330162, "Arched_Eyebrows": 0.00037474825512617826, "Attractive": 0.016755353659391403, "Bags_Under_Eyes": 0.15563802421092987, "Bald": 0.004560605622828007, "Bangs": 0.000772126775700599, "Big_Lips": 0.00804072991013527, "Big_Nose": 0.2602376639842987, "Black_Hair": 0.0005427671712823212, "Blond_Hair": 0.12918469309806824, "Blurry": 0.29110947251319885, "Brown_Hair": 0.002904437482357025, "Bushy_Eyebrows": 0.00013705124729312956, "Chubby": 0.04751424863934517, "Double_Chin": 0.024652864784002304, "Eyeglasses": 0.002579034073278308, "Goatee": 0.0003042675962205976, "Gray_Hair": 0.6844200491905212, "Heavy_Makeup": 0.00017628194473218173, "High_Cheekbones": 0.0766710489988327, "Male": 0.9945634007453918, "Mouth_Slightly_Open": 0.1138995885848999, "Mustache": 0.0006807985482737422, "Narrow_Eyes": 0.10101886093616486, "No_Beard": 0.9861306548118591, "Oval_Face": 0.11503161489963531, "Pale_Skin": 0.17960137128829956, "Pointy_Nose": 0.02649959921836853, "Receding_Hairline": 0.20767372846603394, "Rosy_Cheeks": 8.871436875779182e-05, "Sideburns": 0.0007645782898180187, "Smiling": 0.20665454864501953, "Straight_Hair": 0.23671671748161316, "Wavy_Hair": 0.020667731761932373, "Wearing_Earrings": 0.0005832072929479182, "Wearing_Hat": 0.0001230909110745415, "Wearing_Lipstick": 0.00017833709716796875, "Wearing_Necklace": 0.0004565134586300701, "Wearing_Necktie": 0.07287947088479996, "Young": 0.03668782860040665, "df_race": "white", "df_race_prob": 44.844850897789, "df_gender": "Man", "df_gender_prob": 99.97498393058777, "df_age": 26, "df_emotion": "happy", "df_emotion_prob": 96.1957032913808}