{"name": "George_W_Bush_0182.jpg", "5_o_Clock_Shadow": 0.010435238480567932, "Arched_Eyebrows": 0.0008742594509385526, "Attractive": 0.005021816585212946, "Bags_Under_Eyes": 0.37534406781196594, "Bald": 0.0034151249565184116, "Bangs": 0.0017908895388245583, "Big_Lips": 0.0035910659935325384, "Big_Nose": 0.06321451812982559, "Black_Hair": 0.0012122015468776226, "Blond_Hair": 0.012762312777340412, "Blurry": 0.10555516183376312, "Brown_Hair": 0.002721378579735756, "Bushy_Eyebrows": 0.00023227299971040338, "Chubby": 0.023025967180728912, "Double_Chin": 0.015943389385938644, "Eyeglasses": 0.00547071686014533, "Goatee": 0.000720895011909306, "Gray_Hair": 0.8549903631210327, "Heavy_Makeup": 8.644505578558892e-05, "High_Cheekbones": 0.0332757793366909, "Male": 0.99588543176651, "Mouth_Slightly_Open": 0.0014113816432654858, "Mustache": 0.0020517557859420776, "Narrow_Eyes": 0.048315029591321945, "No_Beard": 0.9850741624832153, "Oval_Face": 0.05554572120308876, "Pale_Skin": 0.07110624760389328, "Pointy_Nose": 0.02064904011785984, "Receding_Hairline": 0.08215080201625824, "Rosy_Cheeks": 8.61562803038396e-05, "Sideburns": 0.0030479449778795242, "Smiling": 0.0018381786067038774, "Straight_Hair": 0.3200460374355316, "Wavy_Hair": 0.012556786648929119, "Wearing_Earrings": 0.0007636044174432755, "Wearing_Hat": 0.0003792692441493273, "Wearing_Lipstick": 9.405661694472656e-05, "Wearing_Necklace": 0.0005258118035271764, "Wearing_Necktie": 0.5672589540481567, "Young": 0.011825105175375938, "df_race": "white", "df_race_prob": 63.1112277507782, "df_gender": "Man", "df_gender_prob": 78.04474234580994, "df_age": 26, "df_emotion": "happy", "df_emotion_prob": 62.01644539833069}