{"name": "George_Lucas_0001.jpg", "5_o_Clock_Shadow": 0.03171929717063904, "Arched_Eyebrows": 0.0014755354495719075, "Attractive": 0.01916099525988102, "Bags_Under_Eyes": 0.335146963596344, "Bald": 0.0016097471816465259, "Bangs": 0.008106786757707596, "Big_Lips": 0.00876486673951149, "Big_Nose": 0.15838322043418884, "Black_Hair": 0.0019173368345946074, "Blond_Hair": 0.004484099801629782, "Blurry": 0.1025901809334755, "Brown_Hair": 0.009166044183075428, "Bushy_Eyebrows": 0.03241604566574097, "Chubby": 0.266590416431427, "Double_Chin": 0.04596720263361931, "Eyeglasses": 0.001900061615742743, "Goatee": 0.06243833154439926, "Gray_Hair": 0.8165890574455261, "Heavy_Makeup": 0.0006162613863125443, "High_Cheekbones": 0.3721904158592224, "Male": 0.9986975193023682, "Mouth_Slightly_Open": 0.037452589720487595, "Mustache": 0.19133472442626953, "Narrow_Eyes": 0.45970961451530457, "No_Beard": 0.057549167424440384, "Oval_Face": 0.4698629081249237, "Pale_Skin": 0.020441602915525436, "Pointy_Nose": 0.06480275839567184, "Receding_Hairline": 0.0006795361405238509, "Rosy_Cheeks": 0.0007907652179710567, "Sideburns": 0.5420151352882385, "Smiling": 0.6701350808143616, "Straight_Hair": 0.08479953557252884, "Wavy_Hair": 0.24086441099643707, "Wearing_Earrings": 0.0012014551321044564, "Wearing_Hat": 0.0009322042460553348, "Wearing_Lipstick": 0.00012549717212095857, "Wearing_Necklace": 0.0006326953880488873, "Wearing_Necktie": 0.0700397789478302, "Young": 0.012653673067688942, "df_race": "white", "df_race_prob": 100.0, "df_gender": "Man", "df_gender_prob": 99.20737743377686, "df_age": 43, "df_emotion": "happy", "df_emotion_prob": 93.20300817489624}