{"name": "George_W_Bush_0249.jpg", "5_o_Clock_Shadow": 0.011277158744633198, "Arched_Eyebrows": 0.00021595251746475697, "Attractive": 0.007773099932819605, "Bags_Under_Eyes": 0.4509032666683197, "Bald": 0.007423202972859144, "Bangs": 0.0006574772414751351, "Big_Lips": 0.004346564877778292, "Big_Nose": 0.08545687049627304, "Black_Hair": 0.001557869021780789, "Blond_Hair": 0.013675571419298649, "Blurry": 0.08851133286952972, "Brown_Hair": 0.004995266441255808, "Bushy_Eyebrows": 0.001791932387277484, "Chubby": 0.030815085396170616, "Double_Chin": 0.04054712876677513, "Eyeglasses": 0.006368182133883238, "Goatee": 0.00037089979741722345, "Gray_Hair": 0.8835548758506775, "Heavy_Makeup": 0.0001343823387287557, "High_Cheekbones": 0.12534378468990326, "Male": 0.9987442493438721, "Mouth_Slightly_Open": 0.5200977921485901, "Mustache": 0.0007486836984753609, "Narrow_Eyes": 0.37645629048347473, "No_Beard": 0.9939234852790833, "Oval_Face": 0.17377100884914398, "Pale_Skin": 0.035446327179670334, "Pointy_Nose": 0.02104240655899048, "Receding_Hairline": 0.10155031085014343, "Rosy_Cheeks": 0.00011625852494034916, "Sideburns": 0.0018511739326640964, "Smiling": 0.09344785660505295, "Straight_Hair": 0.4829246997833252, "Wavy_Hair": 0.008721865713596344, "Wearing_Earrings": 0.0003241050580982119, "Wearing_Hat": 0.0004335360135883093, "Wearing_Lipstick": 6.79312288411893e-05, "Wearing_Necklace": 0.00030205538496375084, "Wearing_Necktie": 0.7355913519859314, "Young": 0.013195505365729332, "df_race": "latino hispanic", "df_race_prob": 32.64427185058594, "df_gender": "Man", "df_gender_prob": 99.99948740005493, "df_age": 42, "df_emotion": "sad", "df_emotion_prob": 66.8791810798157}