{"name": "George_W_Bush_0015.jpg", "5_o_Clock_Shadow": 0.0061113908886909485, "Arched_Eyebrows": 0.00024296282208524644, "Attractive": 0.008816994726657867, "Bags_Under_Eyes": 0.1430182307958603, "Bald": 0.00413045147433877, "Bangs": 0.0007670146296732128, "Big_Lips": 0.002775570610538125, "Big_Nose": 0.058389946818351746, "Black_Hair": 0.0017502492992207408, "Blond_Hair": 0.02195134200155735, "Blurry": 0.04007389396429062, "Brown_Hair": 0.0040588113479316235, "Bushy_Eyebrows": 0.0010306962067261338, "Chubby": 0.022091789171099663, "Double_Chin": 0.024019110947847366, "Eyeglasses": 0.007781715132296085, "Goatee": 0.0005653473199345171, "Gray_Hair": 0.8819703459739685, "Heavy_Makeup": 0.0002676157164387405, "High_Cheekbones": 0.016108518466353416, "Male": 0.998938262462616, "Mouth_Slightly_Open": 0.5595991015434265, "Mustache": 0.000812094600405544, "Narrow_Eyes": 0.1250034123659134, "No_Beard": 0.9941784143447876, "Oval_Face": 0.11924194544553757, "Pale_Skin": 0.054404985159635544, "Pointy_Nose": 0.028540173545479774, "Receding_Hairline": 0.11051809042692184, "Rosy_Cheeks": 0.00017443035903852433, "Sideburns": 0.0016571743180975318, "Smiling": 0.003361435839906335, "Straight_Hair": 0.5484530329704285, "Wavy_Hair": 0.007404885720461607, "Wearing_Earrings": 0.0004824864736292511, "Wearing_Hat": 0.0002902112028095871, "Wearing_Lipstick": 0.00015616734162904322, "Wearing_Necklace": 0.00030687908292748034, "Wearing_Necktie": 0.5169410109519958, "Young": 0.01318636815994978, "df_race": "latino hispanic", "df_race_prob": 41.45207703113556, "df_gender": "Man", "df_gender_prob": 99.99945163726807, "df_age": 32, "df_emotion": "angry", "df_emotion_prob": 55.2672677913585}