{"name": "George_W_Bush_0457.jpg", "5_o_Clock_Shadow": 0.0075060296803712845, "Arched_Eyebrows": 0.0004948213463649154, "Attractive": 0.00895810779184103, "Bags_Under_Eyes": 0.27589836716651917, "Bald": 0.003807269036769867, "Bangs": 0.0007510272553190589, "Big_Lips": 0.0012808771571144462, "Big_Nose": 0.048312850296497345, "Black_Hair": 0.0015893317759037018, "Blond_Hair": 0.008624455891549587, "Blurry": 0.11703481525182724, "Brown_Hair": 0.011817696504294872, "Bushy_Eyebrows": 0.0022916998714208603, "Chubby": 0.030656632035970688, "Double_Chin": 0.018975764513015747, "Eyeglasses": 0.0021554601844400167, "Goatee": 0.0005694868159480393, "Gray_Hair": 0.7338549494743347, "Heavy_Makeup": 0.00024157020379789174, "High_Cheekbones": 0.025410855188965797, "Male": 0.9983137845993042, "Mouth_Slightly_Open": 0.008648763410747051, "Mustache": 0.0007761007291264832, "Narrow_Eyes": 0.1843375712633133, "No_Beard": 0.9925838708877563, "Oval_Face": 0.15012460947036743, "Pale_Skin": 0.042864684015512466, "Pointy_Nose": 0.031099244952201843, "Receding_Hairline": 0.10549088567495346, "Rosy_Cheeks": 0.0001261296565644443, "Sideburns": 0.0012231837026774883, "Smiling": 0.005480415187776089, "Straight_Hair": 0.288556843996048, "Wavy_Hair": 0.017783230170607567, "Wearing_Earrings": 0.0005616224952973425, "Wearing_Hat": 0.0005740618798881769, "Wearing_Lipstick": 0.00010857671441044658, "Wearing_Necklace": 0.0003143090580124408, "Wearing_Necktie": 0.19834759831428528, "Young": 0.013540847226977348, "df_race": "white", "df_race_prob": 51.97257995605469, "df_gender": "Man", "df_gender_prob": 99.99833106994629, "df_age": 30, "df_emotion": "sad", "df_emotion_prob": 50.61735510826111}