{"name": "George_W_Bush_0343.jpg", "5_o_Clock_Shadow": 0.006599506363272667, "Arched_Eyebrows": 0.0007096450426615775, "Attractive": 0.01109264139086008, "Bags_Under_Eyes": 0.025882480666041374, "Bald": 0.0027189739048480988, "Bangs": 0.0005109490593895316, "Big_Lips": 0.011727848090231419, "Big_Nose": 0.007002197206020355, "Black_Hair": 0.0024004585575312376, "Blond_Hair": 0.04817922040820122, "Blurry": 0.06903878599405289, "Brown_Hair": 0.004059376195073128, "Bushy_Eyebrows": 0.000753220752812922, "Chubby": 0.007297431584447622, "Double_Chin": 0.01123730093240738, "Eyeglasses": 0.0037861065939068794, "Goatee": 0.0008849346195347607, "Gray_Hair": 0.6896655559539795, "Heavy_Makeup": 0.0012613601284101605, "High_Cheekbones": 0.026604631915688515, "Male": 0.9983710646629333, "Mouth_Slightly_Open": 0.9797481894493103, "Mustache": 0.0011825035326182842, "Narrow_Eyes": 0.020604101940989494, "No_Beard": 0.9905581474304199, "Oval_Face": 0.1945178359746933, "Pale_Skin": 0.03926445171236992, "Pointy_Nose": 0.08034119009971619, "Receding_Hairline": 0.06793177127838135, "Rosy_Cheeks": 0.00018223657389171422, "Sideburns": 0.0013483280781656504, "Smiling": 0.003667799523100257, "Straight_Hair": 0.39119935035705566, "Wavy_Hair": 0.010277507826685905, "Wearing_Earrings": 0.0008662042091600597, "Wearing_Hat": 0.0004645426233764738, "Wearing_Lipstick": 0.0009768677409738302, "Wearing_Necklace": 0.00040152797009795904, "Wearing_Necktie": 0.4488772749900818, "Young": 0.061011649668216705, "df_race": "white", "df_race_prob": 94.87310021359326, "df_gender": "Man", "df_gender_prob": 99.97816681861877, "df_age": 27, "df_emotion": "surprise", "df_emotion_prob": 99.54628348350525}