{"name": "George_W_Bush_0352.jpg", "5_o_Clock_Shadow": 0.005492701195180416, "Arched_Eyebrows": 0.0005509284092113376, "Attractive": 0.007058188319206238, "Bags_Under_Eyes": 0.175177201628685, "Bald": 0.003428194671869278, "Bangs": 0.0005295476294122636, "Big_Lips": 0.003783039515838027, "Big_Nose": 0.040205951780080795, "Black_Hair": 0.0018165098736062646, "Blond_Hair": 0.013978254981338978, "Blurry": 0.05552639067173004, "Brown_Hair": 0.0063719367608428, "Bushy_Eyebrows": 0.0006749356398358941, "Chubby": 0.00804841984063387, "Double_Chin": 0.009569363668560982, "Eyeglasses": 0.004576902370899916, "Goatee": 0.0007825549691915512, "Gray_Hair": 0.7196283340454102, "Heavy_Makeup": 0.0003662949020508677, "High_Cheekbones": 0.03523346036672592, "Male": 0.9985224604606628, "Mouth_Slightly_Open": 0.5025872588157654, "Mustache": 0.0006103622145019472, "Narrow_Eyes": 0.08136790245771408, "No_Beard": 0.9937983155250549, "Oval_Face": 0.11056584119796753, "Pale_Skin": 0.022478679195046425, "Pointy_Nose": 0.021745912730693817, "Receding_Hairline": 0.0949513167142868, "Rosy_Cheeks": 9.197564941132441e-05, "Sideburns": 0.0023084755521267653, "Smiling": 0.002489990321919322, "Straight_Hair": 0.39975491166114807, "Wavy_Hair": 0.010134099051356316, "Wearing_Earrings": 0.0009244723478332162, "Wearing_Hat": 0.0003151212877128273, "Wearing_Lipstick": 0.0001428638497600332, "Wearing_Necklace": 0.00035893399035558105, "Wearing_Necktie": 0.4935518205165863, "Young": 0.024805432185530663, "df_race": "white", "df_race_prob": 48.37948977947235, "df_gender": "Man", "df_gender_prob": 99.97718930244446, "df_age": 33, "df_emotion": "angry", "df_emotion_prob": 84.9863937489029}