{"name": "George_W_Bush_0093.jpg", "5_o_Clock_Shadow": 0.004569348879158497, "Arched_Eyebrows": 0.0005874391063116491, "Attractive": 0.009043445810675621, "Bags_Under_Eyes": 0.06926221400499344, "Bald": 0.0049115074798464775, "Bangs": 0.0002832469472195953, "Big_Lips": 0.0017141542630270123, "Big_Nose": 0.022329995408654213, "Black_Hair": 0.0014304780634120107, "Blond_Hair": 0.01279455330222845, "Blurry": 0.06815128773450851, "Brown_Hair": 0.004723995458334684, "Bushy_Eyebrows": 0.0008909391472116113, "Chubby": 0.013442291878163815, "Double_Chin": 0.015874402597546577, "Eyeglasses": 0.0037430867087095976, "Goatee": 0.0005602919263765216, "Gray_Hair": 0.8509095907211304, "Heavy_Makeup": 0.0006040402804501355, "High_Cheekbones": 0.04080939292907715, "Male": 0.9983102083206177, "Mouth_Slightly_Open": 0.6730372309684753, "Mustache": 0.0007637178641743958, "Narrow_Eyes": 0.08479899168014526, "No_Beard": 0.9939182996749878, "Oval_Face": 0.1705227941274643, "Pale_Skin": 0.01990400068461895, "Pointy_Nose": 0.063572458922863, "Receding_Hairline": 0.35865452885627747, "Rosy_Cheeks": 0.0003081737959291786, "Sideburns": 0.0010671293130144477, "Smiling": 0.008581760339438915, "Straight_Hair": 0.28369367122650146, "Wavy_Hair": 0.009813384152948856, "Wearing_Earrings": 0.0006815051310695708, "Wearing_Hat": 0.00028903354541398585, "Wearing_Lipstick": 0.00032288036891259253, "Wearing_Necklace": 0.0003595501184463501, "Wearing_Necktie": 0.36458373069763184, "Young": 0.026271844282746315, "df_race": "latino hispanic", "df_race_prob": 31.236344575881958, "df_gender": "Man", "df_gender_prob": 99.97835755348206, "df_age": 32, "df_emotion": "surprise", "df_emotion_prob": 85.04490584938034}