{"name": "George_W_Bush_0078.jpg", "5_o_Clock_Shadow": 0.006005682051181793, "Arched_Eyebrows": 0.00047852486022748053, "Attractive": 0.012888354249298573, "Bags_Under_Eyes": 0.1817675679922104, "Bald": 0.003084074705839157, "Bangs": 0.00083564268425107, "Big_Lips": 0.00911692250519991, "Big_Nose": 0.06960441917181015, "Black_Hair": 0.0019662552513182163, "Blond_Hair": 0.014262305572628975, "Blurry": 0.05718598887324333, "Brown_Hair": 0.006108405999839306, "Bushy_Eyebrows": 0.0017529515316709876, "Chubby": 0.023766543716192245, "Double_Chin": 0.017225131392478943, "Eyeglasses": 0.004049952141940594, "Goatee": 0.0005522185820154846, "Gray_Hair": 0.7523270845413208, "Heavy_Makeup": 0.0004468070110306144, "High_Cheekbones": 0.014428086578845978, "Male": 0.9983886480331421, "Mouth_Slightly_Open": 0.2349805384874344, "Mustache": 0.000881620857398957, "Narrow_Eyes": 0.1805405467748642, "No_Beard": 0.9956596493721008, "Oval_Face": 0.1315838098526001, "Pale_Skin": 0.05784431844949722, "Pointy_Nose": 0.028679409995675087, "Receding_Hairline": 0.07343071699142456, "Rosy_Cheeks": 0.00015763560077175498, "Sideburns": 0.0015197383472695947, "Smiling": 0.002538035623729229, "Straight_Hair": 0.4210227131843567, "Wavy_Hair": 0.01337447576224804, "Wearing_Earrings": 0.0004038796469103545, "Wearing_Hat": 0.0004234453372191638, "Wearing_Lipstick": 0.00029555277433246374, "Wearing_Necklace": 0.00037948929821141064, "Wearing_Necktie": 0.3032342791557312, "Young": 0.026237037032842636, "df_race": "white", "df_race_prob": 98.06144833564758, "df_gender": "Man", "df_gender_prob": 99.99902248382568, "df_age": 38, "df_emotion": "sad", "df_emotion_prob": 45.79331526676599}