{"name": "George_W_Bush_0044.jpg", "5_o_Clock_Shadow": 0.02344537526369095, "Arched_Eyebrows": 0.00018652965081855655, "Attractive": 0.03358772024512291, "Bags_Under_Eyes": 0.42873820662498474, "Bald": 0.009071443229913712, "Bangs": 0.0008743364596739411, "Big_Lips": 0.003377953777089715, "Big_Nose": 0.06007963418960571, "Black_Hair": 0.0012713917531073093, "Blond_Hair": 0.03130364418029785, "Blurry": 0.031825751066207886, "Brown_Hair": 0.007198271341621876, "Bushy_Eyebrows": 0.0009501445456407964, "Chubby": 0.02175319939851761, "Double_Chin": 0.04338116943836212, "Eyeglasses": 0.0025717902462929487, "Goatee": 0.0006886057672090828, "Gray_Hair": 0.662143886089325, "Heavy_Makeup": 0.0002151220542145893, "High_Cheekbones": 0.22356076538562775, "Male": 0.9992687106132507, "Mouth_Slightly_Open": 0.003510592505335808, "Mustache": 0.00043827088666148484, "Narrow_Eyes": 0.30533167719841003, "No_Beard": 0.9938327074050903, "Oval_Face": 0.19314280152320862, "Pale_Skin": 0.021447209641337395, "Pointy_Nose": 0.1263241022825241, "Receding_Hairline": 0.09179893881082535, "Rosy_Cheeks": 0.0004460152704268694, "Sideburns": 0.0012417928082868457, "Smiling": 0.2842020094394684, "Straight_Hair": 0.4427565038204193, "Wavy_Hair": 0.007708252407610416, "Wearing_Earrings": 0.0003708241565618664, "Wearing_Hat": 0.00046614481834694743, "Wearing_Lipstick": 0.0001229801564477384, "Wearing_Necklace": 0.00027243548538535833, "Wearing_Necktie": 0.6067332625389099, "Young": 0.024741698056459427, "df_race": "white", "df_race_prob": 73.1386661529541, "df_gender": "Man", "df_gender_prob": 99.96732473373413, "df_age": 24, "df_emotion": "sad", "df_emotion_prob": 70.89429150751728}