{"name": "George_W_Bush_0462.jpg", "5_o_Clock_Shadow": 0.008628488518297672, "Arched_Eyebrows": 0.00024923370801843703, "Attractive": 0.006453896872699261, "Bags_Under_Eyes": 0.26830801367759705, "Bald": 0.003740280168130994, "Bangs": 0.00042945277527906, "Big_Lips": 0.0067802369594573975, "Big_Nose": 0.04990018904209137, "Black_Hair": 0.0020121424458920956, "Blond_Hair": 0.015694085508584976, "Blurry": 0.038797471672296524, "Brown_Hair": 0.00395151088014245, "Bushy_Eyebrows": 0.0015718028880655766, "Chubby": 0.019210871309041977, "Double_Chin": 0.021826956421136856, "Eyeglasses": 0.004911679774522781, "Goatee": 0.0006028325296938419, "Gray_Hair": 0.885475218296051, "Heavy_Makeup": 0.00028619138174690306, "High_Cheekbones": 0.02651369944214821, "Male": 0.9987161159515381, "Mouth_Slightly_Open": 0.6831306219100952, "Mustache": 0.0009793423814699054, "Narrow_Eyes": 0.23191732168197632, "No_Beard": 0.9934694766998291, "Oval_Face": 0.14560531079769135, "Pale_Skin": 0.11232685297727585, "Pointy_Nose": 0.02247595600783825, "Receding_Hairline": 0.13338810205459595, "Rosy_Cheeks": 0.00014002900570631027, "Sideburns": 0.0018976804567500949, "Smiling": 0.00281594623811543, "Straight_Hair": 0.6105058789253235, "Wavy_Hair": 0.010771231725811958, "Wearing_Earrings": 0.0008379630162380636, "Wearing_Hat": 0.00030137423891574144, "Wearing_Lipstick": 0.0002205970959039405, "Wearing_Necklace": 0.000436880043707788, "Wearing_Necktie": 0.6183138489723206, "Young": 0.025637803599238396, "df_race": "white", "df_race_prob": 46.99397087097168, "df_gender": "Man", "df_gender_prob": 99.99918937683105, "df_age": 23, "df_emotion": "angry", "df_emotion_prob": 38.86019422290394}