{"name": "George_W_Bush_0311.jpg", "5_o_Clock_Shadow": 0.006881437264382839, "Arched_Eyebrows": 0.000112197820271831, "Attractive": 0.003892762353643775, "Bags_Under_Eyes": 0.16334038972854614, "Bald": 0.0067118629813194275, "Bangs": 0.0004072359879501164, "Big_Lips": 0.003923265263438225, "Big_Nose": 0.05282028391957283, "Black_Hair": 0.0018610336119309068, "Blond_Hair": 0.0205254964530468, "Blurry": 0.06665154546499252, "Brown_Hair": 0.006257881410419941, "Bushy_Eyebrows": 0.0007912947330623865, "Chubby": 0.06771261990070343, "Double_Chin": 0.05193033441901207, "Eyeglasses": 0.01793809048831463, "Goatee": 0.0008337516919709742, "Gray_Hair": 0.769364058971405, "Heavy_Makeup": 0.0002497815585229546, "High_Cheekbones": 0.020165495574474335, "Male": 0.9983602166175842, "Mouth_Slightly_Open": 0.7883248329162598, "Mustache": 0.0008014620398171246, "Narrow_Eyes": 0.279577374458313, "No_Beard": 0.9920403361320496, "Oval_Face": 0.14771908521652222, "Pale_Skin": 0.08362458646297455, "Pointy_Nose": 0.012661576271057129, "Receding_Hairline": 0.2645208239555359, "Rosy_Cheeks": 0.00013577003846876323, "Sideburns": 0.002717691706493497, "Smiling": 0.0041807726956903934, "Straight_Hair": 0.32743069529533386, "Wavy_Hair": 0.008711433038115501, "Wearing_Earrings": 0.0005674035637639463, "Wearing_Hat": 0.0012015433749184012, "Wearing_Lipstick": 0.00013721796858590096, "Wearing_Necklace": 0.00040444641490466893, "Wearing_Necktie": 0.5559471249580383, "Young": 0.03695037215948105, "df_race": "white", "df_race_prob": 94.5635974407196, "df_gender": "Man", "df_gender_prob": 99.99984502792358, "df_age": 37, "df_emotion": "angry", "df_emotion_prob": 98.5267162322998}