{"name": "George_W_Bush_0216.jpg", "5_o_Clock_Shadow": 0.008428075350821018, "Arched_Eyebrows": 0.00014831188309472054, "Attractive": 0.011327570304274559, "Bags_Under_Eyes": 0.21758925914764404, "Bald": 0.0031779033597558737, "Bangs": 0.000790863239672035, "Big_Lips": 0.004738788120448589, "Big_Nose": 0.05491486191749573, "Black_Hair": 0.0026310656685382128, "Blond_Hair": 0.004385623149573803, "Blurry": 0.048144955188035965, "Brown_Hair": 0.004765392746776342, "Bushy_Eyebrows": 0.0019584025721997023, "Chubby": 0.024786002933979034, "Double_Chin": 0.02653634361922741, "Eyeglasses": 0.0034066021908074617, "Goatee": 0.0006207895930856466, "Gray_Hair": 0.8407984972000122, "Heavy_Makeup": 0.00021963691688142717, "High_Cheekbones": 0.010429100133478642, "Male": 0.9988073110580444, "Mouth_Slightly_Open": 0.012978208251297474, "Mustache": 0.000707101309671998, "Narrow_Eyes": 0.26089608669281006, "No_Beard": 0.9931725859642029, "Oval_Face": 0.08091975748538971, "Pale_Skin": 0.07595804333686829, "Pointy_Nose": 0.025150252506136894, "Receding_Hairline": 0.05187062546610832, "Rosy_Cheeks": 0.00011535642988746986, "Sideburns": 0.001671662786975503, "Smiling": 0.0029508459847420454, "Straight_Hair": 0.48354876041412354, "Wavy_Hair": 0.010335017926990986, "Wearing_Earrings": 0.0004785905475728214, "Wearing_Hat": 0.0007901768549345434, "Wearing_Lipstick": 0.00012823077850043774, "Wearing_Necklace": 0.00033138092840090394, "Wearing_Necktie": 0.3355541527271271, "Young": 0.012157926335930824, "df_race": "white", "df_race_prob": 68.31414699554443, "df_gender": "Man", "df_gender_prob": 99.99699592590332, "df_age": 44, "df_emotion": "angry", "df_emotion_prob": 54.86460328102112}