{"name": "George_W_Bush_0301.jpg", "5_o_Clock_Shadow": 0.011456255801022053, "Arched_Eyebrows": 0.0001791164104361087, "Attractive": 0.007324168458580971, "Bags_Under_Eyes": 0.17893758416175842, "Bald": 0.0024487017653882504, "Bangs": 0.0015459285350516438, "Big_Lips": 0.008692446164786816, "Big_Nose": 0.06898760795593262, "Black_Hair": 0.0037248320877552032, "Blond_Hair": 0.01186060719192028, "Blurry": 0.0548366904258728, "Brown_Hair": 0.005265415646135807, "Bushy_Eyebrows": 0.002387373009696603, "Chubby": 0.05016971006989479, "Double_Chin": 0.0648106187582016, "Eyeglasses": 0.006606821436434984, "Goatee": 0.001497276360169053, "Gray_Hair": 0.8429279327392578, "Heavy_Makeup": 0.0003900172596331686, "High_Cheekbones": 0.022104669362306595, "Male": 0.9994444251060486, "Mouth_Slightly_Open": 0.7051811218261719, "Mustache": 0.0040858532302081585, "Narrow_Eyes": 0.3431650698184967, "No_Beard": 0.9860776662826538, "Oval_Face": 0.1260700225830078, "Pale_Skin": 0.012444929219782352, "Pointy_Nose": 0.035625047981739044, "Receding_Hairline": 0.020864436402916908, "Rosy_Cheeks": 0.0005160467117093503, "Sideburns": 0.0029211128130555153, "Smiling": 0.004158924799412489, "Straight_Hair": 0.4159333109855652, "Wavy_Hair": 0.023219717666506767, "Wearing_Earrings": 0.0003627880068961531, "Wearing_Hat": 0.00039292837027460337, "Wearing_Lipstick": 0.0002849202137440443, "Wearing_Necklace": 0.0003308468440081924, "Wearing_Necktie": 0.7086843252182007, "Young": 0.019102178514003754, "df_race": "middle eastern", "df_race_prob": 55.54295248305231, "df_gender": "Man", "df_gender_prob": 92.00377464294434, "df_age": 24, "df_emotion": "neutral", "df_emotion_prob": 64.553701877594}