{"name": "George_W_Bush_0264.jpg", "5_o_Clock_Shadow": 0.02028275467455387, "Arched_Eyebrows": 0.00010769026266643777, "Attractive": 0.006795506924390793, "Bags_Under_Eyes": 0.10921064019203186, "Bald": 0.0037768774200230837, "Bangs": 0.00028679255046881735, "Big_Lips": 0.009693258441984653, "Big_Nose": 0.05035592243075371, "Black_Hair": 0.002663029357790947, "Blond_Hair": 0.02165544405579567, "Blurry": 0.08708140254020691, "Brown_Hair": 0.0107968645170331, "Bushy_Eyebrows": 0.00133611005730927, "Chubby": 0.14413906633853912, "Double_Chin": 0.06417502462863922, "Eyeglasses": 0.007156853098422289, "Goatee": 0.0007972934981808066, "Gray_Hair": 0.6416400671005249, "Heavy_Makeup": 0.0007751689990982413, "High_Cheekbones": 0.04010966047644615, "Male": 0.9963160157203674, "Mouth_Slightly_Open": 0.2948044240474701, "Mustache": 0.000835822313092649, "Narrow_Eyes": 0.6750314831733704, "No_Beard": 0.991515040397644, "Oval_Face": 0.2751082479953766, "Pale_Skin": 0.020416364073753357, "Pointy_Nose": 0.014284512028098106, "Receding_Hairline": 0.08725175261497498, "Rosy_Cheeks": 0.0003662859962787479, "Sideburns": 0.0018819512333720922, "Smiling": 0.007462021429091692, "Straight_Hair": 0.2063829004764557, "Wavy_Hair": 0.03923927620053291, "Wearing_Earrings": 0.0006215968751348555, "Wearing_Hat": 0.00043777760583907366, "Wearing_Lipstick": 0.0005182370077818632, "Wearing_Necklace": 0.001157898805104196, "Wearing_Necktie": 0.0069818818010389805, "Young": 0.06415044516324997, "df_race": "white", "df_race_prob": 39.62881863117218, "df_gender": "Man", "df_gender_prob": 99.99966621398926, "df_age": 44, "df_emotion": "angry", "df_emotion_prob": 40.33679664134979}