{"name": "George_W_Bush_0337.jpg", "5_o_Clock_Shadow": 0.005337475799024105, "Arched_Eyebrows": 0.00018291185551788658, "Attractive": 0.0088475551456213, "Bags_Under_Eyes": 0.2921079397201538, "Bald": 0.004559112247079611, "Bangs": 0.0009705871343612671, "Big_Lips": 0.0027360282838344574, "Big_Nose": 0.15620990097522736, "Black_Hair": 0.002818627981469035, "Blond_Hair": 0.010774524882435799, "Blurry": 0.08417510986328125, "Brown_Hair": 0.007930010557174683, "Bushy_Eyebrows": 0.0020930415485054255, "Chubby": 0.11342821270227432, "Double_Chin": 0.07149416953325272, "Eyeglasses": 0.011026027612388134, "Goatee": 0.0007772352546453476, "Gray_Hair": 0.8277691006660461, "Heavy_Makeup": 0.00030914926901459694, "High_Cheekbones": 0.014812104403972626, "Male": 0.9973435997962952, "Mouth_Slightly_Open": 0.039717722684144974, "Mustache": 0.001315526315011084, "Narrow_Eyes": 0.42973560094833374, "No_Beard": 0.9931976795196533, "Oval_Face": 0.11491180956363678, "Pale_Skin": 0.03851503133773804, "Pointy_Nose": 0.013433877378702164, "Receding_Hairline": 0.10705748945474625, "Rosy_Cheeks": 0.00025222255499102175, "Sideburns": 0.002191774547100067, "Smiling": 0.004932259675115347, "Straight_Hair": 0.2778635323047638, "Wavy_Hair": 0.019821317866444588, "Wearing_Earrings": 0.0004558855143841356, "Wearing_Hat": 0.0009932483080774546, "Wearing_Lipstick": 0.00016590363520663232, "Wearing_Necklace": 0.0004858902539126575, "Wearing_Necktie": 0.456618994474411, "Young": 0.01857661083340645, "df_race": "white", "df_race_prob": 35.65484285354614, "df_gender": "Man", "df_gender_prob": 99.99978542327881, "df_age": 43, "df_emotion": "angry", "df_emotion_prob": 60.30368568323169}