{"name": "George_W_Bush_0115.jpg", "5_o_Clock_Shadow": 0.011532600969076157, "Arched_Eyebrows": 0.0006202745134942234, "Attractive": 0.006820885464549065, "Bags_Under_Eyes": 0.24874579906463623, "Bald": 0.0010859015164896846, "Bangs": 0.0014257337898015976, "Big_Lips": 0.0077806799672544, "Big_Nose": 0.05051584169268608, "Black_Hair": 0.0016922606155276299, "Blond_Hair": 0.01208780612796545, "Blurry": 0.12587857246398926, "Brown_Hair": 0.007437138818204403, "Bushy_Eyebrows": 0.002265798393636942, "Chubby": 0.02911357954144478, "Double_Chin": 0.013761734589934349, "Eyeglasses": 0.002402814105153084, "Goatee": 0.00044294772669672966, "Gray_Hair": 0.7799888849258423, "Heavy_Makeup": 0.00015384203288704157, "High_Cheekbones": 0.01062353327870369, "Male": 0.9977341890335083, "Mouth_Slightly_Open": 0.03773479908704758, "Mustache": 0.0011113176587969065, "Narrow_Eyes": 0.15308669209480286, "No_Beard": 0.9881802797317505, "Oval_Face": 0.06702490895986557, "Pale_Skin": 0.055541254580020905, "Pointy_Nose": 0.02629253827035427, "Receding_Hairline": 0.016467757523059845, "Rosy_Cheeks": 7.807342626620084e-05, "Sideburns": 0.001758251222781837, "Smiling": 0.0021199428010731936, "Straight_Hair": 0.2896084189414978, "Wavy_Hair": 0.08215633034706116, "Wearing_Earrings": 0.0004690690548159182, "Wearing_Hat": 0.0008897281368263066, "Wearing_Lipstick": 8.840890950523317e-05, "Wearing_Necklace": 0.00041587871965020895, "Wearing_Necktie": 0.2180180698633194, "Young": 0.016752121970057487, "df_race": "latino hispanic", "df_race_prob": 43.515992164611816, "df_gender": "Man", "df_gender_prob": 99.95816349983215, "df_age": 27, "df_emotion": "fear", "df_emotion_prob": 42.226096987724304}