{"name": "George_W_Bush_0014.jpg", "5_o_Clock_Shadow": 0.008337312377989292, "Arched_Eyebrows": 0.00016224973660428077, "Attractive": 0.010463668033480644, "Bags_Under_Eyes": 0.1641455441713333, "Bald": 0.0070413160137832165, "Bangs": 0.0005137108964845538, "Big_Lips": 0.012844556011259556, "Big_Nose": 0.07388943433761597, "Black_Hair": 0.0016725496388971806, "Blond_Hair": 0.008583752438426018, "Blurry": 0.04659140482544899, "Brown_Hair": 0.004107334651052952, "Bushy_Eyebrows": 0.0009279594523832202, "Chubby": 0.06020369753241539, "Double_Chin": 0.055008891969919205, "Eyeglasses": 0.006035842467099428, "Goatee": 0.0003782935382332653, "Gray_Hair": 0.8343440890312195, "Heavy_Makeup": 0.0002492377534508705, "High_Cheekbones": 0.01915242150425911, "Male": 0.9967635869979858, "Mouth_Slightly_Open": 0.3749242126941681, "Mustache": 0.0006692238384857774, "Narrow_Eyes": 0.6039460897445679, "No_Beard": 0.9951910972595215, "Oval_Face": 0.055816277861595154, "Pale_Skin": 0.07267214357852936, "Pointy_Nose": 0.0849742740392685, "Receding_Hairline": 0.15470294654369354, "Rosy_Cheeks": 0.00022501200146507472, "Sideburns": 0.0012573531130328774, "Smiling": 0.011439122259616852, "Straight_Hair": 0.315906286239624, "Wavy_Hair": 0.009183657355606556, "Wearing_Earrings": 0.0007408098317682743, "Wearing_Hat": 0.000538901484105736, "Wearing_Lipstick": 0.000339931168127805, "Wearing_Necklace": 0.0007287039188668132, "Wearing_Necktie": 0.08716516941785812, "Young": 0.0062483674846589565, "df_race": "white", "df_race_prob": 55.91878890991211, "df_gender": "Man", "df_gender_prob": 99.96516704559326, "df_age": 42, "df_emotion": "fear", "df_emotion_prob": 95.9121584892273}