{"name": "George_W_Bush_0069.jpg", "5_o_Clock_Shadow": 0.0046423193998634815, "Arched_Eyebrows": 0.00041426255484111607, "Attractive": 0.006558337714523077, "Bags_Under_Eyes": 0.21307925879955292, "Bald": 0.028216155245900154, "Bangs": 0.00019329573842696846, "Big_Lips": 0.003171499352902174, "Big_Nose": 0.0490524023771286, "Black_Hair": 0.0015424113953486085, "Blond_Hair": 0.025373470038175583, "Blurry": 0.06671025604009628, "Brown_Hair": 0.0048240432515740395, "Bushy_Eyebrows": 0.0007036206661723554, "Chubby": 0.0465054027736187, "Double_Chin": 0.03752880170941353, "Eyeglasses": 0.006140425335615873, "Goatee": 0.0009211435099132359, "Gray_Hair": 0.8310821056365967, "Heavy_Makeup": 0.00032146504963748157, "High_Cheekbones": 0.04740062355995178, "Male": 0.9986166954040527, "Mouth_Slightly_Open": 0.7665191292762756, "Mustache": 0.00048145075561478734, "Narrow_Eyes": 0.26807719469070435, "No_Beard": 0.9950147271156311, "Oval_Face": 0.1871887594461441, "Pale_Skin": 0.018605252727866173, "Pointy_Nose": 0.025723358616232872, "Receding_Hairline": 0.5725532174110413, "Rosy_Cheeks": 0.00034382700687274337, "Sideburns": 0.0013865885557606816, "Smiling": 0.0194698516279459, "Straight_Hair": 0.17862989008426666, "Wavy_Hair": 0.008598454296588898, "Wearing_Earrings": 0.0005568540072999895, "Wearing_Hat": 0.00043438925058580935, "Wearing_Lipstick": 0.00020286699873395264, "Wearing_Necklace": 0.00031543508521281183, "Wearing_Necktie": 0.5192268490791321, "Young": 0.023883558809757233, "df_race": "latino hispanic", "df_race_prob": 44.75449025630951, "df_gender": "Man", "df_gender_prob": 99.9743402004242, "df_age": 33, "df_emotion": "fear", "df_emotion_prob": 80.87209691141881}