{"name": "George_W_Bush_0445.jpg", "5_o_Clock_Shadow": 0.010677113197743893, "Arched_Eyebrows": 0.0003587289247661829, "Attractive": 0.006219029426574707, "Bags_Under_Eyes": 0.3323815166950226, "Bald": 0.002844322705641389, "Bangs": 0.0006363358697853982, "Big_Lips": 0.004618397448211908, "Big_Nose": 0.07749667018651962, "Black_Hair": 0.0020233721006661654, "Blond_Hair": 0.006996579468250275, "Blurry": 0.055317752063274384, "Brown_Hair": 0.00532700028270483, "Bushy_Eyebrows": 0.00222520693205297, "Chubby": 0.03715679049491882, "Double_Chin": 0.03251904249191284, "Eyeglasses": 0.003293234622105956, "Goatee": 0.0014800089411437511, "Gray_Hair": 0.8138711452484131, "Heavy_Makeup": 0.00024456181563436985, "High_Cheekbones": 0.024615807458758354, "Male": 0.998519241809845, "Mouth_Slightly_Open": 0.030002199113368988, "Mustache": 0.0014778247568756342, "Narrow_Eyes": 0.18387313187122345, "No_Beard": 0.9851159453392029, "Oval_Face": 0.09049752354621887, "Pale_Skin": 0.022718895226716995, "Pointy_Nose": 0.021170681342482567, "Receding_Hairline": 0.06146601215004921, "Rosy_Cheeks": 0.00013647638843394816, "Sideburns": 0.003949178848415613, "Smiling": 0.004188619554042816, "Straight_Hair": 0.6091067790985107, "Wavy_Hair": 0.008180961944162846, "Wearing_Earrings": 0.0004971270100213587, "Wearing_Hat": 0.0006224645185284317, "Wearing_Lipstick": 0.00014062674017623067, "Wearing_Necklace": 0.0003058943839278072, "Wearing_Necktie": 0.5394746661186218, "Young": 0.0073614646680653095, "df_race": "white", "df_race_prob": 59.22887325286865, "df_gender": "Man", "df_gender_prob": 99.99231100082397, "df_age": 34, "df_emotion": "neutral", "df_emotion_prob": 76.12880922131593}