{"name": "George_W_Bush_0515.jpg", "5_o_Clock_Shadow": 0.007318706251680851, "Arched_Eyebrows": 0.0004493486194405705, "Attractive": 0.005112955346703529, "Bags_Under_Eyes": 0.12670661509037018, "Bald": 0.004684747662395239, "Bangs": 0.00025732885114848614, "Big_Lips": 0.001983164343982935, "Big_Nose": 0.08882246911525726, "Black_Hair": 0.0016363910399377346, "Blond_Hair": 0.017325948923826218, "Blurry": 0.08648451417684555, "Brown_Hair": 0.004749155603349209, "Bushy_Eyebrows": 0.002164024394005537, "Chubby": 0.045753754675388336, "Double_Chin": 0.04986193776130676, "Eyeglasses": 0.007059886120259762, "Goatee": 0.0007702322327531874, "Gray_Hair": 0.8853855133056641, "Heavy_Makeup": 0.00025571294827386737, "High_Cheekbones": 0.019391261041164398, "Male": 0.9991022348403931, "Mouth_Slightly_Open": 0.2428472936153412, "Mustache": 0.001505016814917326, "Narrow_Eyes": 0.10461293905973434, "No_Beard": 0.9870872497558594, "Oval_Face": 0.10611753165721893, "Pale_Skin": 0.019251897931098938, "Pointy_Nose": 0.03814232349395752, "Receding_Hairline": 0.28312772512435913, "Rosy_Cheeks": 0.000281309534329921, "Sideburns": 0.0023353337310254574, "Smiling": 0.002855700207874179, "Straight_Hair": 0.35036128759384155, "Wavy_Hair": 0.015000812709331512, "Wearing_Earrings": 0.0002963537990581244, "Wearing_Hat": 0.0004327787319198251, "Wearing_Lipstick": 0.00010319398279534653, "Wearing_Necklace": 0.000228072443860583, "Wearing_Necktie": 0.7863575220108032, "Young": 0.011911069974303246, "df_race": "white", "df_race_prob": 65.81962704658508, "df_gender": "Man", "df_gender_prob": 99.9982237815857, "df_age": 43, "df_emotion": "sad", "df_emotion_prob": 34.39792096614838}