{"name": "George_W_Bush_0096.jpg", "5_o_Clock_Shadow": 0.006432663183659315, "Arched_Eyebrows": 0.0004958764184266329, "Attractive": 0.017905106768012047, "Bags_Under_Eyes": 0.2635311484336853, "Bald": 0.005976006388664246, "Bangs": 0.0005437440704554319, "Big_Lips": 0.001920407870784402, "Big_Nose": 0.04032137989997864, "Black_Hair": 0.0010604691924527287, "Blond_Hair": 0.016143562272191048, "Blurry": 0.03762863576412201, "Brown_Hair": 0.005713015329092741, "Bushy_Eyebrows": 0.001519762328825891, "Chubby": 0.009444664232432842, "Double_Chin": 0.010526111349463463, "Eyeglasses": 0.003309583989903331, "Goatee": 0.0004396075673867017, "Gray_Hair": 0.8041704893112183, "Heavy_Makeup": 0.00019922282081097364, "High_Cheekbones": 0.00857323594391346, "Male": 0.9973867535591125, "Mouth_Slightly_Open": 0.01268308237195015, "Mustache": 0.0004942356608808041, "Narrow_Eyes": 0.0874774381518364, "No_Beard": 0.9946913123130798, "Oval_Face": 0.12960416078567505, "Pale_Skin": 0.21941030025482178, "Pointy_Nose": 0.03262314945459366, "Receding_Hairline": 0.2226373851299286, "Rosy_Cheeks": 6.573068094439805e-05, "Sideburns": 0.0014241684693843126, "Smiling": 0.0036342754028737545, "Straight_Hair": 0.4735446572303772, "Wavy_Hair": 0.004784540738910437, "Wearing_Earrings": 0.0004678042605519295, "Wearing_Hat": 0.0003168915573041886, "Wearing_Lipstick": 0.00011540362174855545, "Wearing_Necklace": 0.00030238961335271597, "Wearing_Necktie": 0.23316408693790436, "Young": 0.03076881915330887, "df_race": "latino hispanic", "df_race_prob": 42.462217807769775, "df_gender": "Man", "df_gender_prob": 99.99998807907104, "df_age": 38, "df_emotion": "fear", "df_emotion_prob": 52.64829114963359}