{"name": "George_W_Bush_0435.jpg", "5_o_Clock_Shadow": 0.009001603350043297, "Arched_Eyebrows": 0.00013042124919593334, "Attractive": 0.005254959221929312, "Bags_Under_Eyes": 0.25726649165153503, "Bald": 0.005369083024561405, "Bangs": 0.0007486951653845608, "Big_Lips": 0.004301021341234446, "Big_Nose": 0.08520433306694031, "Black_Hair": 0.002301867352798581, "Blond_Hair": 0.008484945632517338, "Blurry": 0.18102729320526123, "Brown_Hair": 0.005711269099265337, "Bushy_Eyebrows": 0.001480213482864201, "Chubby": 0.04629145935177803, "Double_Chin": 0.017649075016379356, "Eyeglasses": 0.004645537585020065, "Goatee": 0.0008098685066215694, "Gray_Hair": 0.7957651019096375, "Heavy_Makeup": 0.0001799341116566211, "High_Cheekbones": 0.016862777993083, "Male": 0.9989210367202759, "Mouth_Slightly_Open": 0.016974277794361115, "Mustache": 0.0012087944196537137, "Narrow_Eyes": 0.13308283686637878, "No_Beard": 0.9884040355682373, "Oval_Face": 0.08086157590150833, "Pale_Skin": 0.03765585646033287, "Pointy_Nose": 0.01873013935983181, "Receding_Hairline": 0.1980399340391159, "Rosy_Cheeks": 0.0001237599935848266, "Sideburns": 0.0023877329658716917, "Smiling": 0.0018355271313339472, "Straight_Hair": 0.29706767201423645, "Wavy_Hair": 0.01567866839468479, "Wearing_Earrings": 0.0004874090082012117, "Wearing_Hat": 0.0005174665129743516, "Wearing_Lipstick": 0.00010377095895819366, "Wearing_Necklace": 0.00030492013320326805, "Wearing_Necktie": 0.3822179436683655, "Young": 0.014980344101786613, "df_race": "white", "df_race_prob": 87.69761323928833, "df_gender": "Man", "df_gender_prob": 99.9994158744812, "df_age": 42, "df_emotion": "neutral", "df_emotion_prob": 49.09278452396393}