{"name": "George_W_Bush_0471.jpg", "5_o_Clock_Shadow": 0.006031838245689869, "Arched_Eyebrows": 0.00035905669210478663, "Attractive": 0.00923795998096466, "Bags_Under_Eyes": 0.22565802931785583, "Bald": 0.0025678814854472876, "Bangs": 0.0015978538431227207, "Big_Lips": 0.002597265178337693, "Big_Nose": 0.041167087852954865, "Black_Hair": 0.002972186543047428, "Blond_Hair": 0.007126440294086933, "Blurry": 0.12626908719539642, "Brown_Hair": 0.012176724150776863, "Bushy_Eyebrows": 0.001153821125626564, "Chubby": 0.04248356819152832, "Double_Chin": 0.02509217895567417, "Eyeglasses": 0.0035060264635831118, "Goatee": 0.0005199264851398766, "Gray_Hair": 0.7397926449775696, "Heavy_Makeup": 0.00023374301963485777, "High_Cheekbones": 0.020099401473999023, "Male": 0.9984353184700012, "Mouth_Slightly_Open": 0.013953570276498795, "Mustache": 0.0011335539165884256, "Narrow_Eyes": 0.13930504024028778, "No_Beard": 0.993159294128418, "Oval_Face": 0.10708826035261154, "Pale_Skin": 0.027059540152549744, "Pointy_Nose": 0.035216595977544785, "Receding_Hairline": 0.05376114696264267, "Rosy_Cheeks": 0.00021589321841020137, "Sideburns": 0.0017208658391609788, "Smiling": 0.004095033276826143, "Straight_Hair": 0.5560149550437927, "Wavy_Hair": 0.017899172380566597, "Wearing_Earrings": 0.0003887868660967797, "Wearing_Hat": 0.0007185106514953077, "Wearing_Lipstick": 0.00011607608757913113, "Wearing_Necklace": 0.0002912073105107993, "Wearing_Necktie": 0.6551743149757385, "Young": 0.011097951792180538, "df_race": "white", "df_race_prob": 40.43440818786621, "df_gender": "Man", "df_gender_prob": 99.99842643737793, "df_age": 46, "df_emotion": "sad", "df_emotion_prob": 67.87899541133615}