{"name": "George_Foreman_0002.jpg", "5_o_Clock_Shadow": 0.005284050013870001, "Arched_Eyebrows": 0.015312686562538147, "Attractive": 0.0013591133756563067, "Bags_Under_Eyes": 0.1704237312078476, "Bald": 0.8701618909835815, "Bangs": 0.0019480481278151274, "Big_Lips": 0.024861864745616913, "Big_Nose": 0.9482389092445374, "Black_Hair": 0.004257985856384039, "Blond_Hair": 0.005162017419934273, "Blurry": 0.0915958359837532, "Brown_Hair": 0.0011391026200726628, "Bushy_Eyebrows": 0.002128185937181115, "Chubby": 0.8723241090774536, "Double_Chin": 0.676741898059845, "Eyeglasses": 0.04588796943426132, "Goatee": 0.002885526744648814, "Gray_Hair": 0.24108245968818665, "Heavy_Makeup": 0.00021081710292492062, "High_Cheekbones": 0.10544200986623764, "Male": 0.9977400302886963, "Mouth_Slightly_Open": 0.028790466487407684, "Mustache": 0.01022903062403202, "Narrow_Eyes": 0.20143644511699677, "No_Beard": 0.9556504487991333, "Oval_Face": 0.1531665176153183, "Pale_Skin": 0.04005090519785881, "Pointy_Nose": 0.000912228599190712, "Receding_Hairline": 0.16902409493923187, "Rosy_Cheeks": 0.000128797662910074, "Sideburns": 0.001963043585419655, "Smiling": 0.026895590126514435, "Straight_Hair": 0.004337632562965155, "Wavy_Hair": 0.0027532982639968395, "Wearing_Earrings": 0.003127243835479021, "Wearing_Hat": 0.0022120766807347536, "Wearing_Lipstick": 0.0003362464776728302, "Wearing_Necklace": 0.0013766721822321415, "Wearing_Necktie": 0.8372578024864197, "Young": 0.04764830321073532, "df_race": "black", "df_race_prob": 90.95025062561035, "df_gender": "Man", "df_gender_prob": 99.93508458137512, "df_age": 47, "df_emotion": "neutral", "df_emotion_prob": 96.13175392150879}