{"name": "George_W_Bush_0434.jpg", "5_o_Clock_Shadow": 0.012335600331425667, "Arched_Eyebrows": 0.00013984047109261155, "Attractive": 0.02320712059736252, "Bags_Under_Eyes": 0.2518695890903473, "Bald": 0.0026292195543646812, "Bangs": 0.0017094550421461463, "Big_Lips": 0.0015810099430382252, "Big_Nose": 0.03388741612434387, "Black_Hair": 0.0022635692730545998, "Blond_Hair": 0.014957388862967491, "Blurry": 0.08800477534532547, "Brown_Hair": 0.01379925012588501, "Bushy_Eyebrows": 0.001911558210849762, "Chubby": 0.025839949026703835, "Double_Chin": 0.011884672567248344, "Eyeglasses": 0.007300887256860733, "Goatee": 0.000661248282995075, "Gray_Hair": 0.6551942825317383, "Heavy_Makeup": 0.0003754344943445176, "High_Cheekbones": 0.032343581318855286, "Male": 0.9976601600646973, "Mouth_Slightly_Open": 0.007426994387060404, "Mustache": 0.0007960242219269276, "Narrow_Eyes": 0.4465992748737335, "No_Beard": 0.9911324381828308, "Oval_Face": 0.2065269947052002, "Pale_Skin": 0.11333286017179489, "Pointy_Nose": 0.025106443092226982, "Receding_Hairline": 0.03791797161102295, "Rosy_Cheeks": 0.0001555649796500802, "Sideburns": 0.001923716627061367, "Smiling": 0.00709923729300499, "Straight_Hair": 0.2546921372413635, "Wavy_Hair": 0.04356776177883148, "Wearing_Earrings": 0.00036357948556542397, "Wearing_Hat": 0.000504185794852674, "Wearing_Lipstick": 0.00018969101074617356, "Wearing_Necklace": 0.00027401436818763614, "Wearing_Necktie": 0.21927419304847717, "Young": 0.030792666599154472, "df_race": "white", "df_race_prob": 79.44850676637968, "df_gender": "Man", "df_gender_prob": 99.99996423721313, "df_age": 31, "df_emotion": "angry", "df_emotion_prob": 55.519866285340036}