{"name": "George_W_Bush_0259.jpg", "5_o_Clock_Shadow": 0.007343094330281019, "Arched_Eyebrows": 0.00021669150737579912, "Attractive": 0.016458038240671158, "Bags_Under_Eyes": 0.4296039938926697, "Bald": 0.011387204751372337, "Bangs": 0.0007972915191203356, "Big_Lips": 0.003866126062348485, "Big_Nose": 0.060540780425071716, "Black_Hair": 0.001571368658915162, "Blond_Hair": 0.013136018998920918, "Blurry": 0.11708679795265198, "Brown_Hair": 0.007718314416706562, "Bushy_Eyebrows": 0.0011039365781471133, "Chubby": 0.051297470927238464, "Double_Chin": 0.031101536005735397, "Eyeglasses": 0.003815398318693042, "Goatee": 0.0003557699965313077, "Gray_Hair": 0.7774259448051453, "Heavy_Makeup": 0.00028433461557142437, "High_Cheekbones": 0.0636126920580864, "Male": 0.9956437349319458, "Mouth_Slightly_Open": 0.03286929801106453, "Mustache": 0.000386424275347963, "Narrow_Eyes": 0.5117930769920349, "No_Beard": 0.9954564571380615, "Oval_Face": 0.17244738340377808, "Pale_Skin": 0.08865002542734146, "Pointy_Nose": 0.0280907042324543, "Receding_Hairline": 0.14267081022262573, "Rosy_Cheeks": 0.0001024107332341373, "Sideburns": 0.0012931732926517725, "Smiling": 0.08138928562402725, "Straight_Hair": 0.22569355368614197, "Wavy_Hair": 0.01640484854578972, "Wearing_Earrings": 0.0006457516574300826, "Wearing_Hat": 0.0005132662481628358, "Wearing_Lipstick": 0.00016606268764007837, "Wearing_Necklace": 0.0005951630882918835, "Wearing_Necktie": 0.06557127088308334, "Young": 0.016291692852973938, "df_race": "white", "df_race_prob": 97.22717437420197, "df_gender": "Man", "df_gender_prob": 99.99979734420776, "df_age": 30, "df_emotion": "neutral", "df_emotion_prob": 99.62279796600342}