{"name": "George_W_Bush_0469.jpg", "5_o_Clock_Shadow": 0.006839335896074772, "Arched_Eyebrows": 0.0006533938576467335, "Attractive": 0.009667987935245037, "Bags_Under_Eyes": 0.24488776922225952, "Bald": 0.004446764010936022, "Bangs": 0.001001153839752078, "Big_Lips": 0.0029639913700520992, "Big_Nose": 0.032258741557598114, "Black_Hair": 0.002284003421664238, "Blond_Hair": 0.004050590563565493, "Blurry": 0.12388439476490021, "Brown_Hair": 0.007914851419627666, "Bushy_Eyebrows": 0.001818171702325344, "Chubby": 0.014054049737751484, "Double_Chin": 0.015496554784476757, "Eyeglasses": 0.005003948230296373, "Goatee": 0.000747400161344558, "Gray_Hair": 0.7085635662078857, "Heavy_Makeup": 0.00023614460951648653, "High_Cheekbones": 0.014712313190102577, "Male": 0.9977854490280151, "Mouth_Slightly_Open": 0.010454844683408737, "Mustache": 0.000979738892056048, "Narrow_Eyes": 0.11216060072183609, "No_Beard": 0.9913190007209778, "Oval_Face": 0.15025807917118073, "Pale_Skin": 0.034688666462898254, "Pointy_Nose": 0.026185227558016777, "Receding_Hairline": 0.11181666702032089, "Rosy_Cheeks": 9.833635704126209e-05, "Sideburns": 0.0024354381021112204, "Smiling": 0.004275972954928875, "Straight_Hair": 0.42425012588500977, "Wavy_Hair": 0.008337879553437233, "Wearing_Earrings": 0.0005062782438471913, "Wearing_Hat": 0.0005231043905951083, "Wearing_Lipstick": 0.00012333587801549584, "Wearing_Necklace": 0.000345089501934126, "Wearing_Necktie": 0.7291931509971619, "Young": 0.02036682702600956, "df_race": "white", "df_race_prob": 62.640368938446045, "df_gender": "Man", "df_gender_prob": 99.99984502792358, "df_age": 47, "df_emotion": "sad", "df_emotion_prob": 67.5699572306846}