{"name": "George_W_Bush_0139.jpg", "5_o_Clock_Shadow": 0.005269628018140793, "Arched_Eyebrows": 0.0005306521779857576, "Attractive": 0.006822252180427313, "Bags_Under_Eyes": 0.12387747317552567, "Bald": 0.004770719446241856, "Bangs": 0.0009196514147333801, "Big_Lips": 0.010581041686236858, "Big_Nose": 0.031489040702581406, "Black_Hair": 0.003419337095692754, "Blond_Hair": 0.01589096337556839, "Blurry": 0.05498070642352104, "Brown_Hair": 0.008608057163655758, "Bushy_Eyebrows": 0.0006316069629974663, "Chubby": 0.03151673823595047, "Double_Chin": 0.021384799852967262, "Eyeglasses": 0.003377020126208663, "Goatee": 0.0006337717059068382, "Gray_Hair": 0.3941689133644104, "Heavy_Makeup": 0.00039298864430747926, "High_Cheekbones": 0.03047097660601139, "Male": 0.9988829493522644, "Mouth_Slightly_Open": 0.8621120452880859, "Mustache": 0.0008276993175968528, "Narrow_Eyes": 0.06499067693948746, "No_Beard": 0.9949723482131958, "Oval_Face": 0.1610213965177536, "Pale_Skin": 0.028801921755075455, "Pointy_Nose": 0.02530761808156967, "Receding_Hairline": 0.08442715555429459, "Rosy_Cheeks": 0.00017780752386897802, "Sideburns": 0.0013413145206868649, "Smiling": 0.0019113526213914156, "Straight_Hair": 0.3907553553581238, "Wavy_Hair": 0.005871205125004053, "Wearing_Earrings": 0.0006738619995303452, "Wearing_Hat": 0.0002957371179945767, "Wearing_Lipstick": 0.0003892407694365829, "Wearing_Necklace": 0.00030586463981308043, "Wearing_Necktie": 0.42188969254493713, "Young": 0.0256991945207119, "df_race": "white", "df_race_prob": 63.52916794667626, "df_gender": "Man", "df_gender_prob": 99.99934434890747, "df_age": 29, "df_emotion": "surprise", "df_emotion_prob": 31.99966633315877}