{"name": "Georgina_Bardach_0001.jpg", "5_o_Clock_Shadow": 0.00183349777944386, "Arched_Eyebrows": 0.012292591854929924, "Attractive": 0.21238315105438232, "Bags_Under_Eyes": 0.2917044460773468, "Bald": 0.002056573750451207, "Bangs": 0.00020668400975409895, "Big_Lips": 0.029909180477261543, "Big_Nose": 0.08672481775283813, "Black_Hair": 0.0007264850428327918, "Blond_Hair": 0.22838802635669708, "Blurry": 0.07443735003471375, "Brown_Hair": 0.01965010166168213, "Bushy_Eyebrows": 0.0001346710923826322, "Chubby": 0.011790037155151367, "Double_Chin": 0.0029593459330499172, "Eyeglasses": 0.0005548089975491166, "Goatee": 0.00028814730467274785, "Gray_Hair": 0.01123718824237585, "Heavy_Makeup": 0.0013824503403156996, "High_Cheekbones": 0.3869576156139374, "Male": 0.07482834905385971, "Mouth_Slightly_Open": 0.16930925846099854, "Mustache": 0.00020711624529212713, "Narrow_Eyes": 0.0032091315370053053, "No_Beard": 0.995369017124176, "Oval_Face": 0.4954061806201935, "Pale_Skin": 0.030445998534560204, "Pointy_Nose": 0.022877803072333336, "Receding_Hairline": 0.6567017436027527, "Rosy_Cheeks": 4.238687688484788e-05, "Sideburns": 0.00048321831854991615, "Smiling": 0.8074613809585571, "Straight_Hair": 0.2561079263687134, "Wavy_Hair": 0.002696098294109106, "Wearing_Earrings": 0.01194092258810997, "Wearing_Hat": 0.00010689275950426236, "Wearing_Lipstick": 0.005134883336722851, "Wearing_Necklace": 0.005032225511968136, "Wearing_Necktie": 0.001798036159016192, "Young": 0.9597374200820923, "df_race": "white", "df_race_prob": 97.48217463493347, "df_gender": "Woman", "df_gender_prob": 98.82392883300781, "df_age": 38, "df_emotion": "happy", "df_emotion_prob": 93.41696500778198}