{"name": "George_W_Bush_0478.jpg", "5_o_Clock_Shadow": 0.030368244275450706, "Arched_Eyebrows": 0.00014024815754964948, "Attractive": 0.0041711279191076756, "Bags_Under_Eyes": 0.427353173494339, "Bald": 0.0056969597935676575, "Bangs": 0.0005311174318194389, "Big_Lips": 0.003782284911721945, "Big_Nose": 0.12570388615131378, "Black_Hair": 0.0006359117105603218, "Blond_Hair": 0.018982769921422005, "Blurry": 0.2014620453119278, "Brown_Hair": 0.009051747620105743, "Bushy_Eyebrows": 0.0012342127738520503, "Chubby": 0.10924585163593292, "Double_Chin": 0.06514190137386322, "Eyeglasses": 0.007581488229334354, "Goatee": 0.0009500661981292069, "Gray_Hair": 0.842901349067688, "Heavy_Makeup": 9.426267934031785e-05, "High_Cheekbones": 0.0552622489631176, "Male": 0.9987607002258301, "Mouth_Slightly_Open": 0.057762108743190765, "Mustache": 0.0010966971749439836, "Narrow_Eyes": 0.3694382309913635, "No_Beard": 0.9758515357971191, "Oval_Face": 0.13256889581680298, "Pale_Skin": 0.02639079838991165, "Pointy_Nose": 0.016187245026230812, "Receding_Hairline": 0.17176388204097748, "Rosy_Cheeks": 0.00013483388465829194, "Sideburns": 0.0024059650022536516, "Smiling": 0.018758956342935562, "Straight_Hair": 0.0848277285695076, "Wavy_Hair": 0.04264960438013077, "Wearing_Earrings": 0.0005908413440920413, "Wearing_Hat": 0.0006529061356559396, "Wearing_Lipstick": 5.65316149732098e-05, "Wearing_Necklace": 0.000621020735707134, "Wearing_Necktie": 0.013737739063799381, "Young": 0.03484271094202995, "df_race": "white", "df_race_prob": 75.12269316641174, "df_gender": "Man", "df_gender_prob": 99.99334812164307, "df_age": 42, "df_emotion": "angry", "df_emotion_prob": 61.72628998756409}