{"name": "George_W_Bush_0407.jpg", "5_o_Clock_Shadow": 0.010002360679209232, "Arched_Eyebrows": 0.00020974743529222906, "Attractive": 0.013631749898195267, "Bags_Under_Eyes": 0.25427964329719543, "Bald": 0.002125686267390847, "Bangs": 0.0008298861212097108, "Big_Lips": 0.005063881631940603, "Big_Nose": 0.04740563780069351, "Black_Hair": 0.0010557183995842934, "Blond_Hair": 0.012627463787794113, "Blurry": 0.05468001589179039, "Brown_Hair": 0.012436194345355034, "Bushy_Eyebrows": 0.0023528714664280415, "Chubby": 0.019553564488887787, "Double_Chin": 0.0139014245942235, "Eyeglasses": 0.004471144638955593, "Goatee": 0.0005335371824912727, "Gray_Hair": 0.6986360549926758, "Heavy_Makeup": 0.00017585269233677536, "High_Cheekbones": 0.014717006124556065, "Male": 0.998365581035614, "Mouth_Slightly_Open": 0.02984418347477913, "Mustache": 0.0008200629381462932, "Narrow_Eyes": 0.2261584997177124, "No_Beard": 0.9932088255882263, "Oval_Face": 0.10463348776102066, "Pale_Skin": 0.04878939688205719, "Pointy_Nose": 0.025622691959142685, "Receding_Hairline": 0.03410577401518822, "Rosy_Cheeks": 7.280703721335158e-05, "Sideburns": 0.002427290426567197, "Smiling": 0.0017460272647440434, "Straight_Hair": 0.4163508117198944, "Wavy_Hair": 0.016652831807732582, "Wearing_Earrings": 0.00035187677713111043, "Wearing_Hat": 0.0007167987641878426, "Wearing_Lipstick": 0.00010738007404142991, "Wearing_Necklace": 0.00039405576535500586, "Wearing_Necktie": 0.5484378933906555, "Young": 0.03021041676402092, "df_race": "white", "df_race_prob": 76.96722745895386, "df_gender": "Man", "df_gender_prob": 99.99955892562866, "df_age": 49, "df_emotion": "angry", "df_emotion_prob": 43.99712908233751}