{"name": "George_W_Bush_0113.jpg", "5_o_Clock_Shadow": 0.01023293286561966, "Arched_Eyebrows": 0.001478574238717556, "Attractive": 0.007371349725872278, "Bags_Under_Eyes": 0.15272629261016846, "Bald": 0.0030922149308025837, "Bangs": 0.0012957563158124685, "Big_Lips": 0.003784504486247897, "Big_Nose": 0.07240711152553558, "Black_Hair": 0.001410954282619059, "Blond_Hair": 0.007532504852861166, "Blurry": 0.08416112512350082, "Brown_Hair": 0.006533226929605007, "Bushy_Eyebrows": 0.002399350982159376, "Chubby": 0.02291926182806492, "Double_Chin": 0.015163280069828033, "Eyeglasses": 0.005606268532574177, "Goatee": 0.00038436995237134397, "Gray_Hair": 0.7851271629333496, "Heavy_Makeup": 0.0002047500165645033, "High_Cheekbones": 0.009040458127856255, "Male": 0.9978278279304504, "Mouth_Slightly_Open": 0.003863068064674735, "Mustache": 0.0008928350289352238, "Narrow_Eyes": 0.05471014231443405, "No_Beard": 0.9935603141784668, "Oval_Face": 0.09390179812908173, "Pale_Skin": 0.11189785599708557, "Pointy_Nose": 0.02540426328778267, "Receding_Hairline": 0.07160969078540802, "Rosy_Cheeks": 0.0001624043652554974, "Sideburns": 0.0019739114213734865, "Smiling": 0.0008399736252613366, "Straight_Hair": 0.22441044449806213, "Wavy_Hair": 0.022310204803943634, "Wearing_Earrings": 0.00047349400119856, "Wearing_Hat": 0.0006721083773300052, "Wearing_Lipstick": 0.00010259498230880126, "Wearing_Necklace": 0.00035390438279137015, "Wearing_Necktie": 0.5036238431930542, "Young": 0.009060113690793514, "df_race": "white", "df_race_prob": 71.32059760812507, "df_gender": "Man", "df_gender_prob": 99.99749660491943, "df_age": 47, "df_emotion": "neutral", "df_emotion_prob": 67.48165488243103}