{"name": "George_W_Bush_0022.jpg", "5_o_Clock_Shadow": 0.0049977912567555904, "Arched_Eyebrows": 0.00047170958714559674, "Attractive": 0.005397164262831211, "Bags_Under_Eyes": 0.21361440420150757, "Bald": 0.005674651823937893, "Bangs": 0.0011729371035471559, "Big_Lips": 0.00906546600162983, "Big_Nose": 0.04175683856010437, "Black_Hair": 0.0020793057046830654, "Blond_Hair": 0.0050193374045193195, "Blurry": 0.18749231100082397, "Brown_Hair": 0.006831349804997444, "Bushy_Eyebrows": 0.001145379152148962, "Chubby": 0.03318491578102112, "Double_Chin": 0.01763092167675495, "Eyeglasses": 0.011611176654696465, "Goatee": 0.0006893907557241619, "Gray_Hair": 0.6936642527580261, "Heavy_Makeup": 0.00015705991245340556, "High_Cheekbones": 0.015462296083569527, "Male": 0.9968019723892212, "Mouth_Slightly_Open": 0.024770205840468407, "Mustache": 0.0010848146630451083, "Narrow_Eyes": 0.284061074256897, "No_Beard": 0.9910874962806702, "Oval_Face": 0.07578925788402557, "Pale_Skin": 0.03435783460736275, "Pointy_Nose": 0.04486463591456413, "Receding_Hairline": 0.1277405023574829, "Rosy_Cheeks": 9.275592310586944e-05, "Sideburns": 0.0016098032938316464, "Smiling": 0.0026517363730818033, "Straight_Hair": 0.23397444188594818, "Wavy_Hair": 0.0165448896586895, "Wearing_Earrings": 0.0008023959235288203, "Wearing_Hat": 0.0006431324873119593, "Wearing_Lipstick": 0.00016091194993350655, "Wearing_Necklace": 0.0006739990785717964, "Wearing_Necktie": 0.2761489748954773, "Young": 0.010343648493289948, "df_race": "white", "df_race_prob": 99.41590424870874, "df_gender": "Man", "df_gender_prob": 99.99313354492188, "df_age": 30, "df_emotion": "sad", "df_emotion_prob": 56.6914439201355}