{"name": "George_W_Bush_0277.jpg", "5_o_Clock_Shadow": 0.024623651057481766, "Arched_Eyebrows": 0.00013554171891883016, "Attractive": 0.026277095079421997, "Bags_Under_Eyes": 0.11534029990434647, "Bald": 0.003618931630626321, "Bangs": 0.0016074759187176824, "Big_Lips": 0.007757555693387985, "Big_Nose": 0.038270290940999985, "Black_Hair": 0.00202712370082736, "Blond_Hair": 0.0157566349953413, "Blurry": 0.05594835430383682, "Brown_Hair": 0.0040517221204936504, "Bushy_Eyebrows": 0.0008381953230127692, "Chubby": 0.019701268523931503, "Double_Chin": 0.016834091395139694, "Eyeglasses": 0.014398065395653248, "Goatee": 0.0005998296546749771, "Gray_Hair": 0.8313584327697754, "Heavy_Makeup": 0.0002059801045106724, "High_Cheekbones": 0.006245963741093874, "Male": 0.9991856217384338, "Mouth_Slightly_Open": 0.020115934312343597, "Mustache": 0.001254105125553906, "Narrow_Eyes": 0.6019837856292725, "No_Beard": 0.9866002202033997, "Oval_Face": 0.13143320381641388, "Pale_Skin": 0.10358548909425735, "Pointy_Nose": 0.12023612856864929, "Receding_Hairline": 0.07456769794225693, "Rosy_Cheeks": 0.00017513650527689606, "Sideburns": 0.0021966195199638605, "Smiling": 0.007017222233116627, "Straight_Hair": 0.48168590664863586, "Wavy_Hair": 0.019388943910598755, "Wearing_Earrings": 0.0003304254205431789, "Wearing_Hat": 0.00038923078682273626, "Wearing_Lipstick": 0.000128620071336627, "Wearing_Necklace": 0.0003488065558485687, "Wearing_Necktie": 0.6916883587837219, "Young": 0.034290604293346405, "df_race": "white", "df_race_prob": 94.42938566207886, "df_gender": "Man", "df_gender_prob": 99.99953508377075, "df_age": 34, "df_emotion": "sad", "df_emotion_prob": 73.44925999641418}