{"name": "George_Robertson_0002.jpg", "5_o_Clock_Shadow": 0.005474399775266647, "Arched_Eyebrows": 0.0003219582431484014, "Attractive": 0.002751440042629838, "Bags_Under_Eyes": 0.017402969300746918, "Bald": 0.001972959144040942, "Bangs": 0.0006097749574109912, "Big_Lips": 0.0057716285809874535, "Big_Nose": 0.2481611669063568, "Black_Hair": 0.39360371232032776, "Blond_Hair": 0.0018361177062615752, "Blurry": 0.12102074176073074, "Brown_Hair": 0.02350005693733692, "Bushy_Eyebrows": 0.0008514190558344126, "Chubby": 0.6045228838920593, "Double_Chin": 0.2898447513580322, "Eyeglasses": 0.9595915079116821, "Goatee": 0.0005202308529987931, "Gray_Hair": 0.025313694030046463, "Heavy_Makeup": 0.0005572466179728508, "High_Cheekbones": 0.032075200229883194, "Male": 0.991434633731842, "Mouth_Slightly_Open": 0.5282413959503174, "Mustache": 0.0014439855003729463, "Narrow_Eyes": 0.013958320952951908, "No_Beard": 0.9938592314720154, "Oval_Face": 0.20406591892242432, "Pale_Skin": 0.020107952877879143, "Pointy_Nose": 0.01006022933870554, "Receding_Hairline": 0.011459831148386002, "Rosy_Cheeks": 0.0005571048241108656, "Sideburns": 0.0005463490961119533, "Smiling": 0.003592160064727068, "Straight_Hair": 0.7992843985557556, "Wavy_Hair": 0.003186464309692383, "Wearing_Earrings": 0.0005849116132594645, "Wearing_Hat": 0.0029545563738793135, "Wearing_Lipstick": 0.0005240518948994577, "Wearing_Necklace": 0.0005876135546714067, "Wearing_Necktie": 0.5429292321205139, "Young": 0.04636647179722786, "df_race": "white", "df_race_prob": 46.790042902226105, "df_gender": "Man", "df_gender_prob": 99.97310042381287, "df_age": 40, "df_emotion": "angry", "df_emotion_prob": 73.8014817237854}