{"name": "Gerardo_Gambala_0002.jpg", "5_o_Clock_Shadow": 0.011930924840271473, "Arched_Eyebrows": 0.023427799344062805, "Attractive": 0.06177099421620369, "Bags_Under_Eyes": 0.023841911926865578, "Bald": 0.00035747498623095453, "Bangs": 0.008276743814349174, "Big_Lips": 0.01486256718635559, "Big_Nose": 0.06918172538280487, "Black_Hair": 0.11679628491401672, "Blond_Hair": 0.0018802188569679856, "Blurry": 0.024434737861156464, "Brown_Hair": 0.017530659213662148, "Bushy_Eyebrows": 0.00796955730766058, "Chubby": 0.0009549031965434551, "Double_Chin": 0.00030127138597890735, "Eyeglasses": 0.0005696029984392226, "Goatee": 0.000486203731270507, "Gray_Hair": 0.0014123034197837114, "Heavy_Makeup": 0.00017346572712995112, "High_Cheekbones": 0.010824925266206264, "Male": 0.9972624778747559, "Mouth_Slightly_Open": 0.02594025991857052, "Mustache": 0.0007038060575723648, "Narrow_Eyes": 0.001231253962032497, "No_Beard": 0.9912104606628418, "Oval_Face": 0.13843873143196106, "Pale_Skin": 0.0021451255306601524, "Pointy_Nose": 0.0066115520894527435, "Receding_Hairline": 0.0026782264467328787, "Rosy_Cheeks": 3.260884477640502e-05, "Sideburns": 0.0002147736377082765, "Smiling": 0.00816577859222889, "Straight_Hair": 0.6000576615333557, "Wavy_Hair": 0.00486348569393158, "Wearing_Earrings": 0.0020094248466193676, "Wearing_Hat": 0.0011348942061886191, "Wearing_Lipstick": 0.0006020109285600483, "Wearing_Necklace": 0.0013701857533305883, "Wearing_Necktie": 0.001980955246835947, "Young": 0.8432953357696533, "df_race": "asian", "df_race_prob": 49.12300705909729, "df_gender": "Man", "df_gender_prob": 99.95149374008179, "df_age": 23, "df_emotion": "neutral", "df_emotion_prob": 99.87303614616394}