{"name": "Gerard_Kleisterlee_0001.jpg", "5_o_Clock_Shadow": 0.014359298162162304, "Arched_Eyebrows": 0.00034130673157051206, "Attractive": 0.01892431266605854, "Bags_Under_Eyes": 0.19516152143478394, "Bald": 0.007662828080356121, "Bangs": 0.0009478708961978555, "Big_Lips": 0.008101715706288815, "Big_Nose": 0.08353430032730103, "Black_Hair": 0.0009410263155587018, "Blond_Hair": 0.08332753926515579, "Blurry": 0.013390814885497093, "Brown_Hair": 0.0010870792903006077, "Bushy_Eyebrows": 9.753852646099404e-05, "Chubby": 0.06532378494739532, "Double_Chin": 0.06929053366184235, "Eyeglasses": 0.0030571918468922377, "Goatee": 0.00046009221114218235, "Gray_Hair": 0.7000927329063416, "Heavy_Makeup": 0.0003396226675249636, "High_Cheekbones": 0.08360856771469116, "Male": 0.9965195655822754, "Mouth_Slightly_Open": 0.00767657533288002, "Mustache": 0.0011168023338541389, "Narrow_Eyes": 0.08641368895769119, "No_Beard": 0.9890589118003845, "Oval_Face": 0.12014921754598618, "Pale_Skin": 0.20044368505477905, "Pointy_Nose": 0.0128082986921072, "Receding_Hairline": 0.17825695872306824, "Rosy_Cheeks": 0.0002832650498021394, "Sideburns": 0.0014108185423538089, "Smiling": 0.08265320211648941, "Straight_Hair": 0.6301664113998413, "Wavy_Hair": 0.0018725073896348476, "Wearing_Earrings": 0.0005602419842034578, "Wearing_Hat": 0.00015292952593881637, "Wearing_Lipstick": 0.0002843582187779248, "Wearing_Necklace": 0.00025878343149088323, "Wearing_Necktie": 0.5245361924171448, "Young": 0.027762219309806824, "df_race": "white", "df_race_prob": 100.0, "df_gender": "Man", "df_gender_prob": 99.97851252555847, "df_age": 40, "df_emotion": "neutral", "df_emotion_prob": 63.37100267410278}