{"name": "Gerald_Calabrese_0001.jpg", "5_o_Clock_Shadow": 0.0022606493439525366, "Arched_Eyebrows": 0.0004031914286315441, "Attractive": 0.003469388233497739, "Bags_Under_Eyes": 0.1031528115272522, "Bald": 0.43902334570884705, "Bangs": 0.0012306512799113989, "Big_Lips": 0.003906478174030781, "Big_Nose": 0.47856900095939636, "Black_Hair": 0.0006248659337870777, "Blond_Hair": 0.03571486845612526, "Blurry": 0.21767622232437134, "Brown_Hair": 0.0031889553647488356, "Bushy_Eyebrows": 0.0007642352138645947, "Chubby": 0.588424026966095, "Double_Chin": 0.5899997353553772, "Eyeglasses": 0.9392542839050293, "Goatee": 0.0007184206042438745, "Gray_Hair": 0.7755461931228638, "Heavy_Makeup": 0.0004088534042239189, "High_Cheekbones": 0.14906354248523712, "Male": 0.9952042102813721, "Mouth_Slightly_Open": 0.01818457990884781, "Mustache": 0.002121981466189027, "Narrow_Eyes": 0.07238145917654037, "No_Beard": 0.9910740256309509, "Oval_Face": 0.3420681357383728, "Pale_Skin": 0.05131203308701515, "Pointy_Nose": 0.044298794120550156, "Receding_Hairline": 0.4037414789199829, "Rosy_Cheeks": 0.0002574405225459486, "Sideburns": 0.0010854556458070874, "Smiling": 0.5913527011871338, "Straight_Hair": 0.022921616211533546, "Wavy_Hair": 0.002528572455048561, "Wearing_Earrings": 0.0010746916523203254, "Wearing_Hat": 0.0004846607625950128, "Wearing_Lipstick": 0.00040207357960753143, "Wearing_Necklace": 0.0003874314425047487, "Wearing_Necktie": 0.7911518812179565, "Young": 0.012172412127256393, "df_race": "white", "df_race_prob": 94.27031346913415, "df_gender": "Man", "df_gender_prob": 99.00562763214111, "df_age": 31, "df_emotion": "happy", "df_emotion_prob": 90.34129862085564}