{"name": "Gerard_Tronche_0001.jpg", "5_o_Clock_Shadow": 0.021139094606041908, "Arched_Eyebrows": 0.002146197482943535, "Attractive": 0.007870269939303398, "Bags_Under_Eyes": 0.1254129260778427, "Bald": 0.004172714427113533, "Bangs": 0.0003563367063179612, "Big_Lips": 0.005479586310684681, "Big_Nose": 0.505854070186615, "Black_Hair": 0.0013779517030343413, "Blond_Hair": 0.02024344727396965, "Blurry": 0.3577703833580017, "Brown_Hair": 0.0048268986865878105, "Bushy_Eyebrows": 0.0005356704932637513, "Chubby": 0.1422276645898819, "Double_Chin": 0.14261983335018158, "Eyeglasses": 0.9137566089630127, "Goatee": 0.0007625521393492818, "Gray_Hair": 0.7669447064399719, "Heavy_Makeup": 5.000958117307164e-05, "High_Cheekbones": 0.058141376823186874, "Male": 0.996917724609375, "Mouth_Slightly_Open": 0.009027992375195026, "Mustache": 0.0024460137356072664, "Narrow_Eyes": 0.1120491623878479, "No_Beard": 0.9668651223182678, "Oval_Face": 0.133681058883667, "Pale_Skin": 0.16631276905536652, "Pointy_Nose": 0.016001975163817406, "Receding_Hairline": 0.41657403111457825, "Rosy_Cheeks": 6.705873238388449e-05, "Sideburns": 0.001332733198069036, "Smiling": 0.24417264759540558, "Straight_Hair": 0.19249795377254486, "Wavy_Hair": 0.00708007114008069, "Wearing_Earrings": 0.0006089235539548099, "Wearing_Hat": 0.0002911123738158494, "Wearing_Lipstick": 7.249514601426199e-05, "Wearing_Necklace": 0.001011864747852087, "Wearing_Necktie": 0.14165851473808289, "Young": 0.031789619475603104, "df_race": "white", "df_race_prob": 66.47295951843262, "df_gender": "Man", "df_gender_prob": 99.98722076416016, "df_age": 44, "df_emotion": "neutral", "df_emotion_prob": 93.68216953767356}