{"name": "Gerhard_Schroeder_0042.jpg", "5_o_Clock_Shadow": 0.007611468434333801, "Arched_Eyebrows": 0.006459252908825874, "Attractive": 0.0053918990306556225, "Bags_Under_Eyes": 0.542622447013855, "Bald": 0.01510019600391388, "Bangs": 0.00012987233640160412, "Big_Lips": 0.006023533176630735, "Big_Nose": 0.7228542566299438, "Black_Hair": 0.012830124236643314, "Blond_Hair": 0.00416712649166584, "Blurry": 0.042130619287490845, "Brown_Hair": 0.006678648293018341, "Bushy_Eyebrows": 0.0029853356536477804, "Chubby": 0.6179693937301636, "Double_Chin": 0.7334768772125244, "Eyeglasses": 0.0027234836015850306, "Goatee": 0.0003501076716929674, "Gray_Hair": 0.3283533751964569, "Heavy_Makeup": 9.369495819555596e-05, "High_Cheekbones": 0.28109124302864075, "Male": 0.9995418787002563, "Mouth_Slightly_Open": 0.944619357585907, "Mustache": 0.0008374354219995439, "Narrow_Eyes": 0.14497444033622742, "No_Beard": 0.9936290383338928, "Oval_Face": 0.15810005366802216, "Pale_Skin": 0.041155051440000534, "Pointy_Nose": 0.0497119277715683, "Receding_Hairline": 0.3656165897846222, "Rosy_Cheeks": 0.0006059824372641742, "Sideburns": 0.0006252841558307409, "Smiling": 0.8488548994064331, "Straight_Hair": 0.5186530351638794, "Wavy_Hair": 0.0012709468137472868, "Wearing_Earrings": 0.0004073956224601716, "Wearing_Hat": 0.00041800038889050484, "Wearing_Lipstick": 0.0002178408030886203, "Wearing_Necklace": 0.00017091857444029301, "Wearing_Necktie": 0.7507110834121704, "Young": 0.005785022396594286, "df_race": "middle eastern", "df_race_prob": 37.47579753398895, "df_gender": "Man", "df_gender_prob": 99.97350573539734, "df_age": 42, "df_emotion": "happy", "df_emotion_prob": 97.30042219161987}