{"name": "Gerhard_Schroeder_0096.jpg", "5_o_Clock_Shadow": 0.016264760866761208, "Arched_Eyebrows": 0.0009867394110187888, "Attractive": 0.013618447817862034, "Bags_Under_Eyes": 0.39299339056015015, "Bald": 0.0030751489102840424, "Bangs": 0.00018598602036945522, "Big_Lips": 0.005160345230251551, "Big_Nose": 0.41289567947387695, "Black_Hair": 0.017065580934286118, "Blond_Hair": 0.0060518886893987656, "Blurry": 0.05324406176805496, "Brown_Hair": 0.040873996913433075, "Bushy_Eyebrows": 0.0005439329543150961, "Chubby": 0.2494657188653946, "Double_Chin": 0.24464085698127747, "Eyeglasses": 0.0014369607670232654, "Goatee": 0.00068183324765414, "Gray_Hair": 0.07227437198162079, "Heavy_Makeup": 0.00013485767703969032, "High_Cheekbones": 0.14205554127693176, "Male": 0.9991455078125, "Mouth_Slightly_Open": 0.058577995747327805, "Mustache": 0.000968090258538723, "Narrow_Eyes": 0.09175219386816025, "No_Beard": 0.9866837859153748, "Oval_Face": 0.1889316588640213, "Pale_Skin": 0.02608700469136238, "Pointy_Nose": 0.04609716311097145, "Receding_Hairline": 0.09605241566896439, "Rosy_Cheeks": 0.00026944291312247515, "Sideburns": 0.0008436067146249115, "Smiling": 0.06603901833295822, "Straight_Hair": 0.725536584854126, "Wavy_Hair": 0.0022098938934504986, "Wearing_Earrings": 0.0004255994863342494, "Wearing_Hat": 0.0003948478843085468, "Wearing_Lipstick": 0.00013291474897414446, "Wearing_Necklace": 6.958411540836096e-05, "Wearing_Necktie": 0.7720777988433838, "Young": 0.023907117545604706, "df_race": "white", "df_race_prob": 30.966484546661377, "df_gender": "Man", "df_gender_prob": 99.92875456809998, "df_age": 32, "df_emotion": "neutral", "df_emotion_prob": 58.96417498588562}