{"name": "Gerhard_Schroeder_0061.jpg", "5_o_Clock_Shadow": 0.009387608617544174, "Arched_Eyebrows": 0.007999534718692303, "Attractive": 0.013922486454248428, "Bags_Under_Eyes": 0.5263424515724182, "Bald": 0.005913661327213049, "Bangs": 0.00018183095380663872, "Big_Lips": 0.009776686318218708, "Big_Nose": 0.7868550419807434, "Black_Hair": 0.04315700754523277, "Blond_Hair": 0.0071680424734950066, "Blurry": 0.22645878791809082, "Brown_Hair": 0.08451758325099945, "Bushy_Eyebrows": 0.0021777786314487457, "Chubby": 0.43080422282218933, "Double_Chin": 0.44086146354675293, "Eyeglasses": 0.002645984059199691, "Goatee": 0.0007832245319150388, "Gray_Hair": 0.032511983066797256, "Heavy_Makeup": 0.00016112691082525998, "High_Cheekbones": 0.7459444403648376, "Male": 0.9986446499824524, "Mouth_Slightly_Open": 0.9841622114181519, "Mustache": 0.0017540097469463944, "Narrow_Eyes": 0.08449677377939224, "No_Beard": 0.990291178226471, "Oval_Face": 0.16254766285419464, "Pale_Skin": 0.05294660106301308, "Pointy_Nose": 0.00960075668990612, "Receding_Hairline": 0.4178604483604431, "Rosy_Cheeks": 0.00018960928719025105, "Sideburns": 0.0006533642881549895, "Smiling": 0.9723543524742126, "Straight_Hair": 0.8314415216445923, "Wavy_Hair": 0.0020738630555570126, "Wearing_Earrings": 0.0007163607515394688, "Wearing_Hat": 0.0001795832795323804, "Wearing_Lipstick": 0.0003023388853762299, "Wearing_Necklace": 0.0001799090823624283, "Wearing_Necktie": 0.7752182483673096, "Young": 0.029718821868300438, "df_race": "middle eastern", "df_race_prob": 44.490885734558105, "df_gender": "Man", "df_gender_prob": 99.99953508377075, "df_age": 39, "df_emotion": "happy", "df_emotion_prob": 87.5723123550415}