{"name": "Gerhard_Schroeder_0031.jpg", "5_o_Clock_Shadow": 0.026634760200977325, "Arched_Eyebrows": 0.0007709945202805102, "Attractive": 0.019431624561548233, "Bags_Under_Eyes": 0.5276259183883667, "Bald": 0.005016756244003773, "Bangs": 0.0006223058444447815, "Big_Lips": 0.00846497155725956, "Big_Nose": 0.5029568076133728, "Black_Hair": 0.002330169780179858, "Blond_Hair": 0.06203192472457886, "Blurry": 0.20192532241344452, "Brown_Hair": 0.0308444295078516, "Bushy_Eyebrows": 0.0013141805538907647, "Chubby": 0.26714110374450684, "Double_Chin": 0.3924832046031952, "Eyeglasses": 0.005885313265025616, "Goatee": 0.0011256551370024681, "Gray_Hair": 0.28487032651901245, "Heavy_Makeup": 8.724138024263084e-05, "High_Cheekbones": 0.6233012080192566, "Male": 0.9986913800239563, "Mouth_Slightly_Open": 0.9630811214447021, "Mustache": 0.0019592291209846735, "Narrow_Eyes": 0.7284846305847168, "No_Beard": 0.9900554418563843, "Oval_Face": 0.19466125965118408, "Pale_Skin": 0.1602105349302292, "Pointy_Nose": 0.007353956811130047, "Receding_Hairline": 0.05303698033094406, "Rosy_Cheeks": 7.763784378767014e-05, "Sideburns": 0.0011887188302353024, "Smiling": 0.9309192895889282, "Straight_Hair": 0.5634265542030334, "Wavy_Hair": 0.005801503546535969, "Wearing_Earrings": 0.0004126177227590233, "Wearing_Hat": 0.0002503955620341003, "Wearing_Lipstick": 5.971034988760948e-05, "Wearing_Necklace": 0.00033328859717585146, "Wearing_Necktie": 0.6829066276550293, "Young": 0.031165700405836105, "df_race": "white", "df_race_prob": 49.37426745891571, "df_gender": "Man", "df_gender_prob": 99.99991655349731, "df_age": 47, "df_emotion": "happy", "df_emotion_prob": 78.32815309427343}