{"name": "Gideon_Black_0001.jpg", "5_o_Clock_Shadow": 0.10396908223628998, "Arched_Eyebrows": 0.0010424087522551417, "Attractive": 0.028913985937833786, "Bags_Under_Eyes": 0.012912223115563393, "Bald": 0.002508364384993911, "Bangs": 0.00010588971053948626, "Big_Lips": 0.002181857591494918, "Big_Nose": 0.024289671331644058, "Black_Hair": 0.031479768455028534, "Blond_Hair": 0.0018539882730692625, "Blurry": 0.04440285637974739, "Brown_Hair": 0.006057785823941231, "Bushy_Eyebrows": 0.002979410346597433, "Chubby": 0.004989075008779764, "Double_Chin": 0.0016677997773513198, "Eyeglasses": 0.9765790700912476, "Goatee": 0.0008563370211049914, "Gray_Hair": 0.008546552620828152, "Heavy_Makeup": 6.444872269639745e-05, "High_Cheekbones": 0.009748515672981739, "Male": 0.9981661438941956, "Mouth_Slightly_Open": 0.0064369430765509605, "Mustache": 0.0010732372757047415, "Narrow_Eyes": 0.029951389878988266, "No_Beard": 0.9453407526016235, "Oval_Face": 0.28514930605888367, "Pale_Skin": 0.004446226172149181, "Pointy_Nose": 0.06379073858261108, "Receding_Hairline": 0.032915908843278885, "Rosy_Cheeks": 6.563973147422075e-05, "Sideburns": 0.001539477496407926, "Smiling": 0.01026126742362976, "Straight_Hair": 0.22084695100784302, "Wavy_Hair": 0.001806441112421453, "Wearing_Earrings": 0.0003183438384439796, "Wearing_Hat": 0.0005201564636081457, "Wearing_Lipstick": 7.574929622933269e-05, "Wearing_Necklace": 0.0003741806431207806, "Wearing_Necktie": 0.009873714298009872, "Young": 0.4467543065547943, "df_race": "white", "df_race_prob": 96.52502516061217, "df_gender": "Man", "df_gender_prob": 99.99538660049438, "df_age": 30, "df_emotion": "neutral", "df_emotion_prob": 98.55639934539795}