{"name": "Gina_Centrello_0001.jpg", "5_o_Clock_Shadow": 0.0004635013756342232, "Arched_Eyebrows": 0.020749323070049286, "Attractive": 0.47375860810279846, "Bags_Under_Eyes": 0.011267884634435177, "Bald": 0.00014843468670733273, "Bangs": 0.9123014211654663, "Big_Lips": 0.09766877442598343, "Big_Nose": 0.023184675723314285, "Black_Hair": 0.0013388233492150903, "Blond_Hair": 0.1105530634522438, "Blurry": 0.15522989630699158, "Brown_Hair": 0.28811395168304443, "Bushy_Eyebrows": 0.0013422672636806965, "Chubby": 0.0007550770533271134, "Double_Chin": 0.0003628165286500007, "Eyeglasses": 0.00039408786687999964, "Goatee": 0.00018853247456718236, "Gray_Hair": 0.002397718373686075, "Heavy_Makeup": 0.08504331856966019, "High_Cheekbones": 0.3704201281070709, "Male": 0.003559568664059043, "Mouth_Slightly_Open": 0.0022598793730139732, "Mustache": 0.0002455885405652225, "Narrow_Eyes": 0.008786801248788834, "No_Beard": 0.9987311959266663, "Oval_Face": 0.4106697738170624, "Pale_Skin": 0.12504194676876068, "Pointy_Nose": 0.09379207342863083, "Receding_Hairline": 0.0002834052429534495, "Rosy_Cheeks": 0.00024020206183195114, "Sideburns": 0.0003311217005830258, "Smiling": 0.6821117997169495, "Straight_Hair": 0.35039111971855164, "Wavy_Hair": 0.035848166793584824, "Wearing_Earrings": 0.019611289724707603, "Wearing_Hat": 0.00019796098058577627, "Wearing_Lipstick": 0.39025747776031494, "Wearing_Necklace": 0.166874960064888, "Wearing_Necktie": 0.00018888262275140733, "Young": 0.4466811716556549, "df_race": "white", "df_race_prob": 99.20157194137573, "df_gender": "Woman", "df_gender_prob": 100.0, "df_age": 37, "df_emotion": "neutral", "df_emotion_prob": 48.26287031173706}