{"name": "Glenn_Tilton_0001.jpg", "5_o_Clock_Shadow": 0.0023814181331545115, "Arched_Eyebrows": 0.0019245956791564822, "Attractive": 0.0032137443777173758, "Bags_Under_Eyes": 0.06317179650068283, "Bald": 0.033231817185878754, "Bangs": 0.0001246886677108705, "Big_Lips": 0.007326200604438782, "Big_Nose": 0.23406608402729034, "Black_Hair": 0.006426866166293621, "Blond_Hair": 0.008845001459121704, "Blurry": 0.06701131165027618, "Brown_Hair": 0.006213770713657141, "Bushy_Eyebrows": 0.00043405743781477213, "Chubby": 0.11750780791044235, "Double_Chin": 0.07155220955610275, "Eyeglasses": 0.9196189641952515, "Goatee": 0.0005076561355963349, "Gray_Hair": 0.3475382328033447, "Heavy_Makeup": 0.00020291013061068952, "High_Cheekbones": 0.025617947801947594, "Male": 0.9980778694152832, "Mouth_Slightly_Open": 0.9140778183937073, "Mustache": 0.0012063230387866497, "Narrow_Eyes": 0.003234828356653452, "No_Beard": 0.9919432401657104, "Oval_Face": 0.4305688142776489, "Pale_Skin": 0.04514449089765549, "Pointy_Nose": 0.017365938052535057, "Receding_Hairline": 0.7237815260887146, "Rosy_Cheeks": 8.464581333100796e-05, "Sideburns": 0.0004958711797371507, "Smiling": 0.013536942191421986, "Straight_Hair": 0.156669020652771, "Wavy_Hair": 0.001305961748585105, "Wearing_Earrings": 0.00046492135152220726, "Wearing_Hat": 0.0004038164915982634, "Wearing_Lipstick": 0.0004509302962105721, "Wearing_Necklace": 0.00035133527126163244, "Wearing_Necktie": 0.44024908542633057, "Young": 0.03306527063250542, "df_race": "white", "df_race_prob": 29.362180829048157, "df_gender": "Man", "df_gender_prob": 99.53873753547668, "df_age": 29, "df_emotion": "neutral", "df_emotion_prob": 59.29257627085306}