{"name": "Gloria_Macapagal_Arroyo_0027.jpg", "5_o_Clock_Shadow": 0.0010468384716659784, "Arched_Eyebrows": 0.0822184756398201, "Attractive": 0.1731971651315689, "Bags_Under_Eyes": 0.26089468598365784, "Bald": 0.0005208262009546161, "Bangs": 0.005207754205912352, "Big_Lips": 0.05742089822888374, "Big_Nose": 0.03758510947227478, "Black_Hair": 0.19168801605701447, "Blond_Hair": 0.010891956277191639, "Blurry": 0.06073945015668869, "Brown_Hair": 0.019944850355386734, "Bushy_Eyebrows": 0.00036718344199471176, "Chubby": 0.047929469496011734, "Double_Chin": 0.01066761277616024, "Eyeglasses": 0.00038647992187179625, "Goatee": 0.000496218737680465, "Gray_Hair": 0.002227142918854952, "Heavy_Makeup": 0.009634220972657204, "High_Cheekbones": 0.9001533389091492, "Male": 0.006179003976285458, "Mouth_Slightly_Open": 0.9988065958023071, "Mustache": 0.0002501776907593012, "Narrow_Eyes": 0.5808218717575073, "No_Beard": 0.9980257749557495, "Oval_Face": 0.5445218086242676, "Pale_Skin": 0.06905631721019745, "Pointy_Nose": 0.0029691350646317005, "Receding_Hairline": 0.018305711448192596, "Rosy_Cheeks": 9.972916450351477e-05, "Sideburns": 0.0007254933007061481, "Smiling": 0.9847805500030518, "Straight_Hair": 0.7577493190765381, "Wavy_Hair": 0.0026503922417759895, "Wearing_Earrings": 0.02131948247551918, "Wearing_Hat": 0.0012910524383187294, "Wearing_Lipstick": 0.051434408873319626, "Wearing_Necklace": 0.010248926468193531, "Wearing_Necktie": 0.0005415463820099831, "Young": 0.730349063873291, "df_race": "asian", "df_race_prob": 39.56839740276337, "df_gender": "Woman", "df_gender_prob": 99.18497800827026, "df_age": 33, "df_emotion": "happy", "df_emotion_prob": 99.43748113140352}