{"name": "Gloria_Macapagal_Arroyo_0029.jpg", "5_o_Clock_Shadow": 0.0008299759356305003, "Arched_Eyebrows": 0.048859983682632446, "Attractive": 0.03268113732337952, "Bags_Under_Eyes": 0.008351946249604225, "Bald": 0.00043802280561067164, "Bangs": 0.0005354871973395348, "Big_Lips": 0.04769374057650566, "Big_Nose": 0.023675506934523582, "Black_Hair": 0.41546347737312317, "Blond_Hair": 0.002150955144315958, "Blurry": 0.07537894695997238, "Brown_Hair": 0.00361031387001276, "Bushy_Eyebrows": 9.098467126023024e-05, "Chubby": 0.04283304139971733, "Double_Chin": 0.010322812013328075, "Eyeglasses": 0.9856006503105164, "Goatee": 0.00011318115866743028, "Gray_Hair": 0.00475434260442853, "Heavy_Makeup": 0.005558792967349291, "High_Cheekbones": 0.3617072105407715, "Male": 0.0429588221013546, "Mouth_Slightly_Open": 0.5612665414810181, "Mustache": 0.00022927465033717453, "Narrow_Eyes": 0.005199081264436245, "No_Beard": 0.9985793828964233, "Oval_Face": 0.3014207184314728, "Pale_Skin": 0.07628645747900009, "Pointy_Nose": 0.013353902846574783, "Receding_Hairline": 0.032413825392723083, "Rosy_Cheeks": 0.0001286636252189055, "Sideburns": 9.988145029637963e-05, "Smiling": 0.3998448848724365, "Straight_Hair": 0.3593906760215759, "Wavy_Hair": 0.012494305148720741, "Wearing_Earrings": 0.019074488431215286, "Wearing_Hat": 0.0018306839046999812, "Wearing_Lipstick": 0.05743569880723953, "Wearing_Necklace": 0.00942136999219656, "Wearing_Necktie": 0.0013952066656202078, "Young": 0.4502035081386566, "df_race": "white", "df_race_prob": 30.60520820555589, "df_gender": "Man", "df_gender_prob": 89.87488150596619, "df_age": 44, "df_emotion": "neutral", "df_emotion_prob": 98.801273036079}