{"name": "Gloria_Macapagal_Arroyo_0021.jpg", "5_o_Clock_Shadow": 0.0006225250544957817, "Arched_Eyebrows": 0.023086516186594963, "Attractive": 0.04996255040168762, "Bags_Under_Eyes": 0.27612531185150146, "Bald": 0.0007858736789785326, "Bangs": 0.0009986383374780416, "Big_Lips": 0.014435838907957077, "Big_Nose": 0.024898333474993706, "Black_Hair": 0.1614784300327301, "Blond_Hair": 0.009989481419324875, "Blurry": 0.18111786246299744, "Brown_Hair": 0.03825043886899948, "Bushy_Eyebrows": 0.000535806582774967, "Chubby": 0.024819208309054375, "Double_Chin": 0.005189153831452131, "Eyeglasses": 0.0007890835986472666, "Goatee": 0.0004595557402353734, "Gray_Hair": 0.005100084003061056, "Heavy_Makeup": 0.003686215030029416, "High_Cheekbones": 0.5016246438026428, "Male": 0.015615316107869148, "Mouth_Slightly_Open": 0.08529709279537201, "Mustache": 0.0003633849264588207, "Narrow_Eyes": 0.5653326511383057, "No_Beard": 0.9974521994590759, "Oval_Face": 0.4700615704059601, "Pale_Skin": 0.025294411927461624, "Pointy_Nose": 0.0034534952137619257, "Receding_Hairline": 0.11028090864419937, "Rosy_Cheeks": 9.473811223870143e-05, "Sideburns": 0.0009612170397303998, "Smiling": 0.22558119893074036, "Straight_Hair": 0.6341661214828491, "Wavy_Hair": 0.004476902540773153, "Wearing_Earrings": 0.23915401101112366, "Wearing_Hat": 0.0006948690861463547, "Wearing_Lipstick": 0.006603257730603218, "Wearing_Necklace": 0.00740336487069726, "Wearing_Necktie": 0.0033257200848311186, "Young": 0.36931112408638, "df_race": "asian", "df_race_prob": 67.3185408115387, "df_gender": "Woman", "df_gender_prob": 93.61207485198975, "df_age": 27, "df_emotion": "angry", "df_emotion_prob": 35.44442355632782}