{"name": "Gloria_Macapagal_Arroyo_0025.jpg", "5_o_Clock_Shadow": 0.0005430512828752398, "Arched_Eyebrows": 0.05250122398138046, "Attractive": 0.02800065465271473, "Bags_Under_Eyes": 0.007182143162935972, "Bald": 0.0002772014413494617, "Bangs": 0.0062523894011974335, "Big_Lips": 0.04210507497191429, "Big_Nose": 0.005692885257303715, "Black_Hair": 0.25781136751174927, "Blond_Hair": 0.0034632275346666574, "Blurry": 0.08702777326107025, "Brown_Hair": 0.021398387849330902, "Bushy_Eyebrows": 0.000364068167982623, "Chubby": 0.024914737790822983, "Double_Chin": 0.005334954708814621, "Eyeglasses": 0.0010444988729432225, "Goatee": 0.00021393568022176623, "Gray_Hair": 0.0030829356983304024, "Heavy_Makeup": 0.023211082443594933, "High_Cheekbones": 0.28765249252319336, "Male": 0.0049993377178907394, "Mouth_Slightly_Open": 0.7892060875892639, "Mustache": 0.0002050313341896981, "Narrow_Eyes": 0.010738646611571312, "No_Beard": 0.9979043006896973, "Oval_Face": 0.46277615427970886, "Pale_Skin": 0.024427931755781174, "Pointy_Nose": 0.013255208730697632, "Receding_Hairline": 0.018446985632181168, "Rosy_Cheeks": 0.00031930647674016654, "Sideburns": 0.00043147950782440603, "Smiling": 0.015433315187692642, "Straight_Hair": 0.2782725691795349, "Wavy_Hair": 0.016685720533132553, "Wearing_Earrings": 0.617168664932251, "Wearing_Hat": 0.0013332804664969444, "Wearing_Lipstick": 0.08838582783937454, "Wearing_Necklace": 0.007743110414594412, "Wearing_Necktie": 0.001007080078125, "Young": 0.15484929084777832, "df_race": "asian", "df_race_prob": 65.24280309677124, "df_gender": "Woman", "df_gender_prob": 98.38355779647827, "df_age": 34, "df_emotion": "neutral", "df_emotion_prob": 72.31928706169128}