{"name": "Gloria_Macapagal_Arroyo_0034.jpg", "5_o_Clock_Shadow": 0.0032642486039549112, "Arched_Eyebrows": 0.7579110264778137, "Attractive": 0.09184055775403976, "Bags_Under_Eyes": 0.008267652243375778, "Bald": 0.0017229041550308466, "Bangs": 0.0003173332370352, "Big_Lips": 0.04925105348229408, "Big_Nose": 0.02819688990712166, "Black_Hair": 0.051251716911792755, "Blond_Hair": 0.012823779135942459, "Blurry": 0.1328025907278061, "Brown_Hair": 0.025028925389051437, "Bushy_Eyebrows": 0.00011077953968197107, "Chubby": 0.03897140175104141, "Double_Chin": 0.007337413262575865, "Eyeglasses": 0.0014636018313467503, "Goatee": 0.00035712550743483007, "Gray_Hair": 0.008895616978406906, "Heavy_Makeup": 0.012872088700532913, "High_Cheekbones": 0.06980254501104355, "Male": 0.02814817987382412, "Mouth_Slightly_Open": 0.03299327567219734, "Mustache": 0.0006616107420995831, "Narrow_Eyes": 0.025444597005844116, "No_Beard": 0.9936228394508362, "Oval_Face": 0.4075523614883423, "Pale_Skin": 0.6437816619873047, "Pointy_Nose": 0.010565557517111301, "Receding_Hairline": 0.3580699563026428, "Rosy_Cheeks": 0.00017511361511424184, "Sideburns": 0.00045388174476101995, "Smiling": 0.0042031737975776196, "Straight_Hair": 0.3980746865272522, "Wavy_Hair": 0.008307080715894699, "Wearing_Earrings": 0.5346236228942871, "Wearing_Hat": 0.0005999691202305257, "Wearing_Lipstick": 0.06490666419267654, "Wearing_Necklace": 0.014367473311722279, "Wearing_Necktie": 0.010192439891397953, "Young": 0.39288201928138733, "df_race": "white", "df_race_prob": 89.89398358988566, "df_gender": "Woman", "df_gender_prob": 89.40770030021667, "df_age": 33, "df_emotion": "angry", "df_emotion_prob": 75.24648603838848}