{"name": "Gloria_Macapagal_Arroyo_0037.jpg", "5_o_Clock_Shadow": 0.0005819477373734117, "Arched_Eyebrows": 0.043309468775987625, "Attractive": 0.1532568335533142, "Bags_Under_Eyes": 0.2971080243587494, "Bald": 0.0008215604466386139, "Bangs": 0.003365027252584696, "Big_Lips": 0.05343029648065567, "Big_Nose": 0.05145755782723427, "Black_Hair": 0.1986740678548813, "Blond_Hair": 0.005781085230410099, "Blurry": 0.16480538249015808, "Brown_Hair": 0.02812657319009304, "Bushy_Eyebrows": 0.00032480506342835724, "Chubby": 0.09853509813547134, "Double_Chin": 0.018832679837942123, "Eyeglasses": 0.0004806803772225976, "Goatee": 0.0005059229442849755, "Gray_Hair": 0.0031360683497041464, "Heavy_Makeup": 0.008390789851546288, "High_Cheekbones": 0.9686421751976013, "Male": 0.01378911267966032, "Mouth_Slightly_Open": 0.928297221660614, "Mustache": 0.00029917850042693317, "Narrow_Eyes": 0.9153420329093933, "No_Beard": 0.9983289837837219, "Oval_Face": 0.3979026973247528, "Pale_Skin": 0.07058341056108475, "Pointy_Nose": 0.006754934787750244, "Receding_Hairline": 0.035421743988990784, "Rosy_Cheeks": 0.00010899228072958067, "Sideburns": 0.0004282798618078232, "Smiling": 0.9894885420799255, "Straight_Hair": 0.492256224155426, "Wavy_Hair": 0.017835328355431557, "Wearing_Earrings": 0.11323782056570053, "Wearing_Hat": 0.00047456874744966626, "Wearing_Lipstick": 0.03922956436872482, "Wearing_Necklace": 0.008647366426885128, "Wearing_Necktie": 0.0019498772453516722, "Young": 0.36526769399642944, "df_race": "asian", "df_race_prob": 78.31292489921151, "df_gender": "Woman", "df_gender_prob": 97.77355194091797, "df_age": 34, "df_emotion": "happy", "df_emotion_prob": 100.0}