{"name": "Gloria_Macapagal_Arroyo_0016.jpg", "5_o_Clock_Shadow": 0.0028270951006561518, "Arched_Eyebrows": 0.10497746616601944, "Attractive": 0.08911306411027908, "Bags_Under_Eyes": 0.3577292561531067, "Bald": 0.002769856248050928, "Bangs": 0.0009471826488152146, "Big_Lips": 0.04444658383727074, "Big_Nose": 0.10831177979707718, "Black_Hair": 0.3218858540058136, "Blond_Hair": 0.010249211452901363, "Blurry": 0.11421889066696167, "Brown_Hair": 0.019238902255892754, "Bushy_Eyebrows": 0.0003009814245160669, "Chubby": 0.16681630909442902, "Double_Chin": 0.04241003096103668, "Eyeglasses": 0.0014323975192382932, "Goatee": 0.001048131613060832, "Gray_Hair": 0.0031020226888358593, "Heavy_Makeup": 0.005353445187211037, "High_Cheekbones": 0.9796887040138245, "Male": 0.017664657905697823, "Mouth_Slightly_Open": 0.9981710910797119, "Mustache": 0.00041480278014205396, "Narrow_Eyes": 0.8990799188613892, "No_Beard": 0.9944832921028137, "Oval_Face": 0.4502023756504059, "Pale_Skin": 0.021017352119088173, "Pointy_Nose": 0.00792691670358181, "Receding_Hairline": 0.4386693835258484, "Rosy_Cheeks": 0.00021066439512651414, "Sideburns": 0.0017817409243434668, "Smiling": 0.9962384700775146, "Straight_Hair": 0.4919191002845764, "Wavy_Hair": 0.006260921712964773, "Wearing_Earrings": 0.4033168852329254, "Wearing_Hat": 0.0005891582695767283, "Wearing_Lipstick": 0.02407049760222435, "Wearing_Necklace": 0.019222600385546684, "Wearing_Necktie": 0.0017042957479134202, "Young": 0.5049480199813843, "df_race": "asian", "df_race_prob": 46.725436849918175, "df_gender": "Woman", "df_gender_prob": 91.1928117275238, "df_age": 25, "df_emotion": "happy", "df_emotion_prob": 99.99985098837918}