{"name": "Gordon_Brown_0009.jpg", "5_o_Clock_Shadow": 0.009690032340586185, "Arched_Eyebrows": 0.0008128479239530861, "Attractive": 0.007362615317106247, "Bags_Under_Eyes": 0.2185954600572586, "Bald": 0.0004340485611464828, "Bangs": 0.007785521913319826, "Big_Lips": 0.016786616295576096, "Big_Nose": 0.14047035574913025, "Black_Hair": 0.013119376264512539, "Blond_Hair": 0.0022559338249266148, "Blurry": 0.09730201214551926, "Brown_Hair": 0.03929423540830612, "Bushy_Eyebrows": 0.009869561530649662, "Chubby": 0.12877140939235687, "Double_Chin": 0.055737245827913284, "Eyeglasses": 0.0032301440369337797, "Goatee": 0.0003508133231662214, "Gray_Hair": 0.06045205891132355, "Heavy_Makeup": 0.00031447154469788074, "High_Cheekbones": 0.01541962195187807, "Male": 0.9983506202697754, "Mouth_Slightly_Open": 0.1271541714668274, "Mustache": 0.000818332307972014, "Narrow_Eyes": 0.42057111859321594, "No_Beard": 0.9953197836875916, "Oval_Face": 0.12175443768501282, "Pale_Skin": 0.017462298274040222, "Pointy_Nose": 0.008256680332124233, "Receding_Hairline": 0.0012266284320503473, "Rosy_Cheeks": 0.00012928554497193545, "Sideburns": 0.000917705474421382, "Smiling": 0.0023484062403440475, "Straight_Hair": 0.32361894845962524, "Wavy_Hair": 0.035728491842746735, "Wearing_Earrings": 0.0002133203379344195, "Wearing_Hat": 0.0008673748816363513, "Wearing_Lipstick": 0.0002517072425689548, "Wearing_Necklace": 0.0002261301560793072, "Wearing_Necktie": 0.7063844799995422, "Young": 0.03751349821686745, "df_race": "white", "df_race_prob": 94.03743147850037, "df_gender": "Man", "df_gender_prob": 99.99839067459106, "df_age": 48, "df_emotion": "angry", "df_emotion_prob": 41.35456085205078}