{"name": "Gray_Davis_0001.jpg", "5_o_Clock_Shadow": 0.00743234995752573, "Arched_Eyebrows": 0.0002087795437546447, "Attractive": 0.009563549421727657, "Bags_Under_Eyes": 0.25682544708251953, "Bald": 0.0031735531520098448, "Bangs": 0.0012870701029896736, "Big_Lips": 0.014725062996149063, "Big_Nose": 0.038271598517894745, "Black_Hair": 0.0015231030993163586, "Blond_Hair": 0.08277936279773712, "Blurry": 0.04442925006151199, "Brown_Hair": 0.0032181586138904095, "Bushy_Eyebrows": 0.0005870190798304975, "Chubby": 0.016638578847050667, "Double_Chin": 0.0116416709497571, "Eyeglasses": 0.006546189077198505, "Goatee": 0.0012994788121432066, "Gray_Hair": 0.6692743897438049, "Heavy_Makeup": 0.00032183178700506687, "High_Cheekbones": 0.0039511374197900295, "Male": 0.9990643858909607, "Mouth_Slightly_Open": 0.23777168989181519, "Mustache": 0.002018166473135352, "Narrow_Eyes": 0.10724359005689621, "No_Beard": 0.9898457527160645, "Oval_Face": 0.06438195705413818, "Pale_Skin": 0.02307773008942604, "Pointy_Nose": 0.03325202316045761, "Receding_Hairline": 0.024773115292191505, "Rosy_Cheeks": 9.670150029705837e-05, "Sideburns": 0.00231479131616652, "Smiling": 0.0008519214461557567, "Straight_Hair": 0.40069302916526794, "Wavy_Hair": 0.009941298514604568, "Wearing_Earrings": 0.0007720303838141263, "Wearing_Hat": 0.00023782544303685427, "Wearing_Lipstick": 0.00029667012859135866, "Wearing_Necklace": 0.00037801486905664206, "Wearing_Necktie": 0.5445945262908936, "Young": 0.03159106522798538, "df_race": "white", "df_race_prob": 69.23381090164185, "df_gender": "Man", "df_gender_prob": 99.99637603759766, "df_age": 28, "df_emotion": "sad", "df_emotion_prob": 93.00213968779322}