{"name": "Gray_Davis_0012.jpg", "5_o_Clock_Shadow": 0.004982560873031616, "Arched_Eyebrows": 0.00044542239629663527, "Attractive": 0.005979661364108324, "Bags_Under_Eyes": 0.14791062474250793, "Bald": 0.005716304760426283, "Bangs": 0.00048716727178543806, "Big_Lips": 0.018625879660248756, "Big_Nose": 0.1433270126581192, "Black_Hair": 0.004071251023560762, "Blond_Hair": 0.0061498964205384254, "Blurry": 0.11940012872219086, "Brown_Hair": 0.0014933071797713637, "Bushy_Eyebrows": 0.0007113933679647744, "Chubby": 0.0385202132165432, "Double_Chin": 0.023114074021577835, "Eyeglasses": 0.007133177947252989, "Goatee": 0.0011279849568381906, "Gray_Hair": 0.8590559959411621, "Heavy_Makeup": 0.00020968765602447093, "High_Cheekbones": 0.004504781682044268, "Male": 0.9991335272789001, "Mouth_Slightly_Open": 0.5088655352592468, "Mustache": 0.002746688202023506, "Narrow_Eyes": 0.08708471059799194, "No_Beard": 0.9885756373405457, "Oval_Face": 0.05345086008310318, "Pale_Skin": 0.08363603055477142, "Pointy_Nose": 0.023162055760622025, "Receding_Hairline": 0.15112943947315216, "Rosy_Cheeks": 5.081573181087151e-05, "Sideburns": 0.0017533721402287483, "Smiling": 0.0007691074861213565, "Straight_Hair": 0.43235692381858826, "Wavy_Hair": 0.00725474813953042, "Wearing_Earrings": 0.00042851874604821205, "Wearing_Hat": 0.00018258931231684983, "Wearing_Lipstick": 0.0002521838468965143, "Wearing_Necklace": 0.0004014720907434821, "Wearing_Necktie": 0.5738992094993591, "Young": 0.01689150556921959, "df_race": "asian", "df_race_prob": 46.865150706154026, "df_gender": "Man", "df_gender_prob": 99.9233603477478, "df_age": 35, "df_emotion": "angry", "df_emotion_prob": 91.86125494703592}