{"name": "Gray_Davis_0026.jpg", "5_o_Clock_Shadow": 0.014197670854628086, "Arched_Eyebrows": 0.0005722037167288363, "Attractive": 0.041553713381290436, "Bags_Under_Eyes": 0.11162668466567993, "Bald": 0.00618359399959445, "Bangs": 0.00021477998234331608, "Big_Lips": 0.008699142374098301, "Big_Nose": 0.05409682169556618, "Black_Hair": 0.0015464003663510084, "Blond_Hair": 0.03153470158576965, "Blurry": 0.026974324136972427, "Brown_Hair": 0.0016004940262064338, "Bushy_Eyebrows": 0.0003781204577535391, "Chubby": 0.004152263049036264, "Double_Chin": 0.004518387373536825, "Eyeglasses": 0.002087255008518696, "Goatee": 0.0005084966542199254, "Gray_Hair": 0.7578864693641663, "Heavy_Makeup": 0.00017209256475325674, "High_Cheekbones": 0.04322822764515877, "Male": 0.9982170462608337, "Mouth_Slightly_Open": 0.941288948059082, "Mustache": 0.00038433331064879894, "Narrow_Eyes": 0.1330902874469757, "No_Beard": 0.9936712980270386, "Oval_Face": 0.0528738833963871, "Pale_Skin": 0.02605035901069641, "Pointy_Nose": 0.0577235072851181, "Receding_Hairline": 0.18587912619113922, "Rosy_Cheeks": 0.00011888837616425008, "Sideburns": 0.0007714501698501408, "Smiling": 0.15554074943065643, "Straight_Hair": 0.48392781615257263, "Wavy_Hair": 0.003294101683422923, "Wearing_Earrings": 0.0012991366675123572, "Wearing_Hat": 0.00018672217265702784, "Wearing_Lipstick": 0.00020038110960740596, "Wearing_Necklace": 0.0011526384623721242, "Wearing_Necktie": 0.004806284327059984, "Young": 0.08158216625452042, "df_race": "white", "df_race_prob": 56.77872977003214, "df_gender": "Man", "df_gender_prob": 99.94245767593384, "df_age": 32, "df_emotion": "neutral", "df_emotion_prob": 79.22412753105164}