{"name": "Gray_Davis_0007.jpg", "5_o_Clock_Shadow": 0.022651636973023415, "Arched_Eyebrows": 0.0003455897676758468, "Attractive": 0.006145106628537178, "Bags_Under_Eyes": 0.19346393644809723, "Bald": 0.009553305804729462, "Bangs": 0.00050548737635836, "Big_Lips": 0.013604855164885521, "Big_Nose": 0.08729438483715057, "Black_Hair": 0.002103987615555525, "Blond_Hair": 0.01884915493428707, "Blurry": 0.252660870552063, "Brown_Hair": 0.001193654490634799, "Bushy_Eyebrows": 0.0007270797505043447, "Chubby": 0.017638009041547775, "Double_Chin": 0.013846402987837791, "Eyeglasses": 0.007734260521829128, "Goatee": 0.0009431339567527175, "Gray_Hair": 0.7784202098846436, "Heavy_Makeup": 7.423258648486808e-05, "High_Cheekbones": 0.0045195347629487514, "Male": 0.9995505213737488, "Mouth_Slightly_Open": 0.0491316020488739, "Mustache": 0.003258186625316739, "Narrow_Eyes": 0.020500212907791138, "No_Beard": 0.9737679958343506, "Oval_Face": 0.04932566359639168, "Pale_Skin": 0.03352203965187073, "Pointy_Nose": 0.03829198703169823, "Receding_Hairline": 0.13193754851818085, "Rosy_Cheeks": 3.363041832926683e-05, "Sideburns": 0.0025272569619119167, "Smiling": 0.0006211989093571901, "Straight_Hair": 0.5485705733299255, "Wavy_Hair": 0.002447729231789708, "Wearing_Earrings": 0.000540563662070781, "Wearing_Hat": 0.0007086158148013055, "Wearing_Lipstick": 9.652267908677459e-05, "Wearing_Necklace": 0.0002757608890533447, "Wearing_Necktie": 0.5134191513061523, "Young": 0.027837330475449562, "df_race": "white", "df_race_prob": 60.99867224693298, "df_gender": "Man", "df_gender_prob": 99.94819760322571, "df_age": 37, "df_emotion": "sad", "df_emotion_prob": 66.72177910804749}