{"name": "Gray_Davis_0009.jpg", "5_o_Clock_Shadow": 0.015359874814748764, "Arched_Eyebrows": 0.0003665712138172239, "Attractive": 0.009304446168243885, "Bags_Under_Eyes": 0.4390864670276642, "Bald": 0.010444874875247478, "Bangs": 0.0013826993526890874, "Big_Lips": 0.0164295956492424, "Big_Nose": 0.10840754956007004, "Black_Hair": 0.0016671553021296859, "Blond_Hair": 0.012537379749119282, "Blurry": 0.06490621715784073, "Brown_Hair": 0.0013912466820329428, "Bushy_Eyebrows": 0.0002457183145452291, "Chubby": 0.016081906855106354, "Double_Chin": 0.01059876848012209, "Eyeglasses": 0.010039133951067924, "Goatee": 0.0009616787428967655, "Gray_Hair": 0.740730345249176, "Heavy_Makeup": 6.074314296711236e-05, "High_Cheekbones": 0.006445351056754589, "Male": 0.9988306164741516, "Mouth_Slightly_Open": 0.006480500567704439, "Mustache": 0.0026942549739032984, "Narrow_Eyes": 0.03810187801718712, "No_Beard": 0.9841648936271667, "Oval_Face": 0.028952645137906075, "Pale_Skin": 0.03235085308551788, "Pointy_Nose": 0.02569589577615261, "Receding_Hairline": 0.0563872754573822, "Rosy_Cheeks": 4.371085742604919e-05, "Sideburns": 0.002972631948068738, "Smiling": 0.00113382819108665, "Straight_Hair": 0.7627577185630798, "Wavy_Hair": 0.0015846873866394162, "Wearing_Earrings": 0.00046501358156092465, "Wearing_Hat": 0.0004245321615599096, "Wearing_Lipstick": 7.724460010649636e-05, "Wearing_Necklace": 0.0003216262848582119, "Wearing_Necktie": 0.548755407333374, "Young": 0.026083866134285927, "df_race": "white", "df_race_prob": 88.94528150558472, "df_gender": "Man", "df_gender_prob": 99.97666478157043, "df_age": 38, "df_emotion": "sad", "df_emotion_prob": 79.1953193661761}