{"name": "Gregory_Hines_0001.jpg", "5_o_Clock_Shadow": 0.037202537059783936, "Arched_Eyebrows": 0.37365344166755676, "Attractive": 0.009745662100613117, "Bags_Under_Eyes": 0.10431882739067078, "Bald": 0.03017059899866581, "Bangs": 0.000777419307269156, "Big_Lips": 0.3656456172466278, "Big_Nose": 0.31305110454559326, "Black_Hair": 0.567368745803833, "Blond_Hair": 0.0011579731944948435, "Blurry": 0.5442227721214294, "Brown_Hair": 0.0020615041721612215, "Bushy_Eyebrows": 0.1517135351896286, "Chubby": 0.10263247787952423, "Double_Chin": 0.053784050047397614, "Eyeglasses": 0.9804841876029968, "Goatee": 0.13199232518672943, "Gray_Hair": 0.00586194172501564, "Heavy_Makeup": 0.00029162404825910926, "High_Cheekbones": 0.05560332164168358, "Male": 0.9970634579658508, "Mouth_Slightly_Open": 0.08939608931541443, "Mustache": 0.9333553910255432, "Narrow_Eyes": 0.031138136982917786, "No_Beard": 0.02305498905479908, "Oval_Face": 0.061773501336574554, "Pale_Skin": 0.0017360127530992031, "Pointy_Nose": 0.18883424997329712, "Receding_Hairline": 0.14676758646965027, "Rosy_Cheeks": 0.00028666871367022395, "Sideburns": 0.006656361743807793, "Smiling": 0.25957390666007996, "Straight_Hair": 0.09599959850311279, "Wavy_Hair": 0.009162281639873981, "Wearing_Earrings": 0.031001605093479156, "Wearing_Hat": 0.0136288832873106, "Wearing_Lipstick": 0.0029547950252890587, "Wearing_Necklace": 0.14643938839435577, "Wearing_Necktie": 0.015323649160563946, "Young": 0.1903095245361328, "df_race": "middle eastern", "df_race_prob": 31.660303473472595, "df_gender": "Man", "df_gender_prob": 99.90960359573364, "df_age": 36, "df_emotion": "surprise", "df_emotion_prob": 75.72030280353444}