{"name": "Gregg_Berhalter_0001.jpg", "5_o_Clock_Shadow": 0.08718592673540115, "Arched_Eyebrows": 0.0025285303127020597, "Attractive": 0.005033474415540695, "Bags_Under_Eyes": 0.048997100442647934, "Bald": 0.0009132374543696642, "Bangs": 0.0014348302502185106, "Big_Lips": 0.010875626467168331, "Big_Nose": 0.01853545755147934, "Black_Hair": 0.0008187804487533867, "Blond_Hair": 0.3343498110771179, "Blurry": 0.4996672570705414, "Brown_Hair": 0.013809793628752232, "Bushy_Eyebrows": 0.0007963671232573688, "Chubby": 0.005511756520718336, "Double_Chin": 0.006223161704838276, "Eyeglasses": 0.0013108772691339254, "Goatee": 0.004274113569408655, "Gray_Hair": 0.13465666770935059, "Heavy_Makeup": 0.00023389485431835055, "High_Cheekbones": 0.06444412469863892, "Male": 0.9954793453216553, "Mouth_Slightly_Open": 0.9761608242988586, "Mustache": 0.0018817998934537172, "Narrow_Eyes": 0.13841991126537323, "No_Beard": 0.9049636721611023, "Oval_Face": 0.02813473902642727, "Pale_Skin": 0.005453894380480051, "Pointy_Nose": 0.08775191754102707, "Receding_Hairline": 0.010682585649192333, "Rosy_Cheeks": 0.00010427257075207308, "Sideburns": 0.004063175525516272, "Smiling": 0.010536097921431065, "Straight_Hair": 0.2120903730392456, "Wavy_Hair": 0.051060665398836136, "Wearing_Earrings": 0.003516091499477625, "Wearing_Hat": 0.0013987028505653143, "Wearing_Lipstick": 0.00011869184527313337, "Wearing_Necklace": 0.003033621236681938, "Wearing_Necktie": 0.0017762825591489673, "Young": 0.46644291281700134, "df_race": "white", "df_race_prob": 46.4710533618927, "df_gender": "Man", "df_gender_prob": 99.92963075637817, "df_age": 33, "df_emotion": "sad", "df_emotion_prob": 58.58765942903273}