{"name": "Gro_Harlem_Brundtland_0001.jpg", "5_o_Clock_Shadow": 0.0004482739313971251, "Arched_Eyebrows": 0.019850078970193863, "Attractive": 0.003941196482628584, "Bags_Under_Eyes": 0.26695021986961365, "Bald": 0.0008454346680082381, "Bangs": 0.10202077776193619, "Big_Lips": 0.017546484246850014, "Big_Nose": 0.04145441949367523, "Black_Hair": 0.0009826949099078774, "Blond_Hair": 0.3997398018836975, "Blurry": 0.09453534334897995, "Brown_Hair": 0.006338954903185368, "Bushy_Eyebrows": 4.047300899401307e-05, "Chubby": 0.11628458648920059, "Double_Chin": 0.045806821435689926, "Eyeglasses": 0.011653461493551731, "Goatee": 0.00031753451912663877, "Gray_Hair": 0.5912281274795532, "Heavy_Makeup": 0.002750348998233676, "High_Cheekbones": 0.08097577095031738, "Male": 0.10996706783771515, "Mouth_Slightly_Open": 0.712096631526947, "Mustache": 0.0004758379654958844, "Narrow_Eyes": 0.00705989683046937, "No_Beard": 0.9972737431526184, "Oval_Face": 0.128543883562088, "Pale_Skin": 0.041402291506528854, "Pointy_Nose": 0.0272767785936594, "Receding_Hairline": 0.010926985181868076, "Rosy_Cheeks": 0.00023614820383954793, "Sideburns": 0.0006966909277252853, "Smiling": 0.008852118626236916, "Straight_Hair": 0.045722607523202896, "Wavy_Hair": 0.14489425718784332, "Wearing_Earrings": 0.09101570397615433, "Wearing_Hat": 0.00040044976049102843, "Wearing_Lipstick": 0.011513737961649895, "Wearing_Necklace": 0.37728041410446167, "Wearing_Necktie": 0.0012124584754928946, "Young": 0.012825657613575459, "df_race": "white", "df_race_prob": 95.2989399433136, "df_gender": "Man", "df_gender_prob": 65.97391366958618, "df_age": 46, "df_emotion": "happy", "df_emotion_prob": 67.28035807609558}