{"name": "Guillermo_Monroy_0001.jpg", "5_o_Clock_Shadow": 0.0032117776572704315, "Arched_Eyebrows": 0.0027116884011775255, "Attractive": 0.0015109758824110031, "Bags_Under_Eyes": 0.1570628583431244, "Bald": 0.2172628939151764, "Bangs": 0.0024588655214756727, "Big_Lips": 0.022550281137228012, "Big_Nose": 0.12141036242246628, "Black_Hair": 0.002339725149795413, "Blond_Hair": 0.012757896445691586, "Blurry": 0.9041685461997986, "Brown_Hair": 0.0010456149466335773, "Bushy_Eyebrows": 0.04245360568165779, "Chubby": 0.18132616579532623, "Double_Chin": 0.012936251237988472, "Eyeglasses": 0.9397000074386597, "Goatee": 0.13031774759292603, "Gray_Hair": 0.41461384296417236, "Heavy_Makeup": 0.00021298641513567418, "High_Cheekbones": 0.06363040208816528, "Male": 0.9863132238388062, "Mouth_Slightly_Open": 0.052265167236328125, "Mustache": 0.11032173782587051, "Narrow_Eyes": 0.30711546540260315, "No_Beard": 0.12670211493968964, "Oval_Face": 0.09396582096815109, "Pale_Skin": 0.008120290003716946, "Pointy_Nose": 0.01930290088057518, "Receding_Hairline": 0.5353162288665771, "Rosy_Cheeks": 0.00018338266818318516, "Sideburns": 0.3752388656139374, "Smiling": 0.15748171508312225, "Straight_Hair": 0.00962445791810751, "Wavy_Hair": 0.023080451413989067, "Wearing_Earrings": 0.0009971632389351726, "Wearing_Hat": 0.011827250011265278, "Wearing_Lipstick": 0.00022126169642433524, "Wearing_Necklace": 0.0039232149720191956, "Wearing_Necktie": 0.042972784489393234, "Young": 0.013673024252057076, "df_race": "white", "df_race_prob": 24.479466676712036, "df_gender": "Man", "df_gender_prob": 99.69520568847656, "df_age": 40, "df_emotion": "happy", "df_emotion_prob": 89.71508618773058}