{"name": "Guillaume_Depardieu_0001.jpg", "5_o_Clock_Shadow": 0.11916349828243256, "Arched_Eyebrows": 0.0004995350609533489, "Attractive": 0.046586472541093826, "Bags_Under_Eyes": 0.131887286901474, "Bald": 0.000802846800070256, "Bangs": 0.0017672484973445535, "Big_Lips": 0.01895463652908802, "Big_Nose": 0.25723159313201904, "Black_Hair": 0.0008872548351064324, "Blond_Hair": 0.05045787990093231, "Blurry": 0.30588117241859436, "Brown_Hair": 0.0068911355920135975, "Bushy_Eyebrows": 0.0007130263838917017, "Chubby": 0.02718956209719181, "Double_Chin": 0.013527986593544483, "Eyeglasses": 0.0013741865986958146, "Goatee": 0.00031218514777719975, "Gray_Hair": 0.3789876401424408, "Heavy_Makeup": 0.00011275736324023455, "High_Cheekbones": 0.04321373626589775, "Male": 0.9993188381195068, "Mouth_Slightly_Open": 0.0063176327385008335, "Mustache": 0.001008345978334546, "Narrow_Eyes": 0.20400284230709076, "No_Beard": 0.974135160446167, "Oval_Face": 0.06327644735574722, "Pale_Skin": 0.03453811630606651, "Pointy_Nose": 0.10324464738368988, "Receding_Hairline": 0.006721310783177614, "Rosy_Cheeks": 0.0002151768421754241, "Sideburns": 0.0005821895902045071, "Smiling": 0.036826472729444504, "Straight_Hair": 0.09964445233345032, "Wavy_Hair": 0.11506926268339157, "Wearing_Earrings": 0.0005221653264015913, "Wearing_Hat": 0.0001993959303945303, "Wearing_Lipstick": 0.00015946684288792312, "Wearing_Necklace": 0.0006557556916959584, "Wearing_Necktie": 0.016085650771856308, "Young": 0.11609809845685959, "df_race": "white", "df_race_prob": 40.69981276988983, "df_gender": "Man", "df_gender_prob": 99.90676045417786, "df_age": 28, "df_emotion": "neutral", "df_emotion_prob": 34.84776020050049}