{"name": "Guillermo_Coria_0009.jpg", "5_o_Clock_Shadow": 0.009405424818396568, "Arched_Eyebrows": 0.002116556279361248, "Attractive": 0.01308841910213232, "Bags_Under_Eyes": 0.01926107332110405, "Bald": 0.0004467444377951324, "Bangs": 0.025903945788741112, "Big_Lips": 0.0038896091282367706, "Big_Nose": 0.008826084434986115, "Black_Hair": 0.0007593947811983526, "Blond_Hair": 0.08380021899938583, "Blurry": 0.1540500968694687, "Brown_Hair": 0.06409387290477753, "Bushy_Eyebrows": 0.0028988225385546684, "Chubby": 0.003950402140617371, "Double_Chin": 0.0016740669962018728, "Eyeglasses": 0.000997093040496111, "Goatee": 0.0006072399555705488, "Gray_Hair": 0.028902174904942513, "Heavy_Makeup": 0.0004664841981139034, "High_Cheekbones": 0.042263250797986984, "Male": 0.9508287906646729, "Mouth_Slightly_Open": 0.5632750391960144, "Mustache": 0.00019726155733224005, "Narrow_Eyes": 0.6864657402038574, "No_Beard": 0.9942308664321899, "Oval_Face": 0.21454283595085144, "Pale_Skin": 0.010226145386695862, "Pointy_Nose": 0.01626104675233364, "Receding_Hairline": 0.0016104240203276277, "Rosy_Cheeks": 0.00011124912271043286, "Sideburns": 0.0009833931690081954, "Smiling": 0.005906553938984871, "Straight_Hair": 0.35616132616996765, "Wavy_Hair": 0.024725154042243958, "Wearing_Earrings": 0.002505215350538492, "Wearing_Hat": 0.0008819649228826165, "Wearing_Lipstick": 0.00023594700905960053, "Wearing_Necklace": 0.01160726509988308, "Wearing_Necktie": 0.0005429206066764891, "Young": 0.9048134684562683, "df_race": "white", "df_race_prob": 77.81000997900844, "df_gender": "Man", "df_gender_prob": 99.05855059623718, "df_age": 27, "df_emotion": "angry", "df_emotion_prob": 30.755922198295593}