{"name": "Guillermo_Coria_0014.jpg", "5_o_Clock_Shadow": 0.004241079557687044, "Arched_Eyebrows": 0.002555522136390209, "Attractive": 0.014612519182264805, "Bags_Under_Eyes": 0.023953523486852646, "Bald": 0.005630948580801487, "Bangs": 0.0010378852020949125, "Big_Lips": 0.0022197982762008905, "Big_Nose": 0.006229378283023834, "Black_Hair": 0.0016332484083250165, "Blond_Hair": 0.012671593576669693, "Blurry": 0.13445620238780975, "Brown_Hair": 0.0099648954346776, "Bushy_Eyebrows": 0.001805831678211689, "Chubby": 0.017766421660780907, "Double_Chin": 0.004631392657756805, "Eyeglasses": 0.001538064912892878, "Goatee": 0.00041647639591246843, "Gray_Hair": 0.0017442061798647046, "Heavy_Makeup": 0.0013664255384355783, "High_Cheekbones": 0.19750554859638214, "Male": 0.4050115942955017, "Mouth_Slightly_Open": 0.6817958950996399, "Mustache": 0.0002330669667571783, "Narrow_Eyes": 0.7236906290054321, "No_Beard": 0.9963766932487488, "Oval_Face": 0.32651418447494507, "Pale_Skin": 0.014093794859945774, "Pointy_Nose": 0.022910187020897865, "Receding_Hairline": 0.004834686405956745, "Rosy_Cheeks": 0.00021668800036422908, "Sideburns": 0.00101069500669837, "Smiling": 0.01937198080122471, "Straight_Hair": 0.012120586819946766, "Wavy_Hair": 0.003292999928817153, "Wearing_Earrings": 0.023795150220394135, "Wearing_Hat": 0.9629054665565491, "Wearing_Lipstick": 0.0019183389376848936, "Wearing_Necklace": 0.010197660885751247, "Wearing_Necktie": 0.0007226800080388784, "Young": 0.9743711948394775, "df_race": "white", "df_race_prob": 54.14722561836243, "df_gender": "Man", "df_gender_prob": 99.80144500732422, "df_age": 29, "df_emotion": "neutral", "df_emotion_prob": 65.04579782485962}