{"name": "Gus_Van_Sant_0001.jpg", "5_o_Clock_Shadow": 0.011560656130313873, "Arched_Eyebrows": 0.0012899412540718913, "Attractive": 0.012169424444437027, "Bags_Under_Eyes": 0.14697939157485962, "Bald": 0.0008372236043214798, "Bangs": 0.0062902867794036865, "Big_Lips": 0.018489733338356018, "Big_Nose": 0.10437767952680588, "Black_Hair": 0.01512614544481039, "Blond_Hair": 0.004289618693292141, "Blurry": 0.14792992174625397, "Brown_Hair": 0.26067644357681274, "Bushy_Eyebrows": 0.035762395709753036, "Chubby": 0.08046136051416397, "Double_Chin": 0.0634029433131218, "Eyeglasses": 0.0033828262239694595, "Goatee": 0.00046006328193470836, "Gray_Hair": 0.01658249832689762, "Heavy_Makeup": 0.00030223483918234706, "High_Cheekbones": 0.07882969081401825, "Male": 0.9950790405273438, "Mouth_Slightly_Open": 0.001513937721028924, "Mustache": 0.0012493707472458482, "Narrow_Eyes": 0.014016635715961456, "No_Beard": 0.9936849474906921, "Oval_Face": 0.08479420095682144, "Pale_Skin": 0.027539728209376335, "Pointy_Nose": 0.005703505594283342, "Receding_Hairline": 0.004454516340047121, "Rosy_Cheeks": 0.00013780908193439245, "Sideburns": 0.0005037605878897011, "Smiling": 0.007053398061543703, "Straight_Hair": 0.8623242378234863, "Wavy_Hair": 0.007226938381791115, "Wearing_Earrings": 0.0007570847519673407, "Wearing_Hat": 0.0006124465726315975, "Wearing_Lipstick": 0.000527354481164366, "Wearing_Necklace": 0.0002980954013764858, "Wearing_Necktie": 0.5299748182296753, "Young": 0.05795476213097572, "df_race": "white", "df_race_prob": 53.476935625076294, "df_gender": "Man", "df_gender_prob": 99.99833106994629, "df_age": 30, "df_emotion": "neutral", "df_emotion_prob": 96.88069857589024}