{"name": "Gustavo_Kuerten_0001.jpg", "5_o_Clock_Shadow": 0.18861964344978333, "Arched_Eyebrows": 0.0037769435439258814, "Attractive": 0.014616452157497406, "Bags_Under_Eyes": 0.04604949429631233, "Bald": 0.0004432901041582227, "Bangs": 0.010449330322444439, "Big_Lips": 0.0011397397611290216, "Big_Nose": 0.005542308557778597, "Black_Hair": 0.0011608756612986326, "Blond_Hair": 0.1591467410326004, "Blurry": 0.5178317427635193, "Brown_Hair": 0.11893011629581451, "Bushy_Eyebrows": 0.010445382446050644, "Chubby": 0.0029724750202149153, "Double_Chin": 0.0020111086778342724, "Eyeglasses": 0.0016948871780186892, "Goatee": 0.009017888456583023, "Gray_Hair": 0.016963914036750793, "Heavy_Makeup": 0.0004950170987285674, "High_Cheekbones": 0.0981266126036644, "Male": 0.9969344139099121, "Mouth_Slightly_Open": 0.20705117285251617, "Mustache": 0.0030010154005140066, "Narrow_Eyes": 0.22563380002975464, "No_Beard": 0.6894428133964539, "Oval_Face": 0.19330118596553802, "Pale_Skin": 0.002794352825731039, "Pointy_Nose": 0.04048819839954376, "Receding_Hairline": 0.0025631922762840986, "Rosy_Cheeks": 0.00013247593597043306, "Sideburns": 0.008747032843530178, "Smiling": 0.026565145701169968, "Straight_Hair": 0.014858581125736237, "Wavy_Hair": 0.6384668350219727, "Wearing_Earrings": 0.001049851649440825, "Wearing_Hat": 0.0006248501013033092, "Wearing_Lipstick": 0.00011276952864136547, "Wearing_Necklace": 0.004598298575729132, "Wearing_Necktie": 0.0009457888081669807, "Young": 0.8444730043411255, "df_race": "white", "df_race_prob": 99.99401569366455, "df_gender": "Man", "df_gender_prob": 99.99008178710938, "df_age": 23, "df_emotion": "neutral", "df_emotion_prob": 37.32028158661347}