{"name": "Habib_Rizieq_0002.jpg", "5_o_Clock_Shadow": 0.02497846819460392, "Arched_Eyebrows": 0.003633506828919053, "Attractive": 0.007363968063145876, "Bags_Under_Eyes": 0.031650152057409286, "Bald": 0.08556181937456131, "Bangs": 0.00012011185026494786, "Big_Lips": 0.06228259950876236, "Big_Nose": 0.09897030889987946, "Black_Hair": 0.01236277911812067, "Blond_Hair": 0.0025379403959959745, "Blurry": 0.10177590698003769, "Brown_Hair": 0.0004144906997680664, "Bushy_Eyebrows": 0.11543937027454376, "Chubby": 0.045078977942466736, "Double_Chin": 0.017470840364694595, "Eyeglasses": 0.9828383922576904, "Goatee": 0.7149155735969543, "Gray_Hair": 0.005269235465675592, "Heavy_Makeup": 0.0001388348318869248, "High_Cheekbones": 0.010236434638500214, "Male": 0.9986697435379028, "Mouth_Slightly_Open": 0.044982634484767914, "Mustache": 0.5764453411102295, "Narrow_Eyes": 0.053853943943977356, "No_Beard": 0.02006400190293789, "Oval_Face": 0.09383343905210495, "Pale_Skin": 0.004034330137073994, "Pointy_Nose": 0.023630402982234955, "Receding_Hairline": 0.04511077329516411, "Rosy_Cheeks": 4.7354660637211055e-05, "Sideburns": 0.06887688487768173, "Smiling": 0.003456774167716503, "Straight_Hair": 0.014953727833926678, "Wavy_Hair": 0.0017502300906926394, "Wearing_Earrings": 0.0017914659110829234, "Wearing_Hat": 0.3568134605884552, "Wearing_Lipstick": 0.000334649725118652, "Wearing_Necklace": 0.003753155702725053, "Wearing_Necktie": 0.0057182349264621735, "Young": 0.14814706146717072, "df_race": "latino hispanic", "df_race_prob": 24.049285054206848, "df_gender": "Man", "df_gender_prob": 99.8689591884613, "df_age": 28, "df_emotion": "sad", "df_emotion_prob": 38.30012609363354}