{"name": "Halle_Berry_0002.jpg", "5_o_Clock_Shadow": 0.0013848874950781465, "Arched_Eyebrows": 0.013732686638832092, "Attractive": 0.06386301666498184, "Bags_Under_Eyes": 0.00957406498491764, "Bald": 0.00015327071014326066, "Bangs": 0.0015913069946691394, "Big_Lips": 0.08640749007463455, "Big_Nose": 0.013052994385361671, "Black_Hair": 0.0017479206435382366, "Blond_Hair": 0.05409396439790726, "Blurry": 0.6333619356155396, "Brown_Hair": 0.040590930730104446, "Bushy_Eyebrows": 0.00041658960981294513, "Chubby": 0.00498034106567502, "Double_Chin": 0.0018093392718583345, "Eyeglasses": 0.0003499788581393659, "Goatee": 0.00011425925185903907, "Gray_Hair": 0.022699866443872452, "Heavy_Makeup": 0.005285566207021475, "High_Cheekbones": 0.13985972106456757, "Male": 0.1408367156982422, "Mouth_Slightly_Open": 0.8977853059768677, "Mustache": 0.00021205675147939473, "Narrow_Eyes": 0.037438616156578064, "No_Beard": 0.9980272650718689, "Oval_Face": 0.12278879433870316, "Pale_Skin": 0.007536106277257204, "Pointy_Nose": 0.04488370567560196, "Receding_Hairline": 0.02657185308635235, "Rosy_Cheeks": 0.0001946513948496431, "Sideburns": 0.00017303621280007064, "Smiling": 0.03488006815314293, "Straight_Hair": 0.08582618087530136, "Wavy_Hair": 0.11168385297060013, "Wearing_Earrings": 0.05819181352853775, "Wearing_Hat": 0.000142355274874717, "Wearing_Lipstick": 0.015595406293869019, "Wearing_Necklace": 0.03852531686425209, "Wearing_Necktie": 0.00023027365386951715, "Young": 0.6414474248886108, "df_race": "latino hispanic", "df_race_prob": 32.48332440853119, "df_gender": "Woman", "df_gender_prob": 99.84933137893677, "df_age": 33, "df_emotion": "disgust", "df_emotion_prob": 47.05785810947418}