{"name": "Halle_Berry_0006.jpg", "5_o_Clock_Shadow": 0.0016276203095912933, "Arched_Eyebrows": 0.5139806866645813, "Attractive": 0.2726956009864807, "Bags_Under_Eyes": 0.06923593580722809, "Bald": 0.0001391457481076941, "Bangs": 0.016933303326368332, "Big_Lips": 0.17074830830097198, "Big_Nose": 0.10374217480421066, "Black_Hair": 0.003563406178727746, "Blond_Hair": 0.08618495613336563, "Blurry": 0.716833770275116, "Brown_Hair": 0.08424732089042664, "Bushy_Eyebrows": 0.0037963036447763443, "Chubby": 0.003011288121342659, "Double_Chin": 0.0017993212677538395, "Eyeglasses": 0.00022815768897999078, "Goatee": 0.0005629059742204845, "Gray_Hair": 0.004008758347481489, "Heavy_Makeup": 0.06561291962862015, "High_Cheekbones": 0.9425370693206787, "Male": 0.005847401916980743, "Mouth_Slightly_Open": 0.9981690645217896, "Mustache": 0.0004983698599971831, "Narrow_Eyes": 0.021606791764497757, "No_Beard": 0.9958213567733765, "Oval_Face": 0.16193655133247375, "Pale_Skin": 0.01002185046672821, "Pointy_Nose": 0.022937769070267677, "Receding_Hairline": 0.009412557817995548, "Rosy_Cheeks": 0.0004903649678453803, "Sideburns": 0.00038691709050908685, "Smiling": 0.990239143371582, "Straight_Hair": 0.0016204988351091743, "Wavy_Hair": 0.773043155670166, "Wearing_Earrings": 0.4857696294784546, "Wearing_Hat": 0.0008271544938907027, "Wearing_Lipstick": 0.3185359835624695, "Wearing_Necklace": 0.13050952553749084, "Wearing_Necktie": 0.00015069681103341281, "Young": 0.5490663051605225, "df_race": "black", "df_race_prob": 69.70863342285156, "df_gender": "Woman", "df_gender_prob": 98.74676465988159, "df_age": 33, "df_emotion": "happy", "df_emotion_prob": 95.8024799823761}