{"name": "Halle_Berry_0007.jpg", "5_o_Clock_Shadow": 0.0012694254983216524, "Arched_Eyebrows": 0.6655110120773315, "Attractive": 0.3236744701862335, "Bags_Under_Eyes": 0.15677103400230408, "Bald": 0.00010532957094255835, "Bangs": 0.19768980145454407, "Big_Lips": 0.35268551111221313, "Big_Nose": 0.37296822667121887, "Black_Hair": 0.008050954900681973, "Blond_Hair": 0.01585371419787407, "Blurry": 0.20323051512241364, "Brown_Hair": 0.11617358028888702, "Bushy_Eyebrows": 0.0012902042362838984, "Chubby": 0.0026632940862327814, "Double_Chin": 0.002290094504132867, "Eyeglasses": 0.0001275265822187066, "Goatee": 0.0003962368064094335, "Gray_Hair": 0.0012076384155079722, "Heavy_Makeup": 0.08695651590824127, "High_Cheekbones": 0.9858312606811523, "Male": 0.006108576897531748, "Mouth_Slightly_Open": 0.9972201585769653, "Mustache": 0.0007842959021218121, "Narrow_Eyes": 0.009886303916573524, "No_Beard": 0.9972033500671387, "Oval_Face": 0.08380613476037979, "Pale_Skin": 0.0014123336877673864, "Pointy_Nose": 0.030795343220233917, "Receding_Hairline": 0.005079342983663082, "Rosy_Cheeks": 0.0007583274855278432, "Sideburns": 0.00024204215151257813, "Smiling": 0.9981631636619568, "Straight_Hair": 0.0010920907370746136, "Wavy_Hair": 0.8237828016281128, "Wearing_Earrings": 0.685329258441925, "Wearing_Hat": 0.0005735690938308835, "Wearing_Lipstick": 0.6763418912887573, "Wearing_Necklace": 0.11979047954082489, "Wearing_Necktie": 0.00011282211198704317, "Young": 0.5274457335472107, "df_race": "black", "df_race_prob": 98.6381471157074, "df_gender": "Woman", "df_gender_prob": 95.89775204658508, "df_age": 26, "df_emotion": "happy", "df_emotion_prob": 99.87272620201111}