{"name": "Halle_Berry_0015.jpg", "5_o_Clock_Shadow": 0.005259871482849121, "Arched_Eyebrows": 0.08879083395004272, "Attractive": 0.3285015821456909, "Bags_Under_Eyes": 0.19853109121322632, "Bald": 0.00036335652112029493, "Bangs": 0.0023824027739465237, "Big_Lips": 0.23406171798706055, "Big_Nose": 0.10813729465007782, "Black_Hair": 0.005384720861911774, "Blond_Hair": 0.01753251627087593, "Blurry": 0.7194671630859375, "Brown_Hair": 0.10704989731311798, "Bushy_Eyebrows": 0.0007841475890018046, "Chubby": 0.005010015796869993, "Double_Chin": 0.001308441162109375, "Eyeglasses": 0.0003814039228018373, "Goatee": 0.00036846756120212376, "Gray_Hair": 0.0032348851673305035, "Heavy_Makeup": 0.0013518056366592646, "High_Cheekbones": 0.6235129237174988, "Male": 0.24474355578422546, "Mouth_Slightly_Open": 0.990557074546814, "Mustache": 0.0006330781034193933, "Narrow_Eyes": 0.6954396963119507, "No_Beard": 0.9923231601715088, "Oval_Face": 0.09146381169557571, "Pale_Skin": 0.01272685918956995, "Pointy_Nose": 0.07248326390981674, "Receding_Hairline": 0.029171431437134743, "Rosy_Cheeks": 8.637831342639402e-05, "Sideburns": 0.00035502391983754933, "Smiling": 0.9892787337303162, "Straight_Hair": 0.013659032061696053, "Wavy_Hair": 0.271895170211792, "Wearing_Earrings": 0.012097888626158237, "Wearing_Hat": 0.00024630469852127135, "Wearing_Lipstick": 0.009627417661249638, "Wearing_Necklace": 0.014923928305506706, "Wearing_Necktie": 0.0006646328256465495, "Young": 0.784003734588623, "df_race": "black", "df_race_prob": 51.196640729904175, "df_gender": "Woman", "df_gender_prob": 89.38778042793274, "df_age": 29, "df_emotion": "happy", "df_emotion_prob": 97.7113127708435}