{"name": "Hamid_Karzai_0007.jpg", "5_o_Clock_Shadow": 0.055709872394800186, "Arched_Eyebrows": 0.00787400547415018, "Attractive": 0.02441370114684105, "Bags_Under_Eyes": 0.1130366101861, "Bald": 0.004745969548821449, "Bangs": 0.0007082248339429498, "Big_Lips": 0.08942580968141556, "Big_Nose": 0.2602287828922272, "Black_Hair": 0.0016666505252942443, "Blond_Hair": 0.0012700132792815566, "Blurry": 0.14092734456062317, "Brown_Hair": 0.0015245527029037476, "Bushy_Eyebrows": 0.01884191669523716, "Chubby": 0.011170212179422379, "Double_Chin": 0.00130374263972044, "Eyeglasses": 0.0022293110378086567, "Goatee": 0.3197052776813507, "Gray_Hair": 0.0130937984213233, "Heavy_Makeup": 0.00039725343231111765, "High_Cheekbones": 0.0035623395815491676, "Male": 0.9974201917648315, "Mouth_Slightly_Open": 0.004165098536759615, "Mustache": 0.39464807510375977, "Narrow_Eyes": 0.010656145401299, "No_Beard": 0.03191876411437988, "Oval_Face": 0.018193785101175308, "Pale_Skin": 0.002451375126838684, "Pointy_Nose": 0.08776218444108963, "Receding_Hairline": 0.004702684469521046, "Rosy_Cheeks": 5.457059160107747e-05, "Sideburns": 0.8701044321060181, "Smiling": 0.00020031978783663362, "Straight_Hair": 0.009704726748168468, "Wavy_Hair": 0.0028508231043815613, "Wearing_Earrings": 0.0014784111408516765, "Wearing_Hat": 0.5245253443717957, "Wearing_Lipstick": 0.00041720757144503295, "Wearing_Necklace": 0.001498792669735849, "Wearing_Necktie": 0.031033828854560852, "Young": 0.2385994791984558, "df_race": "middle eastern", "df_race_prob": 41.711148125597724, "df_gender": "Man", "df_gender_prob": 99.98602867126465, "df_age": 47, "df_emotion": "neutral", "df_emotion_prob": 47.069284319877625}