{"name": "Hamid_Karzai_0019.jpg", "5_o_Clock_Shadow": 0.16518723964691162, "Arched_Eyebrows": 0.0011613646056503057, "Attractive": 0.01619776524603367, "Bags_Under_Eyes": 0.2693301737308502, "Bald": 0.782196581363678, "Bangs": 0.003927534446120262, "Big_Lips": 0.029193634167313576, "Big_Nose": 0.2365274578332901, "Black_Hair": 0.0006092721014283597, "Blond_Hair": 0.001372272614389658, "Blurry": 0.4888002574443817, "Brown_Hair": 0.0017493347404524684, "Bushy_Eyebrows": 0.000876306788995862, "Chubby": 0.03220479190349579, "Double_Chin": 0.029078053310513496, "Eyeglasses": 0.00433530006557703, "Goatee": 0.2083764672279358, "Gray_Hair": 0.1677788496017456, "Heavy_Makeup": 5.336019239621237e-05, "High_Cheekbones": 0.02034788765013218, "Male": 0.9994268417358398, "Mouth_Slightly_Open": 0.06937428563833237, "Mustache": 0.05027668550610542, "Narrow_Eyes": 0.3329372704029083, "No_Beard": 0.21415705978870392, "Oval_Face": 0.02454792708158493, "Pale_Skin": 0.0012398508843034506, "Pointy_Nose": 0.41560059785842896, "Receding_Hairline": 0.08125027269124985, "Rosy_Cheeks": 0.000141792930662632, "Sideburns": 0.2029024213552475, "Smiling": 0.21790707111358643, "Straight_Hair": 0.010035802610218525, "Wavy_Hair": 0.0045299106277525425, "Wearing_Earrings": 0.0010081606451421976, "Wearing_Hat": 0.006301963236182928, "Wearing_Lipstick": 0.0001024575176415965, "Wearing_Necklace": 0.0013742062728852034, "Wearing_Necktie": 0.19440728425979614, "Young": 0.041820116341114044, "df_race": "black", "df_race_prob": 56.01910280953612, "df_gender": "Man", "df_gender_prob": 99.89318251609802, "df_age": 39, "df_emotion": "neutral", "df_emotion_prob": 84.96572971343994}