{"name": "Hamzah_Haz_0001.jpg", "5_o_Clock_Shadow": 0.0040097106248140335, "Arched_Eyebrows": 0.0020959237590432167, "Attractive": 0.0029808201361447573, "Bags_Under_Eyes": 0.5184631943702698, "Bald": 0.003597803646698594, "Bangs": 0.0005730092525482178, "Big_Lips": 0.056765541434288025, "Big_Nose": 0.12250693142414093, "Black_Hair": 0.009255227632820606, "Blond_Hair": 0.0019940929487347603, "Blurry": 0.04035668447613716, "Brown_Hair": 0.0012404468143358827, "Bushy_Eyebrows": 0.00021915201796218753, "Chubby": 0.11588375270366669, "Double_Chin": 0.04623140022158623, "Eyeglasses": 0.0008173021487891674, "Goatee": 0.0010426169028505683, "Gray_Hair": 0.007725453935563564, "Heavy_Makeup": 0.00015895070100668818, "High_Cheekbones": 0.24365967512130737, "Male": 0.9473385214805603, "Mouth_Slightly_Open": 0.9939519762992859, "Mustache": 0.0017858663341030478, "Narrow_Eyes": 0.4751878082752228, "No_Beard": 0.9842848777770996, "Oval_Face": 0.17089290916919708, "Pale_Skin": 0.01040644757449627, "Pointy_Nose": 0.004567743744701147, "Receding_Hairline": 0.006017073057591915, "Rosy_Cheeks": 7.646460289834067e-05, "Sideburns": 0.0021480671130120754, "Smiling": 0.06470286101102829, "Straight_Hair": 0.021917883306741714, "Wavy_Hair": 0.0018160224426537752, "Wearing_Earrings": 0.008904319256544113, "Wearing_Hat": 0.852702796459198, "Wearing_Lipstick": 0.0006441830191761255, "Wearing_Necklace": 0.0038812693674117327, "Wearing_Necktie": 0.0050550890155136585, "Young": 0.32379820942878723, "df_race": "asian", "df_race_prob": 67.22830934693273, "df_gender": "Man", "df_gender_prob": 99.78370070457458, "df_age": 28, "df_emotion": "sad", "df_emotion_prob": 54.310864210128784}