{"name": "Hanns_Schumacher_0001.jpg", "5_o_Clock_Shadow": 0.0029335343278944492, "Arched_Eyebrows": 0.00012776428775396198, "Attractive": 0.0036320206709206104, "Bags_Under_Eyes": 0.022197531536221504, "Bald": 0.040787190198898315, "Bangs": 0.00011846512643387541, "Big_Lips": 0.007410775404423475, "Big_Nose": 0.06383239477872849, "Black_Hair": 0.005347791593521833, "Blond_Hair": 0.006037492770701647, "Blurry": 0.08263037353754044, "Brown_Hair": 0.012243581935763359, "Bushy_Eyebrows": 0.0007600554381497204, "Chubby": 0.026501303538680077, "Double_Chin": 0.011220882646739483, "Eyeglasses": 0.9919841885566711, "Goatee": 0.0006242319941520691, "Gray_Hair": 0.07541080564260483, "Heavy_Makeup": 0.00021069434296805412, "High_Cheekbones": 0.06987137347459793, "Male": 0.9821808338165283, "Mouth_Slightly_Open": 0.4091649353504181, "Mustache": 0.00041475926991552114, "Narrow_Eyes": 0.020517196506261826, "No_Beard": 0.9948733448982239, "Oval_Face": 0.2196304202079773, "Pale_Skin": 0.01642036624252796, "Pointy_Nose": 0.011477428488433361, "Receding_Hairline": 0.4101817011833191, "Rosy_Cheeks": 7.334578549489379e-05, "Sideburns": 0.00027109647635370493, "Smiling": 0.04259636998176575, "Straight_Hair": 0.2499055564403534, "Wavy_Hair": 0.0007694630767218769, "Wearing_Earrings": 0.0008038047817535698, "Wearing_Hat": 0.0006153924041427672, "Wearing_Lipstick": 0.0003196704783476889, "Wearing_Necklace": 0.0005612091044895351, "Wearing_Necktie": 0.03166893497109413, "Young": 0.05631112679839134, "df_race": "white", "df_race_prob": 78.38873734407052, "df_gender": "Man", "df_gender_prob": 99.88904595375061, "df_age": 42, "df_emotion": "sad", "df_emotion_prob": 62.85858750343323}