{"name": "Hans_Blix_0003.jpg", "5_o_Clock_Shadow": 0.006667573004961014, "Arched_Eyebrows": 0.003176444675773382, "Attractive": 0.0014055208303034306, "Bags_Under_Eyes": 0.12221906334161758, "Bald": 0.8093925714492798, "Bangs": 0.001439655665308237, "Big_Lips": 0.05326594412326813, "Big_Nose": 0.1782635897397995, "Black_Hair": 0.0011778336483985186, "Blond_Hair": 0.002711934968829155, "Blurry": 0.0499860942363739, "Brown_Hair": 0.0003614993765950203, "Bushy_Eyebrows": 0.0005730210104957223, "Chubby": 0.2902267277240753, "Double_Chin": 0.22385773062705994, "Eyeglasses": 0.9965218305587769, "Goatee": 0.0018716725753620267, "Gray_Hair": 0.8728314638137817, "Heavy_Makeup": 6.308351294137537e-05, "High_Cheekbones": 0.0033899410627782345, "Male": 0.9992201328277588, "Mouth_Slightly_Open": 0.7629984617233276, "Mustache": 0.004484186880290508, "Narrow_Eyes": 0.13232018053531647, "No_Beard": 0.9739765524864197, "Oval_Face": 0.15396550297737122, "Pale_Skin": 0.0667654424905777, "Pointy_Nose": 0.08167105913162231, "Receding_Hairline": 0.437514990568161, "Rosy_Cheeks": 0.00011949038889724761, "Sideburns": 0.0027633733116090298, "Smiling": 0.0028719953261315823, "Straight_Hair": 0.014177802950143814, "Wavy_Hair": 0.0031993051525205374, "Wearing_Earrings": 0.001218281453475356, "Wearing_Hat": 0.0010821435134857893, "Wearing_Lipstick": 0.0002793038438539952, "Wearing_Necklace": 0.0015295037301257253, "Wearing_Necktie": 0.7728617787361145, "Young": 0.010575931519269943, "df_race": "white", "df_race_prob": 99.57243204116821, "df_gender": "Man", "df_gender_prob": 99.94219541549683, "df_age": 45, "df_emotion": "neutral", "df_emotion_prob": 74.1320788860321}