{"name": "Hans_Blix_0016.jpg", "5_o_Clock_Shadow": 0.0047484771348536015, "Arched_Eyebrows": 0.0034630463924258947, "Attractive": 0.0008465156424790621, "Bags_Under_Eyes": 0.25005167722702026, "Bald": 0.16835345327854156, "Bangs": 0.002226832788437605, "Big_Lips": 0.07954689860343933, "Big_Nose": 0.5803736448287964, "Black_Hair": 0.00287210987880826, "Blond_Hair": 0.0030896433163434267, "Blurry": 0.19652338325977325, "Brown_Hair": 0.0008998377015814185, "Bushy_Eyebrows": 0.0005762211512774229, "Chubby": 0.3232848346233368, "Double_Chin": 0.12391772121191025, "Eyeglasses": 0.9988769888877869, "Goatee": 0.0006658707861788571, "Gray_Hair": 0.29132598638534546, "Heavy_Makeup": 3.9682159695075825e-05, "High_Cheekbones": 0.004452074412256479, "Male": 0.9846193194389343, "Mouth_Slightly_Open": 0.05082722008228302, "Mustache": 0.0028156086336821318, "Narrow_Eyes": 0.18731780350208282, "No_Beard": 0.9891342520713806, "Oval_Face": 0.04666541889309883, "Pale_Skin": 0.16955304145812988, "Pointy_Nose": 0.014707094989717007, "Receding_Hairline": 0.06708978116512299, "Rosy_Cheeks": 3.748410745174624e-05, "Sideburns": 0.0009314638446085155, "Smiling": 0.003972064238041639, "Straight_Hair": 0.017084941267967224, "Wavy_Hair": 0.00271354871802032, "Wearing_Earrings": 0.001915769767947495, "Wearing_Hat": 0.032219063490629196, "Wearing_Lipstick": 0.000509275880176574, "Wearing_Necklace": 0.002824403578415513, "Wearing_Necktie": 0.10741499811410904, "Young": 0.014008703641593456, "df_race": "white", "df_race_prob": 51.9930362701416, "df_gender": "Man", "df_gender_prob": 99.80783462524414, "df_age": 38, "df_emotion": "fear", "df_emotion_prob": 33.44404798079109}