{"name": "Hans_Blix_0028.jpg", "5_o_Clock_Shadow": 0.0014944387366995215, "Arched_Eyebrows": 0.0008598402491770685, "Attractive": 0.0026002454105764627, "Bags_Under_Eyes": 0.06609857827425003, "Bald": 0.48370882868766785, "Bangs": 0.0038420946802943945, "Big_Lips": 0.012441910803318024, "Big_Nose": 0.056973714381456375, "Black_Hair": 0.0019222678383812308, "Blond_Hair": 0.0037082042545080185, "Blurry": 0.18308961391448975, "Brown_Hair": 0.0011004589032381773, "Bushy_Eyebrows": 0.00035002140793949366, "Chubby": 0.12521179020404816, "Double_Chin": 0.06436322629451752, "Eyeglasses": 0.9842823147773743, "Goatee": 0.0012398939579725266, "Gray_Hair": 0.7062785029411316, "Heavy_Makeup": 0.00014526615268550813, "High_Cheekbones": 0.006079573184251785, "Male": 0.991696298122406, "Mouth_Slightly_Open": 0.05078212916851044, "Mustache": 0.0021140510216355324, "Narrow_Eyes": 0.0650029331445694, "No_Beard": 0.9935824275016785, "Oval_Face": 0.14068657159805298, "Pale_Skin": 0.07386154681444168, "Pointy_Nose": 0.039043575525283813, "Receding_Hairline": 0.10062317550182343, "Rosy_Cheeks": 3.5454064345685765e-05, "Sideburns": 0.0009725703857839108, "Smiling": 0.0034900084137916565, "Straight_Hair": 0.02235196717083454, "Wavy_Hair": 0.0030854400247335434, "Wearing_Earrings": 0.0013984865508973598, "Wearing_Hat": 0.0018168877577409148, "Wearing_Lipstick": 0.00023489672457799315, "Wearing_Necklace": 0.0008685989887453616, "Wearing_Necktie": 0.43598830699920654, "Young": 0.00807330571115017, "df_race": "white", "df_race_prob": 93.4552606019533, "df_gender": "Man", "df_gender_prob": 99.72794651985168, "df_age": 44, "df_emotion": "sad", "df_emotion_prob": 25.706928968429565}