{"name": "Hans_Blix_0008.jpg", "5_o_Clock_Shadow": 0.010345743037760258, "Arched_Eyebrows": 0.0018312694737687707, "Attractive": 0.004214469343423843, "Bags_Under_Eyes": 0.08681735396385193, "Bald": 0.8198480606079102, "Bangs": 0.0021334339398890734, "Big_Lips": 0.014246619306504726, "Big_Nose": 0.19652481377124786, "Black_Hair": 0.0010048619005829096, "Blond_Hair": 0.006555662956088781, "Blurry": 0.029730623587965965, "Brown_Hair": 0.0006633533048443496, "Bushy_Eyebrows": 0.00029639987042173743, "Chubby": 0.3343299627304077, "Double_Chin": 0.2564239203929901, "Eyeglasses": 0.9916011095046997, "Goatee": 0.0020733715500682592, "Gray_Hair": 0.7200351357460022, "Heavy_Makeup": 7.269084017025307e-05, "High_Cheekbones": 0.011134056374430656, "Male": 0.9985429048538208, "Mouth_Slightly_Open": 0.002542243804782629, "Mustache": 0.002924360567703843, "Narrow_Eyes": 0.02779071219265461, "No_Beard": 0.9722973108291626, "Oval_Face": 0.32048794627189636, "Pale_Skin": 0.37653642892837524, "Pointy_Nose": 0.048172999173402786, "Receding_Hairline": 0.14254246652126312, "Rosy_Cheeks": 8.595277176937088e-05, "Sideburns": 0.0019362365128472447, "Smiling": 0.007439153268933296, "Straight_Hair": 0.010078134015202522, "Wavy_Hair": 0.001748181995935738, "Wearing_Earrings": 0.0006730417371727526, "Wearing_Hat": 0.0017330106347799301, "Wearing_Lipstick": 0.00012603504001162946, "Wearing_Necklace": 0.0006571678095497191, "Wearing_Necktie": 0.7032676935195923, "Young": 0.009447679854929447, "df_race": "white", "df_race_prob": 99.77364540100098, "df_gender": "Man", "df_gender_prob": 99.85103011131287, "df_age": 47, "df_emotion": "neutral", "df_emotion_prob": 58.705729246139526}