{"name": "Hans_Blix_0018.jpg", "5_o_Clock_Shadow": 0.0020223602186888456, "Arched_Eyebrows": 0.0057244328781962395, "Attractive": 0.0011004186235368252, "Bags_Under_Eyes": 0.2282348871231079, "Bald": 0.7750670909881592, "Bangs": 0.0018089915392920375, "Big_Lips": 0.043818216770887375, "Big_Nose": 0.35791102051734924, "Black_Hair": 0.0036662959028035402, "Blond_Hair": 0.0020235124975442886, "Blurry": 0.09745094180107117, "Brown_Hair": 0.00045477240928448737, "Bushy_Eyebrows": 0.0005764623056165874, "Chubby": 0.6808848977088928, "Double_Chin": 0.5910025835037231, "Eyeglasses": 0.9981805086135864, "Goatee": 0.0014161039143800735, "Gray_Hair": 0.850053608417511, "Heavy_Makeup": 0.00012137799785705283, "High_Cheekbones": 0.29871639609336853, "Male": 0.9987136125564575, "Mouth_Slightly_Open": 0.9929618239402771, "Mustache": 0.0033581769093871117, "Narrow_Eyes": 0.0935216024518013, "No_Beard": 0.987076461315155, "Oval_Face": 0.2890625298023224, "Pale_Skin": 0.056611206382513046, "Pointy_Nose": 0.02883833646774292, "Receding_Hairline": 0.48525843024253845, "Rosy_Cheeks": 0.00033778275246731937, "Sideburns": 0.0011279929894953966, "Smiling": 0.9205971956253052, "Straight_Hair": 0.031104138121008873, "Wavy_Hair": 0.0017893440090119839, "Wearing_Earrings": 0.0009071567328646779, "Wearing_Hat": 0.0007292909431271255, "Wearing_Lipstick": 0.00048693999997340143, "Wearing_Necklace": 0.0013073786394670606, "Wearing_Necktie": 0.8280950784683228, "Young": 0.006745034363120794, "df_race": "white", "df_race_prob": 98.66768709824605, "df_gender": "Man", "df_gender_prob": 99.70898628234863, "df_age": 45, "df_emotion": "happy", "df_emotion_prob": 99.99562501907349}