{"name": "Hans_Blix_0023.jpg", "5_o_Clock_Shadow": 0.0062232064083218575, "Arched_Eyebrows": 0.0009358346578665078, "Attractive": 0.009093974716961384, "Bags_Under_Eyes": 0.10140454024076462, "Bald": 0.896996021270752, "Bangs": 0.0020324140787124634, "Big_Lips": 0.03177398070693016, "Big_Nose": 0.13185127079486847, "Black_Hair": 0.0010804572375491261, "Blond_Hair": 0.002627246081829071, "Blurry": 0.03128444403409958, "Brown_Hair": 0.0015088716754689813, "Bushy_Eyebrows": 0.000492842635139823, "Chubby": 0.06884043663740158, "Double_Chin": 0.023305358365178108, "Eyeglasses": 0.9931203126907349, "Goatee": 0.0018150864634662867, "Gray_Hair": 0.3752419352531433, "Heavy_Makeup": 6.539263267768547e-05, "High_Cheekbones": 0.00945818517357111, "Male": 0.9963222742080688, "Mouth_Slightly_Open": 0.001954470295459032, "Mustache": 0.0018304615514352918, "Narrow_Eyes": 0.01522523257881403, "No_Beard": 0.9916410446166992, "Oval_Face": 0.1841948926448822, "Pale_Skin": 0.08803092688322067, "Pointy_Nose": 0.07585161179304123, "Receding_Hairline": 0.07837468385696411, "Rosy_Cheeks": 3.407017720746808e-05, "Sideburns": 0.0012773071648553014, "Smiling": 0.00331719103269279, "Straight_Hair": 0.006586048752069473, "Wavy_Hair": 0.001825552899390459, "Wearing_Earrings": 0.0015331768663600087, "Wearing_Hat": 0.004252688493579626, "Wearing_Lipstick": 0.00024827412562444806, "Wearing_Necklace": 0.0010677456157281995, "Wearing_Necktie": 0.03338004648685455, "Young": 0.013793191872537136, "df_race": "white", "df_race_prob": 99.76402521133423, "df_gender": "Man", "df_gender_prob": 99.76804256439209, "df_age": 40, "df_emotion": "neutral", "df_emotion_prob": 44.582179834582824}