{"name": "Hans_Blix_0004.jpg", "5_o_Clock_Shadow": 0.0018556462600827217, "Arched_Eyebrows": 0.001071978360414505, "Attractive": 0.0021630318369716406, "Bags_Under_Eyes": 0.11655604094266891, "Bald": 0.6645354628562927, "Bangs": 0.0012298451038077474, "Big_Lips": 0.005246968939900398, "Big_Nose": 0.13318602740764618, "Black_Hair": 0.001330160303041339, "Blond_Hair": 0.004241691902279854, "Blurry": 0.04038357362151146, "Brown_Hair": 0.00111769896466285, "Bushy_Eyebrows": 0.0005562799633480608, "Chubby": 0.17831414937973022, "Double_Chin": 0.0648568645119667, "Eyeglasses": 0.9922115802764893, "Goatee": 0.0015809867763891816, "Gray_Hair": 0.8760229349136353, "Heavy_Makeup": 0.0001635763474041596, "High_Cheekbones": 0.008349225856363773, "Male": 0.9952547550201416, "Mouth_Slightly_Open": 0.01654333807528019, "Mustache": 0.0017575382953509688, "Narrow_Eyes": 0.1389445662498474, "No_Beard": 0.991121768951416, "Oval_Face": 0.22042959928512573, "Pale_Skin": 0.085938461124897, "Pointy_Nose": 0.02971445769071579, "Receding_Hairline": 0.40415123105049133, "Rosy_Cheeks": 6.637454498559237e-05, "Sideburns": 0.0016680300468578935, "Smiling": 0.002149898326024413, "Straight_Hair": 0.02530469372868538, "Wavy_Hair": 0.0017768804682418704, "Wearing_Earrings": 0.000766000768635422, "Wearing_Hat": 0.000903464388102293, "Wearing_Lipstick": 0.00019789776706602424, "Wearing_Necklace": 0.0005645261844620109, "Wearing_Necktie": 0.45658034086227417, "Young": 0.006783937569707632, "df_race": "white", "df_race_prob": 83.44141244888306, "df_gender": "Man", "df_gender_prob": 99.85876083374023, "df_age": 37, "df_emotion": "sad", "df_emotion_prob": 97.13247418403625}