{"name": "Hans_Blix_0034.jpg", "5_o_Clock_Shadow": 0.0063837007619440556, "Arched_Eyebrows": 0.010751069523394108, "Attractive": 0.00201235874556005, "Bags_Under_Eyes": 0.42580071091651917, "Bald": 0.9243317246437073, "Bangs": 0.0018474241951480508, "Big_Lips": 0.08425158262252808, "Big_Nose": 0.49763357639312744, "Black_Hair": 0.0017606994369998574, "Blond_Hair": 0.005715502891689539, "Blurry": 0.047430817037820816, "Brown_Hair": 0.0005812296294607222, "Bushy_Eyebrows": 0.0013917668256908655, "Chubby": 0.6971503496170044, "Double_Chin": 0.5922886729240417, "Eyeglasses": 0.9981060028076172, "Goatee": 0.0015496925916522741, "Gray_Hair": 0.7467880845069885, "Heavy_Makeup": 0.00015552864351775497, "High_Cheekbones": 0.45496341586112976, "Male": 0.9963011741638184, "Mouth_Slightly_Open": 0.9968637228012085, "Mustache": 0.003800939302891493, "Narrow_Eyes": 0.6360753178596497, "No_Beard": 0.9776750206947327, "Oval_Face": 0.2004885971546173, "Pale_Skin": 0.25121936202049255, "Pointy_Nose": 0.025143789127469063, "Receding_Hairline": 0.4381979703903198, "Rosy_Cheeks": 0.00027664832305163145, "Sideburns": 0.002368088811635971, "Smiling": 0.9826971888542175, "Straight_Hair": 0.020925825461745262, "Wavy_Hair": 0.0020680043380707502, "Wearing_Earrings": 0.0028512473218142986, "Wearing_Hat": 0.001203496241942048, "Wearing_Lipstick": 0.0009265940170735121, "Wearing_Necklace": 0.0018034626264125109, "Wearing_Necktie": 0.7687545418739319, "Young": 0.005986288655549288, "df_race": "white", "df_race_prob": 85.93485867588869, "df_gender": "Man", "df_gender_prob": 99.90092515945435, "df_age": 41, "df_emotion": "happy", "df_emotion_prob": 100.0}