{"name": "Harvey_Wachsman_0001.jpg", "5_o_Clock_Shadow": 0.002686441643163562, "Arched_Eyebrows": 0.0007053715526126325, "Attractive": 0.008209658786654472, "Bags_Under_Eyes": 0.3522774279117584, "Bald": 0.725728452205658, "Bangs": 0.0013164468109607697, "Big_Lips": 0.009701323695480824, "Big_Nose": 0.20992791652679443, "Black_Hair": 0.0011406145058572292, "Blond_Hair": 0.005681810434907675, "Blurry": 0.06448304653167725, "Brown_Hair": 0.000872862699907273, "Bushy_Eyebrows": 0.00016040413174778223, "Chubby": 0.1855824738740921, "Double_Chin": 0.09785273671150208, "Eyeglasses": 0.003802700201049447, "Goatee": 0.001201983424834907, "Gray_Hair": 0.8284159898757935, "Heavy_Makeup": 0.0002263883943669498, "High_Cheekbones": 0.030808649957180023, "Male": 0.9971461892127991, "Mouth_Slightly_Open": 0.0064950259402394295, "Mustache": 0.0023384231608361006, "Narrow_Eyes": 0.0878310427069664, "No_Beard": 0.992439866065979, "Oval_Face": 0.34670931100845337, "Pale_Skin": 0.13530990481376648, "Pointy_Nose": 0.0189269557595253, "Receding_Hairline": 0.502730667591095, "Rosy_Cheeks": 9.923247125698254e-05, "Sideburns": 0.001880664611235261, "Smiling": 0.020924454554915428, "Straight_Hair": 0.03224470838904381, "Wavy_Hair": 0.0017560749547556043, "Wearing_Earrings": 0.0007263545994646847, "Wearing_Hat": 0.00047892500879243016, "Wearing_Lipstick": 0.00032931589521467686, "Wearing_Necklace": 0.0002510876511223614, "Wearing_Necktie": 0.6007280349731445, "Young": 0.011341560631990433, "df_race": "white", "df_race_prob": 91.76572561264038, "df_gender": "Man", "df_gender_prob": 99.24627542495728, "df_age": 33, "df_emotion": "neutral", "df_emotion_prob": 95.93515396118164}