{"name": "Harvey_Weinstein_0002.jpg", "5_o_Clock_Shadow": 0.009147428907454014, "Arched_Eyebrows": 0.0013735780958086252, "Attractive": 0.0023247578646987677, "Bags_Under_Eyes": 0.13454897701740265, "Bald": 0.051920127123594284, "Bangs": 0.0002029037568718195, "Big_Lips": 0.029595449566841125, "Big_Nose": 0.4068976938724518, "Black_Hair": 0.005758929997682571, "Blond_Hair": 0.03709466755390167, "Blurry": 0.10249834507703781, "Brown_Hair": 0.015673628076910973, "Bushy_Eyebrows": 0.0001528454158687964, "Chubby": 0.8653066754341125, "Double_Chin": 0.567109227180481, "Eyeglasses": 0.02013673633337021, "Goatee": 0.0005383152165450156, "Gray_Hair": 0.13277488946914673, "Heavy_Makeup": 0.00026047261781059206, "High_Cheekbones": 0.09214551001787186, "Male": 0.9978277087211609, "Mouth_Slightly_Open": 0.5342294573783875, "Mustache": 0.0007532182498835027, "Narrow_Eyes": 0.24699196219444275, "No_Beard": 0.9867573976516724, "Oval_Face": 0.15383565425872803, "Pale_Skin": 0.15978996455669403, "Pointy_Nose": 0.005327616818249226, "Receding_Hairline": 0.8515881299972534, "Rosy_Cheeks": 0.00032171246130019426, "Sideburns": 0.0018723150715231895, "Smiling": 0.06929797679185867, "Straight_Hair": 0.18798549473285675, "Wavy_Hair": 0.005434268154203892, "Wearing_Earrings": 0.001689142663963139, "Wearing_Hat": 0.0001757935096975416, "Wearing_Lipstick": 0.00039195510908029974, "Wearing_Necklace": 0.0006299972301349044, "Wearing_Necktie": 0.6741098761558533, "Young": 0.05335629731416702, "df_race": "latino hispanic", "df_race_prob": 26.155182719230652, "df_gender": "Man", "df_gender_prob": 99.95306730270386, "df_age": 47, "df_emotion": "angry", "df_emotion_prob": 49.15587902069092}