{"name": "Heidi_Klum_0005.jpg", "5_o_Clock_Shadow": 0.0005991140496917069, "Arched_Eyebrows": 0.014920388348400593, "Attractive": 0.6311988234519958, "Bags_Under_Eyes": 0.027055535465478897, "Bald": 0.00032094292691908777, "Bangs": 0.0012821246637031436, "Big_Lips": 0.03985191881656647, "Big_Nose": 0.0054745241068303585, "Black_Hair": 0.0005100330454297364, "Blond_Hair": 0.9247081279754639, "Blurry": 0.030870189890265465, "Brown_Hair": 0.00211006635800004, "Bushy_Eyebrows": 0.00021064450265839696, "Chubby": 0.0006039433064870536, "Double_Chin": 0.00016427002265118062, "Eyeglasses": 0.0001773313997546211, "Goatee": 8.367498230654746e-05, "Gray_Hair": 0.009569250978529453, "Heavy_Makeup": 0.05548561364412308, "High_Cheekbones": 0.5954118967056274, "Male": 0.008420773781836033, "Mouth_Slightly_Open": 0.20000678300857544, "Mustache": 6.440080323955044e-05, "Narrow_Eyes": 0.002229230711236596, "No_Beard": 0.9990894794464111, "Oval_Face": 0.3572463095188141, "Pale_Skin": 0.04002726450562477, "Pointy_Nose": 0.14460815489292145, "Receding_Hairline": 0.08146807551383972, "Rosy_Cheeks": 0.0002312278375029564, "Sideburns": 0.00014253905101213604, "Smiling": 0.4449782967567444, "Straight_Hair": 0.3166087865829468, "Wavy_Hair": 0.010778525844216347, "Wearing_Earrings": 0.25600749254226685, "Wearing_Hat": 0.00010607435251586139, "Wearing_Lipstick": 0.09863941371440887, "Wearing_Necklace": 0.010405058041214943, "Wearing_Necktie": 0.00016830270760692656, "Young": 0.9571191072463989, "df_race": "white", "df_race_prob": 99.09090990369975, "df_gender": "Woman", "df_gender_prob": 99.99953508377075, "df_age": 27, "df_emotion": "happy", "df_emotion_prob": 82.1312963962555}