{"name": "Heinz_Feldmann_0001.jpg", "5_o_Clock_Shadow": 0.06456723064184189, "Arched_Eyebrows": 0.005290128290653229, "Attractive": 0.04715992882847786, "Bags_Under_Eyes": 0.036222197115421295, "Bald": 0.0008294845465570688, "Bangs": 0.00037869872176088393, "Big_Lips": 0.022558758035302162, "Big_Nose": 0.009391778148710728, "Black_Hair": 0.030110590159893036, "Blond_Hair": 0.006298312917351723, "Blurry": 0.21980787813663483, "Brown_Hair": 0.15983423590660095, "Bushy_Eyebrows": 0.004561713896691799, "Chubby": 0.012314749881625175, "Double_Chin": 0.0060972184874117374, "Eyeglasses": 0.0012556739384308457, "Goatee": 0.0006948976079002023, "Gray_Hair": 0.003110977355390787, "Heavy_Makeup": 0.0012655737809836864, "High_Cheekbones": 0.07423046231269836, "Male": 0.9984329342842102, "Mouth_Slightly_Open": 0.9877513647079468, "Mustache": 0.0011994987726211548, "Narrow_Eyes": 0.08814409375190735, "No_Beard": 0.972769558429718, "Oval_Face": 0.3308010697364807, "Pale_Skin": 0.0047400277107954025, "Pointy_Nose": 0.12408699095249176, "Receding_Hairline": 0.014474233612418175, "Rosy_Cheeks": 0.00010031776764662936, "Sideburns": 0.001401806017383933, "Smiling": 0.026945190504193306, "Straight_Hair": 0.6053045988082886, "Wavy_Hair": 0.008695632219314575, "Wearing_Earrings": 0.000810466066468507, "Wearing_Hat": 0.0002850560995284468, "Wearing_Lipstick": 0.0017223326722159982, "Wearing_Necklace": 0.0006442671292461455, "Wearing_Necktie": 0.0203566774725914, "Young": 0.5278914570808411, "df_race": "white", "df_race_prob": 82.44563131876365, "df_gender": "Man", "df_gender_prob": 99.98161196708679, "df_age": 36, "df_emotion": "surprise", "df_emotion_prob": 99.73211286855417}