{"name": "Heizo_Takenaka_0004.jpg", "5_o_Clock_Shadow": 0.002361039398238063, "Arched_Eyebrows": 0.0004187868908047676, "Attractive": 0.011252732947468758, "Bags_Under_Eyes": 0.059876762330532074, "Bald": 0.000755106215365231, "Bangs": 0.39072567224502563, "Big_Lips": 0.012304465286433697, "Big_Nose": 0.038438741117715836, "Black_Hair": 0.1809043437242508, "Blond_Hair": 0.0019131555454805493, "Blurry": 0.018428713083267212, "Brown_Hair": 0.047638457268476486, "Bushy_Eyebrows": 0.002720930613577366, "Chubby": 0.06715615838766098, "Double_Chin": 0.013427053578197956, "Eyeglasses": 0.004446941893547773, "Goatee": 0.0003964404750149697, "Gray_Hair": 0.003189755603671074, "Heavy_Makeup": 0.0007332768873311579, "High_Cheekbones": 0.14118054509162903, "Male": 0.9803865551948547, "Mouth_Slightly_Open": 0.02734726294875145, "Mustache": 0.0003700168745126575, "Narrow_Eyes": 0.24138467013835907, "No_Beard": 0.9984186887741089, "Oval_Face": 0.27970433235168457, "Pale_Skin": 0.01672227308154106, "Pointy_Nose": 0.0017943307757377625, "Receding_Hairline": 0.0007922272779978812, "Rosy_Cheeks": 0.00021061177540104836, "Sideburns": 0.00032974849455058575, "Smiling": 0.019071636721491814, "Straight_Hair": 0.8030345439910889, "Wavy_Hair": 0.0023654047399759293, "Wearing_Earrings": 0.0008236014982685447, "Wearing_Hat": 0.0005641956231556833, "Wearing_Lipstick": 0.0013890594709664583, "Wearing_Necklace": 0.001431455253623426, "Wearing_Necktie": 0.042293693870306015, "Young": 0.13372525572776794, "df_race": "asian", "df_race_prob": 99.90226625813641, "df_gender": "Man", "df_gender_prob": 99.96411800384521, "df_age": 29, "df_emotion": "sad", "df_emotion_prob": 79.94473815623067}