{"name": "Heizo_Takenaka_0007.jpg", "5_o_Clock_Shadow": 0.002083319704979658, "Arched_Eyebrows": 0.0009542683837935328, "Attractive": 0.005555180367082357, "Bags_Under_Eyes": 0.10368642210960388, "Bald": 0.0010508467676118016, "Bangs": 0.25668326020240784, "Big_Lips": 0.012721683830022812, "Big_Nose": 0.058422479778528214, "Black_Hair": 0.11058225482702255, "Blond_Hair": 0.0034593853633850813, "Blurry": 0.02101966366171837, "Brown_Hair": 0.02359074167907238, "Bushy_Eyebrows": 0.00399639829993248, "Chubby": 0.10036773979663849, "Double_Chin": 0.027448458597064018, "Eyeglasses": 0.004840546753257513, "Goatee": 0.0001571937173139304, "Gray_Hair": 0.014889484271407127, "Heavy_Makeup": 0.0003062135656364262, "High_Cheekbones": 0.1881033182144165, "Male": 0.9924949407577515, "Mouth_Slightly_Open": 0.1773955374956131, "Mustache": 0.0005342485965229571, "Narrow_Eyes": 0.03058357536792755, "No_Beard": 0.9991017580032349, "Oval_Face": 0.17084157466888428, "Pale_Skin": 0.05100613832473755, "Pointy_Nose": 0.002242541406303644, "Receding_Hairline": 0.000539564760401845, "Rosy_Cheeks": 0.0001382066257065162, "Sideburns": 0.00020715928985737264, "Smiling": 0.011483314447104931, "Straight_Hair": 0.8273037672042847, "Wavy_Hair": 0.0021816925145685673, "Wearing_Earrings": 0.0008070263429544866, "Wearing_Hat": 0.0013624135171994567, "Wearing_Lipstick": 0.0006897670100443065, "Wearing_Necklace": 0.0008549315389245749, "Wearing_Necktie": 0.5660666823387146, "Young": 0.027512459084391594, "df_race": "asian", "df_race_prob": 99.24501189648963, "df_gender": "Man", "df_gender_prob": 99.83124732971191, "df_age": 47, "df_emotion": "sad", "df_emotion_prob": 35.54392072820191}