{"name": "Helio_Rubens_Garcia_0001.jpg", "5_o_Clock_Shadow": 0.00688517652451992, "Arched_Eyebrows": 0.00021751868189312518, "Attractive": 0.0015769206220284104, "Bags_Under_Eyes": 0.032822635024785995, "Bald": 0.001700986409559846, "Bangs": 0.0028945214580744505, "Big_Lips": 0.005043099634349346, "Big_Nose": 0.041222892701625824, "Black_Hair": 0.0020556864328682423, "Blond_Hair": 0.010858430527150631, "Blurry": 0.12853936851024628, "Brown_Hair": 0.004413064103573561, "Bushy_Eyebrows": 0.005253578536212444, "Chubby": 0.04240955784916878, "Double_Chin": 0.03659595176577568, "Eyeglasses": 0.9398893117904663, "Goatee": 0.0075509212911129, "Gray_Hair": 0.8490013480186462, "Heavy_Makeup": 0.00023216647969093174, "High_Cheekbones": 0.008990754373371601, "Male": 0.9990614056587219, "Mouth_Slightly_Open": 0.8827964067459106, "Mustache": 0.1240682378411293, "Narrow_Eyes": 0.06104164198040962, "No_Beard": 0.5717931389808655, "Oval_Face": 0.12408830970525742, "Pale_Skin": 0.005407467018812895, "Pointy_Nose": 0.039444491267204285, "Receding_Hairline": 0.0031290254555642605, "Rosy_Cheeks": 9.793490607989952e-05, "Sideburns": 0.003819991834461689, "Smiling": 0.003741071093827486, "Straight_Hair": 0.6279939413070679, "Wavy_Hair": 0.012087436392903328, "Wearing_Earrings": 0.0007638183305971324, "Wearing_Hat": 0.0013899090699851513, "Wearing_Lipstick": 0.00012702922686003149, "Wearing_Necklace": 0.000662239093799144, "Wearing_Necktie": 0.3698158860206604, "Young": 0.008037365041673183, "df_race": "white", "df_race_prob": 47.61934862252168, "df_gender": "Man", "df_gender_prob": 99.96601343154907, "df_age": 34, "df_emotion": "angry", "df_emotion_prob": 95.71883082389832}