{"name": "Herb_Sendek_0001.jpg", "5_o_Clock_Shadow": 0.005927590187638998, "Arched_Eyebrows": 0.005199700128287077, "Attractive": 0.014455071650445461, "Bags_Under_Eyes": 0.09748313575983047, "Bald": 0.29700538516044617, "Bangs": 0.0006083619664423168, "Big_Lips": 0.019084352999925613, "Big_Nose": 0.011036207899451256, "Black_Hair": 0.005665681324899197, "Blond_Hair": 0.003477682126685977, "Blurry": 0.05986400693655014, "Brown_Hair": 0.009833592921495438, "Bushy_Eyebrows": 0.0006071956595405936, "Chubby": 0.016190266236662865, "Double_Chin": 0.0076233274303376675, "Eyeglasses": 0.00030106116901151836, "Goatee": 0.0004371103714220226, "Gray_Hair": 0.022013721987605095, "Heavy_Makeup": 0.0005526184686459601, "High_Cheekbones": 0.13522037863731384, "Male": 0.9968563318252563, "Mouth_Slightly_Open": 0.9863676428794861, "Mustache": 0.0001811791880754754, "Narrow_Eyes": 0.02194322645664215, "No_Beard": 0.9966046810150146, "Oval_Face": 0.3138335347175598, "Pale_Skin": 0.003774697659537196, "Pointy_Nose": 0.07043281942605972, "Receding_Hairline": 0.13620512187480927, "Rosy_Cheeks": 6.109443347668275e-05, "Sideburns": 0.0009670836152508855, "Smiling": 0.10327955335378647, "Straight_Hair": 0.03272762894630432, "Wavy_Hair": 0.0016991436714306474, "Wearing_Earrings": 0.0017569803167134523, "Wearing_Hat": 0.0004063669766765088, "Wearing_Lipstick": 0.0006637946935370564, "Wearing_Necklace": 0.0006600042106583714, "Wearing_Necktie": 0.09566150605678558, "Young": 0.13852077722549438, "df_race": "white", "df_race_prob": 81.88763044925099, "df_gender": "Man", "df_gender_prob": 99.96973276138306, "df_age": 32, "df_emotion": "fear", "df_emotion_prob": 67.3240283341374}