{"name": "Herta_Daeubler-Gmelin_0001.jpg", "5_o_Clock_Shadow": 0.0007715593092143536, "Arched_Eyebrows": 0.04598956182599068, "Attractive": 0.018926162272691727, "Bags_Under_Eyes": 0.5179163813591003, "Bald": 0.0006763972924090922, "Bangs": 0.001342478790320456, "Big_Lips": 0.007735263556241989, "Big_Nose": 0.051584821194410324, "Black_Hair": 0.001098751905374229, "Blond_Hair": 0.0526847280561924, "Blurry": 0.23687297105789185, "Brown_Hair": 0.020770613104104996, "Bushy_Eyebrows": 0.001422131317667663, "Chubby": 0.0633511021733284, "Double_Chin": 0.03803320974111557, "Eyeglasses": 0.0015142405172809958, "Goatee": 0.0004187695449218154, "Gray_Hair": 0.8281762599945068, "Heavy_Makeup": 0.0023908575531095266, "High_Cheekbones": 0.16237038373947144, "Male": 0.10945602506399155, "Mouth_Slightly_Open": 0.09863835573196411, "Mustache": 0.0006677992641925812, "Narrow_Eyes": 0.06970752030611038, "No_Beard": 0.9970927238464355, "Oval_Face": 0.17613007128238678, "Pale_Skin": 0.2088920772075653, "Pointy_Nose": 0.021870216354727745, "Receding_Hairline": 0.09192002564668655, "Rosy_Cheeks": 0.00013320746074896306, "Sideburns": 0.0007993768085725605, "Smiling": 0.09773694723844528, "Straight_Hair": 0.012292214669287205, "Wavy_Hair": 0.4873199760913849, "Wearing_Earrings": 0.04091915860772133, "Wearing_Hat": 0.00021479596034623682, "Wearing_Lipstick": 0.004955153446644545, "Wearing_Necklace": 0.07698954641819, "Wearing_Necktie": 0.0015786370495334268, "Young": 0.017686929553747177, "df_race": "white", "df_race_prob": 85.6971800327301, "df_gender": "Woman", "df_gender_prob": 94.98429298400879, "df_age": 33, "df_emotion": "happy", "df_emotion_prob": 64.59178328514099}