{"name": "Hichiro_Naemura_0001.jpg", "5_o_Clock_Shadow": 0.002554847626015544, "Arched_Eyebrows": 0.0009487415663897991, "Attractive": 0.0018504849867895246, "Bags_Under_Eyes": 0.48739102482795715, "Bald": 0.021916555240750313, "Bangs": 0.0003542833437677473, "Big_Lips": 0.0038747668731957674, "Big_Nose": 0.18423612415790558, "Black_Hair": 0.005314054898917675, "Blond_Hair": 0.003798926714807749, "Blurry": 0.2624374032020569, "Brown_Hair": 0.008373026736080647, "Bushy_Eyebrows": 0.00035925445263274014, "Chubby": 0.05559667572379112, "Double_Chin": 0.05690809339284897, "Eyeglasses": 0.026218697428703308, "Goatee": 0.001671848352998495, "Gray_Hair": 0.452851265668869, "Heavy_Makeup": 7.097553316270933e-05, "High_Cheekbones": 0.0319400392472744, "Male": 0.9946498274803162, "Mouth_Slightly_Open": 0.0065812524408102036, "Mustache": 0.003579156007617712, "Narrow_Eyes": 0.0728934109210968, "No_Beard": 0.9895798563957214, "Oval_Face": 0.03451776131987572, "Pale_Skin": 0.01564437709748745, "Pointy_Nose": 0.008741858415305614, "Receding_Hairline": 0.4206804037094116, "Rosy_Cheeks": 8.793436427367851e-05, "Sideburns": 0.0017799201887100935, "Smiling": 0.0024348264560103416, "Straight_Hair": 0.2638753652572632, "Wavy_Hair": 0.0020074043422937393, "Wearing_Earrings": 0.000601859122980386, "Wearing_Hat": 0.000659074226859957, "Wearing_Lipstick": 0.00016760191647335887, "Wearing_Necklace": 0.0005160191794857383, "Wearing_Necktie": 0.5225560665130615, "Young": 0.004003227688372135, "df_race": "asian", "df_race_prob": 53.789573456099816, "df_gender": "Man", "df_gender_prob": 99.90266561508179, "df_age": 47, "df_emotion": "neutral", "df_emotion_prob": 89.8164451122284}