{"name": "Hillary_Clinton_0009.jpg", "5_o_Clock_Shadow": 0.0030365572310984135, "Arched_Eyebrows": 0.5196868181228638, "Attractive": 0.3990378975868225, "Bags_Under_Eyes": 0.03519187867641449, "Bald": 0.0008877969812601805, "Bangs": 0.0019853946287184954, "Big_Lips": 0.08099547028541565, "Big_Nose": 0.036048341542482376, "Black_Hair": 0.0005387761048041284, "Blond_Hair": 0.7438724040985107, "Blurry": 0.44312599301338196, "Brown_Hair": 0.00609829043969512, "Bushy_Eyebrows": 0.0008826500852592289, "Chubby": 0.0044000945053994656, "Double_Chin": 0.003235005307942629, "Eyeglasses": 0.00042562157614156604, "Goatee": 0.000736251357011497, "Gray_Hair": 0.04507822543382645, "Heavy_Makeup": 0.018317798152565956, "High_Cheekbones": 0.7671956419944763, "Male": 0.02259702980518341, "Mouth_Slightly_Open": 0.9823653101921082, "Mustache": 0.0004150239110458642, "Narrow_Eyes": 0.052859820425510406, "No_Beard": 0.9933967590332031, "Oval_Face": 0.15572135150432587, "Pale_Skin": 0.3904157876968384, "Pointy_Nose": 0.07083791494369507, "Receding_Hairline": 0.02526014670729637, "Rosy_Cheeks": 0.0003136230225209147, "Sideburns": 0.0007628690800629556, "Smiling": 0.9791299700737, "Straight_Hair": 0.10122540593147278, "Wavy_Hair": 0.05771712586283684, "Wearing_Earrings": 0.14262655377388, "Wearing_Hat": 0.000499424641020596, "Wearing_Lipstick": 0.09483975917100906, "Wearing_Necklace": 0.18851545453071594, "Wearing_Necktie": 0.0007709849160164595, "Young": 0.24917268753051758, "df_race": "white", "df_race_prob": 76.47317507703156, "df_gender": "Woman", "df_gender_prob": 99.99914169311523, "df_age": 32, "df_emotion": "happy", "df_emotion_prob": 84.38196182250977}