{"name": "Hisashi_Owada_0001.jpg", "5_o_Clock_Shadow": 0.0014956361846998334, "Arched_Eyebrows": 0.0003650975413620472, "Attractive": 0.002451664302498102, "Bags_Under_Eyes": 0.5316897034645081, "Bald": 0.7065896391868591, "Bangs": 0.0021683943923562765, "Big_Lips": 0.0061644273810088634, "Big_Nose": 0.5433599352836609, "Black_Hair": 0.004965565633028746, "Blond_Hair": 0.0020878680516034365, "Blurry": 0.04437319189310074, "Brown_Hair": 0.0004886531969532371, "Bushy_Eyebrows": 0.0014045627322047949, "Chubby": 0.15340374410152435, "Double_Chin": 0.1607283055782318, "Eyeglasses": 0.9925238490104675, "Goatee": 0.0018074989784508944, "Gray_Hair": 0.913312554359436, "Heavy_Makeup": 0.0002519439731258899, "High_Cheekbones": 0.7564730644226074, "Male": 0.9988133907318115, "Mouth_Slightly_Open": 0.8510574698448181, "Mustache": 0.00427812896668911, "Narrow_Eyes": 0.15668511390686035, "No_Beard": 0.995658278465271, "Oval_Face": 0.23329228162765503, "Pale_Skin": 0.015817100182175636, "Pointy_Nose": 0.0058500575833022594, "Receding_Hairline": 0.3398124873638153, "Rosy_Cheeks": 0.00018665312381926924, "Sideburns": 0.0007451699930243194, "Smiling": 0.9271117448806763, "Straight_Hair": 0.10372191667556763, "Wavy_Hair": 0.0012061387533321977, "Wearing_Earrings": 0.0007427421514876187, "Wearing_Hat": 0.0009478051215410233, "Wearing_Lipstick": 0.00040630187140777707, "Wearing_Necklace": 0.0005409932928159833, "Wearing_Necktie": 0.7954028248786926, "Young": 0.003713902086019516, "df_race": "middle eastern", "df_race_prob": 46.318963170051575, "df_gender": "Man", "df_gender_prob": 99.38837885856628, "df_age": 44, "df_emotion": "happy", "df_emotion_prob": 99.83323216438293}