{"name": "Hisham_Halawi_0001.jpg", "5_o_Clock_Shadow": 0.08436146378517151, "Arched_Eyebrows": 0.007281472906470299, "Attractive": 0.12394163757562637, "Bags_Under_Eyes": 0.05273880437016487, "Bald": 0.6986655592918396, "Bangs": 0.0012855571694672108, "Big_Lips": 0.012260627932846546, "Big_Nose": 0.21729692816734314, "Black_Hair": 0.001312962151132524, "Blond_Hair": 0.012947172857820988, "Blurry": 0.012323620729148388, "Brown_Hair": 0.0009301339159719646, "Bushy_Eyebrows": 0.003477024380117655, "Chubby": 0.005433530546724796, "Double_Chin": 0.005354171618819237, "Eyeglasses": 0.0030214651487767696, "Goatee": 0.0008106241002678871, "Gray_Hair": 0.021100357174873352, "Heavy_Makeup": 0.0009378573158755898, "High_Cheekbones": 0.004981581587344408, "Male": 0.9988899827003479, "Mouth_Slightly_Open": 0.0034316680394113064, "Mustache": 0.0008880392997525632, "Narrow_Eyes": 0.001264786347746849, "No_Beard": 0.9684494137763977, "Oval_Face": 0.27096304297447205, "Pale_Skin": 0.010173738934099674, "Pointy_Nose": 0.33272692561149597, "Receding_Hairline": 0.029831662774086, "Rosy_Cheeks": 0.00010530478175496683, "Sideburns": 0.0030243550427258015, "Smiling": 0.0011076333466917276, "Straight_Hair": 0.001509296940639615, "Wavy_Hair": 0.006093757692724466, "Wearing_Earrings": 0.0011535297380760312, "Wearing_Hat": 0.00438385596498847, "Wearing_Lipstick": 0.002300950698554516, "Wearing_Necklace": 0.0011060459073632956, "Wearing_Necktie": 0.013628904707729816, "Young": 0.33206355571746826, "df_race": "middle eastern", "df_race_prob": 98.67887489073723, "df_gender": "Man", "df_gender_prob": 99.99977350234985, "df_age": 27, "df_emotion": "neutral", "df_emotion_prob": 72.57394790649414}