{"name": "Holly_Hunter_0007.jpg", "5_o_Clock_Shadow": 0.0008467911393381655, "Arched_Eyebrows": 0.029342439025640488, "Attractive": 0.6455916166305542, "Bags_Under_Eyes": 0.008105820044875145, "Bald": 0.0003041817690245807, "Bangs": 0.0013866309309378266, "Big_Lips": 0.04870472848415375, "Big_Nose": 0.015268468298017979, "Black_Hair": 0.0003397329128347337, "Blond_Hair": 0.9140715003013611, "Blurry": 0.02039904147386551, "Brown_Hair": 0.0035001456271857023, "Bushy_Eyebrows": 0.00019559840438887477, "Chubby": 0.0006958087324164808, "Double_Chin": 0.00019727171456906945, "Eyeglasses": 0.0007369041559286416, "Goatee": 0.0005009297747164965, "Gray_Hair": 0.0034136271569877863, "Heavy_Makeup": 0.029441827908158302, "High_Cheekbones": 0.06580866128206253, "Male": 0.002672666683793068, "Mouth_Slightly_Open": 0.00041753819095902145, "Mustache": 0.00018927095516119152, "Narrow_Eyes": 0.004830562975257635, "No_Beard": 0.9980509281158447, "Oval_Face": 0.22853052616119385, "Pale_Skin": 0.5450984239578247, "Pointy_Nose": 0.17693644762039185, "Receding_Hairline": 0.004471628461033106, "Rosy_Cheeks": 0.000406147533794865, "Sideburns": 0.00023852511367294937, "Smiling": 0.0388159342110157, "Straight_Hair": 0.698468804359436, "Wavy_Hair": 0.01609373465180397, "Wearing_Earrings": 0.004243452101945877, "Wearing_Hat": 0.003461716929450631, "Wearing_Lipstick": 0.22699786722660065, "Wearing_Necklace": 0.06775061786174774, "Wearing_Necktie": 0.0003238733916077763, "Young": 0.8535985350608826, "df_race": "white", "df_race_prob": 94.30570568476354, "df_gender": "Woman", "df_gender_prob": 99.99417066574097, "df_age": 28, "df_emotion": "neutral", "df_emotion_prob": 99.88396763801575}