{"name": "Howard_Schultz_0001.jpg", "5_o_Clock_Shadow": 0.08109980821609497, "Arched_Eyebrows": 0.0008058659150265157, "Attractive": 0.16632093489170074, "Bags_Under_Eyes": 0.2823713719844818, "Bald": 0.006236478686332703, "Bangs": 6.534389103762805e-05, "Big_Lips": 0.007406360935419798, "Big_Nose": 0.26193106174468994, "Black_Hair": 0.012724624946713448, "Blond_Hair": 0.008128860034048557, "Blurry": 0.09648466855287552, "Brown_Hair": 0.05388524755835533, "Bushy_Eyebrows": 0.0013541970402002335, "Chubby": 0.01637355424463749, "Double_Chin": 0.041424404829740524, "Eyeglasses": 0.0015550057869404554, "Goatee": 0.0002453409251756966, "Gray_Hair": 0.031533632427453995, "Heavy_Makeup": 0.00015172542771324515, "High_Cheekbones": 0.3893253207206726, "Male": 0.9993423819541931, "Mouth_Slightly_Open": 0.9374440908432007, "Mustache": 0.00022376533888746053, "Narrow_Eyes": 0.22298534214496613, "No_Beard": 0.9909470081329346, "Oval_Face": 0.2987600564956665, "Pale_Skin": 0.02302522584795952, "Pointy_Nose": 0.08101996034383774, "Receding_Hairline": 0.27953311800956726, "Rosy_Cheeks": 0.00011085678852396086, "Sideburns": 0.000985209597274661, "Smiling": 0.9841282963752747, "Straight_Hair": 0.7202522158622742, "Wavy_Hair": 0.0017173215746879578, "Wearing_Earrings": 0.00043925215140916407, "Wearing_Hat": 0.00023278623120859265, "Wearing_Lipstick": 0.00013824552297592163, "Wearing_Necklace": 0.0002669755485840142, "Wearing_Necktie": 0.5533427000045776, "Young": 0.20364941656589508, "df_race": "white", "df_race_prob": 80.66086403598023, "df_gender": "Man", "df_gender_prob": 99.99558925628662, "df_age": 30, "df_emotion": "happy", "df_emotion_prob": 83.95323061664287}