{"name": "Hu_Jintao_0002.jpg", "5_o_Clock_Shadow": 0.002082419814541936, "Arched_Eyebrows": 0.002392807509750128, "Attractive": 0.004807379562407732, "Bags_Under_Eyes": 0.031286269426345825, "Bald": 0.0012334684142842889, "Bangs": 0.0017563232686370611, "Big_Lips": 0.0052826241590082645, "Big_Nose": 0.06930112838745117, "Black_Hair": 0.6562127470970154, "Blond_Hair": 0.001277126488275826, "Blurry": 0.06115091219544411, "Brown_Hair": 0.004819993395358324, "Bushy_Eyebrows": 0.013138972222805023, "Chubby": 0.18389111757278442, "Double_Chin": 0.03554951399564743, "Eyeglasses": 0.9856315851211548, "Goatee": 0.0006830653874203563, "Gray_Hair": 0.04333966225385666, "Heavy_Makeup": 0.0005846047424711287, "High_Cheekbones": 0.0933447778224945, "Male": 0.9894353747367859, "Mouth_Slightly_Open": 0.05527191981673241, "Mustache": 0.005456973798573017, "Narrow_Eyes": 0.08046090602874756, "No_Beard": 0.995197594165802, "Oval_Face": 0.12184328585863113, "Pale_Skin": 0.02570061944425106, "Pointy_Nose": 0.0027955928817391396, "Receding_Hairline": 0.006589100696146488, "Rosy_Cheeks": 8.787552360445261e-05, "Sideburns": 0.0006224598037078977, "Smiling": 0.005320125259459019, "Straight_Hair": 0.888231098651886, "Wavy_Hair": 0.0056045143865048885, "Wearing_Earrings": 0.0007532469462603331, "Wearing_Hat": 0.0011520616244524717, "Wearing_Lipstick": 0.0006915415287949145, "Wearing_Necklace": 0.000624528038315475, "Wearing_Necktie": 0.6733296513557434, "Young": 0.026485709473490715, "df_race": "asian", "df_race_prob": 99.15609955787659, "df_gender": "Man", "df_gender_prob": 99.99117851257324, "df_age": 45, "df_emotion": "neutral", "df_emotion_prob": 77.25032567977905}