{"name": "Hugh_Miller_0001.jpg", "5_o_Clock_Shadow": 0.003324985271319747, "Arched_Eyebrows": 0.0005959029658697546, "Attractive": 0.0024226417299360037, "Bags_Under_Eyes": 0.08701790124177933, "Bald": 0.0017311176052317023, "Bangs": 0.03657007962465286, "Big_Lips": 0.004644499626010656, "Big_Nose": 0.04007337987422943, "Black_Hair": 0.002717511961236596, "Blond_Hair": 0.012459552846848965, "Blurry": 0.35095611214637756, "Brown_Hair": 0.002947092754766345, "Bushy_Eyebrows": 0.0011967289028689265, "Chubby": 0.0879688411951065, "Double_Chin": 0.03533819690346718, "Eyeglasses": 0.00579413678497076, "Goatee": 0.002407066524028778, "Gray_Hair": 0.6115071773529053, "Heavy_Makeup": 0.0003536273434292525, "High_Cheekbones": 0.02422775700688362, "Male": 0.9954820871353149, "Mouth_Slightly_Open": 0.012457440607249737, "Mustache": 0.19661296904087067, "Narrow_Eyes": 0.08397041261196136, "No_Beard": 0.4754863381385803, "Oval_Face": 0.23583076894283295, "Pale_Skin": 0.017626751214265823, "Pointy_Nose": 0.022535182535648346, "Receding_Hairline": 0.004033213015645742, "Rosy_Cheeks": 0.00010652156197465956, "Sideburns": 0.0038145664148032665, "Smiling": 0.0025269025936722755, "Straight_Hair": 0.3925115764141083, "Wavy_Hair": 0.010192184709012508, "Wearing_Earrings": 0.0005557627300731838, "Wearing_Hat": 0.0003928834048565477, "Wearing_Lipstick": 0.0001745423360262066, "Wearing_Necklace": 0.00042916243546642363, "Wearing_Necktie": 0.12170810997486115, "Young": 0.02860456518828869, "df_race": "white", "df_race_prob": 99.99860525131226, "df_gender": "Man", "df_gender_prob": 99.80416297912598, "df_age": 39, "df_emotion": "sad", "df_emotion_prob": 69.58010196685791}