{"name": "Hugh_Grant_0004.jpg", "5_o_Clock_Shadow": 0.05060001462697983, "Arched_Eyebrows": 0.0048392838798463345, "Attractive": 0.18721860647201538, "Bags_Under_Eyes": 0.06447716802358627, "Bald": 0.0006799239199608564, "Bangs": 0.0003517587319947779, "Big_Lips": 0.009709040634334087, "Big_Nose": 0.07827219367027283, "Black_Hair": 0.0034797764383256435, "Blond_Hair": 0.03718715161085129, "Blurry": 0.3735410273075104, "Brown_Hair": 0.3228590488433838, "Bushy_Eyebrows": 0.000500620692037046, "Chubby": 0.007696368265897036, "Double_Chin": 0.011621037498116493, "Eyeglasses": 0.0010688783368095756, "Goatee": 0.0004634074866771698, "Gray_Hair": 0.023747621104121208, "Heavy_Makeup": 0.00018192737479694188, "High_Cheekbones": 0.3098676800727844, "Male": 0.9987658262252808, "Mouth_Slightly_Open": 0.9857274889945984, "Mustache": 0.0008688021916896105, "Narrow_Eyes": 0.1315288096666336, "No_Beard": 0.9883544445037842, "Oval_Face": 0.17963364720344543, "Pale_Skin": 0.012719378806650639, "Pointy_Nose": 0.2492820769548416, "Receding_Hairline": 0.07538281381130219, "Rosy_Cheeks": 0.00029025491676293314, "Sideburns": 0.0002882632543332875, "Smiling": 0.9818738698959351, "Straight_Hair": 0.043483782559633255, "Wavy_Hair": 0.26696914434432983, "Wearing_Earrings": 0.000786272925324738, "Wearing_Hat": 0.00010360139276599512, "Wearing_Lipstick": 0.00034968252293765545, "Wearing_Necklace": 0.0029020083602517843, "Wearing_Necktie": 0.00423033582046628, "Young": 0.6949517130851746, "df_race": "white", "df_race_prob": 73.67726564407349, "df_gender": "Man", "df_gender_prob": 81.43271803855896, "df_age": 24, "df_emotion": "sad", "df_emotion_prob": 98.51069450378418}