{"name": "Hugo_Chavez_0038.jpg", "5_o_Clock_Shadow": 0.03981325775384903, "Arched_Eyebrows": 0.017381560057401657, "Attractive": 0.009629549458622932, "Bags_Under_Eyes": 0.7310509085655212, "Bald": 0.013205965980887413, "Bangs": 0.00011600903235375881, "Big_Lips": 0.022095687687397003, "Big_Nose": 0.6016532182693481, "Black_Hair": 0.049499452114105225, "Blond_Hair": 0.006712031550705433, "Blurry": 0.2912549376487732, "Brown_Hair": 0.007025497034192085, "Bushy_Eyebrows": 0.0009345448925159872, "Chubby": 0.5151941180229187, "Double_Chin": 0.267115980386734, "Eyeglasses": 0.001631719060242176, "Goatee": 0.0026706703938543797, "Gray_Hair": 0.023036770522594452, "Heavy_Makeup": 0.0001219792538904585, "High_Cheekbones": 0.954680323600769, "Male": 0.9946192502975464, "Mouth_Slightly_Open": 0.9970390796661377, "Mustache": 0.003316083224490285, "Narrow_Eyes": 0.8512152433395386, "No_Beard": 0.9257611632347107, "Oval_Face": 0.5268017053604126, "Pale_Skin": 0.01341516524553299, "Pointy_Nose": 0.0057477084919810295, "Receding_Hairline": 0.24260279536247253, "Rosy_Cheeks": 0.00010773483518278226, "Sideburns": 0.002311237156391144, "Smiling": 0.997179388999939, "Straight_Hair": 0.1960771679878235, "Wavy_Hair": 0.0017238311702385545, "Wearing_Earrings": 0.002254519611597061, "Wearing_Hat": 0.001876911730505526, "Wearing_Lipstick": 0.00017298769671469927, "Wearing_Necklace": 0.0003889772342517972, "Wearing_Necktie": 0.06959342956542969, "Young": 0.3120759129524231, "df_race": "asian", "df_race_prob": 52.74372696876526, "df_gender": "Man", "df_gender_prob": 99.89331364631653, "df_age": 28, "df_emotion": "happy", "df_emotion_prob": 84.53198671340942}