{"name": "Hugo_Chavez_0040.jpg", "5_o_Clock_Shadow": 0.07113691419363022, "Arched_Eyebrows": 0.003907543141394854, "Attractive": 0.026918018236756325, "Bags_Under_Eyes": 0.4674951136112213, "Bald": 0.0035979279782623053, "Bangs": 0.00022926415840629488, "Big_Lips": 0.038532279431819916, "Big_Nose": 0.30588415265083313, "Black_Hair": 0.024549290537834167, "Blond_Hair": 0.005396990571171045, "Blurry": 0.12582509219646454, "Brown_Hair": 0.012929287739098072, "Bushy_Eyebrows": 0.0005700121982954443, "Chubby": 0.13513098657131195, "Double_Chin": 0.10483473539352417, "Eyeglasses": 0.000926859793253243, "Goatee": 0.0015596323646605015, "Gray_Hair": 0.08913571387529373, "Heavy_Makeup": 0.00011681280739139766, "High_Cheekbones": 0.3582373559474945, "Male": 0.9987943172454834, "Mouth_Slightly_Open": 0.9930673837661743, "Mustache": 0.0020372699946165085, "Narrow_Eyes": 0.5870004296302795, "No_Beard": 0.9601259827613831, "Oval_Face": 0.10380887240171432, "Pale_Skin": 0.01403341069817543, "Pointy_Nose": 0.0527975969016552, "Receding_Hairline": 0.08281688392162323, "Rosy_Cheeks": 7.564664701931179e-05, "Sideburns": 0.002123486250638962, "Smiling": 0.9533578157424927, "Straight_Hair": 0.6392074227333069, "Wavy_Hair": 0.001961322734132409, "Wearing_Earrings": 0.0025781632866710424, "Wearing_Hat": 0.0010297863045707345, "Wearing_Lipstick": 0.000145485028042458, "Wearing_Necklace": 0.00038354896241798997, "Wearing_Necktie": 0.39656299352645874, "Young": 0.09749633073806763, "df_race": "white", "df_race_prob": 50.84131956100464, "df_gender": "Man", "df_gender_prob": 98.80104660987854, "df_age": 34, "df_emotion": "happy", "df_emotion_prob": 99.89421964952712}