{"name": "Hugo_Chavez_0052.jpg", "5_o_Clock_Shadow": 0.021746477112174034, "Arched_Eyebrows": 0.006305553950369358, "Attractive": 0.004429879132658243, "Bags_Under_Eyes": 0.10128277540206909, "Bald": 0.0018728176364675164, "Bangs": 0.00021898432169109583, "Big_Lips": 0.02603430300951004, "Big_Nose": 0.2763567268848419, "Black_Hair": 0.04768383502960205, "Blond_Hair": 0.006080789491534233, "Blurry": 0.09155673533678055, "Brown_Hair": 0.03605265915393829, "Bushy_Eyebrows": 0.0008679544553160667, "Chubby": 0.575954020023346, "Double_Chin": 0.23881684243679047, "Eyeglasses": 0.0066918558441102505, "Goatee": 0.0009823930449783802, "Gray_Hair": 0.058317095041275024, "Heavy_Makeup": 0.00042880375985987484, "High_Cheekbones": 0.025687653571367264, "Male": 0.9975666999816895, "Mouth_Slightly_Open": 0.8940803408622742, "Mustache": 0.003368846606463194, "Narrow_Eyes": 0.4747389554977417, "No_Beard": 0.9671517610549927, "Oval_Face": 0.2496577352285385, "Pale_Skin": 0.09666906297206879, "Pointy_Nose": 0.010655124671757221, "Receding_Hairline": 0.07952269166707993, "Rosy_Cheeks": 0.00012402462016325444, "Sideburns": 0.0016460613114759326, "Smiling": 0.00768357515335083, "Straight_Hair": 0.5363816618919373, "Wavy_Hair": 0.00568423280492425, "Wearing_Earrings": 0.00106955470982939, "Wearing_Hat": 0.0007429077522829175, "Wearing_Lipstick": 0.00046073412522673607, "Wearing_Necklace": 0.00038791928091086447, "Wearing_Necktie": 0.6743795275688171, "Young": 0.10910150408744812, "df_race": "latino hispanic", "df_race_prob": 73.76688718795776, "df_gender": "Man", "df_gender_prob": 99.97536540031433, "df_age": 28, "df_emotion": "sad", "df_emotion_prob": 44.55665647983551}