{"name": "Hugo_Chavez_0069.jpg", "5_o_Clock_Shadow": 0.03976983204483986, "Arched_Eyebrows": 0.0028468999080359936, "Attractive": 0.018751386553049088, "Bags_Under_Eyes": 0.3550563454627991, "Bald": 0.004694366827607155, "Bangs": 0.00035800138721242547, "Big_Lips": 0.012362568639218807, "Big_Nose": 0.7450461983680725, "Black_Hair": 0.07444728910923004, "Blond_Hair": 0.0030914226081222296, "Blurry": 0.07036227732896805, "Brown_Hair": 0.006353923585265875, "Bushy_Eyebrows": 0.00013160718663129956, "Chubby": 0.710641086101532, "Double_Chin": 0.5940777063369751, "Eyeglasses": 0.0020593805238604546, "Goatee": 0.0015265195397660136, "Gray_Hair": 0.12685534358024597, "Heavy_Makeup": 0.00044801339390687644, "High_Cheekbones": 0.9641491770744324, "Male": 0.998925507068634, "Mouth_Slightly_Open": 0.9970126152038574, "Mustache": 0.003045478602871299, "Narrow_Eyes": 0.7392124533653259, "No_Beard": 0.9682276248931885, "Oval_Face": 0.3635956943035126, "Pale_Skin": 0.0029118098318576813, "Pointy_Nose": 0.04350266605615616, "Receding_Hairline": 0.11163327097892761, "Rosy_Cheeks": 0.0020380497444421053, "Sideburns": 0.0017098025418817997, "Smiling": 0.9990678429603577, "Straight_Hair": 0.48749271035194397, "Wavy_Hair": 0.004074632190167904, "Wearing_Earrings": 0.003714742138981819, "Wearing_Hat": 0.0004109613364562392, "Wearing_Lipstick": 0.0007495503523387015, "Wearing_Necklace": 0.0005756774335168302, "Wearing_Necktie": 0.46824419498443604, "Young": 0.0665181428194046, "df_race": "latino hispanic", "df_race_prob": 21.34738840743234, "df_gender": "Man", "df_gender_prob": 98.99331331253052, "df_age": 40, "df_emotion": "happy", "df_emotion_prob": 99.99983310699463}