{"name": "Hun_Sen_0004.jpg", "5_o_Clock_Shadow": 0.0033296295441687107, "Arched_Eyebrows": 0.0003726565046235919, "Attractive": 0.0037838181015104055, "Bags_Under_Eyes": 0.004679734352976084, "Bald": 0.0018746707355603576, "Bangs": 0.0008066376904025674, "Big_Lips": 0.01943594589829445, "Big_Nose": 0.09498059004545212, "Black_Hair": 0.14159557223320007, "Blond_Hair": 0.0013484483351930976, "Blurry": 0.039268482476472855, "Brown_Hair": 0.0051888045854866505, "Bushy_Eyebrows": 0.0008812827290967107, "Chubby": 0.04109707847237587, "Double_Chin": 0.02134624309837818, "Eyeglasses": 0.9915310144424438, "Goatee": 0.0007157986983656883, "Gray_Hair": 0.04183056950569153, "Heavy_Makeup": 0.000490733131300658, "High_Cheekbones": 0.02880699187517166, "Male": 0.9955456256866455, "Mouth_Slightly_Open": 0.8545891642570496, "Mustache": 0.0020823294762521982, "Narrow_Eyes": 0.006054310128092766, "No_Beard": 0.9935870170593262, "Oval_Face": 0.2390529215335846, "Pale_Skin": 0.009634275920689106, "Pointy_Nose": 0.002681893529370427, "Receding_Hairline": 0.008865013718605042, "Rosy_Cheeks": 0.00019286769384052604, "Sideburns": 0.0003372555074747652, "Smiling": 0.004598117433488369, "Straight_Hair": 0.84278404712677, "Wavy_Hair": 0.0011418212670832872, "Wearing_Earrings": 0.0007658840040676296, "Wearing_Hat": 0.0016164161497727036, "Wearing_Lipstick": 0.001434761332347989, "Wearing_Necklace": 0.0004209211328998208, "Wearing_Necktie": 0.6292260885238647, "Young": 0.060583651065826416, "df_race": "asian", "df_race_prob": 82.92144536972046, "df_gender": "Man", "df_gender_prob": 99.96322393417358, "df_age": 41, "df_emotion": "surprise", "df_emotion_prob": 68.69170069694519}