{"name": "Hun_Sen_0002.jpg", "5_o_Clock_Shadow": 0.005537797696888447, "Arched_Eyebrows": 0.000625504064373672, "Attractive": 0.001199094345793128, "Bags_Under_Eyes": 0.08583163470029831, "Bald": 0.0013607998844236135, "Bangs": 0.0007367992075160146, "Big_Lips": 0.03247201442718506, "Big_Nose": 0.3830743432044983, "Black_Hair": 0.04163927212357521, "Blond_Hair": 0.0020573127549141645, "Blurry": 0.05269245058298111, "Brown_Hair": 0.0024290448054671288, "Bushy_Eyebrows": 0.0008262103074230254, "Chubby": 0.1397593468427658, "Double_Chin": 0.06416896730661392, "Eyeglasses": 0.9571698904037476, "Goatee": 0.0006433945382013917, "Gray_Hair": 0.28992924094200134, "Heavy_Makeup": 0.00011005765554727986, "High_Cheekbones": 0.07883698493242264, "Male": 0.9941907525062561, "Mouth_Slightly_Open": 0.18114608526229858, "Mustache": 0.002711791777983308, "Narrow_Eyes": 0.24156729876995087, "No_Beard": 0.9908238649368286, "Oval_Face": 0.058495622128248215, "Pale_Skin": 0.006532326340675354, "Pointy_Nose": 0.001483208267018199, "Receding_Hairline": 0.01591620221734047, "Rosy_Cheeks": 6.761300755897537e-05, "Sideburns": 0.00047674623783677816, "Smiling": 0.02512151561677456, "Straight_Hair": 0.743921160697937, "Wavy_Hair": 0.0023948061279952526, "Wearing_Earrings": 0.0011430777376517653, "Wearing_Hat": 0.0008675497374497354, "Wearing_Lipstick": 0.00027227087412029505, "Wearing_Necklace": 0.0013763142051175237, "Wearing_Necktie": 0.01281422097235918, "Young": 0.009350764565169811, "df_race": "asian", "df_race_prob": 68.61719489097595, "df_gender": "Man", "df_gender_prob": 99.96023774147034, "df_age": 41, "df_emotion": "sad", "df_emotion_prob": 38.2189154624939}