{"name": "Ian_Huntley_0001.jpg", "5_o_Clock_Shadow": 0.027478409931063652, "Arched_Eyebrows": 0.0022474557626992464, "Attractive": 0.09879470616579056, "Bags_Under_Eyes": 0.014911503531038761, "Bald": 0.0010149992303922772, "Bangs": 0.0004518648493103683, "Big_Lips": 0.011833521537482738, "Big_Nose": 0.01765243336558342, "Black_Hair": 0.025424478575587273, "Blond_Hair": 0.004429538268595934, "Blurry": 0.07984128594398499, "Brown_Hair": 0.026346897706389427, "Bushy_Eyebrows": 0.0006522278999909759, "Chubby": 0.017058193683624268, "Double_Chin": 0.003013103734701872, "Eyeglasses": 0.00035758220474235713, "Goatee": 0.0004989768494851887, "Gray_Hair": 0.0031863567419350147, "Heavy_Makeup": 0.00038148299790918827, "High_Cheekbones": 0.04369063302874565, "Male": 0.9949604272842407, "Mouth_Slightly_Open": 0.0011247012298554182, "Mustache": 0.0004458263865672052, "Narrow_Eyes": 0.02496488206088543, "No_Beard": 0.986343502998352, "Oval_Face": 0.4599234461784363, "Pale_Skin": 0.009693377651274204, "Pointy_Nose": 0.07823144644498825, "Receding_Hairline": 0.00555198872461915, "Rosy_Cheeks": 0.00018727938004303724, "Sideburns": 0.00023520937247667462, "Smiling": 0.005271293222904205, "Straight_Hair": 0.3950236141681671, "Wavy_Hair": 0.004154061432927847, "Wearing_Earrings": 0.0010766679188236594, "Wearing_Hat": 0.0004179288516752422, "Wearing_Lipstick": 0.0006321182008832693, "Wearing_Necklace": 0.0009498742874711752, "Wearing_Necktie": 0.0011280059115961194, "Young": 0.8527023196220398, "df_race": "white", "df_race_prob": 85.63184909440886, "df_gender": "Man", "df_gender_prob": 99.94783997535706, "df_age": 32, "df_emotion": "fear", "df_emotion_prob": 79.54002496838719}