{"name": "Ian_Thorpe_0006.jpg", "5_o_Clock_Shadow": 0.049146365374326706, "Arched_Eyebrows": 0.011447915807366371, "Attractive": 0.25313279032707214, "Bags_Under_Eyes": 0.6235455274581909, "Bald": 0.000753247644752264, "Bangs": 0.0006218057824298739, "Big_Lips": 0.04784600809216499, "Big_Nose": 0.38869020342826843, "Black_Hair": 0.0018261098302900791, "Blond_Hair": 0.10070426762104034, "Blurry": 0.09210337698459625, "Brown_Hair": 0.159121572971344, "Bushy_Eyebrows": 0.0008865842246450484, "Chubby": 0.008348152972757816, "Double_Chin": 0.008380310609936714, "Eyeglasses": 0.00014223465404938906, "Goatee": 0.0003166107344441116, "Gray_Hair": 0.0027069987263530493, "Heavy_Makeup": 0.0003406241303309798, "High_Cheekbones": 0.9435728788375854, "Male": 0.9926994442939758, "Mouth_Slightly_Open": 0.9986489415168762, "Mustache": 0.000420654978370294, "Narrow_Eyes": 0.1831337958574295, "No_Beard": 0.9915525317192078, "Oval_Face": 0.37639904022216797, "Pale_Skin": 0.01427822932600975, "Pointy_Nose": 0.0646636113524437, "Receding_Hairline": 0.009565522894263268, "Rosy_Cheeks": 8.344000525539741e-05, "Sideburns": 0.0004013323923572898, "Smiling": 0.9988971948623657, "Straight_Hair": 0.45570793747901917, "Wavy_Hair": 0.006738048046827316, "Wearing_Earrings": 0.002276865765452385, "Wearing_Hat": 0.0003278729855082929, "Wearing_Lipstick": 0.0006278555374592543, "Wearing_Necklace": 0.0010040508350357413, "Wearing_Necktie": 0.004160437732934952, "Young": 0.9269611239433289, "df_race": "white", "df_race_prob": 85.05449891090393, "df_gender": "Man", "df_gender_prob": 99.98193383216858, "df_age": 27, "df_emotion": "happy", "df_emotion_prob": 99.9946773049043}