{"name": "Igor_Ivanov_0020.jpg", "5_o_Clock_Shadow": 0.01085604913532734, "Arched_Eyebrows": 0.011846419423818588, "Attractive": 0.007674563676118851, "Bags_Under_Eyes": 0.4130638539791107, "Bald": 0.9524521231651306, "Bangs": 0.0007834967109374702, "Big_Lips": 0.03251675143837929, "Big_Nose": 0.5380384922027588, "Black_Hair": 0.0045210518874228, "Blond_Hair": 0.0033846127334982157, "Blurry": 0.0049352748319506645, "Brown_Hair": 0.001904682838357985, "Bushy_Eyebrows": 0.0014077727682888508, "Chubby": 0.5302329659461975, "Double_Chin": 0.41328859329223633, "Eyeglasses": 0.005003779660910368, "Goatee": 0.0024462197907269, "Gray_Hair": 0.10869298130273819, "Heavy_Makeup": 0.00023601741122547537, "High_Cheekbones": 0.020667094737291336, "Male": 0.9997143149375916, "Mouth_Slightly_Open": 0.8981555104255676, "Mustache": 0.0022034947760403156, "Narrow_Eyes": 0.012956079095602036, "No_Beard": 0.9824050068855286, "Oval_Face": 0.41750138998031616, "Pale_Skin": 0.05291207134723663, "Pointy_Nose": 0.016496265307068825, "Receding_Hairline": 0.10579995065927505, "Rosy_Cheeks": 0.00014688745432067662, "Sideburns": 0.0023098005913197994, "Smiling": 0.015748407691717148, "Straight_Hair": 0.011849518865346909, "Wavy_Hair": 0.0008458908414468169, "Wearing_Earrings": 0.0010480403434485197, "Wearing_Hat": 0.0025708081666380167, "Wearing_Lipstick": 0.0007098878268152475, "Wearing_Necklace": 0.00039145417395047843, "Wearing_Necktie": 0.37229132652282715, "Young": 0.04623796045780182, "df_race": "latino hispanic", "df_race_prob": 40.49035608768463, "df_gender": "Man", "df_gender_prob": 99.98866319656372, "df_age": 44, "df_emotion": "sad", "df_emotion_prob": 46.456167101860046}