{"name": "Igor_Ivanov_0012.jpg", "5_o_Clock_Shadow": 0.009125016629695892, "Arched_Eyebrows": 0.0022589624859392643, "Attractive": 0.004603349603712559, "Bags_Under_Eyes": 0.2932051718235016, "Bald": 0.9007647037506104, "Bangs": 0.0018822638085111976, "Big_Lips": 0.01872948184609413, "Big_Nose": 0.3423500657081604, "Black_Hair": 0.0021221914794296026, "Blond_Hair": 0.0025889999233186245, "Blurry": 0.07366275787353516, "Brown_Hair": 0.0026357085444033146, "Bushy_Eyebrows": 0.00016472581773996353, "Chubby": 0.22714130580425262, "Double_Chin": 0.13451921939849854, "Eyeglasses": 0.012926780618727207, "Goatee": 0.0025234685745090246, "Gray_Hair": 0.1400301456451416, "Heavy_Makeup": 0.00010333461250411347, "High_Cheekbones": 0.014241036027669907, "Male": 0.9992349147796631, "Mouth_Slightly_Open": 0.17665493488311768, "Mustache": 0.00424007885158062, "Narrow_Eyes": 0.05273011699318886, "No_Beard": 0.9803962111473083, "Oval_Face": 0.2388133704662323, "Pale_Skin": 0.03544406220316887, "Pointy_Nose": 0.0193776972591877, "Receding_Hairline": 0.14997316896915436, "Rosy_Cheeks": 5.030815736972727e-05, "Sideburns": 0.0034841608721762896, "Smiling": 0.003174794837832451, "Straight_Hair": 0.01289057545363903, "Wavy_Hair": 0.0012762174010276794, "Wearing_Earrings": 0.0008025809656828642, "Wearing_Hat": 0.002610968193039298, "Wearing_Lipstick": 0.0001755789271555841, "Wearing_Necklace": 0.00032636045943945646, "Wearing_Necktie": 0.8488679528236389, "Young": 0.031085673719644547, "df_race": "latino hispanic", "df_race_prob": 30.287936329841614, "df_gender": "Man", "df_gender_prob": 99.99361038208008, "df_age": 49, "df_emotion": "sad", "df_emotion_prob": 71.48640495700776}