{"name": "Ilie_Nastase_0001.jpg", "5_o_Clock_Shadow": 0.018452348187565804, "Arched_Eyebrows": 0.0004804969357792288, "Attractive": 0.0009472706005908549, "Bags_Under_Eyes": 0.33016300201416016, "Bald": 0.008815753273665905, "Bangs": 0.001976290252059698, "Big_Lips": 0.01795598305761814, "Big_Nose": 0.3768935203552246, "Black_Hair": 0.0010755766415968537, "Blond_Hair": 0.007367659360170364, "Blurry": 0.2892577052116394, "Brown_Hair": 0.011486358009278774, "Bushy_Eyebrows": 0.0001549575390527025, "Chubby": 0.20115728676319122, "Double_Chin": 0.05996447429060936, "Eyeglasses": 0.00230858544819057, "Goatee": 0.0013829013332724571, "Gray_Hair": 0.08506487309932709, "Heavy_Makeup": 6.488012877525762e-05, "High_Cheekbones": 0.03120594657957554, "Male": 0.9977484345436096, "Mouth_Slightly_Open": 0.1356082707643509, "Mustache": 0.0016293165972456336, "Narrow_Eyes": 0.053040262311697006, "No_Beard": 0.9752272963523865, "Oval_Face": 0.07671412825584412, "Pale_Skin": 0.011219500564038754, "Pointy_Nose": 0.054230980575084686, "Receding_Hairline": 0.05629066750407219, "Rosy_Cheeks": 0.00013827030488755554, "Sideburns": 0.004314342048019171, "Smiling": 0.000870257499627769, "Straight_Hair": 0.02387280762195587, "Wavy_Hair": 0.013401029631495476, "Wearing_Earrings": 0.0010206602746620774, "Wearing_Hat": 0.07329405099153519, "Wearing_Lipstick": 0.00013545167166739702, "Wearing_Necklace": 0.0015334615018218756, "Wearing_Necktie": 0.03818758204579353, "Young": 0.042459484189748764, "df_race": "white", "df_race_prob": 81.15969896316528, "df_gender": "Man", "df_gender_prob": 99.76884126663208, "df_age": 48, "df_emotion": "surprise", "df_emotion_prob": 42.314356565475464}