{"name": "Ingrid_Betancourt_0001.jpg", "5_o_Clock_Shadow": 0.001504036714322865, "Arched_Eyebrows": 0.09039424359798431, "Attractive": 0.04982325807213783, "Bags_Under_Eyes": 0.016499731689691544, "Bald": 0.00020183614105917513, "Bangs": 0.0002618353464640677, "Big_Lips": 0.01829482614994049, "Big_Nose": 0.032176848500967026, "Black_Hair": 0.05218544974923134, "Blond_Hair": 0.0016419407911598682, "Blurry": 0.27889564633369446, "Brown_Hair": 0.030903903767466545, "Bushy_Eyebrows": 0.018302202224731445, "Chubby": 0.0027612519916146994, "Double_Chin": 0.0006594955339096487, "Eyeglasses": 0.0003425586619414389, "Goatee": 0.00011657523282337934, "Gray_Hair": 0.0030771144665777683, "Heavy_Makeup": 0.0033872518688440323, "High_Cheekbones": 0.016822492703795433, "Male": 0.017953108996152878, "Mouth_Slightly_Open": 0.3780865967273712, "Mustache": 0.00014032749459147453, "Narrow_Eyes": 0.014309832826256752, "No_Beard": 0.9967299699783325, "Oval_Face": 0.22579039633274078, "Pale_Skin": 0.004929966758936644, "Pointy_Nose": 0.08608773350715637, "Receding_Hairline": 0.07649099081754684, "Rosy_Cheeks": 0.0001337934227194637, "Sideburns": 0.0003990036202594638, "Smiling": 0.024046283215284348, "Straight_Hair": 0.2134816199541092, "Wavy_Hair": 0.010571316815912724, "Wearing_Earrings": 0.0350150428712368, "Wearing_Hat": 0.002464871620759368, "Wearing_Lipstick": 0.0171107929199934, "Wearing_Necklace": 0.016810627654194832, "Wearing_Necktie": 0.0003519896708894521, "Young": 0.8696092963218689, "df_race": "latino hispanic", "df_race_prob": 38.20548951625824, "df_gender": "Man", "df_gender_prob": 67.29984283447266, "df_age": 39, "df_emotion": "sad", "df_emotion_prob": 90.42876476898613}