{"name": "Inocencio_Arias_0002.jpg", "5_o_Clock_Shadow": 0.011933584697544575, "Arched_Eyebrows": 0.05920400470495224, "Attractive": 0.0018692821031436324, "Bags_Under_Eyes": 0.6777704954147339, "Bald": 0.03437918424606323, "Bangs": 0.0005386621342040598, "Big_Lips": 0.00929624866694212, "Big_Nose": 0.6992969512939453, "Black_Hair": 0.0008134949021041393, "Blond_Hair": 0.006525191478431225, "Blurry": 0.13043616712093353, "Brown_Hair": 0.0009633453446440399, "Bushy_Eyebrows": 0.05010044574737549, "Chubby": 0.1312813013792038, "Double_Chin": 0.3084334135055542, "Eyeglasses": 0.009450857527554035, "Goatee": 0.0016809528460726142, "Gray_Hair": 0.9720601439476013, "Heavy_Makeup": 0.00016443237836938351, "High_Cheekbones": 0.06710967421531677, "Male": 0.9984428286552429, "Mouth_Slightly_Open": 0.0060311490669846535, "Mustache": 0.017974676564335823, "Narrow_Eyes": 0.14202328026294708, "No_Beard": 0.9340864419937134, "Oval_Face": 0.046897489577531815, "Pale_Skin": 0.0502670593559742, "Pointy_Nose": 0.13213546574115753, "Receding_Hairline": 0.5623640418052673, "Rosy_Cheeks": 0.00026786152739077806, "Sideburns": 0.00698555912822485, "Smiling": 0.05247693136334419, "Straight_Hair": 0.07795866578817368, "Wavy_Hair": 0.009654474444687366, "Wearing_Earrings": 0.0009452308295294642, "Wearing_Hat": 0.0014123846776783466, "Wearing_Lipstick": 0.0003756851074285805, "Wearing_Necklace": 0.0004899678169749677, "Wearing_Necktie": 0.7880126237869263, "Young": 0.003369309473782778, "df_race": "middle eastern", "df_race_prob": 59.78717564267967, "df_gender": "Man", "df_gender_prob": 99.94294047355652, "df_age": 47, "df_emotion": "happy", "df_emotion_prob": 50.23137034364762}