{"name": "Intisar_Ajouri_0003.jpg", "5_o_Clock_Shadow": 0.002395092975348234, "Arched_Eyebrows": 0.15766437351703644, "Attractive": 0.05613900348544121, "Bags_Under_Eyes": 0.01364554837346077, "Bald": 0.0004352632095105946, "Bangs": 0.0032229193020612, "Big_Lips": 0.05867106094956398, "Big_Nose": 0.042122144252061844, "Black_Hair": 0.009451803751289845, "Blond_Hair": 0.003201425541192293, "Blurry": 0.11940757930278778, "Brown_Hair": 0.0037773093208670616, "Bushy_Eyebrows": 0.0009520080639049411, "Chubby": 0.03169463574886322, "Double_Chin": 0.002189751248806715, "Eyeglasses": 0.0006019495194777846, "Goatee": 0.00022295034432318062, "Gray_Hair": 0.0004037651524413377, "Heavy_Makeup": 0.012033931910991669, "High_Cheekbones": 0.015209062024950981, "Male": 0.055231913924217224, "Mouth_Slightly_Open": 0.0028321431018412113, "Mustache": 0.00021930817456450313, "Narrow_Eyes": 0.03196180611848831, "No_Beard": 0.9932409524917603, "Oval_Face": 0.4644441306591034, "Pale_Skin": 0.014141414314508438, "Pointy_Nose": 0.047369517385959625, "Receding_Hairline": 0.0022429160308092833, "Rosy_Cheeks": 0.00018610541883390397, "Sideburns": 0.0011096859816461802, "Smiling": 0.0016577494097873569, "Straight_Hair": 0.019162168726325035, "Wavy_Hair": 0.006923474837094545, "Wearing_Earrings": 0.010014723986387253, "Wearing_Hat": 0.8192466497421265, "Wearing_Lipstick": 0.036092400550842285, "Wearing_Necklace": 0.007067451719194651, "Wearing_Necktie": 0.0006202458753250539, "Young": 0.8856177926063538, "df_race": "latino hispanic", "df_race_prob": 32.04135596752167, "df_gender": "Woman", "df_gender_prob": 99.52791929244995, "df_age": 32, "df_emotion": "sad", "df_emotion_prob": 98.34985136985779}