{"name": "Isabella_Rossellini_0002.jpg", "5_o_Clock_Shadow": 0.0012255352921783924, "Arched_Eyebrows": 0.021554961800575256, "Attractive": 0.5050856471061707, "Bags_Under_Eyes": 0.022276366129517555, "Bald": 0.00019505123782437295, "Bangs": 0.011098040267825127, "Big_Lips": 0.11600019782781601, "Big_Nose": 0.015774060040712357, "Black_Hair": 0.029458608478307724, "Blond_Hair": 0.01015594881027937, "Blurry": 0.04862658679485321, "Brown_Hair": 0.054743245244026184, "Bushy_Eyebrows": 0.00135516538284719, "Chubby": 0.00567037845030427, "Double_Chin": 0.003114870749413967, "Eyeglasses": 0.00010252310312353075, "Goatee": 7.657179230591282e-05, "Gray_Hair": 0.002073843264952302, "Heavy_Makeup": 0.04568338394165039, "High_Cheekbones": 0.6786367893218994, "Male": 0.10700387507677078, "Mouth_Slightly_Open": 0.9770680665969849, "Mustache": 7.717288826825097e-05, "Narrow_Eyes": 0.06702596694231033, "No_Beard": 0.9992995262145996, "Oval_Face": 0.49995332956314087, "Pale_Skin": 0.1691371649503708, "Pointy_Nose": 0.1787550002336502, "Receding_Hairline": 0.00494669284671545, "Rosy_Cheeks": 0.0007950152503326535, "Sideburns": 9.681979281594977e-05, "Smiling": 0.9894088506698608, "Straight_Hair": 0.5395873785018921, "Wavy_Hair": 0.0035477555356919765, "Wearing_Earrings": 0.029915761202573776, "Wearing_Hat": 0.0004346385831013322, "Wearing_Lipstick": 0.4216632843017578, "Wearing_Necklace": 0.008544528856873512, "Wearing_Necktie": 0.000220933259697631, "Young": 0.6238296031951904, "df_race": "white", "df_race_prob": 93.24559569358826, "df_gender": "Woman", "df_gender_prob": 99.90047812461853, "df_age": 35, "df_emotion": "happy", "df_emotion_prob": 98.92768859863281}