{"name": "Itzhak_Perlman_0001.jpg", "5_o_Clock_Shadow": 0.01133490540087223, "Arched_Eyebrows": 0.0008852282189764082, "Attractive": 0.001318908529356122, "Bags_Under_Eyes": 0.2102860063314438, "Bald": 0.003648775164037943, "Bangs": 0.000946188229136169, "Big_Lips": 0.02176535315811634, "Big_Nose": 0.31050384044647217, "Black_Hair": 0.007510175462812185, "Blond_Hair": 0.0023800001945346594, "Blurry": 0.5289678573608398, "Brown_Hair": 0.006907687522470951, "Bushy_Eyebrows": 0.0011521325213834643, "Chubby": 0.35147470235824585, "Double_Chin": 0.11681244522333145, "Eyeglasses": 0.9865880608558655, "Goatee": 0.0011029125889763236, "Gray_Hair": 0.7504441738128662, "Heavy_Makeup": 0.00011236473801545799, "High_Cheekbones": 0.04600339010357857, "Male": 0.9932901859283447, "Mouth_Slightly_Open": 0.42529332637786865, "Mustache": 0.004772367887198925, "Narrow_Eyes": 0.12199435383081436, "No_Beard": 0.9585332870483398, "Oval_Face": 0.152369886636734, "Pale_Skin": 0.007662767078727484, "Pointy_Nose": 0.015726057812571526, "Receding_Hairline": 0.2727930247783661, "Rosy_Cheeks": 5.105285890749656e-05, "Sideburns": 0.0016031647101044655, "Smiling": 0.0635722354054451, "Straight_Hair": 0.007848270237445831, "Wavy_Hair": 0.4638713598251343, "Wearing_Earrings": 0.0008516154484823346, "Wearing_Hat": 0.0003327546000946313, "Wearing_Lipstick": 0.00025922246277332306, "Wearing_Necklace": 0.0013965287944301963, "Wearing_Necktie": 0.029430797323584557, "Young": 0.008243178017437458, "df_race": "white", "df_race_prob": 34.86781120300293, "df_gender": "Man", "df_gender_prob": 96.99786305427551, "df_age": 39, "df_emotion": "happy", "df_emotion_prob": 88.60922387893342}