{"name": "Iva_Majoli_0002.jpg", "5_o_Clock_Shadow": 0.002387259155511856, "Arched_Eyebrows": 0.0049249655567109585, "Attractive": 0.02601582370698452, "Bags_Under_Eyes": 0.099642314016819, "Bald": 0.000976275943685323, "Bangs": 0.000546364753972739, "Big_Lips": 0.010325930081307888, "Big_Nose": 0.029055988416075706, "Black_Hair": 0.0009362092241644859, "Blond_Hair": 0.33918139338493347, "Blurry": 0.30674639344215393, "Brown_Hair": 0.02957013063132763, "Bushy_Eyebrows": 0.00020218438294250518, "Chubby": 0.0012782624689862132, "Double_Chin": 0.0010519264033064246, "Eyeglasses": 0.0008688567904755473, "Goatee": 0.0004197747621219605, "Gray_Hair": 0.01380806602537632, "Heavy_Makeup": 0.0010352696990594268, "High_Cheekbones": 0.45106077194213867, "Male": 0.05989055335521698, "Mouth_Slightly_Open": 0.9317842125892639, "Mustache": 0.00027956999838352203, "Narrow_Eyes": 0.006545853801071644, "No_Beard": 0.9921962022781372, "Oval_Face": 0.12424139678478241, "Pale_Skin": 0.00463947793468833, "Pointy_Nose": 0.06288739293813705, "Receding_Hairline": 0.2491959035396576, "Rosy_Cheeks": 8.095728844637051e-05, "Sideburns": 0.0004507310513872653, "Smiling": 0.17871977388858795, "Straight_Hair": 0.3117736876010895, "Wavy_Hair": 0.0030604153871536255, "Wearing_Earrings": 0.02975299209356308, "Wearing_Hat": 0.0007864734507165849, "Wearing_Lipstick": 0.002361196791753173, "Wearing_Necklace": 0.013040702790021896, "Wearing_Necktie": 0.00037704582791775465, "Young": 0.9182798862457275, "df_race": "white", "df_race_prob": 99.91559385750257, "df_gender": "Man", "df_gender_prob": 63.53910565376282, "df_age": 39, "df_emotion": "happy", "df_emotion_prob": 98.66689443588257}