{"name": "Jackie_Chan_0005.jpg", "5_o_Clock_Shadow": 0.008595000021159649, "Arched_Eyebrows": 0.017906349152326584, "Attractive": 0.018535692244768143, "Bags_Under_Eyes": 0.07475908100605011, "Bald": 0.0011908080196008086, "Bangs": 0.000305959430988878, "Big_Lips": 0.006883086636662483, "Big_Nose": 0.04576769098639488, "Black_Hair": 0.4141101539134979, "Blond_Hair": 0.0009365036385133862, "Blurry": 0.20502974092960358, "Brown_Hair": 0.007391669787466526, "Bushy_Eyebrows": 0.0006819121772423387, "Chubby": 0.007004405837506056, "Double_Chin": 0.0013642975827679038, "Eyeglasses": 0.0030027383472770452, "Goatee": 0.00031682843109592795, "Gray_Hair": 0.0027824274729937315, "Heavy_Makeup": 8.745519880903885e-05, "High_Cheekbones": 0.02610781230032444, "Male": 0.9917489290237427, "Mouth_Slightly_Open": 0.004131581634283066, "Mustache": 0.0008782135555520654, "Narrow_Eyes": 0.07982785999774933, "No_Beard": 0.9936813116073608, "Oval_Face": 0.09587230533361435, "Pale_Skin": 0.05586152896285057, "Pointy_Nose": 0.018939711153507233, "Receding_Hairline": 0.12976258993148804, "Rosy_Cheeks": 3.8126589060993865e-05, "Sideburns": 0.0002812497259583324, "Smiling": 0.0008966155000962317, "Straight_Hair": 0.14780031144618988, "Wavy_Hair": 0.030222000554203987, "Wearing_Earrings": 0.0010527310660108924, "Wearing_Hat": 0.0008676084689795971, "Wearing_Lipstick": 0.0003135907172691077, "Wearing_Necklace": 0.0010070436401292682, "Wearing_Necktie": 0.0334894023835659, "Young": 0.3430764675140381, "df_race": "asian", "df_race_prob": 98.17472100257874, "df_gender": "Man", "df_gender_prob": 99.94914531707764, "df_age": 44, "df_emotion": "neutral", "df_emotion_prob": 69.63613629341125}