{"name": "Jack_Straw_0007.jpg", "5_o_Clock_Shadow": 0.006199925672262907, "Arched_Eyebrows": 0.0001833309215726331, "Attractive": 0.00174117018468678, "Bags_Under_Eyes": 0.15322531759738922, "Bald": 0.003841301193460822, "Bangs": 0.0028847791254520416, "Big_Lips": 0.021743591874837875, "Big_Nose": 0.544223964214325, "Black_Hair": 0.0031302168499678373, "Blond_Hair": 0.007404941599816084, "Blurry": 0.06254208832979202, "Brown_Hair": 0.0010003757197409868, "Bushy_Eyebrows": 0.0021396831143647432, "Chubby": 0.07473399490118027, "Double_Chin": 0.0829775407910347, "Eyeglasses": 0.7104235291481018, "Goatee": 0.0008459129021503031, "Gray_Hair": 0.9327975511550903, "Heavy_Makeup": 0.0002232749538961798, "High_Cheekbones": 0.03371944651007652, "Male": 0.9987693428993225, "Mouth_Slightly_Open": 0.9249880909919739, "Mustache": 0.0019119950011372566, "Narrow_Eyes": 0.012712165713310242, "No_Beard": 0.9881987571716309, "Oval_Face": 0.14139986038208008, "Pale_Skin": 0.01901656948029995, "Pointy_Nose": 0.007274280302226543, "Receding_Hairline": 0.009774050675332546, "Rosy_Cheeks": 0.00015071591769810766, "Sideburns": 0.002703814534470439, "Smiling": 0.005614094901829958, "Straight_Hair": 0.6245735883712769, "Wavy_Hair": 0.004725297912955284, "Wearing_Earrings": 0.0005508489557541907, "Wearing_Hat": 0.00094673375133425, "Wearing_Lipstick": 0.0002750406274572015, "Wearing_Necklace": 0.00038890086580067873, "Wearing_Necktie": 0.7776403427124023, "Young": 0.006251544691622257, "df_race": "latino hispanic", "df_race_prob": 31.483194231987, "df_gender": "Man", "df_gender_prob": 99.99001026153564, "df_age": 37, "df_emotion": "fear", "df_emotion_prob": 47.687408328056335}