{"name": "Jack_Straw_0001.jpg", "5_o_Clock_Shadow": 0.003981248941272497, "Arched_Eyebrows": 0.003611528780311346, "Attractive": 0.0050802878104150295, "Bags_Under_Eyes": 0.30793970823287964, "Bald": 0.0023458951618522406, "Bangs": 0.003743627341464162, "Big_Lips": 0.014267293736338615, "Big_Nose": 0.37356969714164734, "Black_Hair": 0.001315595698542893, "Blond_Hair": 0.0032104235142469406, "Blurry": 0.05390538275241852, "Brown_Hair": 0.002070473972707987, "Bushy_Eyebrows": 0.004552054218947887, "Chubby": 0.022170914337038994, "Double_Chin": 0.020151475444436073, "Eyeglasses": 0.017368648201227188, "Goatee": 0.00017444268451072276, "Gray_Hair": 0.8729739785194397, "Heavy_Makeup": 0.00023808704281691462, "High_Cheekbones": 0.02038385532796383, "Male": 0.998448371887207, "Mouth_Slightly_Open": 0.012724337168037891, "Mustache": 0.0005113473162055016, "Narrow_Eyes": 0.008268136531114578, "No_Beard": 0.9967284202575684, "Oval_Face": 0.10520113259553909, "Pale_Skin": 0.01101434975862503, "Pointy_Nose": 0.011484485119581223, "Receding_Hairline": 0.012416141107678413, "Rosy_Cheeks": 6.380747072398663e-05, "Sideburns": 0.0008520350675098598, "Smiling": 0.0016757564153522253, "Straight_Hair": 0.4715614318847656, "Wavy_Hair": 0.00546666607260704, "Wearing_Earrings": 0.0004045632667839527, "Wearing_Hat": 0.0004689271154347807, "Wearing_Lipstick": 0.00029824808007106185, "Wearing_Necklace": 0.0004129519802518189, "Wearing_Necktie": 0.37118402123451233, "Young": 0.003503520041704178, "df_race": "middle eastern", "df_race_prob": 57.45663985351562, "df_gender": "Man", "df_gender_prob": 99.9974250793457, "df_age": 40, "df_emotion": "neutral", "df_emotion_prob": 96.63135389276468}