{"name": "Jack_LaLanne_0001.jpg", "5_o_Clock_Shadow": 0.007869979366660118, "Arched_Eyebrows": 0.000799081230070442, "Attractive": 0.011510596610605717, "Bags_Under_Eyes": 0.6122777462005615, "Bald": 0.24673676490783691, "Bangs": 0.00046467900392599404, "Big_Lips": 0.002303723944351077, "Big_Nose": 0.13811051845550537, "Black_Hair": 0.0009065950289368629, "Blond_Hair": 0.008639855310320854, "Blurry": 0.04922838509082794, "Brown_Hair": 0.00850982591509819, "Bushy_Eyebrows": 0.0004915192257612944, "Chubby": 0.10059122741222382, "Double_Chin": 0.04117853194475174, "Eyeglasses": 0.003739395411685109, "Goatee": 0.002186276251450181, "Gray_Hair": 0.5641409158706665, "Heavy_Makeup": 0.00016730300558265299, "High_Cheekbones": 0.27182960510253906, "Male": 0.9934915900230408, "Mouth_Slightly_Open": 0.03124554082751274, "Mustache": 0.0005573685630224645, "Narrow_Eyes": 0.5073365569114685, "No_Beard": 0.9894289374351501, "Oval_Face": 0.1213187575340271, "Pale_Skin": 0.05743725970387459, "Pointy_Nose": 0.06836007535457611, "Receding_Hairline": 0.6053767204284668, "Rosy_Cheeks": 0.0001796860306058079, "Sideburns": 0.0014156987890601158, "Smiling": 0.6156134009361267, "Straight_Hair": 0.03715952858328819, "Wavy_Hair": 0.0038547993171960115, "Wearing_Earrings": 0.002120065037161112, "Wearing_Hat": 0.00026911019813269377, "Wearing_Lipstick": 0.00014776081661693752, "Wearing_Necklace": 0.0005754503072239459, "Wearing_Necktie": 0.017060520127415657, "Young": 0.009509262628853321, "df_race": "white", "df_race_prob": 47.45538815590073, "df_gender": "Man", "df_gender_prob": 99.97289776802063, "df_age": 51, "df_emotion": "happy", "df_emotion_prob": 99.76395371389941}