{"name": "Jack_Straw_0006.jpg", "5_o_Clock_Shadow": 0.007827156223356724, "Arched_Eyebrows": 0.002093036426231265, "Attractive": 0.006969070062041283, "Bags_Under_Eyes": 0.08029595762491226, "Bald": 0.0031489955727010965, "Bangs": 0.0013436326989904046, "Big_Lips": 0.008265204727649689, "Big_Nose": 0.4829561412334442, "Black_Hair": 0.002594146877527237, "Blond_Hair": 0.004003965295851231, "Blurry": 0.16203849017620087, "Brown_Hair": 0.0010605701245367527, "Bushy_Eyebrows": 0.00430672662332654, "Chubby": 0.043672770261764526, "Double_Chin": 0.03189375251531601, "Eyeglasses": 0.6379544138908386, "Goatee": 0.00038017763290554285, "Gray_Hair": 0.9138585925102234, "Heavy_Makeup": 0.00028405687771737576, "High_Cheekbones": 0.02028135024011135, "Male": 0.9979872703552246, "Mouth_Slightly_Open": 0.003222383325919509, "Mustache": 0.002064791973680258, "Narrow_Eyes": 0.014165258035063744, "No_Beard": 0.9891692399978638, "Oval_Face": 0.141842320561409, "Pale_Skin": 0.036264799535274506, "Pointy_Nose": 0.004537781234830618, "Receding_Hairline": 0.029255585744976997, "Rosy_Cheeks": 7.06821956555359e-05, "Sideburns": 0.001396440202370286, "Smiling": 0.005654111970216036, "Straight_Hair": 0.3409450948238373, "Wavy_Hair": 0.009529782459139824, "Wearing_Earrings": 0.0003415622632019222, "Wearing_Hat": 0.0005710424156859517, "Wearing_Lipstick": 0.00021114964329171926, "Wearing_Necklace": 0.0003605743986554444, "Wearing_Necktie": 0.6940105557441711, "Young": 0.009845035150647163, "df_race": "white", "df_race_prob": 52.51578688621521, "df_gender": "Man", "df_gender_prob": 99.97135996818542, "df_age": 45, "df_emotion": "happy", "df_emotion_prob": 98.18399548530579}