{"name": "Jack_Straw_0009.jpg", "5_o_Clock_Shadow": 0.009730708785355091, "Arched_Eyebrows": 0.0006346578011289239, "Attractive": 0.00219076219946146, "Bags_Under_Eyes": 0.21415133774280548, "Bald": 0.0025406519416719675, "Bangs": 0.004376398399472237, "Big_Lips": 0.010117332451045513, "Big_Nose": 0.45470181107521057, "Black_Hair": 0.0014627875061705709, "Blond_Hair": 0.008963282220065594, "Blurry": 0.16053810715675354, "Brown_Hair": 0.001345793716609478, "Bushy_Eyebrows": 0.0012497624848037958, "Chubby": 0.0279595535248518, "Double_Chin": 0.027673382312059402, "Eyeglasses": 0.9190078377723694, "Goatee": 0.0004482741351239383, "Gray_Hair": 0.9356144666671753, "Heavy_Makeup": 5.993208833388053e-05, "High_Cheekbones": 0.013871629722416401, "Male": 0.998896598815918, "Mouth_Slightly_Open": 0.25146257877349854, "Mustache": 0.002173706889152527, "Narrow_Eyes": 0.069801464676857, "No_Beard": 0.9889277219772339, "Oval_Face": 0.04457998648285866, "Pale_Skin": 0.04568230360746384, "Pointy_Nose": 0.01222954224795103, "Receding_Hairline": 0.00869739893823862, "Rosy_Cheeks": 5.09530545969028e-05, "Sideburns": 0.002140369266271591, "Smiling": 0.0030615462455898523, "Straight_Hair": 0.3616342842578888, "Wavy_Hair": 0.009834080934524536, "Wearing_Earrings": 0.0006292192847467959, "Wearing_Hat": 0.0009472091333009303, "Wearing_Lipstick": 9.701489034341648e-05, "Wearing_Necklace": 0.0004979185177944601, "Wearing_Necktie": 0.7072811126708984, "Young": 0.004840617533773184, "df_race": "white", "df_race_prob": 99.09694189411056, "df_gender": "Man", "df_gender_prob": 99.97299313545227, "df_age": 38, "df_emotion": "sad", "df_emotion_prob": 81.09291791915894}