{"name": "Jack_Nicholson_0003.jpg", "5_o_Clock_Shadow": 0.007127165794372559, "Arched_Eyebrows": 0.0003118855820503086, "Attractive": 0.0018003851873800159, "Bags_Under_Eyes": 0.09353652596473694, "Bald": 0.5625444054603577, "Bangs": 0.0017260391032323241, "Big_Lips": 0.009457211941480637, "Big_Nose": 0.3235151469707489, "Black_Hair": 0.0008252948755398393, "Blond_Hair": 0.005203168839216232, "Blurry": 0.2932751774787903, "Brown_Hair": 0.003800163045525551, "Bushy_Eyebrows": 0.000480405316920951, "Chubby": 0.46165400743484497, "Double_Chin": 0.08452872931957245, "Eyeglasses": 0.9924535155296326, "Goatee": 0.4554307460784912, "Gray_Hair": 0.47003692388534546, "Heavy_Makeup": 7.505370740545914e-05, "High_Cheekbones": 0.08553322404623032, "Male": 0.9984020590782166, "Mouth_Slightly_Open": 0.01081286184489727, "Mustache": 0.08560584485530853, "Narrow_Eyes": 0.0677884966135025, "No_Beard": 0.0781865045428276, "Oval_Face": 0.19409149885177612, "Pale_Skin": 0.009634936228394508, "Pointy_Nose": 0.0364408977329731, "Receding_Hairline": 0.6267383694648743, "Rosy_Cheeks": 0.0001309409854002297, "Sideburns": 0.207177072763443, "Smiling": 0.41280442476272583, "Straight_Hair": 0.025806810706853867, "Wavy_Hair": 0.0038896072655916214, "Wearing_Earrings": 0.0010138718644157052, "Wearing_Hat": 0.0018440947169438004, "Wearing_Lipstick": 6.141723861219361e-05, "Wearing_Necklace": 0.0016126997070387006, "Wearing_Necktie": 0.030218590050935745, "Young": 0.004841415211558342, "df_race": "white", "df_race_prob": 99.99303817832015, "df_gender": "Man", "df_gender_prob": 99.81604218482971, "df_age": 39, "df_emotion": "happy", "df_emotion_prob": 99.9721109867096}