{"name": "Jackie_Chan_0003.jpg", "5_o_Clock_Shadow": 0.0019883201457560062, "Arched_Eyebrows": 0.005433950573205948, "Attractive": 0.043798211961984634, "Bags_Under_Eyes": 0.277944952249527, "Bald": 0.001108099240809679, "Bangs": 0.0016916501335799694, "Big_Lips": 0.005367690697312355, "Big_Nose": 0.245116725564003, "Black_Hair": 0.12363623827695847, "Blond_Hair": 0.0038290934171527624, "Blurry": 0.07205913215875626, "Brown_Hair": 0.03856422007083893, "Bushy_Eyebrows": 0.0007508511189371347, "Chubby": 0.05359065532684326, "Double_Chin": 0.018886705860495567, "Eyeglasses": 0.0029576607048511505, "Goatee": 0.00024200938059948385, "Gray_Hair": 0.00457640690729022, "Heavy_Makeup": 0.00024695112369954586, "High_Cheekbones": 0.9381535649299622, "Male": 0.9570990800857544, "Mouth_Slightly_Open": 0.9528698921203613, "Mustache": 0.00045871041947975755, "Narrow_Eyes": 0.6222337484359741, "No_Beard": 0.998465895652771, "Oval_Face": 0.33385178446769714, "Pale_Skin": 0.014103391207754612, "Pointy_Nose": 0.003495702752843499, "Receding_Hairline": 0.055307138711214066, "Rosy_Cheeks": 0.00011720164184225723, "Sideburns": 0.00014581654977519065, "Smiling": 0.9982806444168091, "Straight_Hair": 0.13211840391159058, "Wavy_Hair": 0.06952735036611557, "Wearing_Earrings": 0.0011266844812780619, "Wearing_Hat": 0.00021577859297394753, "Wearing_Lipstick": 0.001159064588136971, "Wearing_Necklace": 0.0026209510397166014, "Wearing_Necktie": 0.017309339717030525, "Young": 0.1633363515138626, "df_race": "asian", "df_race_prob": 99.54620003700256, "df_gender": "Man", "df_gender_prob": 99.99051094055176, "df_age": 45, "df_emotion": "happy", "df_emotion_prob": 99.158388326072}