{"name": "Jack_Straw_0010.jpg", "5_o_Clock_Shadow": 0.012144451960921288, "Arched_Eyebrows": 0.00023271191457752138, "Attractive": 0.0023954224307090044, "Bags_Under_Eyes": 0.11382433772087097, "Bald": 0.0024230668786913157, "Bangs": 0.0021096807904541492, "Big_Lips": 0.01290311012417078, "Big_Nose": 0.3477901220321655, "Black_Hair": 0.0019130983855575323, "Blond_Hair": 0.010492639616131783, "Blurry": 0.13013601303100586, "Brown_Hair": 0.0013228076277300715, "Bushy_Eyebrows": 0.0016879860777407885, "Chubby": 0.020780598744750023, "Double_Chin": 0.025893475860357285, "Eyeglasses": 0.9180039167404175, "Goatee": 0.00048321831854991615, "Gray_Hair": 0.8754977583885193, "Heavy_Makeup": 9.732705802889541e-05, "High_Cheekbones": 0.021404623985290527, "Male": 0.9991284012794495, "Mouth_Slightly_Open": 0.6489589214324951, "Mustache": 0.0016888773534446955, "Narrow_Eyes": 0.05571543052792549, "No_Beard": 0.9907577037811279, "Oval_Face": 0.06276237964630127, "Pale_Skin": 0.012981977313756943, "Pointy_Nose": 0.010405308566987514, "Receding_Hairline": 0.005330837331712246, "Rosy_Cheeks": 6.24701933702454e-05, "Sideburns": 0.0015445520402863622, "Smiling": 0.005983265116810799, "Straight_Hair": 0.55572110414505, "Wavy_Hair": 0.005034890491515398, "Wearing_Earrings": 0.00034917419543489814, "Wearing_Hat": 0.0009435688843950629, "Wearing_Lipstick": 0.00011336975876474753, "Wearing_Necklace": 0.000336596422130242, "Wearing_Necktie": 0.5843151211738586, "Young": 0.006679211277514696, "df_race": "white", "df_race_prob": 69.30246949195862, "df_gender": "Man", "df_gender_prob": 99.9966025352478, "df_age": 44, "df_emotion": "neutral", "df_emotion_prob": 80.76801781463729}