{"name": "Jackie_Chan_0012.jpg", "5_o_Clock_Shadow": 0.005418888293206692, "Arched_Eyebrows": 0.0019283454166725278, "Attractive": 0.043852951377630234, "Bags_Under_Eyes": 0.5383340120315552, "Bald": 0.0008465857827104628, "Bangs": 0.0006428126362152398, "Big_Lips": 0.004078794736415148, "Big_Nose": 0.15766309201717377, "Black_Hair": 0.11055203527212143, "Blond_Hair": 0.005954677704721689, "Blurry": 0.05322355404496193, "Brown_Hair": 0.02146282233297825, "Bushy_Eyebrows": 0.0014606202021241188, "Chubby": 0.03975038602948189, "Double_Chin": 0.015701623633503914, "Eyeglasses": 0.00246945908293128, "Goatee": 0.000527817930560559, "Gray_Hair": 0.01003171969205141, "Heavy_Makeup": 0.0002809380239341408, "High_Cheekbones": 0.9376050233840942, "Male": 0.9341294765472412, "Mouth_Slightly_Open": 0.9924291968345642, "Mustache": 0.00039752922020852566, "Narrow_Eyes": 0.873807966709137, "No_Beard": 0.9972317814826965, "Oval_Face": 0.5322468876838684, "Pale_Skin": 0.003337208414450288, "Pointy_Nose": 0.009573549963533878, "Receding_Hairline": 0.045959025621414185, "Rosy_Cheeks": 9.773889178177342e-05, "Sideburns": 0.0003184883389621973, "Smiling": 0.9965728521347046, "Straight_Hair": 0.0807279646396637, "Wavy_Hair": 0.19291961193084717, "Wearing_Earrings": 0.0009090524981729686, "Wearing_Hat": 0.0003212937735952437, "Wearing_Lipstick": 0.0007350354571826756, "Wearing_Necklace": 0.001421489054337144, "Wearing_Necktie": 0.005555925890803337, "Young": 0.21436984837055206, "df_race": "asian", "df_race_prob": 90.21945116288052, "df_gender": "Man", "df_gender_prob": 99.977046251297, "df_age": 46, "df_emotion": "happy", "df_emotion_prob": 99.97147321531017}