{"name": "Jacques_Rogge_0003.jpg", "5_o_Clock_Shadow": 0.051100827753543854, "Arched_Eyebrows": 0.00751568702980876, "Attractive": 0.08044052869081497, "Bags_Under_Eyes": 0.09311947971582413, "Bald": 0.010232063010334969, "Bangs": 0.00016886820958461612, "Big_Lips": 0.012537132017314434, "Big_Nose": 0.16388890147209167, "Black_Hair": 0.001976942177861929, "Blond_Hair": 0.015044542960822582, "Blurry": 0.01776246912777424, "Brown_Hair": 0.005783327389508486, "Bushy_Eyebrows": 0.00041314828558824956, "Chubby": 0.020220093429088593, "Double_Chin": 0.011373101733624935, "Eyeglasses": 0.0016803017351776361, "Goatee": 0.0003297085640951991, "Gray_Hair": 0.30918240547180176, "Heavy_Makeup": 0.00016628150478936732, "High_Cheekbones": 0.0034857457503676414, "Male": 0.9994137287139893, "Mouth_Slightly_Open": 0.0006053987890481949, "Mustache": 0.0013672697823494673, "Narrow_Eyes": 0.010391741059720516, "No_Beard": 0.9873086810112, "Oval_Face": 0.11534517258405685, "Pale_Skin": 0.17215386033058167, "Pointy_Nose": 0.3686002790927887, "Receding_Hairline": 0.38412946462631226, "Rosy_Cheeks": 0.0001341283496003598, "Sideburns": 0.001126859337091446, "Smiling": 0.001664463896304369, "Straight_Hair": 0.3288625478744507, "Wavy_Hair": 0.003757021389901638, "Wearing_Earrings": 0.0005207369104027748, "Wearing_Hat": 0.00010116003250004724, "Wearing_Lipstick": 0.0004627149028237909, "Wearing_Necklace": 0.0002628420770633966, "Wearing_Necktie": 0.5689153075218201, "Young": 0.05578024312853813, "df_race": "white", "df_race_prob": 99.76275563240051, "df_gender": "Man", "df_gender_prob": 99.9987244606018, "df_age": 48, "df_emotion": "neutral", "df_emotion_prob": 73.96793806361782}