{"name": "Jacques_Chirac_0051.jpg", "5_o_Clock_Shadow": 0.003017377108335495, "Arched_Eyebrows": 0.0026642046868801117, "Attractive": 0.0009942917386069894, "Bags_Under_Eyes": 0.7606362700462341, "Bald": 0.8565286993980408, "Bangs": 0.0010254191001877189, "Big_Lips": 0.017867237329483032, "Big_Nose": 0.5572527050971985, "Black_Hair": 0.0006849855999462306, "Blond_Hair": 0.0051616523414850235, "Blurry": 0.11994342505931854, "Brown_Hair": 0.001125754788517952, "Bushy_Eyebrows": 0.00045501565909944475, "Chubby": 0.2445872575044632, "Double_Chin": 0.4412941336631775, "Eyeglasses": 0.01541218813508749, "Goatee": 0.003718866501003504, "Gray_Hair": 0.8738925457000732, "Heavy_Makeup": 7.48320235288702e-05, "High_Cheekbones": 0.025597330182790756, "Male": 0.9992523789405823, "Mouth_Slightly_Open": 0.07721895724534988, "Mustache": 0.009941650554537773, "Narrow_Eyes": 0.029453041031956673, "No_Beard": 0.9840843081474304, "Oval_Face": 0.05054154247045517, "Pale_Skin": 0.0627233013510704, "Pointy_Nose": 0.03868508338928223, "Receding_Hairline": 0.6460397839546204, "Rosy_Cheeks": 0.0001883014483610168, "Sideburns": 0.003935771994292736, "Smiling": 0.0020627465564757586, "Straight_Hair": 0.019685782492160797, "Wavy_Hair": 0.0010875724256038666, "Wearing_Earrings": 0.0011126757599413395, "Wearing_Hat": 0.0015472627710551023, "Wearing_Lipstick": 0.0003091873077210039, "Wearing_Necklace": 0.000528965494595468, "Wearing_Necktie": 0.9401534199714661, "Young": 0.0020450756419450045, "df_race": "latino hispanic", "df_race_prob": 32.700843536954345, "df_gender": "Man", "df_gender_prob": 99.99854564666748, "df_age": 52, "df_emotion": "surprise", "df_emotion_prob": 27.804729342460632}