{"name": "Jacques_Rogge_0007.jpg", "5_o_Clock_Shadow": 0.009414945729076862, "Arched_Eyebrows": 0.003711466211825609, "Attractive": 0.024394582957029343, "Bags_Under_Eyes": 0.19528736174106598, "Bald": 0.06094825640320778, "Bangs": 9.229915303876624e-05, "Big_Lips": 0.003438669489696622, "Big_Nose": 0.3473174571990967, "Black_Hair": 0.0012425020104274154, "Blond_Hair": 0.007415880914777517, "Blurry": 0.04368593171238899, "Brown_Hair": 0.0023099433165043592, "Bushy_Eyebrows": 0.0017142310971394181, "Chubby": 0.05925151705741882, "Double_Chin": 0.06404100358486176, "Eyeglasses": 0.003985005430877209, "Goatee": 0.000330056413076818, "Gray_Hair": 0.6727250218391418, "Heavy_Makeup": 0.00010107016714755446, "High_Cheekbones": 0.05602358281612396, "Male": 0.9995555281639099, "Mouth_Slightly_Open": 0.5843555331230164, "Mustache": 0.0006121752667240798, "Narrow_Eyes": 0.027628611773252487, "No_Beard": 0.9895666837692261, "Oval_Face": 0.2618449032306671, "Pale_Skin": 0.12507253885269165, "Pointy_Nose": 0.06412076205015182, "Receding_Hairline": 0.8094740509986877, "Rosy_Cheeks": 0.00018456515681464225, "Sideburns": 0.00106817705091089, "Smiling": 0.3177845776081085, "Straight_Hair": 0.10506535321474075, "Wavy_Hair": 0.0014067561132833362, "Wearing_Earrings": 0.000310188508592546, "Wearing_Hat": 0.00016724751912988722, "Wearing_Lipstick": 0.00018728082068264484, "Wearing_Necklace": 0.00016392828547395766, "Wearing_Necktie": 0.8348780870437622, "Young": 0.020417355000972748, "df_race": "white", "df_race_prob": 79.8666000366211, "df_gender": "Man", "df_gender_prob": 99.99905824661255, "df_age": 47, "df_emotion": "happy", "df_emotion_prob": 88.06737065315247}