{"name": "Jacques_Chirac_0029.jpg", "5_o_Clock_Shadow": 0.01146173756569624, "Arched_Eyebrows": 0.0010779568692669272, "Attractive": 0.004984175320714712, "Bags_Under_Eyes": 0.4882620573043823, "Bald": 0.2738594114780426, "Bangs": 0.0011113325599581003, "Big_Lips": 0.009646140038967133, "Big_Nose": 0.8023306727409363, "Black_Hair": 0.0025144685059785843, "Blond_Hair": 0.0038156844675540924, "Blurry": 0.137161523103714, "Brown_Hair": 0.002433947753161192, "Bushy_Eyebrows": 0.0032758505549281836, "Chubby": 0.34821271896362305, "Double_Chin": 0.29468557238578796, "Eyeglasses": 0.005082254763692617, "Goatee": 0.0016906332457438111, "Gray_Hair": 0.49719828367233276, "Heavy_Makeup": 0.0001001961572910659, "High_Cheekbones": 0.01357748731970787, "Male": 0.9986339211463928, "Mouth_Slightly_Open": 0.002896132180467248, "Mustache": 0.014515750110149384, "Narrow_Eyes": 0.3393230438232422, "No_Beard": 0.9548060297966003, "Oval_Face": 0.07014600187540054, "Pale_Skin": 0.03150521218776703, "Pointy_Nose": 0.04954865574836731, "Receding_Hairline": 0.8134796023368835, "Rosy_Cheeks": 0.00024492305237799883, "Sideburns": 0.003672411199659109, "Smiling": 0.006642849184572697, "Straight_Hair": 0.048092298209667206, "Wavy_Hair": 0.0020424246322363615, "Wearing_Earrings": 0.00045014111674390733, "Wearing_Hat": 0.0006378492689691484, "Wearing_Lipstick": 0.00028615890187211335, "Wearing_Necklace": 0.0004494760651141405, "Wearing_Necktie": 0.5786974430084229, "Young": 0.01349553931504488, "df_race": "middle eastern", "df_race_prob": 34.22923684120178, "df_gender": "Man", "df_gender_prob": 99.99780654907227, "df_age": 40, "df_emotion": "sad", "df_emotion_prob": 55.13988198517346}