{"name": "Jacques_Kallis_0001.jpg", "5_o_Clock_Shadow": 0.06823363155126572, "Arched_Eyebrows": 0.0011196688283234835, "Attractive": 0.033755820244550705, "Bags_Under_Eyes": 0.020223520696163177, "Bald": 0.000978955184109509, "Bangs": 0.00033573302789591253, "Big_Lips": 0.0021489320788532495, "Big_Nose": 0.019363200291991234, "Black_Hair": 0.0008767127874307334, "Blond_Hair": 0.3337401747703552, "Blurry": 0.18564783036708832, "Brown_Hair": 0.023573054000735283, "Bushy_Eyebrows": 0.0008013708866201341, "Chubby": 0.020408648997545242, "Double_Chin": 0.004362717270851135, "Eyeglasses": 0.0010383011540398002, "Goatee": 0.0007918570772744715, "Gray_Hair": 0.03268112987279892, "Heavy_Makeup": 0.0005194199620746076, "High_Cheekbones": 0.05606982856988907, "Male": 0.9878167510032654, "Mouth_Slightly_Open": 0.028175227344036102, "Mustache": 0.00042108973138965666, "Narrow_Eyes": 0.042534563690423965, "No_Beard": 0.9666329622268677, "Oval_Face": 0.47081559896469116, "Pale_Skin": 0.010237038135528564, "Pointy_Nose": 0.0261019766330719, "Receding_Hairline": 0.04858763515949249, "Rosy_Cheeks": 0.00015587710367981344, "Sideburns": 0.002578528830781579, "Smiling": 0.018730366602540016, "Straight_Hair": 0.0862155631184578, "Wavy_Hair": 0.03546483442187309, "Wearing_Earrings": 0.002937562298029661, "Wearing_Hat": 0.00044160595280118287, "Wearing_Lipstick": 0.00022910333063919097, "Wearing_Necklace": 0.01578299142420292, "Wearing_Necktie": 0.0005477851373143494, "Young": 0.8484676480293274, "df_race": "middle eastern", "df_race_prob": 40.800827741622925, "df_gender": "Man", "df_gender_prob": 99.99654293060303, "df_age": 25, "df_emotion": "sad", "df_emotion_prob": 70.200483214884}