{"name": "James_Watt_0001.jpg", "5_o_Clock_Shadow": 0.0015541596803814173, "Arched_Eyebrows": 0.0012019816786050797, "Attractive": 0.0035761778708547354, "Bags_Under_Eyes": 0.11363410949707031, "Bald": 0.6406204104423523, "Bangs": 0.0005930699408054352, "Big_Lips": 0.014280369505286217, "Big_Nose": 0.09760545939207077, "Black_Hair": 0.0013648290187120438, "Blond_Hair": 0.011588619090616703, "Blurry": 0.12187614291906357, "Brown_Hair": 0.0009919877629727125, "Bushy_Eyebrows": 0.0005239506717771292, "Chubby": 0.0662907212972641, "Double_Chin": 0.07810205966234207, "Eyeglasses": 0.9884535670280457, "Goatee": 0.0024988888762891293, "Gray_Hair": 0.5912286043167114, "Heavy_Makeup": 0.00022348390484694391, "High_Cheekbones": 0.13355854153633118, "Male": 0.9918406009674072, "Mouth_Slightly_Open": 0.9970788955688477, "Mustache": 0.0018300506053492427, "Narrow_Eyes": 0.21700482070446014, "No_Beard": 0.9881937503814697, "Oval_Face": 0.28068438172340393, "Pale_Skin": 0.01148641761392355, "Pointy_Nose": 0.024595236405730247, "Receding_Hairline": 0.10620041191577911, "Rosy_Cheeks": 6.257149652810767e-05, "Sideburns": 0.00059355708071962, "Smiling": 0.8041766881942749, "Straight_Hair": 0.01717677153646946, "Wavy_Hair": 0.001604766701348126, "Wearing_Earrings": 0.0018344264244660735, "Wearing_Hat": 0.0012335828505456448, "Wearing_Lipstick": 0.00035383724025450647, "Wearing_Necklace": 0.0008979457779787481, "Wearing_Necktie": 0.15914951264858246, "Young": 0.04969443008303642, "df_race": "latino hispanic", "df_race_prob": 27.67176926136017, "df_gender": "Man", "df_gender_prob": 99.43633079528809, "df_age": 35, "df_emotion": "happy", "df_emotion_prob": 99.98032450675964}