{"name": "James_Cameron_0002.jpg", "5_o_Clock_Shadow": 0.16579346358776093, "Arched_Eyebrows": 0.0002485059667378664, "Attractive": 0.018688319250941277, "Bags_Under_Eyes": 0.001964600756764412, "Bald": 0.0651751160621643, "Bangs": 0.00013376829156186432, "Big_Lips": 0.03216365724802017, "Big_Nose": 0.11264975368976593, "Black_Hair": 0.002853099722415209, "Blond_Hair": 0.013015932403504848, "Blurry": 0.024049226194620132, "Brown_Hair": 0.0006172794965095818, "Bushy_Eyebrows": 0.0003633622545748949, "Chubby": 0.10981198400259018, "Double_Chin": 0.07614654302597046, "Eyeglasses": 0.9944347739219666, "Goatee": 0.05128336697816849, "Gray_Hair": 0.4013175070285797, "Heavy_Makeup": 0.0002434616326354444, "High_Cheekbones": 0.002616269513964653, "Male": 0.999679446220398, "Mouth_Slightly_Open": 0.5700583457946777, "Mustache": 0.068596251308918, "Narrow_Eyes": 0.006218212656676769, "No_Beard": 0.19023583829402924, "Oval_Face": 0.26013919711112976, "Pale_Skin": 0.03821674361824989, "Pointy_Nose": 0.13293401896953583, "Receding_Hairline": 0.3969671428203583, "Rosy_Cheeks": 9.589726687408984e-05, "Sideburns": 0.046872399747371674, "Smiling": 0.003141310764476657, "Straight_Hair": 0.14143380522727966, "Wavy_Hair": 0.0011002597166225314, "Wearing_Earrings": 0.001957814209163189, "Wearing_Hat": 0.0012909441720694304, "Wearing_Lipstick": 0.0002928932663053274, "Wearing_Necklace": 0.0016482146456837654, "Wearing_Necktie": 0.1867920458316803, "Young": 0.15168021619319916, "df_race": "white", "df_race_prob": 96.64261917129869, "df_gender": "Man", "df_gender_prob": 99.43121671676636, "df_age": 47, "df_emotion": "angry", "df_emotion_prob": 64.89565372467041}