{"name": "James_Layug_0001.jpg", "5_o_Clock_Shadow": 0.02092769928276539, "Arched_Eyebrows": 0.001999994507059455, "Attractive": 0.006279563065618277, "Bags_Under_Eyes": 0.03917159140110016, "Bald": 0.0006954627460800111, "Bangs": 0.0008659999584779143, "Big_Lips": 0.015640608966350555, "Big_Nose": 0.0727803036570549, "Black_Hair": 0.010338988155126572, "Blond_Hair": 0.013473046943545341, "Blurry": 0.42267468571662903, "Brown_Hair": 0.016128474846482277, "Bushy_Eyebrows": 0.0017089815810322762, "Chubby": 0.004068922251462936, "Double_Chin": 0.002508445642888546, "Eyeglasses": 0.0011160121066495776, "Goatee": 0.0004708989290520549, "Gray_Hair": 0.016317779198288918, "Heavy_Makeup": 0.00019788549980148673, "High_Cheekbones": 0.08165358006954193, "Male": 0.9947414398193359, "Mouth_Slightly_Open": 0.9636690616607666, "Mustache": 0.001544219790957868, "Narrow_Eyes": 0.004458491690456867, "No_Beard": 0.9829083681106567, "Oval_Face": 0.09943991154432297, "Pale_Skin": 0.0032243444584310055, "Pointy_Nose": 0.021462457254529, "Receding_Hairline": 0.007414480671286583, "Rosy_Cheeks": 6.517455767607316e-05, "Sideburns": 0.0005351474392227829, "Smiling": 0.012276975437998772, "Straight_Hair": 0.3714195787906647, "Wavy_Hair": 0.007818407379090786, "Wearing_Earrings": 0.00129720289260149, "Wearing_Hat": 0.004732243716716766, "Wearing_Lipstick": 0.00030205020448192954, "Wearing_Necklace": 0.0011328019900247455, "Wearing_Necktie": 0.01285310834646225, "Young": 0.2568875253200531, "df_race": "asian", "df_race_prob": 78.77668738365173, "df_gender": "Man", "df_gender_prob": 99.91225600242615, "df_age": 30, "df_emotion": "neutral", "df_emotion_prob": 39.193142748696474}