{"name": "James_Blake_0001.jpg", "5_o_Clock_Shadow": 0.08310708403587341, "Arched_Eyebrows": 0.002519492758437991, "Attractive": 0.019984202459454536, "Bags_Under_Eyes": 0.006351979449391365, "Bald": 0.0006469751242548227, "Bangs": 0.00039297627517953515, "Big_Lips": 0.01135440543293953, "Big_Nose": 0.014757800847291946, "Black_Hair": 0.007381761912256479, "Blond_Hair": 0.006303821224719286, "Blurry": 0.31531232595443726, "Brown_Hair": 0.1219005212187767, "Bushy_Eyebrows": 0.021578514948487282, "Chubby": 0.005489131435751915, "Double_Chin": 0.0010240570409223437, "Eyeglasses": 0.000689492910169065, "Goatee": 0.001682885573245585, "Gray_Hair": 0.0007772945100441575, "Heavy_Makeup": 0.0005586878396570683, "High_Cheekbones": 0.013254036195576191, "Male": 0.9772927761077881, "Mouth_Slightly_Open": 0.24639840424060822, "Mustache": 0.0005118167027831078, "Narrow_Eyes": 0.03482293710112572, "No_Beard": 0.9377871155738831, "Oval_Face": 0.12758857011795044, "Pale_Skin": 0.005152921192348003, "Pointy_Nose": 0.022418076172471046, "Receding_Hairline": 0.026089727878570557, "Rosy_Cheeks": 7.419522444251925e-05, "Sideburns": 0.007372235879302025, "Smiling": 0.0012817498063668609, "Straight_Hair": 0.09167037159204483, "Wavy_Hair": 0.023269716650247574, "Wearing_Earrings": 0.003257205244153738, "Wearing_Hat": 0.011973083950579166, "Wearing_Lipstick": 0.0005906620062887669, "Wearing_Necklace": 0.003350706771016121, "Wearing_Necktie": 0.0005353514570742846, "Young": 0.9457786083221436, "df_race": "latino hispanic", "df_race_prob": 34.15648639202118, "df_gender": "Man", "df_gender_prob": 99.99997615814209, "df_age": 24, "df_emotion": "sad", "df_emotion_prob": 41.99261665344238}