{"name": "James_Hill_0001.jpg", "5_o_Clock_Shadow": 0.010235941968858242, "Arched_Eyebrows": 0.0005552899092435837, "Attractive": 0.010962621308863163, "Bags_Under_Eyes": 0.017086686566472054, "Bald": 0.005349098239094019, "Bangs": 0.00021371936600189656, "Big_Lips": 0.004107718355953693, "Big_Nose": 0.03518552705645561, "Black_Hair": 0.002340874169021845, "Blond_Hair": 0.013041649013757706, "Blurry": 0.03095931001007557, "Brown_Hair": 0.003842494683340192, "Bushy_Eyebrows": 0.0006205627578310668, "Chubby": 0.07562103122472763, "Double_Chin": 0.01737641543149948, "Eyeglasses": 0.9769796133041382, "Goatee": 0.0005168249481357634, "Gray_Hair": 0.6200791597366333, "Heavy_Makeup": 0.000408657593652606, "High_Cheekbones": 0.012889428064227104, "Male": 0.9976311922073364, "Mouth_Slightly_Open": 0.06704624742269516, "Mustache": 0.0007084897952154279, "Narrow_Eyes": 0.006951967719942331, "No_Beard": 0.985592782497406, "Oval_Face": 0.3802714943885803, "Pale_Skin": 0.10547804087400436, "Pointy_Nose": 0.023839037865400314, "Receding_Hairline": 0.3961172103881836, "Rosy_Cheeks": 9.511087409919128e-05, "Sideburns": 0.0006451457738876343, "Smiling": 0.0069130114279687405, "Straight_Hair": 0.1956140100955963, "Wavy_Hair": 0.0035142225679010153, "Wearing_Earrings": 0.0005206220084801316, "Wearing_Hat": 0.0002825093106366694, "Wearing_Lipstick": 0.000579834682866931, "Wearing_Necklace": 0.0016265142476186156, "Wearing_Necktie": 0.0022042791824787855, "Young": 0.04666324332356453, "df_race": "asian", "df_race_prob": 34.8107248544693, "df_gender": "Man", "df_gender_prob": 99.9839186668396, "df_age": 40, "df_emotion": "neutral", "df_emotion_prob": 92.62805668973247}