{"name": "James_Blake_0011.jpg", "5_o_Clock_Shadow": 0.23778319358825684, "Arched_Eyebrows": 0.001026092329993844, "Attractive": 0.007861688733100891, "Bags_Under_Eyes": 0.004808951634913683, "Bald": 0.0006558503955602646, "Bangs": 0.0011495217913761735, "Big_Lips": 0.008999519981443882, "Big_Nose": 0.020747007802128792, "Black_Hair": 0.0025747090112417936, "Blond_Hair": 0.02761995419859886, "Blurry": 0.32763269543647766, "Brown_Hair": 0.09289342164993286, "Bushy_Eyebrows": 0.012097444385290146, "Chubby": 0.006632427219301462, "Double_Chin": 0.002964969491586089, "Eyeglasses": 0.0012002656003460288, "Goatee": 0.003968643490225077, "Gray_Hair": 0.00396549329161644, "Heavy_Makeup": 0.0004596952931024134, "High_Cheekbones": 0.037509381771087646, "Male": 0.9894696474075317, "Mouth_Slightly_Open": 0.8892776966094971, "Mustache": 0.00179302878677845, "Narrow_Eyes": 0.01962192729115486, "No_Beard": 0.7190955877304077, "Oval_Face": 0.17949140071868896, "Pale_Skin": 0.0005543895531445742, "Pointy_Nose": 0.01098234299570322, "Receding_Hairline": 0.0219566747546196, "Rosy_Cheeks": 0.00010025110532296821, "Sideburns": 0.015513964928686619, "Smiling": 0.002997594652697444, "Straight_Hair": 0.05880452319979668, "Wavy_Hair": 0.062023911625146866, "Wearing_Earrings": 0.0010997741483151913, "Wearing_Hat": 0.004607196897268295, "Wearing_Lipstick": 0.00027129577938467264, "Wearing_Necklace": 0.0026803226210176945, "Wearing_Necktie": 0.001146536786109209, "Young": 0.9147075414657593, "df_race": "white", "df_race_prob": 45.11665672759156, "df_gender": "Man", "df_gender_prob": 99.97966885566711, "df_age": 23, "df_emotion": "sad", "df_emotion_prob": 57.50175714492798}