{"name": "James_Brown_0001.jpg", "5_o_Clock_Shadow": 0.0021041978616267443, "Arched_Eyebrows": 0.040641460567712784, "Attractive": 0.0006093787378631532, "Bags_Under_Eyes": 0.6511608362197876, "Bald": 0.0008853740873746574, "Bangs": 0.149495929479599, "Big_Lips": 0.21329018473625183, "Big_Nose": 0.9195238947868347, "Black_Hair": 0.41842934489250183, "Blond_Hair": 0.001495117787271738, "Blurry": 0.05761411786079407, "Brown_Hair": 0.004799880087375641, "Bushy_Eyebrows": 0.02881666272878647, "Chubby": 0.8797258138656616, "Double_Chin": 0.709904134273529, "Eyeglasses": 0.030429719015955925, "Goatee": 0.0004720145952887833, "Gray_Hair": 0.029530119150877, "Heavy_Makeup": 0.0008411021553911269, "High_Cheekbones": 0.8077792525291443, "Male": 0.8979017734527588, "Mouth_Slightly_Open": 0.9754325747489929, "Mustache": 0.0024393151979893446, "Narrow_Eyes": 0.07659503817558289, "No_Beard": 0.9961040019989014, "Oval_Face": 0.05465978384017944, "Pale_Skin": 0.006596055347472429, "Pointy_Nose": 0.000353125185938552, "Receding_Hairline": 0.00424746610224247, "Rosy_Cheeks": 0.00017537613166496158, "Sideburns": 0.0006835195817984641, "Smiling": 0.3611448109149933, "Straight_Hair": 0.4391826391220093, "Wavy_Hair": 0.03306059539318085, "Wearing_Earrings": 0.006017803214490414, "Wearing_Hat": 0.0031404702458530664, "Wearing_Lipstick": 0.004697616212069988, "Wearing_Necklace": 0.01198198925703764, "Wearing_Necktie": 0.11674660444259644, "Young": 0.007727727759629488, "df_race": "black", "df_race_prob": 97.80956506729126, "df_gender": "Man", "df_gender_prob": 99.58947896957397, "df_age": 44, "df_emotion": "happy", "df_emotion_prob": 82.79113173484802}