{"name": "James_Morris_0001.jpg", "5_o_Clock_Shadow": 0.006768330931663513, "Arched_Eyebrows": 0.0005041727563366294, "Attractive": 0.004146168474107981, "Bags_Under_Eyes": 0.3429167568683624, "Bald": 0.6104414463043213, "Bangs": 0.0007145988056436181, "Big_Lips": 0.00512343505397439, "Big_Nose": 0.11107329279184341, "Black_Hair": 0.0017155337845906615, "Blond_Hair": 0.009460248984396458, "Blurry": 0.08168146014213562, "Brown_Hair": 0.0013416187139227986, "Bushy_Eyebrows": 0.0007202663691714406, "Chubby": 0.7419881224632263, "Double_Chin": 0.47705191373825073, "Eyeglasses": 0.006335834972560406, "Goatee": 0.0007236700039356947, "Gray_Hair": 0.46601545810699463, "Heavy_Makeup": 0.0004623240965884179, "High_Cheekbones": 0.3068414032459259, "Male": 0.9984349608421326, "Mouth_Slightly_Open": 0.08425451070070267, "Mustache": 0.0004549044242594391, "Narrow_Eyes": 0.048248715698719025, "No_Beard": 0.9924271702766418, "Oval_Face": 0.43960797786712646, "Pale_Skin": 0.06826440989971161, "Pointy_Nose": 0.01062699779868126, "Receding_Hairline": 0.2861318290233612, "Rosy_Cheeks": 0.00014631767407990992, "Sideburns": 0.0018837444949895144, "Smiling": 0.18806035816669464, "Straight_Hair": 0.032196156680583954, "Wavy_Hair": 0.0023836384061723948, "Wearing_Earrings": 0.0008728119428269565, "Wearing_Hat": 0.0012240828946232796, "Wearing_Lipstick": 0.0002624111366458237, "Wearing_Necklace": 0.0002853584592230618, "Wearing_Necktie": 0.32622551918029785, "Young": 0.02639138512313366, "df_race": "white", "df_race_prob": 99.99839067459106, "df_gender": "Man", "df_gender_prob": 99.87117052078247, "df_age": 35, "df_emotion": "fear", "df_emotion_prob": 27.976149320602417}