{"name": "James_Brosnahan_0001.jpg", "5_o_Clock_Shadow": 0.002104182029142976, "Arched_Eyebrows": 0.0004854513972532004, "Attractive": 0.00399701576679945, "Bags_Under_Eyes": 0.08020202815532684, "Bald": 0.8094619512557983, "Bangs": 0.0018117737490683794, "Big_Lips": 0.027356529608368874, "Big_Nose": 0.03742848336696625, "Black_Hair": 0.0022057341411709785, "Blond_Hair": 0.003547509666532278, "Blurry": 0.08523183315992355, "Brown_Hair": 0.0010130868759006262, "Bushy_Eyebrows": 0.0012024048482999206, "Chubby": 0.07198743522167206, "Double_Chin": 0.07734745740890503, "Eyeglasses": 0.9332559108734131, "Goatee": 0.002043035114184022, "Gray_Hair": 0.605941116809845, "Heavy_Makeup": 0.0002374848845647648, "High_Cheekbones": 0.00650907214730978, "Male": 0.9980748891830444, "Mouth_Slightly_Open": 0.8311651945114136, "Mustache": 0.002012380864471197, "Narrow_Eyes": 0.08996079862117767, "No_Beard": 0.9942065477371216, "Oval_Face": 0.19910484552383423, "Pale_Skin": 0.07475217431783676, "Pointy_Nose": 0.0688631683588028, "Receding_Hairline": 0.11756914108991623, "Rosy_Cheeks": 5.965599120827392e-05, "Sideburns": 0.0009141794289462268, "Smiling": 0.0018162056803703308, "Straight_Hair": 0.021697837859392166, "Wavy_Hair": 0.0017260604072362185, "Wearing_Earrings": 0.0013873541029170156, "Wearing_Hat": 0.002619517967104912, "Wearing_Lipstick": 0.0004134721530135721, "Wearing_Necklace": 0.00088469561887905, "Wearing_Necktie": 0.5055474638938904, "Young": 0.03448902443051338, "df_race": "white", "df_race_prob": 99.29129489764036, "df_gender": "Man", "df_gender_prob": 99.96362924575806, "df_age": 32, "df_emotion": "angry", "df_emotion_prob": 73.75690340995789}