{"name": "Jamie_King_0001.jpg", "5_o_Clock_Shadow": 0.0004126381827518344, "Arched_Eyebrows": 0.46574196219444275, "Attractive": 0.8107802271842957, "Bags_Under_Eyes": 0.1001954972743988, "Bald": 0.001100550638511777, "Bangs": 0.0012476220726966858, "Big_Lips": 0.10770636796951294, "Big_Nose": 0.026687921956181526, "Black_Hair": 0.0011146048782393336, "Blond_Hair": 0.9153984785079956, "Blurry": 0.013535300269722939, "Brown_Hair": 0.0015753313200548291, "Bushy_Eyebrows": 0.0004163763951510191, "Chubby": 0.0010735660325735807, "Double_Chin": 0.001066025928594172, "Eyeglasses": 4.742276360047981e-05, "Goatee": 0.0001173868658952415, "Gray_Hair": 0.006631207652390003, "Heavy_Makeup": 0.36701032519340515, "High_Cheekbones": 0.9713643193244934, "Male": 0.0022469586692750454, "Mouth_Slightly_Open": 0.9828997254371643, "Mustache": 7.560467201983556e-05, "Narrow_Eyes": 0.033940672874450684, "No_Beard": 0.9993956089019775, "Oval_Face": 0.28319990634918213, "Pale_Skin": 0.026622844859957695, "Pointy_Nose": 0.21853569149971008, "Receding_Hairline": 0.18506628274917603, "Rosy_Cheeks": 0.0018456735415384173, "Sideburns": 7.483438093913719e-05, "Smiling": 0.9990102052688599, "Straight_Hair": 0.2388295829296112, "Wavy_Hair": 0.010188145563006401, "Wearing_Earrings": 0.0642881765961647, "Wearing_Hat": 4.684294981416315e-05, "Wearing_Lipstick": 0.8127174377441406, "Wearing_Necklace": 0.026125432923436165, "Wearing_Necktie": 0.00015615305164828897, "Young": 0.8813683986663818, "df_race": "white", "df_race_prob": 43.89579557751391, "df_gender": "Woman", "df_gender_prob": 99.99997615814209, "df_age": 30, "df_emotion": "happy", "df_emotion_prob": 62.75697350502014}