{"name": "Jan_Ullrich_0001.jpg", "5_o_Clock_Shadow": 0.04147189110517502, "Arched_Eyebrows": 0.0009032333036884665, "Attractive": 0.08596081286668777, "Bags_Under_Eyes": 0.04497125744819641, "Bald": 0.0004654681251849979, "Bangs": 0.003393053077161312, "Big_Lips": 0.06526951491832733, "Big_Nose": 0.06838234513998032, "Black_Hair": 0.0016793900867924094, "Blond_Hair": 0.02342594414949417, "Blurry": 0.1765439361333847, "Brown_Hair": 0.2278585284948349, "Bushy_Eyebrows": 0.0015321268001571298, "Chubby": 0.024727068841457367, "Double_Chin": 0.0027768260333687067, "Eyeglasses": 0.0009111853432841599, "Goatee": 0.00020702520851045847, "Gray_Hair": 0.0068521639332175255, "Heavy_Makeup": 0.0002899418177548796, "High_Cheekbones": 0.008932152763009071, "Male": 0.998792290687561, "Mouth_Slightly_Open": 0.009006836451590061, "Mustache": 0.0005286262603476644, "Narrow_Eyes": 0.017515217885375023, "No_Beard": 0.9917728304862976, "Oval_Face": 0.16842444241046906, "Pale_Skin": 0.014232697896659374, "Pointy_Nose": 0.0719510018825531, "Receding_Hairline": 0.00044505353434942663, "Rosy_Cheeks": 8.790100400801748e-05, "Sideburns": 0.0009296878124587238, "Smiling": 0.0038887672126293182, "Straight_Hair": 0.41031572222709656, "Wavy_Hair": 0.06139242649078369, "Wearing_Earrings": 0.0028120980132371187, "Wearing_Hat": 0.000278117397101596, "Wearing_Lipstick": 0.0003698664950206876, "Wearing_Necklace": 0.0007575960480608046, "Wearing_Necktie": 0.032637037336826324, "Young": 0.3723572790622711, "df_race": "white", "df_race_prob": 98.98117172493598, "df_gender": "Man", "df_gender_prob": 99.98657703399658, "df_age": 29, "df_emotion": "sad", "df_emotion_prob": 38.19495439529419}