{"name": "Janet_Crawford_0001.jpg", "5_o_Clock_Shadow": 0.004537399858236313, "Arched_Eyebrows": 0.012259680777788162, "Attractive": 0.03711910545825958, "Bags_Under_Eyes": 0.02305837720632553, "Bald": 0.0005793833406642079, "Bangs": 0.0006493474938906729, "Big_Lips": 0.015034273266792297, "Big_Nose": 0.043855294585227966, "Black_Hair": 0.034160174429416656, "Blond_Hair": 0.006481090094894171, "Blurry": 0.18845777213573456, "Brown_Hair": 0.12409776449203491, "Bushy_Eyebrows": 6.587732787011191e-05, "Chubby": 0.0068264855071902275, "Double_Chin": 0.0017114124493673444, "Eyeglasses": 0.6745007634162903, "Goatee": 0.0007119345827959478, "Gray_Hair": 0.004785673227161169, "Heavy_Makeup": 0.001225115149281919, "High_Cheekbones": 0.04974222183227539, "Male": 0.08996441215276718, "Mouth_Slightly_Open": 0.0017224014736711979, "Mustache": 0.00035068075521849096, "Narrow_Eyes": 0.0011709214886650443, "No_Beard": 0.9922605156898499, "Oval_Face": 0.4431462585926056, "Pale_Skin": 0.028409169986844063, "Pointy_Nose": 0.20583590865135193, "Receding_Hairline": 0.05812561511993408, "Rosy_Cheeks": 0.00015211118443403393, "Sideburns": 0.0005470184260047972, "Smiling": 0.0023980147670954466, "Straight_Hair": 0.6729305386543274, "Wavy_Hair": 0.023741478100419044, "Wearing_Earrings": 0.003687010146677494, "Wearing_Hat": 0.0004579833766911179, "Wearing_Lipstick": 0.007645450532436371, "Wearing_Necklace": 0.01934373751282692, "Wearing_Necktie": 0.0011524606961756945, "Young": 0.6172313094139099, "df_race": "white", "df_race_prob": 42.158275842666626, "df_gender": "Man", "df_gender_prob": 91.57413244247437, "df_age": 34, "df_emotion": "neutral", "df_emotion_prob": 98.1730580329895}