{"name": "Jane_Rooney_0001.jpg", "5_o_Clock_Shadow": 0.0007542734383605421, "Arched_Eyebrows": 0.1423669010400772, "Attractive": 0.022534267976880074, "Bags_Under_Eyes": 0.13872802257537842, "Bald": 0.0009371985215693712, "Bangs": 0.04069266468286514, "Big_Lips": 0.07435992360115051, "Big_Nose": 0.04532041400671005, "Black_Hair": 0.0013681736309081316, "Blond_Hair": 0.6832755208015442, "Blurry": 0.48478952050209045, "Brown_Hair": 0.0018793590134009719, "Bushy_Eyebrows": 0.00028345308965072036, "Chubby": 0.1285398006439209, "Double_Chin": 0.06938846409320831, "Eyeglasses": 0.0025908437091857195, "Goatee": 0.0004837761807721108, "Gray_Hair": 0.46970877051353455, "Heavy_Makeup": 0.009882574900984764, "High_Cheekbones": 0.7858094573020935, "Male": 0.013412149623036385, "Mouth_Slightly_Open": 0.9986308217048645, "Mustache": 0.0003963471099268645, "Narrow_Eyes": 0.6459720134735107, "No_Beard": 0.9966251850128174, "Oval_Face": 0.23806606233119965, "Pale_Skin": 0.08973633497953415, "Pointy_Nose": 0.022864321246743202, "Receding_Hairline": 0.0264141783118248, "Rosy_Cheeks": 0.00021248642588034272, "Sideburns": 0.0009985649958252907, "Smiling": 0.9719533920288086, "Straight_Hair": 0.01920262537896633, "Wavy_Hair": 0.39507561922073364, "Wearing_Earrings": 0.12988874316215515, "Wearing_Hat": 0.0005555845564231277, "Wearing_Lipstick": 0.03732169419527054, "Wearing_Necklace": 0.47221773862838745, "Wearing_Necktie": 0.000644560728687793, "Young": 0.06638544797897339, "df_race": "asian", "df_race_prob": 35.4701093119448, "df_gender": "Woman", "df_gender_prob": 74.76159930229187, "df_age": 49, "df_emotion": "happy", "df_emotion_prob": 95.07965445518494}