{"name": "Jane_Walker_Wood_0001.jpg", "5_o_Clock_Shadow": 0.0016418516170233488, "Arched_Eyebrows": 0.24212568998336792, "Attractive": 0.43068718910217285, "Bags_Under_Eyes": 0.01860829070210457, "Bald": 0.00013534114987123758, "Bangs": 0.0013600741513073444, "Big_Lips": 0.30908969044685364, "Big_Nose": 0.0727887749671936, "Black_Hair": 0.0006676252232864499, "Blond_Hair": 0.08103835582733154, "Blurry": 0.10856757313013077, "Brown_Hair": 0.2086675614118576, "Bushy_Eyebrows": 0.0005333719309419394, "Chubby": 0.0015312270261347294, "Double_Chin": 0.0007725672912783921, "Eyeglasses": 0.0009547585505060852, "Goatee": 0.00015392963541671634, "Gray_Hair": 0.0019140844233334064, "Heavy_Makeup": 0.00964366178959608, "High_Cheekbones": 0.1256699562072754, "Male": 0.010368993505835533, "Mouth_Slightly_Open": 0.95951908826828, "Mustache": 0.0003009088395629078, "Narrow_Eyes": 0.011619322933256626, "No_Beard": 0.9971940517425537, "Oval_Face": 0.07736093550920486, "Pale_Skin": 0.8750028014183044, "Pointy_Nose": 0.11404544115066528, "Receding_Hairline": 0.0024814337957650423, "Rosy_Cheeks": 0.00022085849195718765, "Sideburns": 0.00027811049949377775, "Smiling": 0.8123000264167786, "Straight_Hair": 0.00797026976943016, "Wavy_Hair": 0.7666040658950806, "Wearing_Earrings": 0.2991699278354645, "Wearing_Hat": 0.0008224117918871343, "Wearing_Lipstick": 0.21918536722660065, "Wearing_Necklace": 0.06779196113348007, "Wearing_Necktie": 0.00038257683627307415, "Young": 0.5488237738609314, "df_race": "white", "df_race_prob": 39.83135223388672, "df_gender": "Man", "df_gender_prob": 99.98555183410645, "df_age": 31, "df_emotion": "happy", "df_emotion_prob": 97.80176255723984}