{"name": "Janusz_Kaminski_0001.jpg", "5_o_Clock_Shadow": 0.29720014333724976, "Arched_Eyebrows": 0.0011273113777861, "Attractive": 0.02491762861609459, "Bags_Under_Eyes": 0.012724312953650951, "Bald": 0.004766729660332203, "Bangs": 0.0003807383473031223, "Big_Lips": 0.0029243421740829945, "Big_Nose": 0.16759784519672394, "Black_Hair": 0.0054936520755290985, "Blond_Hair": 0.010520043782889843, "Blurry": 0.06553367525339127, "Brown_Hair": 0.010381336323916912, "Bushy_Eyebrows": 0.00014132776414044201, "Chubby": 0.02811255119740963, "Double_Chin": 0.04527047276496887, "Eyeglasses": 0.9946973323822021, "Goatee": 0.009655801579356194, "Gray_Hair": 0.24152328073978424, "Heavy_Makeup": 7.058849587338045e-05, "High_Cheekbones": 0.020073773339390755, "Male": 0.999769389629364, "Mouth_Slightly_Open": 0.003006287617608905, "Mustache": 0.008404786698520184, "Narrow_Eyes": 0.009079406969249249, "No_Beard": 0.5470540523529053, "Oval_Face": 0.2233671247959137, "Pale_Skin": 0.04555319622159004, "Pointy_Nose": 0.06543520838022232, "Receding_Hairline": 0.09673445671796799, "Rosy_Cheeks": 8.361388609046116e-05, "Sideburns": 0.0065629309974610806, "Smiling": 0.03654823824763298, "Straight_Hair": 0.21379072964191437, "Wavy_Hair": 0.006854601204395294, "Wearing_Earrings": 0.0002956266107503325, "Wearing_Hat": 0.00017852560267783701, "Wearing_Lipstick": 4.736888513434678e-05, "Wearing_Necklace": 0.0004575079947244376, "Wearing_Necktie": 0.33942580223083496, "Young": 0.1180349811911583, "df_race": "white", "df_race_prob": 46.783608198165894, "df_gender": "Man", "df_gender_prob": 99.99923706054688, "df_age": 45, "df_emotion": "happy", "df_emotion_prob": 99.71920847892761}