{"name": "Jason_Kidd_0001.jpg", "5_o_Clock_Shadow": 0.04665585234761238, "Arched_Eyebrows": 0.005268988199532032, "Attractive": 0.014203558675944805, "Bags_Under_Eyes": 0.022567912936210632, "Bald": 0.5072683691978455, "Bangs": 0.0009407125762663782, "Big_Lips": 0.007285814266651869, "Big_Nose": 0.06753791868686676, "Black_Hair": 0.0025374903343617916, "Blond_Hair": 0.0060567897744476795, "Blurry": 0.060272280126810074, "Brown_Hair": 0.0038168809842318296, "Bushy_Eyebrows": 0.001715573132969439, "Chubby": 0.006477459333837032, "Double_Chin": 0.0020869432482868433, "Eyeglasses": 0.0009701049420982599, "Goatee": 0.0666515901684761, "Gray_Hair": 0.015649450942873955, "Heavy_Makeup": 0.0001542258105473593, "High_Cheekbones": 0.019838431850075722, "Male": 0.9973500967025757, "Mouth_Slightly_Open": 0.01293485052883625, "Mustache": 0.015162317082285881, "Narrow_Eyes": 0.005920238792896271, "No_Beard": 0.5921969413757324, "Oval_Face": 0.19245342910289764, "Pale_Skin": 0.008192414417862892, "Pointy_Nose": 0.014198292046785355, "Receding_Hairline": 0.03886031731963158, "Rosy_Cheeks": 2.2202226318768226e-05, "Sideburns": 0.018752843141555786, "Smiling": 0.0009147884557023644, "Straight_Hair": 0.004957785364240408, "Wavy_Hair": 0.0035890345461666584, "Wearing_Earrings": 0.0018001110292971134, "Wearing_Hat": 0.0029035592451691628, "Wearing_Lipstick": 0.00018827003077603877, "Wearing_Necklace": 0.0016702588181942701, "Wearing_Necktie": 0.0011068633757531643, "Young": 0.9059942364692688, "df_race": "middle eastern", "df_race_prob": 59.391582012176514, "df_gender": "Man", "df_gender_prob": 99.99998807907104, "df_age": 44, "df_emotion": "angry", "df_emotion_prob": 97.16853499412537}