{"name": "Javier_Delgado_0001.jpg", "5_o_Clock_Shadow": 0.15373946726322174, "Arched_Eyebrows": 0.0005942643620073795, "Attractive": 0.0834905281662941, "Bags_Under_Eyes": 0.2071821093559265, "Bald": 0.0008071993943303823, "Bangs": 0.00043547694804146886, "Big_Lips": 0.048018284142017365, "Big_Nose": 0.05687161162495613, "Black_Hair": 0.20431961119174957, "Blond_Hair": 0.006726588122546673, "Blurry": 0.24584676325321198, "Brown_Hair": 0.05405140668153763, "Bushy_Eyebrows": 0.0021181178744882345, "Chubby": 0.008194297552108765, "Double_Chin": 0.008586646057665348, "Eyeglasses": 0.001079226960428059, "Goatee": 0.0014331444399431348, "Gray_Hair": 0.0009956307476386428, "Heavy_Makeup": 0.00039186692447401583, "High_Cheekbones": 0.2494344413280487, "Male": 0.9929386973381042, "Mouth_Slightly_Open": 0.9976759552955627, "Mustache": 0.0013569159200415015, "Narrow_Eyes": 0.47368258237838745, "No_Beard": 0.9409672021865845, "Oval_Face": 0.10937776416540146, "Pale_Skin": 0.0027601253241300583, "Pointy_Nose": 0.05135719105601311, "Receding_Hairline": 0.012219816446304321, "Rosy_Cheeks": 0.00011446950520621613, "Sideburns": 0.004549662582576275, "Smiling": 0.7085456848144531, "Straight_Hair": 0.5731186270713806, "Wavy_Hair": 0.005344556178897619, "Wearing_Earrings": 0.0028385089244693518, "Wearing_Hat": 0.0011348066618666053, "Wearing_Lipstick": 0.00035631749778985977, "Wearing_Necklace": 0.0016528062988072634, "Wearing_Necktie": 0.0015454398235306144, "Young": 0.926692545413971, "df_race": "middle eastern", "df_race_prob": 28.996023535728455, "df_gender": "Man", "df_gender_prob": 99.97108578681946, "df_age": 25, "df_emotion": "sad", "df_emotion_prob": 53.835419048989955}