{"name": "Jayson_Williams_0001.jpg", "5_o_Clock_Shadow": 0.16033552587032318, "Arched_Eyebrows": 0.003878283780068159, "Attractive": 0.06583164632320404, "Bags_Under_Eyes": 0.07436655461788177, "Bald": 0.26093751192092896, "Bangs": 0.0001957359054358676, "Big_Lips": 0.30682122707366943, "Big_Nose": 0.5503391027450562, "Black_Hair": 0.034644465893507004, "Blond_Hair": 0.002735435264185071, "Blurry": 0.008664296939969063, "Brown_Hair": 0.0006103933556005359, "Bushy_Eyebrows": 0.21393392980098724, "Chubby": 0.1466521918773651, "Double_Chin": 0.013702372089028358, "Eyeglasses": 0.0016533382004126906, "Goatee": 0.07416722178459167, "Gray_Hair": 0.006193685345351696, "Heavy_Makeup": 0.000366520369425416, "High_Cheekbones": 0.0076767681166529655, "Male": 0.9998990297317505, "Mouth_Slightly_Open": 0.014886393211781979, "Mustache": 0.15178078413009644, "Narrow_Eyes": 0.3697948753833771, "No_Beard": 0.15511809289455414, "Oval_Face": 0.5513483285903931, "Pale_Skin": 0.01624356396496296, "Pointy_Nose": 0.011614285409450531, "Receding_Hairline": 0.4634956121444702, "Rosy_Cheeks": 5.5800304835429415e-05, "Sideburns": 0.02200811728835106, "Smiling": 0.0020349379628896713, "Straight_Hair": 0.003487026086077094, "Wavy_Hair": 0.0011624143226072192, "Wearing_Earrings": 0.002646559150889516, "Wearing_Hat": 0.0003007978084497154, "Wearing_Lipstick": 0.00031784645398147404, "Wearing_Necklace": 0.0004310114891268313, "Wearing_Necktie": 0.6008793711662292, "Young": 0.8752582669258118, "df_race": "black", "df_race_prob": 56.83445077147786, "df_gender": "Man", "df_gender_prob": 99.9997615814209, "df_age": 30, "df_emotion": "neutral", "df_emotion_prob": 93.33673119544983}