{"name": "Jean_Chretien_0044.jpg", "5_o_Clock_Shadow": 0.0027787780854851007, "Arched_Eyebrows": 0.001920977490954101, "Attractive": 0.0022842022590339184, "Bags_Under_Eyes": 0.39847052097320557, "Bald": 0.10409626364707947, "Bangs": 0.0006578927859663963, "Big_Lips": 0.005885567050427198, "Big_Nose": 0.10460728406906128, "Black_Hair": 0.0008681330946274102, "Blond_Hair": 0.045282263308763504, "Blurry": 0.12877210974693298, "Brown_Hair": 0.0009396963287144899, "Bushy_Eyebrows": 9.337261144537479e-05, "Chubby": 0.07484586536884308, "Double_Chin": 0.11976859718561172, "Eyeglasses": 0.003423803485929966, "Goatee": 0.0018135658465325832, "Gray_Hair": 0.8516743183135986, "Heavy_Makeup": 0.00030195058207027614, "High_Cheekbones": 0.12837105989456177, "Male": 0.992956280708313, "Mouth_Slightly_Open": 0.7323871850967407, "Mustache": 0.0023616573307663202, "Narrow_Eyes": 0.09263017028570175, "No_Beard": 0.9871096611022949, "Oval_Face": 0.12300646305084229, "Pale_Skin": 0.0671658143401146, "Pointy_Nose": 0.015051610767841339, "Receding_Hairline": 0.7496657967567444, "Rosy_Cheeks": 0.00013001768093090504, "Sideburns": 0.0024591812398284674, "Smiling": 0.030388064682483673, "Straight_Hair": 0.14028885960578918, "Wavy_Hair": 0.001324251526966691, "Wearing_Earrings": 0.000651554437354207, "Wearing_Hat": 0.00022387375065591186, "Wearing_Lipstick": 0.00034155184403061867, "Wearing_Necklace": 0.0003736470825970173, "Wearing_Necktie": 0.5244140028953552, "Young": 0.006583843380212784, "df_race": "white", "df_race_prob": 37.46418058872223, "df_gender": "Man", "df_gender_prob": 99.99932050704956, "df_age": 57, "df_emotion": "neutral", "df_emotion_prob": 59.41946506500244}