{"name": "Jean_Chretien_0015.jpg", "5_o_Clock_Shadow": 0.009762371890246868, "Arched_Eyebrows": 0.0006632397999055684, "Attractive": 0.003243010491132736, "Bags_Under_Eyes": 0.36541104316711426, "Bald": 0.2672273814678192, "Bangs": 0.0008997258264571428, "Big_Lips": 0.010244985111057758, "Big_Nose": 0.4593893885612488, "Black_Hair": 0.0008490712498314679, "Blond_Hair": 0.08555327355861664, "Blurry": 0.10247845202684402, "Brown_Hair": 0.001328920596279204, "Bushy_Eyebrows": 8.414578769588843e-05, "Chubby": 0.2994473874568939, "Double_Chin": 0.25700506567955017, "Eyeglasses": 0.014180390164256096, "Goatee": 0.0009585470543242991, "Gray_Hair": 0.7730727195739746, "Heavy_Makeup": 0.00013942226360086352, "High_Cheekbones": 0.03296108916401863, "Male": 0.9906995892524719, "Mouth_Slightly_Open": 0.21463124454021454, "Mustache": 0.0008574809762649238, "Narrow_Eyes": 0.6053082346916199, "No_Beard": 0.9882417321205139, "Oval_Face": 0.0527825653553009, "Pale_Skin": 0.19879738986492157, "Pointy_Nose": 0.01820322871208191, "Receding_Hairline": 0.8181370496749878, "Rosy_Cheeks": 0.0001210413029184565, "Sideburns": 0.002337736776098609, "Smiling": 0.0977647453546524, "Straight_Hair": 0.07885296642780304, "Wavy_Hair": 0.0024667142424732447, "Wearing_Earrings": 0.0016747165936976671, "Wearing_Hat": 0.00041082463576458395, "Wearing_Lipstick": 0.0003290855383966118, "Wearing_Necklace": 0.0010280042188242078, "Wearing_Necktie": 0.03474680334329605, "Young": 0.011274851858615875, "df_race": "white", "df_race_prob": 36.06223380936586, "df_gender": "Man", "df_gender_prob": 99.98093247413635, "df_age": 31, "df_emotion": "fear", "df_emotion_prob": 34.59216058254242}