{"name": "Jean_Chretien_0006.jpg", "5_o_Clock_Shadow": 0.0053702061995863914, "Arched_Eyebrows": 0.00037091271951794624, "Attractive": 0.0029412908479571342, "Bags_Under_Eyes": 0.2392461746931076, "Bald": 0.2522925138473511, "Bangs": 0.0002705903025344014, "Big_Lips": 0.004350027069449425, "Big_Nose": 0.07186898589134216, "Black_Hair": 0.0028023431077599525, "Blond_Hair": 0.023005133494734764, "Blurry": 0.196659654378891, "Brown_Hair": 0.0023028955329209566, "Bushy_Eyebrows": 0.0006453284295275807, "Chubby": 0.08621539175510406, "Double_Chin": 0.09228406101465225, "Eyeglasses": 0.004319162108004093, "Goatee": 0.0048647294752299786, "Gray_Hair": 0.5560012459754944, "Heavy_Makeup": 0.0003685177944134921, "High_Cheekbones": 0.05367309972643852, "Male": 0.9975453019142151, "Mouth_Slightly_Open": 0.8720754384994507, "Mustache": 0.0029126890003681183, "Narrow_Eyes": 0.38051512837409973, "No_Beard": 0.9732198119163513, "Oval_Face": 0.15838025510311127, "Pale_Skin": 0.03638540580868721, "Pointy_Nose": 0.024401212111115456, "Receding_Hairline": 0.863354504108429, "Rosy_Cheeks": 0.00015700420772191137, "Sideburns": 0.00466502970084548, "Smiling": 0.0206533744931221, "Straight_Hair": 0.09655668586492538, "Wavy_Hair": 0.0013534268364310265, "Wearing_Earrings": 0.0006481854361481965, "Wearing_Hat": 0.00017272135301027447, "Wearing_Lipstick": 0.00030329765286296606, "Wearing_Necklace": 0.00024512255913577974, "Wearing_Necktie": 0.4805709421634674, "Young": 0.028797978535294533, "df_race": "asian", "df_race_prob": 45.08397877216339, "df_gender": "Man", "df_gender_prob": 99.99953508377075, "df_age": 41, "df_emotion": "angry", "df_emotion_prob": 89.9858832359314}