{"name": "Jean-David_Levitte_0008.jpg", "5_o_Clock_Shadow": 0.016085296869277954, "Arched_Eyebrows": 0.0004665953747462481, "Attractive": 0.010271035134792328, "Bags_Under_Eyes": 0.06623104214668274, "Bald": 0.0009762075496837497, "Bangs": 0.0007430121768265963, "Big_Lips": 0.007538295816630125, "Big_Nose": 0.19447262585163116, "Black_Hair": 0.007159666623920202, "Blond_Hair": 0.001728823292069137, "Blurry": 0.06872466206550598, "Brown_Hair": 0.007842046208679676, "Bushy_Eyebrows": 0.003350501414388418, "Chubby": 0.06031842529773712, "Double_Chin": 0.1586921215057373, "Eyeglasses": 0.9749207496643066, "Goatee": 0.00044335410348139703, "Gray_Hair": 0.9423022270202637, "Heavy_Makeup": 0.0002218144800281152, "High_Cheekbones": 0.10338352620601654, "Male": 0.9995540976524353, "Mouth_Slightly_Open": 0.9803665280342102, "Mustache": 0.00247528706677258, "Narrow_Eyes": 0.03332602232694626, "No_Beard": 0.9828996062278748, "Oval_Face": 0.12565599381923676, "Pale_Skin": 0.01747020147740841, "Pointy_Nose": 0.12608976662158966, "Receding_Hairline": 0.005527825560420752, "Rosy_Cheeks": 0.000477102177683264, "Sideburns": 0.0014107044553384185, "Smiling": 0.25904521346092224, "Straight_Hair": 0.3651173710823059, "Wavy_Hair": 0.06723622232675552, "Wearing_Earrings": 0.0002356313489144668, "Wearing_Hat": 0.00039259702316485345, "Wearing_Lipstick": 0.0001492625888204202, "Wearing_Necklace": 0.00039610310341231525, "Wearing_Necktie": 0.6498938798904419, "Young": 0.010981161147356033, "df_race": "white", "df_race_prob": 47.605836391448975, "df_gender": "Man", "df_gender_prob": 99.96724128723145, "df_age": 51, "df_emotion": "disgust", "df_emotion_prob": 71.99089861024635}