{"name": "Jean_Charest_0006.jpg", "5_o_Clock_Shadow": 0.010816025547683239, "Arched_Eyebrows": 0.01971922442317009, "Attractive": 0.006812476087361574, "Bags_Under_Eyes": 0.24998903274536133, "Bald": 0.10139801353216171, "Bangs": 0.0004261231515556574, "Big_Lips": 0.02903447113931179, "Big_Nose": 0.2236047387123108, "Black_Hair": 0.0014790137065574527, "Blond_Hair": 0.02274053543806076, "Blurry": 0.37236660718917847, "Brown_Hair": 0.0037010146770626307, "Bushy_Eyebrows": 0.00023708127264399081, "Chubby": 0.6224606037139893, "Double_Chin": 0.5123032927513123, "Eyeglasses": 0.004814770072698593, "Goatee": 0.0017558335093781352, "Gray_Hair": 0.7120671272277832, "Heavy_Makeup": 0.00030335781048052013, "High_Cheekbones": 0.34834277629852295, "Male": 0.9924709796905518, "Mouth_Slightly_Open": 0.9459858536720276, "Mustache": 0.0010152371833100915, "Narrow_Eyes": 0.5354322195053101, "No_Beard": 0.9861704111099243, "Oval_Face": 0.22539430856704712, "Pale_Skin": 0.4589593708515167, "Pointy_Nose": 0.08285278081893921, "Receding_Hairline": 0.8326858282089233, "Rosy_Cheeks": 0.0004039867199026048, "Sideburns": 0.0013015486765652895, "Smiling": 0.9718016982078552, "Straight_Hair": 0.03888300806283951, "Wavy_Hair": 0.04710126295685768, "Wearing_Earrings": 0.001314237480983138, "Wearing_Hat": 0.0003266979183536023, "Wearing_Lipstick": 0.000637224642559886, "Wearing_Necklace": 0.0015103897312656045, "Wearing_Necktie": 0.11366744339466095, "Young": 0.02052997052669525, "df_race": "white", "df_race_prob": 69.90319490432739, "df_gender": "Man", "df_gender_prob": 99.21299815177917, "df_age": 45, "df_emotion": "happy", "df_emotion_prob": 99.93121624812886}