{"name": "Jean-Pierre_Raffarin_0007.jpg", "5_o_Clock_Shadow": 0.006984070874750614, "Arched_Eyebrows": 0.002127191750332713, "Attractive": 0.0020040818490087986, "Bags_Under_Eyes": 0.04259622097015381, "Bald": 0.0032737122382968664, "Bangs": 0.0008417690987698734, "Big_Lips": 0.002016233280301094, "Big_Nose": 0.124978207051754, "Black_Hair": 0.005069787614047527, "Blond_Hair": 0.010474720038473606, "Blurry": 0.14371635019779205, "Brown_Hair": 0.0013688397593796253, "Bushy_Eyebrows": 0.009326250292360783, "Chubby": 0.13757413625717163, "Double_Chin": 0.08933357894420624, "Eyeglasses": 0.9423630833625793, "Goatee": 0.00045646075159311295, "Gray_Hair": 0.8190600275993347, "Heavy_Makeup": 0.0004062192456331104, "High_Cheekbones": 0.05357176065444946, "Male": 0.9976907968521118, "Mouth_Slightly_Open": 0.03807162493467331, "Mustache": 0.002084324136376381, "Narrow_Eyes": 0.018748048692941666, "No_Beard": 0.9867247343063354, "Oval_Face": 0.20277637243270874, "Pale_Skin": 0.0398249514400959, "Pointy_Nose": 0.021602069959044456, "Receding_Hairline": 0.06492149829864502, "Rosy_Cheeks": 7.049491978250444e-05, "Sideburns": 0.0017695220885798335, "Smiling": 0.016593115404248238, "Straight_Hair": 0.7385784983634949, "Wavy_Hair": 0.0016598176443949342, "Wearing_Earrings": 0.00034768108162097633, "Wearing_Hat": 0.0003232354938518256, "Wearing_Lipstick": 0.0003201749350409955, "Wearing_Necklace": 0.00021423716680146754, "Wearing_Necktie": 0.5620347261428833, "Young": 0.008581273257732391, "df_race": "white", "df_race_prob": 94.06203031539917, "df_gender": "Man", "df_gender_prob": 99.93013143539429, "df_age": 44, "df_emotion": "sad", "df_emotion_prob": 54.251462727959485}