{"name": "Jean_Chretien_0027.jpg", "5_o_Clock_Shadow": 0.013938365504145622, "Arched_Eyebrows": 0.0032334881834685802, "Attractive": 0.009940087795257568, "Bags_Under_Eyes": 0.3574206233024597, "Bald": 0.6064614653587341, "Bangs": 0.0006467541097663343, "Big_Lips": 0.008284472860395908, "Big_Nose": 0.5840590596199036, "Black_Hair": 0.000779489753767848, "Blond_Hair": 0.029183613136410713, "Blurry": 0.10185562074184418, "Brown_Hair": 0.0012809778563678265, "Bushy_Eyebrows": 6.428980123018846e-05, "Chubby": 0.11887658387422562, "Double_Chin": 0.0838349238038063, "Eyeglasses": 0.013869144022464752, "Goatee": 0.001898717600852251, "Gray_Hair": 0.802920937538147, "Heavy_Makeup": 0.0002100432466249913, "High_Cheekbones": 0.007292082998901606, "Male": 0.9990671277046204, "Mouth_Slightly_Open": 0.002161001320928335, "Mustache": 0.00430397130548954, "Narrow_Eyes": 0.043493952602148056, "No_Beard": 0.9740709066390991, "Oval_Face": 0.06902456283569336, "Pale_Skin": 0.3965224325656891, "Pointy_Nose": 0.10571445524692535, "Receding_Hairline": 0.9341290593147278, "Rosy_Cheeks": 0.00028849035152234137, "Sideburns": 0.003509789938107133, "Smiling": 0.004136442206799984, "Straight_Hair": 0.09144424647092819, "Wavy_Hair": 0.0015729578444734216, "Wearing_Earrings": 0.0009792887140065432, "Wearing_Hat": 0.0008344452362507582, "Wearing_Lipstick": 0.0004902415676042438, "Wearing_Necklace": 0.0005536130629479885, "Wearing_Necktie": 0.77811598777771, "Young": 0.008507014252245426, "df_race": "white", "df_race_prob": 64.80335979481696, "df_gender": "Man", "df_gender_prob": 99.9956488609314, "df_age": 30, "df_emotion": "angry", "df_emotion_prob": 86.97096705436707}