{"name": "Jean_Charest_0017.jpg", "5_o_Clock_Shadow": 0.005494806449860334, "Arched_Eyebrows": 0.002184544922783971, "Attractive": 0.010272460989654064, "Bags_Under_Eyes": 0.05717134103178978, "Bald": 0.0034905460197478533, "Bangs": 0.00018078694120049477, "Big_Lips": 0.01800881326198578, "Big_Nose": 0.06144361570477486, "Black_Hair": 0.00213002972304821, "Blond_Hair": 0.053047940135002136, "Blurry": 0.1170591190457344, "Brown_Hair": 0.004329754039645195, "Bushy_Eyebrows": 0.00017203285824507475, "Chubby": 0.16200722754001617, "Double_Chin": 0.04301293566823006, "Eyeglasses": 0.005354382563382387, "Goatee": 0.000362990889698267, "Gray_Hair": 0.7172001600265503, "Heavy_Makeup": 0.0005646012723445892, "High_Cheekbones": 0.006155185401439667, "Male": 0.9969102740287781, "Mouth_Slightly_Open": 0.04185580089688301, "Mustache": 0.0007489388226531446, "Narrow_Eyes": 0.0011952046770602465, "No_Beard": 0.9920226335525513, "Oval_Face": 0.2618851661682129, "Pale_Skin": 0.12207341939210892, "Pointy_Nose": 0.08131443709135056, "Receding_Hairline": 0.5133548378944397, "Rosy_Cheeks": 0.00020063386182300746, "Sideburns": 0.0008128862245939672, "Smiling": 0.0007608638843521476, "Straight_Hair": 0.06356130540370941, "Wavy_Hair": 0.07367704808712006, "Wearing_Earrings": 0.0005293783615343273, "Wearing_Hat": 0.00022654558415524662, "Wearing_Lipstick": 0.0008038220112212002, "Wearing_Necklace": 0.0006126483785919845, "Wearing_Necktie": 0.5884652137756348, "Young": 0.06873771548271179, "df_race": "white", "df_race_prob": 99.98352527618408, "df_gender": "Man", "df_gender_prob": 99.67292547225952, "df_age": 39, "df_emotion": "neutral", "df_emotion_prob": 47.525596618652344}