{"name": "Jean-Pierre_Raffarin_0001.jpg", "5_o_Clock_Shadow": 0.0040088859386742115, "Arched_Eyebrows": 0.0020755946170538664, "Attractive": 0.0017135734669864178, "Bags_Under_Eyes": 0.11706114560365677, "Bald": 0.010215889662504196, "Bangs": 0.00040069586248137057, "Big_Lips": 0.00667643453925848, "Big_Nose": 0.42059245705604553, "Black_Hair": 0.007456167601048946, "Blond_Hair": 0.006631892640143633, "Blurry": 0.05312742665410042, "Brown_Hair": 0.0009952248074114323, "Bushy_Eyebrows": 0.024171998724341393, "Chubby": 0.21689045429229736, "Double_Chin": 0.25692635774612427, "Eyeglasses": 0.9825980067253113, "Goatee": 0.0006452377419918776, "Gray_Hair": 0.9254011511802673, "Heavy_Makeup": 0.0002712021814659238, "High_Cheekbones": 0.029228264465928078, "Male": 0.996454119682312, "Mouth_Slightly_Open": 0.07325822114944458, "Mustache": 0.0031420968007296324, "Narrow_Eyes": 0.020922090858221054, "No_Beard": 0.9904828071594238, "Oval_Face": 0.12201177328824997, "Pale_Skin": 0.061411142349243164, "Pointy_Nose": 0.008032465353608131, "Receding_Hairline": 0.41183924674987793, "Rosy_Cheeks": 9.42113547353074e-05, "Sideburns": 0.0019438241142779589, "Smiling": 0.01143448706716299, "Straight_Hair": 0.736186146736145, "Wavy_Hair": 0.0009393368382006884, "Wearing_Earrings": 0.00030941879958845675, "Wearing_Hat": 0.0007160555687732995, "Wearing_Lipstick": 0.0003825172025244683, "Wearing_Necklace": 0.00041836631135083735, "Wearing_Necktie": 0.695044994354248, "Young": 0.006898034829646349, "df_race": "middle eastern", "df_race_prob": 52.300605315006095, "df_gender": "Man", "df_gender_prob": 99.99134540557861, "df_age": 52, "df_emotion": "neutral", "df_emotion_prob": 92.30661988258362}