{"name": "Jean_Chretien_0017.jpg", "5_o_Clock_Shadow": 0.002590634161606431, "Arched_Eyebrows": 0.0014348727418109775, "Attractive": 0.006520979572087526, "Bags_Under_Eyes": 0.2519743740558624, "Bald": 0.26464658975601196, "Bangs": 0.00036120659206062555, "Big_Lips": 0.003420403227210045, "Big_Nose": 0.2135593295097351, "Black_Hair": 0.0022864399943500757, "Blond_Hair": 0.017830733209848404, "Blurry": 0.09161782264709473, "Brown_Hair": 0.0017496251966804266, "Bushy_Eyebrows": 7.421743794111535e-05, "Chubby": 0.06244620680809021, "Double_Chin": 0.08748316019773483, "Eyeglasses": 0.004430270753800869, "Goatee": 0.001951740588992834, "Gray_Hair": 0.7784631252288818, "Heavy_Makeup": 0.00029866292607039213, "High_Cheekbones": 0.0798516571521759, "Male": 0.9983647465705872, "Mouth_Slightly_Open": 0.9203528761863708, "Mustache": 0.0016527316765859723, "Narrow_Eyes": 0.1911723017692566, "No_Beard": 0.9870285987854004, "Oval_Face": 0.10549241304397583, "Pale_Skin": 0.057076115161180496, "Pointy_Nose": 0.03706388175487518, "Receding_Hairline": 0.8916559219360352, "Rosy_Cheeks": 0.0003196305187884718, "Sideburns": 0.0014104042202234268, "Smiling": 0.29259198904037476, "Straight_Hair": 0.08719467371702194, "Wavy_Hair": 0.0020839343778789043, "Wearing_Earrings": 0.0007023236248642206, "Wearing_Hat": 0.00020608815248124301, "Wearing_Lipstick": 0.00034212408354505897, "Wearing_Necklace": 0.0004033994337078184, "Wearing_Necktie": 0.4227592945098877, "Young": 0.013087501749396324, "df_race": "white", "df_race_prob": 54.02117371559143, "df_gender": "Man", "df_gender_prob": 99.95187520980835, "df_age": 33, "df_emotion": "fear", "df_emotion_prob": 91.15751385688782}