{"name": "Jean-David_Levitte_0003.jpg", "5_o_Clock_Shadow": 0.013596915639936924, "Arched_Eyebrows": 0.00016415384015999734, "Attractive": 0.0027582242619246244, "Bags_Under_Eyes": 0.10949058830738068, "Bald": 0.001344030606560409, "Bangs": 0.0029824955854564905, "Big_Lips": 0.017236920073628426, "Big_Nose": 0.12108892947435379, "Black_Hair": 0.003143974347040057, "Blond_Hair": 0.0025213859044015408, "Blurry": 0.13505221903324127, "Brown_Hair": 0.014671682380139828, "Bushy_Eyebrows": 0.0006329694297164679, "Chubby": 0.01931263692677021, "Double_Chin": 0.013022731989622116, "Eyeglasses": 0.9331674575805664, "Goatee": 0.0005701007903553545, "Gray_Hair": 0.747788667678833, "Heavy_Makeup": 4.560701927402988e-05, "High_Cheekbones": 0.008124304935336113, "Male": 0.9985532164573669, "Mouth_Slightly_Open": 0.08303277939558029, "Mustache": 0.003906958736479282, "Narrow_Eyes": 0.07152047008275986, "No_Beard": 0.9880980849266052, "Oval_Face": 0.027262240648269653, "Pale_Skin": 0.012889470905065536, "Pointy_Nose": 0.032995447516441345, "Receding_Hairline": 0.004007020499557257, "Rosy_Cheeks": 4.824823190574534e-05, "Sideburns": 0.0018969055963680148, "Smiling": 0.00045941167627461255, "Straight_Hair": 0.3077610433101654, "Wavy_Hair": 0.053620193153619766, "Wearing_Earrings": 0.00046992141869850457, "Wearing_Hat": 0.0007259919657371938, "Wearing_Lipstick": 6.361730629578233e-05, "Wearing_Necklace": 0.0005470278556458652, "Wearing_Necktie": 0.6470329761505127, "Young": 0.009491153992712498, "df_race": "white", "df_race_prob": 52.48444676399231, "df_gender": "Man", "df_gender_prob": 99.9288558959961, "df_age": 28, "df_emotion": "fear", "df_emotion_prob": 59.31371207915021}