{"name": "Jean-David_Levitte_0006.jpg", "5_o_Clock_Shadow": 0.0112450011074543, "Arched_Eyebrows": 0.0009379185503348708, "Attractive": 0.0188412107527256, "Bags_Under_Eyes": 0.010102363303303719, "Bald": 0.0006883486057631671, "Bangs": 0.0003457518760114908, "Big_Lips": 0.003081835340708494, "Big_Nose": 0.028653040528297424, "Black_Hair": 0.00913997646421194, "Blond_Hair": 0.0021523323375731707, "Blurry": 0.077661894261837, "Brown_Hair": 0.008186209946870804, "Bushy_Eyebrows": 0.0045156595297157764, "Chubby": 0.003998247440904379, "Double_Chin": 0.010394086129963398, "Eyeglasses": 0.979663074016571, "Goatee": 0.0006323803681880236, "Gray_Hair": 0.718668520450592, "Heavy_Makeup": 0.0003266144485678524, "High_Cheekbones": 0.04203478619456291, "Male": 0.9984331727027893, "Mouth_Slightly_Open": 0.8173742294311523, "Mustache": 0.0015029760543256998, "Narrow_Eyes": 0.00813817698508501, "No_Beard": 0.9853473901748657, "Oval_Face": 0.11650518327951431, "Pale_Skin": 0.008073530159890652, "Pointy_Nose": 0.13498476147651672, "Receding_Hairline": 0.00846764538437128, "Rosy_Cheeks": 0.00016216405492741615, "Sideburns": 0.0008376141195185483, "Smiling": 0.04450084641575813, "Straight_Hair": 0.6435020565986633, "Wavy_Hair": 0.008359788917005062, "Wearing_Earrings": 0.00035947130527347326, "Wearing_Hat": 0.00026232886011712253, "Wearing_Lipstick": 0.00017716189904604107, "Wearing_Necklace": 0.0003156601160299033, "Wearing_Necktie": 0.32966873049736023, "Young": 0.048668500036001205, "df_race": "white", "df_race_prob": 38.556140661239624, "df_gender": "Man", "df_gender_prob": 99.93205070495605, "df_age": 39, "df_emotion": "neutral", "df_emotion_prob": 94.62019769073711}