{"name": "Jeb_Bush_0003.jpg", "5_o_Clock_Shadow": 0.01840517856180668, "Arched_Eyebrows": 0.0009322375408373773, "Attractive": 0.011440282687544823, "Bags_Under_Eyes": 0.07639732956886292, "Bald": 0.0025605906266719103, "Bangs": 0.0003960594767704606, "Big_Lips": 0.008026965893805027, "Big_Nose": 0.006995707750320435, "Black_Hair": 0.015410039573907852, "Blond_Hair": 0.004162987228482962, "Blurry": 0.12813584506511688, "Brown_Hair": 0.0702136754989624, "Bushy_Eyebrows": 0.02808883786201477, "Chubby": 0.10633285343647003, "Double_Chin": 0.06067273020744324, "Eyeglasses": 0.003575797425583005, "Goatee": 0.0004672616778407246, "Gray_Hair": 0.09124698489904404, "Heavy_Makeup": 0.0004346919886302203, "High_Cheekbones": 0.030529329553246498, "Male": 0.9994334578514099, "Mouth_Slightly_Open": 0.7499368190765381, "Mustache": 0.000897528778295964, "Narrow_Eyes": 0.21617062389850616, "No_Beard": 0.9932581186294556, "Oval_Face": 0.34817835688591003, "Pale_Skin": 0.010954972356557846, "Pointy_Nose": 0.11391659080982208, "Receding_Hairline": 0.015899907797574997, "Rosy_Cheeks": 0.0003563112404663116, "Sideburns": 0.0014435674529522657, "Smiling": 0.004615741781890392, "Straight_Hair": 0.7479632496833801, "Wavy_Hair": 0.00916905514895916, "Wearing_Earrings": 0.0004042765940539539, "Wearing_Hat": 0.000758963287808001, "Wearing_Lipstick": 0.00041992159094661474, "Wearing_Necklace": 0.00022687111049890518, "Wearing_Necktie": 0.6201505661010742, "Young": 0.03651749715209007, "df_race": "white", "df_race_prob": 82.8355610370636, "df_gender": "Man", "df_gender_prob": 99.98459815979004, "df_age": 35, "df_emotion": "sad", "df_emotion_prob": 62.81100289887207}