{"name": "Jeffrey_Donaldson_0001.jpg", "5_o_Clock_Shadow": 0.033264197409152985, "Arched_Eyebrows": 0.0006995231378823519, "Attractive": 0.026065001264214516, "Bags_Under_Eyes": 0.08801671117544174, "Bald": 0.0007151213940232992, "Bangs": 0.0050812228582799435, "Big_Lips": 0.002847799099981785, "Big_Nose": 0.04137369245290756, "Black_Hair": 0.004202780779451132, "Blond_Hair": 0.012904422357678413, "Blurry": 0.06897775828838348, "Brown_Hair": 0.10628294199705124, "Bushy_Eyebrows": 0.0006654806202277541, "Chubby": 0.06437084078788757, "Double_Chin": 0.026383327320218086, "Eyeglasses": 0.0025307945907115936, "Goatee": 0.0006196124013513327, "Gray_Hair": 0.08530154079198837, "Heavy_Makeup": 9.730914462124929e-05, "High_Cheekbones": 0.023045074194669724, "Male": 0.9977045655250549, "Mouth_Slightly_Open": 0.00265125441364944, "Mustache": 0.0024042236618697643, "Narrow_Eyes": 0.011337807402014732, "No_Beard": 0.9750077724456787, "Oval_Face": 0.3065831959247589, "Pale_Skin": 0.15236437320709229, "Pointy_Nose": 0.02141345851123333, "Receding_Hairline": 0.0014672036049887538, "Rosy_Cheeks": 6.510032835649326e-05, "Sideburns": 0.0022175826597958803, "Smiling": 0.0052750445902347565, "Straight_Hair": 0.5821810960769653, "Wavy_Hair": 0.007691886276006699, "Wearing_Earrings": 0.00045658613089472055, "Wearing_Hat": 0.0004379918973427266, "Wearing_Lipstick": 6.406623288057745e-05, "Wearing_Necklace": 0.00025476314476691186, "Wearing_Necktie": 0.6192216277122498, "Young": 0.19422627985477448, "df_race": "white", "df_race_prob": 99.99285936355591, "df_gender": "Man", "df_gender_prob": 99.98297691345215, "df_age": 36, "df_emotion": "neutral", "df_emotion_prob": 96.31431698799133}