{"name": "Jeff_Van_Gundy_0003.jpg", "5_o_Clock_Shadow": 0.024180777370929718, "Arched_Eyebrows": 0.006650147028267384, "Attractive": 0.10130807757377625, "Bags_Under_Eyes": 0.27175843715667725, "Bald": 0.6752979755401611, "Bangs": 0.0003455553378444165, "Big_Lips": 0.04168609902262688, "Big_Nose": 0.21871204674243927, "Black_Hair": 0.0031709594186395407, "Blond_Hair": 0.004825394134968519, "Blurry": 0.021448081359267235, "Brown_Hair": 0.007107730023562908, "Bushy_Eyebrows": 0.00311397947371006, "Chubby": 0.08429375290870667, "Double_Chin": 0.13213075697422028, "Eyeglasses": 0.0006848595221526921, "Goatee": 0.0008261875482276082, "Gray_Hair": 0.0296738650649786, "Heavy_Makeup": 0.000632154056802392, "High_Cheekbones": 0.14092104136943817, "Male": 0.9978498220443726, "Mouth_Slightly_Open": 0.0121274059638381, "Mustache": 0.0005021739052608609, "Narrow_Eyes": 0.06402935832738876, "No_Beard": 0.9895586967468262, "Oval_Face": 0.4034188687801361, "Pale_Skin": 0.06217233091592789, "Pointy_Nose": 0.4378218948841095, "Receding_Hairline": 0.4546603858470917, "Rosy_Cheeks": 0.00031022162875160575, "Sideburns": 0.0009673858294263482, "Smiling": 0.8356907963752747, "Straight_Hair": 0.019291358068585396, "Wavy_Hair": 0.0035221565049141645, "Wearing_Earrings": 0.003039361909031868, "Wearing_Hat": 0.0007040640339255333, "Wearing_Lipstick": 0.00244179368019104, "Wearing_Necklace": 0.0031494416762143373, "Wearing_Necktie": 0.006750831846147776, "Young": 0.10558715462684631, "df_race": "middle eastern", "df_race_prob": 42.12096631526947, "df_gender": "Man", "df_gender_prob": 99.63124394416809, "df_age": 30, "df_emotion": "happy", "df_emotion_prob": 99.25705799376273}