{"name": "Jeff_George_0001.jpg", "5_o_Clock_Shadow": 0.020588839426636696, "Arched_Eyebrows": 0.0012762222904711962, "Attractive": 0.026488112285733223, "Bags_Under_Eyes": 0.06321847438812256, "Bald": 0.158490389585495, "Bangs": 0.00014197420387063175, "Big_Lips": 0.008956126868724823, "Big_Nose": 0.22937548160552979, "Black_Hair": 0.00798811949789524, "Blond_Hair": 0.010735871270298958, "Blurry": 0.02381543070077896, "Brown_Hair": 0.020440228283405304, "Bushy_Eyebrows": 0.0004323381872382015, "Chubby": 0.049330759793519974, "Double_Chin": 0.09153712540864944, "Eyeglasses": 0.0016067398246377707, "Goatee": 0.0014914830680936575, "Gray_Hair": 0.03240646794438362, "Heavy_Makeup": 0.00032587640453130007, "High_Cheekbones": 0.21300065517425537, "Male": 0.9991950392723083, "Mouth_Slightly_Open": 0.9644819498062134, "Mustache": 0.0007170813041739166, "Narrow_Eyes": 0.0010373267577961087, "No_Beard": 0.9713199734687805, "Oval_Face": 0.46843549609184265, "Pale_Skin": 0.007214369717985392, "Pointy_Nose": 0.015939006581902504, "Receding_Hairline": 0.818879246711731, "Rosy_Cheeks": 0.0002671117545105517, "Sideburns": 0.0012995896395295858, "Smiling": 0.8074126243591309, "Straight_Hair": 0.1266690045595169, "Wavy_Hair": 0.001606999896466732, "Wearing_Earrings": 0.0008597627747803926, "Wearing_Hat": 0.0001608387683518231, "Wearing_Lipstick": 0.0006767806480638683, "Wearing_Necklace": 0.0012044160393998027, "Wearing_Necktie": 0.0029298628214746714, "Young": 0.27150338888168335, "df_race": "latino hispanic", "df_race_prob": 33.56276750564575, "df_gender": "Man", "df_gender_prob": 99.99251365661621, "df_age": 33, "df_emotion": "happy", "df_emotion_prob": 94.03111899084563}