{"name": "Jeffrey_Jones_0001.jpg", "5_o_Clock_Shadow": 0.03380615636706352, "Arched_Eyebrows": 0.00027691724244505167, "Attractive": 0.010152114555239677, "Bags_Under_Eyes": 0.12682783603668213, "Bald": 0.009436049498617649, "Bangs": 0.001473241369239986, "Big_Lips": 0.004353776574134827, "Big_Nose": 0.26570945978164673, "Black_Hair": 0.002372330753132701, "Blond_Hair": 0.1583307981491089, "Blurry": 0.252507746219635, "Brown_Hair": 0.002465887228026986, "Bushy_Eyebrows": 9.032335947267711e-05, "Chubby": 0.20435728132724762, "Double_Chin": 0.055708132684230804, "Eyeglasses": 0.0022283324506133795, "Goatee": 0.0017637702403590083, "Gray_Hair": 0.42176342010498047, "Heavy_Makeup": 0.0002328093396499753, "High_Cheekbones": 0.018975190818309784, "Male": 0.997319757938385, "Mouth_Slightly_Open": 0.004712298046797514, "Mustache": 0.0033681101631373167, "Narrow_Eyes": 0.04029126837849617, "No_Beard": 0.9502951502799988, "Oval_Face": 0.17401842772960663, "Pale_Skin": 0.09108743071556091, "Pointy_Nose": 0.026446891948580742, "Receding_Hairline": 0.13255198299884796, "Rosy_Cheeks": 7.94296502135694e-05, "Sideburns": 0.004275475163012743, "Smiling": 0.011238778941333294, "Straight_Hair": 0.2518789768218994, "Wavy_Hair": 0.007008847780525684, "Wearing_Earrings": 0.0006580972694791853, "Wearing_Hat": 0.00017416065384168178, "Wearing_Lipstick": 0.00011610010551521555, "Wearing_Necklace": 0.00040144662489183247, "Wearing_Necktie": 0.34291893243789673, "Young": 0.05145241692662239, "df_race": "white", "df_race_prob": 70.38979530334473, "df_gender": "Man", "df_gender_prob": 99.9345600605011, "df_age": 47, "df_emotion": "angry", "df_emotion_prob": 83.80591869354248}