{"name": "Jefferson_Perez_0001.jpg", "5_o_Clock_Shadow": 0.02188805490732193, "Arched_Eyebrows": 0.000680740165989846, "Attractive": 0.02277774177491665, "Bags_Under_Eyes": 0.0035559695679694414, "Bald": 0.004338693339377642, "Bangs": 0.0009812728967517614, "Big_Lips": 0.016122952103614807, "Big_Nose": 0.021421821787953377, "Black_Hair": 0.0015343569684773684, "Blond_Hair": 0.00593378534540534, "Blurry": 0.2190674990415573, "Brown_Hair": 0.0025442237965762615, "Bushy_Eyebrows": 0.0009961819741874933, "Chubby": 0.0018902403535321355, "Double_Chin": 0.0010899199405685067, "Eyeglasses": 0.004587783943861723, "Goatee": 0.001015732530504465, "Gray_Hair": 0.001080467482097447, "Heavy_Makeup": 0.00048236511065624654, "High_Cheekbones": 0.17203886806964874, "Male": 0.9743502140045166, "Mouth_Slightly_Open": 0.439921498298645, "Mustache": 0.0010550633305683732, "Narrow_Eyes": 0.012276564724743366, "No_Beard": 0.9783422946929932, "Oval_Face": 0.11840642243623734, "Pale_Skin": 0.0040809959173202515, "Pointy_Nose": 0.02203574776649475, "Receding_Hairline": 0.0012814569054171443, "Rosy_Cheeks": 0.00012890285870525986, "Sideburns": 0.0008210622472688556, "Smiling": 0.01936251111328602, "Straight_Hair": 0.002818995388224721, "Wavy_Hair": 0.003027896862477064, "Wearing_Earrings": 0.005057545378804207, "Wearing_Hat": 0.98130863904953, "Wearing_Lipstick": 0.0009930937085300684, "Wearing_Necklace": 0.006686191074550152, "Wearing_Necktie": 0.0006763444980606437, "Young": 0.942240834236145, "df_race": "white", "df_race_prob": 65.79191088676453, "df_gender": "Man", "df_gender_prob": 99.38879609107971, "df_age": 31, "df_emotion": "neutral", "df_emotion_prob": 81.67834877967834}