{"name": "Jelena_Dokic_0002.jpg", "5_o_Clock_Shadow": 0.0011997947003692389, "Arched_Eyebrows": 0.00634419173002243, "Attractive": 0.031079711392521858, "Bags_Under_Eyes": 0.03890777751803398, "Bald": 0.0026386608369648457, "Bangs": 0.002459257375448942, "Big_Lips": 0.0075071449391543865, "Big_Nose": 0.004275166895240545, "Black_Hair": 0.00042075407691299915, "Blond_Hair": 0.8319173455238342, "Blurry": 0.10032965242862701, "Brown_Hair": 0.007928833365440369, "Bushy_Eyebrows": 0.00012069244985468686, "Chubby": 0.003140312386676669, "Double_Chin": 0.0004806856741197407, "Eyeglasses": 0.0013107885606586933, "Goatee": 0.000369974528439343, "Gray_Hair": 0.03699680045247078, "Heavy_Makeup": 0.003817049553617835, "High_Cheekbones": 0.04524501785635948, "Male": 0.00708253588527441, "Mouth_Slightly_Open": 0.1519293189048767, "Mustache": 0.00023612863151356578, "Narrow_Eyes": 0.007894329726696014, "No_Beard": 0.9957869648933411, "Oval_Face": 0.30463528633117676, "Pale_Skin": 0.06844981014728546, "Pointy_Nose": 0.05996188521385193, "Receding_Hairline": 0.4334247410297394, "Rosy_Cheeks": 0.000166459969477728, "Sideburns": 0.001253022812306881, "Smiling": 0.0008827337878756225, "Straight_Hair": 0.07605739682912827, "Wavy_Hair": 0.0179209616035223, "Wearing_Earrings": 0.13646219670772552, "Wearing_Hat": 0.0012092066463083029, "Wearing_Lipstick": 0.00646238774061203, "Wearing_Necklace": 0.0539080910384655, "Wearing_Necktie": 0.0003757112135645002, "Young": 0.9789313077926636, "df_race": "white", "df_race_prob": 99.51274394989014, "df_gender": "Woman", "df_gender_prob": 99.78258013725281, "df_age": 28, "df_emotion": "fear", "df_emotion_prob": 93.25125813484192}