{"name": "Jennifer_Lopez_0017.jpg", "5_o_Clock_Shadow": 0.001088040298782289, "Arched_Eyebrows": 0.7569312453269958, "Attractive": 0.7542062997817993, "Bags_Under_Eyes": 0.009321502409875393, "Bald": 0.0012874146923422813, "Bangs": 0.000895922479685396, "Big_Lips": 0.14439508318901062, "Big_Nose": 0.05276605859398842, "Black_Hair": 0.0010696580866351724, "Blond_Hair": 0.1327458620071411, "Blurry": 0.09678725898265839, "Brown_Hair": 0.031065089628100395, "Bushy_Eyebrows": 0.00012382066051941365, "Chubby": 0.0015226934337988496, "Double_Chin": 0.0009889238281175494, "Eyeglasses": 0.0002954135707113892, "Goatee": 0.0001679847773630172, "Gray_Hair": 0.0032892252784222364, "Heavy_Makeup": 0.18467672169208527, "High_Cheekbones": 0.7389734387397766, "Male": 0.005511750932782888, "Mouth_Slightly_Open": 0.9020541906356812, "Mustache": 0.0001780423044692725, "Narrow_Eyes": 0.006191335152834654, "No_Beard": 0.9972102046012878, "Oval_Face": 0.31049615144729614, "Pale_Skin": 0.015406083315610886, "Pointy_Nose": 0.23507866263389587, "Receding_Hairline": 0.6728867292404175, "Rosy_Cheeks": 0.0007887674728408456, "Sideburns": 0.00011845032713608816, "Smiling": 0.9958807229995728, "Straight_Hair": 0.07197709381580353, "Wavy_Hair": 0.02371269278228283, "Wearing_Earrings": 0.7649892568588257, "Wearing_Hat": 5.420219895313494e-05, "Wearing_Lipstick": 0.6563220024108887, "Wearing_Necklace": 0.02374221570789814, "Wearing_Necktie": 0.0006629567360505462, "Young": 0.850934624671936, "df_race": "black", "df_race_prob": 53.211766481399536, "df_gender": "Woman", "df_gender_prob": 99.95881915092468, "df_age": 31, "df_emotion": "happy", "df_emotion_prob": 79.27693005066693}