{"name": "Jennifer_Renee_Short_0001.jpg", "5_o_Clock_Shadow": 0.0011374815367162228, "Arched_Eyebrows": 0.024951372295618057, "Attractive": 0.3352488577365875, "Bags_Under_Eyes": 0.1097339540719986, "Bald": 0.0005456171929836273, "Bangs": 0.004311974626034498, "Big_Lips": 0.0315089076757431, "Big_Nose": 0.017058562487363815, "Black_Hair": 0.000947866530623287, "Blond_Hair": 0.07194455713033676, "Blurry": 0.3100152611732483, "Brown_Hair": 0.25570228695869446, "Bushy_Eyebrows": 4.6130953705869615e-05, "Chubby": 0.00518485764041543, "Double_Chin": 0.002396291820332408, "Eyeglasses": 0.000212743878364563, "Goatee": 0.00035890628350898623, "Gray_Hair": 0.002860758453607559, "Heavy_Makeup": 0.004534460604190826, "High_Cheekbones": 0.6542572379112244, "Male": 0.06360698491334915, "Mouth_Slightly_Open": 0.9929236173629761, "Mustache": 0.0002803846728056669, "Narrow_Eyes": 0.1385103315114975, "No_Beard": 0.9957489967346191, "Oval_Face": 0.4509855806827545, "Pale_Skin": 0.0876438319683075, "Pointy_Nose": 0.04828954488039017, "Receding_Hairline": 0.008560588583350182, "Rosy_Cheeks": 0.0003724247799254954, "Sideburns": 0.0003367209283169359, "Smiling": 0.9967166781425476, "Straight_Hair": 0.5214475393295288, "Wavy_Hair": 0.026100602000951767, "Wearing_Earrings": 0.006056264974176884, "Wearing_Hat": 0.00035544473212212324, "Wearing_Lipstick": 0.020176541060209274, "Wearing_Necklace": 0.010733521543443203, "Wearing_Necktie": 0.0006628098199144006, "Young": 0.9308922290802002, "df_race": "white", "df_race_prob": 96.12963199615479, "df_gender": "Woman", "df_gender_prob": 99.98290538787842, "df_age": 28, "df_emotion": "happy", "df_emotion_prob": 98.48458161858211}