{"name": "Jennifer_Keller_0002.jpg", "5_o_Clock_Shadow": 0.0010542117524892092, "Arched_Eyebrows": 0.027729416266083717, "Attractive": 0.04843693599104881, "Bags_Under_Eyes": 0.008058419451117516, "Bald": 0.0001830547407735139, "Bangs": 0.11301802098751068, "Big_Lips": 0.008016664534807205, "Big_Nose": 0.007081442046910524, "Black_Hair": 0.0075534796342253685, "Blond_Hair": 0.021891366690397263, "Blurry": 0.4071739614009857, "Brown_Hair": 0.17106100916862488, "Bushy_Eyebrows": 0.0008201723685488105, "Chubby": 0.011190032586455345, "Double_Chin": 0.0036154859699308872, "Eyeglasses": 0.0005109709454700351, "Goatee": 0.00018745572015177459, "Gray_Hair": 0.02959682233631611, "Heavy_Makeup": 0.018189812079072, "High_Cheekbones": 0.0453982874751091, "Male": 0.02288718894124031, "Mouth_Slightly_Open": 0.328209787607193, "Mustache": 0.00030512918601743877, "Narrow_Eyes": 0.06413557380437851, "No_Beard": 0.9977056384086609, "Oval_Face": 0.5283581018447876, "Pale_Skin": 0.038493283092975616, "Pointy_Nose": 0.1317099630832672, "Receding_Hairline": 0.0027577048167586327, "Rosy_Cheeks": 0.00039850512985140085, "Sideburns": 0.0004896981408819556, "Smiling": 0.001986499410122633, "Straight_Hair": 0.013647845946252346, "Wavy_Hair": 0.6013250350952148, "Wearing_Earrings": 0.13234224915504456, "Wearing_Hat": 0.0008681555627845228, "Wearing_Lipstick": 0.03681916743516922, "Wearing_Necklace": 0.04666106030344963, "Wearing_Necktie": 0.00034405369660817087, "Young": 0.19819022715091705, "df_race": "latino hispanic", "df_race_prob": 28.657300988274873, "df_gender": "Woman", "df_gender_prob": 89.06351923942566, "df_age": 35, "df_emotion": "sad", "df_emotion_prob": 47.38505184650421}