{"name": "Jennifer_Lopez_0016.jpg", "5_o_Clock_Shadow": 0.002109852386638522, "Arched_Eyebrows": 0.7819690108299255, "Attractive": 0.676903486251831, "Bags_Under_Eyes": 0.0059715574607253075, "Bald": 0.0005126726464368403, "Bangs": 0.002010165248066187, "Big_Lips": 0.12568290531635284, "Big_Nose": 0.055991895496845245, "Black_Hair": 0.00118028256110847, "Blond_Hair": 0.4509374499320984, "Blurry": 0.13390062749385834, "Brown_Hair": 0.01963806338608265, "Bushy_Eyebrows": 0.0006189487758092582, "Chubby": 0.0016687177121639252, "Double_Chin": 0.0009602238424122334, "Eyeglasses": 0.00026338541647419333, "Goatee": 0.00026188354240730405, "Gray_Hair": 0.0025459816679358482, "Heavy_Makeup": 0.5110605955123901, "High_Cheekbones": 0.9071038365364075, "Male": 0.0008291908307000995, "Mouth_Slightly_Open": 0.004396216478198767, "Mustache": 0.00017212456441484392, "Narrow_Eyes": 0.0019923190120607615, "No_Beard": 0.99813312292099, "Oval_Face": 0.5022413730621338, "Pale_Skin": 0.017567835748195648, "Pointy_Nose": 0.2869150936603546, "Receding_Hairline": 0.03212587535381317, "Rosy_Cheeks": 0.007115955464541912, "Sideburns": 0.0004912376753054559, "Smiling": 0.8594239950180054, "Straight_Hair": 0.39690887928009033, "Wavy_Hair": 0.011699507012963295, "Wearing_Earrings": 0.9517976641654968, "Wearing_Hat": 0.0004391223774291575, "Wearing_Lipstick": 0.8046364188194275, "Wearing_Necklace": 0.10257308930158615, "Wearing_Necktie": 0.0003752786433324218, "Young": 0.9440541863441467, "df_race": "indian", "df_race_prob": 27.786290645599365, "df_gender": "Woman", "df_gender_prob": 99.99988079071045, "df_age": 32, "df_emotion": "happy", "df_emotion_prob": 95.25015950202942}