{"name": "Jennifer_Capriati_0013.jpg", "5_o_Clock_Shadow": 0.007373552303761244, "Arched_Eyebrows": 0.001742805354297161, "Attractive": 0.008209005929529667, "Bags_Under_Eyes": 0.0740700364112854, "Bald": 0.0016134692123159766, "Bangs": 0.0008644117624498904, "Big_Lips": 0.016447976231575012, "Big_Nose": 0.019097426906228065, "Black_Hair": 0.003313980298116803, "Blond_Hair": 0.0610555037856102, "Blurry": 0.2702377438545227, "Brown_Hair": 0.1392323523759842, "Bushy_Eyebrows": 0.00028649496380239725, "Chubby": 0.04646328091621399, "Double_Chin": 0.01298252772539854, "Eyeglasses": 0.0012291687307879329, "Goatee": 0.0004078891361132264, "Gray_Hair": 0.003269221866503358, "Heavy_Makeup": 0.0004605700960382819, "High_Cheekbones": 0.20856116712093353, "Male": 0.18646065890789032, "Mouth_Slightly_Open": 0.9841089844703674, "Mustache": 0.0002864892303477973, "Narrow_Eyes": 0.17949877679347992, "No_Beard": 0.9931424856185913, "Oval_Face": 0.12834355235099792, "Pale_Skin": 0.0023528835736215115, "Pointy_Nose": 0.029376178979873657, "Receding_Hairline": 0.056208375841379166, "Rosy_Cheeks": 0.0002669065725058317, "Sideburns": 0.0013449961552396417, "Smiling": 0.023624887689948082, "Straight_Hair": 0.1169481948018074, "Wavy_Hair": 0.029775526374578476, "Wearing_Earrings": 0.467414528131485, "Wearing_Hat": 0.039421360939741135, "Wearing_Lipstick": 0.0007085279794409871, "Wearing_Necklace": 0.0478440523147583, "Wearing_Necktie": 0.0010106998961418867, "Young": 0.9444178938865662, "df_race": "white", "df_race_prob": 27.80853509902954, "df_gender": "Man", "df_gender_prob": 95.07495760917664, "df_age": 28, "df_emotion": "angry", "df_emotion_prob": 94.54461336135864}