{"name": "Jennifer_Capriati_0027.jpg", "5_o_Clock_Shadow": 0.0013699292903766036, "Arched_Eyebrows": 0.003916975576430559, "Attractive": 0.015557459555566311, "Bags_Under_Eyes": 0.09845511615276337, "Bald": 0.00032871210714802146, "Bangs": 0.04341766610741615, "Big_Lips": 0.020756952464580536, "Big_Nose": 0.021775497123599052, "Black_Hair": 0.0005125304451212287, "Blond_Hair": 0.22929738461971283, "Blurry": 0.22206254303455353, "Brown_Hair": 0.17595718801021576, "Bushy_Eyebrows": 0.00028777800616808236, "Chubby": 0.01749972440302372, "Double_Chin": 0.004873183090239763, "Eyeglasses": 0.0006494447006843984, "Goatee": 0.00019654250354506075, "Gray_Hair": 0.005171924363821745, "Heavy_Makeup": 0.0009755358914844692, "High_Cheekbones": 0.253695547580719, "Male": 0.017776459455490112, "Mouth_Slightly_Open": 0.9942365288734436, "Mustache": 0.00018696465122047812, "Narrow_Eyes": 0.6700764298439026, "No_Beard": 0.9980084300041199, "Oval_Face": 0.10479117184877396, "Pale_Skin": 0.004421861842274666, "Pointy_Nose": 0.015171889215707779, "Receding_Hairline": 0.006169120781123638, "Rosy_Cheeks": 0.0001959179644472897, "Sideburns": 0.0003693471080623567, "Smiling": 0.14533758163452148, "Straight_Hair": 0.10432593524456024, "Wavy_Hair": 0.10208839923143387, "Wearing_Earrings": 0.07693283259868622, "Wearing_Hat": 0.001268537133000791, "Wearing_Lipstick": 0.001970365410670638, "Wearing_Necklace": 0.04086601361632347, "Wearing_Necktie": 0.0003966623917222023, "Young": 0.9457958936691284, "df_race": "black", "df_race_prob": 72.25421667098999, "df_gender": "Man", "df_gender_prob": 98.77179861068726, "df_age": 29, "df_emotion": "angry", "df_emotion_prob": 99.90262985229492}