{"name": "Jennifer_Lopez_0005.jpg", "5_o_Clock_Shadow": 0.0021398619282990694, "Arched_Eyebrows": 0.15517523884773254, "Attractive": 0.5236836075782776, "Bags_Under_Eyes": 0.2891327738761902, "Bald": 0.0004906239337287843, "Bangs": 0.0027169433888047934, "Big_Lips": 0.3043935298919678, "Big_Nose": 0.08407239615917206, "Black_Hair": 0.0007229803595691919, "Blond_Hair": 0.7271272540092468, "Blurry": 0.4242355525493622, "Brown_Hair": 0.01507776789367199, "Bushy_Eyebrows": 0.0006786566227674484, "Chubby": 0.0013129852013662457, "Double_Chin": 0.00200611911714077, "Eyeglasses": 0.0006109925452619791, "Goatee": 0.001178939826786518, "Gray_Hair": 0.003996248356997967, "Heavy_Makeup": 0.013233253732323647, "High_Cheekbones": 0.8364861011505127, "Male": 0.0033947580959647894, "Mouth_Slightly_Open": 0.9773628115653992, "Mustache": 0.0006804064614698291, "Narrow_Eyes": 0.0592949204146862, "No_Beard": 0.9947258830070496, "Oval_Face": 0.053445592522621155, "Pale_Skin": 0.044451743364334106, "Pointy_Nose": 0.14904633164405823, "Receding_Hairline": 0.03793584927916527, "Rosy_Cheeks": 0.0001225285668624565, "Sideburns": 0.00034988514380529523, "Smiling": 0.9943749904632568, "Straight_Hair": 0.0010786898201331496, "Wavy_Hair": 0.9658542275428772, "Wearing_Earrings": 0.011828538961708546, "Wearing_Hat": 0.0005669640959240496, "Wearing_Lipstick": 0.14698508381843567, "Wearing_Necklace": 0.5454896688461304, "Wearing_Necktie": 0.0003563137724995613, "Young": 0.823999285697937, "df_race": "indian", "df_race_prob": 28.536206483840942, "df_gender": "Woman", "df_gender_prob": 99.97596144676208, "df_age": 31, "df_emotion": "happy", "df_emotion_prob": 99.4255423203434}