{"name": "Jennifer_Aniston_0012.jpg", "5_o_Clock_Shadow": 0.0017968983156606555, "Arched_Eyebrows": 0.008729137480258942, "Attractive": 0.3019905686378479, "Bags_Under_Eyes": 0.025622544810175896, "Bald": 0.0005530371563509107, "Bangs": 0.0035167932510375977, "Big_Lips": 0.069038026034832, "Big_Nose": 0.009593401104211807, "Black_Hair": 0.0032846902031451464, "Blond_Hair": 0.5603667497634888, "Blurry": 0.44298413395881653, "Brown_Hair": 0.018251700326800346, "Bushy_Eyebrows": 0.0006772548658773303, "Chubby": 0.0018581643234938383, "Double_Chin": 0.0008146429900079966, "Eyeglasses": 0.0005535468808375299, "Goatee": 0.000413481961004436, "Gray_Hair": 0.004282637033611536, "Heavy_Makeup": 0.011692335829138756, "High_Cheekbones": 0.22496385872364044, "Male": 0.01691937819123268, "Mouth_Slightly_Open": 0.9923796653747559, "Mustache": 0.00013938172196503729, "Narrow_Eyes": 0.5120172500610352, "No_Beard": 0.9975031018257141, "Oval_Face": 0.1159457117319107, "Pale_Skin": 0.028653418645262718, "Pointy_Nose": 0.1917693167924881, "Receding_Hairline": 0.005844827275723219, "Rosy_Cheeks": 0.00026701882597990334, "Sideburns": 0.00037940338370390236, "Smiling": 0.9368603229522705, "Straight_Hair": 0.9154776930809021, "Wavy_Hair": 0.009243102744221687, "Wearing_Earrings": 0.004458863753825426, "Wearing_Hat": 0.0017063998384401202, "Wearing_Lipstick": 0.025808608159422874, "Wearing_Necklace": 0.02536957710981369, "Wearing_Necktie": 0.00021192737040109932, "Young": 0.8215373754501343, "df_race": "white", "df_race_prob": 57.40663320939145, "df_gender": "Woman", "df_gender_prob": 86.16100549697876, "df_age": 32, "df_emotion": "happy", "df_emotion_prob": 72.69387245178223}