{"name": "Jennifer_Capriati_0007.jpg", "5_o_Clock_Shadow": 0.0008657854050397873, "Arched_Eyebrows": 0.008622086606919765, "Attractive": 0.045846808701753616, "Bags_Under_Eyes": 0.012690058909356594, "Bald": 0.0007130668382160366, "Bangs": 0.0006257414352148771, "Big_Lips": 0.00683641480281949, "Big_Nose": 0.0028763015288859606, "Black_Hair": 0.0008345135720446706, "Blond_Hair": 0.28773897886276245, "Blurry": 0.0794084221124649, "Brown_Hair": 0.05487129092216492, "Bushy_Eyebrows": 0.0004220288246870041, "Chubby": 0.00222897925414145, "Double_Chin": 0.0007256080280058086, "Eyeglasses": 0.0007130807498469949, "Goatee": 0.0001301886368310079, "Gray_Hair": 0.024309935048222542, "Heavy_Makeup": 0.006002500187605619, "High_Cheekbones": 0.10720262676477432, "Male": 0.019030099734663963, "Mouth_Slightly_Open": 0.9943084120750427, "Mustache": 7.92689315858297e-05, "Narrow_Eyes": 0.11553675681352615, "No_Beard": 0.9975664615631104, "Oval_Face": 0.2381705343723297, "Pale_Skin": 0.008869027718901634, "Pointy_Nose": 0.05019143968820572, "Receding_Hairline": 0.1316128671169281, "Rosy_Cheeks": 0.00021509232465177774, "Sideburns": 0.00023166497703641653, "Smiling": 0.05842403322458267, "Straight_Hair": 0.17886948585510254, "Wavy_Hair": 0.011445697396993637, "Wearing_Earrings": 0.09271582961082458, "Wearing_Hat": 0.000612385047134012, "Wearing_Lipstick": 0.007365623023360968, "Wearing_Necklace": 0.013303342275321484, "Wearing_Necktie": 0.00020027968275826424, "Young": 0.9614207148551941, "df_race": "white", "df_race_prob": 99.44031238555908, "df_gender": "Man", "df_gender_prob": 70.45683264732361, "df_age": 26, "df_emotion": "angry", "df_emotion_prob": 53.45727205276489}