{"name": "Jennifer_Capriati_0038.jpg", "5_o_Clock_Shadow": 0.0036735525354743004, "Arched_Eyebrows": 0.0027942038141191006, "Attractive": 0.004275237675756216, "Bags_Under_Eyes": 0.18726672232151031, "Bald": 0.00040624209214001894, "Bangs": 0.001786328968591988, "Big_Lips": 0.01620817929506302, "Big_Nose": 0.04816591367125511, "Black_Hair": 0.0013065290404483676, "Blond_Hair": 0.03968506306409836, "Blurry": 0.17482727766036987, "Brown_Hair": 0.22589720785617828, "Bushy_Eyebrows": 0.00014943760470487177, "Chubby": 0.05112995207309723, "Double_Chin": 0.017656343057751656, "Eyeglasses": 0.0012639337219297886, "Goatee": 0.000508903234731406, "Gray_Hair": 0.0044556958600878716, "Heavy_Makeup": 0.00042356300400570035, "High_Cheekbones": 0.14972759783267975, "Male": 0.07168009877204895, "Mouth_Slightly_Open": 0.9875125288963318, "Mustache": 0.00025095412274822593, "Narrow_Eyes": 0.5854536890983582, "No_Beard": 0.9952412843704224, "Oval_Face": 0.14395922422409058, "Pale_Skin": 0.0019213376799598336, "Pointy_Nose": 0.013684398494660854, "Receding_Hairline": 0.010820220224559307, "Rosy_Cheeks": 0.0004403662751428783, "Sideburns": 0.0010350961238145828, "Smiling": 0.012699632905423641, "Straight_Hair": 0.017793552950024605, "Wavy_Hair": 0.14862075448036194, "Wearing_Earrings": 0.039180319756269455, "Wearing_Hat": 0.06983290612697601, "Wearing_Lipstick": 0.0008807895355857909, "Wearing_Necklace": 0.04310891032218933, "Wearing_Necktie": 0.0005864000413566828, "Young": 0.8764360547065735, "df_race": "latino hispanic", "df_race_prob": 23.58895680838566, "df_gender": "Man", "df_gender_prob": 99.28213953971863, "df_age": 27, "df_emotion": "angry", "df_emotion_prob": 71.55305743217468}