{"name": "Jennifer_Capriati_0041.jpg", "5_o_Clock_Shadow": 0.004313577897846699, "Arched_Eyebrows": 0.0013240970438346267, "Attractive": 0.028006533160805702, "Bags_Under_Eyes": 0.07881250232458115, "Bald": 0.0003171795979142189, "Bangs": 0.0004527498094830662, "Big_Lips": 0.00547929760068655, "Big_Nose": 0.009626398794353008, "Black_Hair": 0.0010381496977061033, "Blond_Hair": 0.29224586486816406, "Blurry": 0.1783837527036667, "Brown_Hair": 0.21266783773899078, "Bushy_Eyebrows": 0.0004988543805666268, "Chubby": 0.007166234776377678, "Double_Chin": 0.0025364162866026163, "Eyeglasses": 0.0007259096601046622, "Goatee": 0.00020854576723650098, "Gray_Hair": 0.007077635265886784, "Heavy_Makeup": 0.0013685360318049788, "High_Cheekbones": 0.27907153964042664, "Male": 0.10742545872926712, "Mouth_Slightly_Open": 0.9857947826385498, "Mustache": 0.00019382596656214446, "Narrow_Eyes": 0.07390335202217102, "No_Beard": 0.997198224067688, "Oval_Face": 0.23772767186164856, "Pale_Skin": 0.00402844836935401, "Pointy_Nose": 0.015024328604340553, "Receding_Hairline": 0.03977304697036743, "Rosy_Cheeks": 0.0001660305424593389, "Sideburns": 0.0005584229365922511, "Smiling": 0.07591985911130905, "Straight_Hair": 0.18018223345279694, "Wavy_Hair": 0.033844392746686935, "Wearing_Earrings": 0.016963310539722443, "Wearing_Hat": 0.00080779759446159, "Wearing_Lipstick": 0.0010934507008641958, "Wearing_Necklace": 0.004042728804051876, "Wearing_Necktie": 0.00036739074857905507, "Young": 0.9523685574531555, "df_race": "latino hispanic", "df_race_prob": 31.20974898338318, "df_gender": "Man", "df_gender_prob": 97.36682772636414, "df_age": 25, "df_emotion": "happy", "df_emotion_prob": 50.818079710006714}