{"name": "Jennifer_Aniston_0007.jpg", "5_o_Clock_Shadow": 0.0003172709548380226, "Arched_Eyebrows": 0.23182417452335358, "Attractive": 0.5287911891937256, "Bags_Under_Eyes": 0.0019289806950837374, "Bald": 8.000290108611807e-05, "Bangs": 0.00034260519896633923, "Big_Lips": 0.019033635035157204, "Big_Nose": 0.005076969973742962, "Black_Hair": 0.0015876838006079197, "Blond_Hair": 0.5345703959465027, "Blurry": 0.16399723291397095, "Brown_Hair": 0.0353231206536293, "Bushy_Eyebrows": 0.001049298094585538, "Chubby": 0.0018122068140655756, "Double_Chin": 0.0013830311363562942, "Eyeglasses": 0.0002859273517969996, "Goatee": 9.203459921991453e-05, "Gray_Hair": 0.005021106917411089, "Heavy_Makeup": 0.1320381760597229, "High_Cheekbones": 0.17232076823711395, "Male": 0.0011542662978172302, "Mouth_Slightly_Open": 0.004893240053206682, "Mustache": 3.2403317163698375e-05, "Narrow_Eyes": 0.042271167039871216, "No_Beard": 0.9995914101600647, "Oval_Face": 0.4108814299106598, "Pale_Skin": 0.030831025913357735, "Pointy_Nose": 0.2477472871541977, "Receding_Hairline": 0.0036771027371287346, "Rosy_Cheeks": 0.001283551100641489, "Sideburns": 9.755517385201529e-05, "Smiling": 0.3016849756240845, "Straight_Hair": 0.4340071380138397, "Wavy_Hair": 0.1798880398273468, "Wearing_Earrings": 0.03500891476869583, "Wearing_Hat": 0.00039218663005158305, "Wearing_Lipstick": 0.20589286088943481, "Wearing_Necklace": 0.031040441244840622, "Wearing_Necktie": 0.00018693292804528028, "Young": 0.684374213218689, "df_race": "white", "df_race_prob": 87.24836111068726, "df_gender": "Woman", "df_gender_prob": 99.96309280395508, "df_age": 48, "df_emotion": "happy", "df_emotion_prob": 70.10582685470581}