{"name": "Jennifer_Aniston_0004.jpg", "5_o_Clock_Shadow": 0.0021310304291546345, "Arched_Eyebrows": 0.0030303639359772205, "Attractive": 0.43151018023490906, "Bags_Under_Eyes": 0.03598247841000557, "Bald": 0.00039431353798136115, "Bangs": 0.00408154958859086, "Big_Lips": 0.04657236859202385, "Big_Nose": 0.04668708145618439, "Black_Hair": 0.0014700496103614569, "Blond_Hair": 0.9262336492538452, "Blurry": 0.39181753993034363, "Brown_Hair": 0.00265548937022686, "Bushy_Eyebrows": 0.00034647202119231224, "Chubby": 0.001216016593389213, "Double_Chin": 0.0012749466113746166, "Eyeglasses": 0.0005723065696656704, "Goatee": 0.0002734446607064456, "Gray_Hair": 0.008379577659070492, "Heavy_Makeup": 0.01307673379778862, "High_Cheekbones": 0.7296331524848938, "Male": 0.07716871798038483, "Mouth_Slightly_Open": 0.956614077091217, "Mustache": 0.00016199373931158334, "Narrow_Eyes": 0.02349419891834259, "No_Beard": 0.995572566986084, "Oval_Face": 0.3115557134151459, "Pale_Skin": 0.04394335672259331, "Pointy_Nose": 0.20818139612674713, "Receding_Hairline": 0.0033045115415006876, "Rosy_Cheeks": 0.00041993119521066546, "Sideburns": 0.00027640629559755325, "Smiling": 0.9967983365058899, "Straight_Hair": 0.934061586856842, "Wavy_Hair": 0.011436761356890202, "Wearing_Earrings": 0.0013128032442182302, "Wearing_Hat": 0.00021097315766382962, "Wearing_Lipstick": 0.03448955714702606, "Wearing_Necklace": 0.020933449268341064, "Wearing_Necktie": 0.0007561006350442767, "Young": 0.8857818841934204, "df_race": "white", "df_race_prob": 97.44911789894104, "df_gender": "Man", "df_gender_prob": 88.11490535736084, "df_age": 30, "df_emotion": "happy", "df_emotion_prob": 99.547678232193}