{"name": "Jeong_Se-hyun_0007.jpg", "5_o_Clock_Shadow": 0.0025141933001577854, "Arched_Eyebrows": 0.001619500108063221, "Attractive": 0.003903547301888466, "Bags_Under_Eyes": 0.0735057070851326, "Bald": 0.027927501127123833, "Bangs": 0.0006592142744921148, "Big_Lips": 0.003289347281679511, "Big_Nose": 0.19160662591457367, "Black_Hair": 0.04846286401152611, "Blond_Hair": 0.003880846779793501, "Blurry": 0.11026987433433533, "Brown_Hair": 0.008036295883357525, "Bushy_Eyebrows": 0.00029309719684533775, "Chubby": 0.15794871747493744, "Double_Chin": 0.049463991075754166, "Eyeglasses": 0.9890007972717285, "Goatee": 0.0007722849841229618, "Gray_Hair": 0.10834430158138275, "Heavy_Makeup": 9.43384729907848e-05, "High_Cheekbones": 0.14448215067386627, "Male": 0.993586003780365, "Mouth_Slightly_Open": 0.006719890981912613, "Mustache": 0.0020590953063219786, "Narrow_Eyes": 0.10359018296003342, "No_Beard": 0.9927008152008057, "Oval_Face": 0.18865004181861877, "Pale_Skin": 0.08539247512817383, "Pointy_Nose": 0.0038765063509345055, "Receding_Hairline": 0.49367618560791016, "Rosy_Cheeks": 8.727491513127461e-05, "Sideburns": 0.0005416044150479138, "Smiling": 0.05154558643698692, "Straight_Hair": 0.3353166878223419, "Wavy_Hair": 0.00193168711848557, "Wearing_Earrings": 0.0008884260896593332, "Wearing_Hat": 0.0005222218460403383, "Wearing_Lipstick": 0.0001800408645067364, "Wearing_Necklace": 0.0004431037523318082, "Wearing_Necktie": 0.819497287273407, "Young": 0.013295293785631657, "df_race": "asian", "df_race_prob": 87.7108030146839, "df_gender": "Man", "df_gender_prob": 99.82851147651672, "df_age": 39, "df_emotion": "neutral", "df_emotion_prob": 57.58295655250549}