{"name": "Jeremy_Greenstock_0002.jpg", "5_o_Clock_Shadow": 0.010238773189485073, "Arched_Eyebrows": 0.025468314066529274, "Attractive": 0.00624100212007761, "Bags_Under_Eyes": 0.28330403566360474, "Bald": 0.03208671510219574, "Bangs": 0.0002471058687660843, "Big_Lips": 0.007388557307422161, "Big_Nose": 0.6249498724937439, "Black_Hair": 0.005255796480923891, "Blond_Hair": 0.005602043122053146, "Blurry": 0.14604061841964722, "Brown_Hair": 0.006206892896443605, "Bushy_Eyebrows": 0.08078201860189438, "Chubby": 0.16516271233558655, "Double_Chin": 0.322462797164917, "Eyeglasses": 0.00421435059979558, "Goatee": 0.0005951211205683649, "Gray_Hair": 0.47929996252059937, "Heavy_Makeup": 0.000231235331739299, "High_Cheekbones": 0.21692200005054474, "Male": 0.9977339506149292, "Mouth_Slightly_Open": 0.0029635753016918898, "Mustache": 0.001931787352077663, "Narrow_Eyes": 0.026829948648810387, "No_Beard": 0.9930357336997986, "Oval_Face": 0.13309477269649506, "Pale_Skin": 0.03607311472296715, "Pointy_Nose": 0.03717312589287758, "Receding_Hairline": 0.6597657799720764, "Rosy_Cheeks": 0.0005883759586140513, "Sideburns": 0.0010022369679063559, "Smiling": 0.26039111614227295, "Straight_Hair": 0.398020476102829, "Wavy_Hair": 0.000929256493691355, "Wearing_Earrings": 0.0005140579305589199, "Wearing_Hat": 0.0007129910518415272, "Wearing_Lipstick": 0.0002751801803242415, "Wearing_Necklace": 0.00026324158534407616, "Wearing_Necktie": 0.80353182554245, "Young": 0.01166655495762825, "df_race": "middle eastern", "df_race_prob": 54.541802406311035, "df_gender": "Man", "df_gender_prob": 99.99138116836548, "df_age": 51, "df_emotion": "neutral", "df_emotion_prob": 84.3679130077362}