{"name": "Jerry_Regier_0002.jpg", "5_o_Clock_Shadow": 0.0045920126140117645, "Arched_Eyebrows": 0.00149631779640913, "Attractive": 0.012634565122425556, "Bags_Under_Eyes": 0.3044278919696808, "Bald": 0.8039404153823853, "Bangs": 0.0007861587218940258, "Big_Lips": 0.006748098414391279, "Big_Nose": 0.208420529961586, "Black_Hair": 0.0008697203011251986, "Blond_Hair": 0.02499334327876568, "Blurry": 0.042336516082286835, "Brown_Hair": 0.001908155158162117, "Bushy_Eyebrows": 0.00016723091539461166, "Chubby": 0.17631395161151886, "Double_Chin": 0.1648300439119339, "Eyeglasses": 0.0028767513576895, "Goatee": 0.0007847781525924802, "Gray_Hair": 0.6753745079040527, "Heavy_Makeup": 0.0003135996812488884, "High_Cheekbones": 0.2558259665966034, "Male": 0.999265730381012, "Mouth_Slightly_Open": 0.8148008584976196, "Mustache": 0.0007937245536595583, "Narrow_Eyes": 0.050582047551870346, "No_Beard": 0.992904007434845, "Oval_Face": 0.43291348218917847, "Pale_Skin": 0.05178409814834595, "Pointy_Nose": 0.22914935648441315, "Receding_Hairline": 0.7156107425689697, "Rosy_Cheeks": 0.0011053065536543727, "Sideburns": 0.0020134078804403543, "Smiling": 0.8666691780090332, "Straight_Hair": 0.03898826986551285, "Wavy_Hair": 0.0014849358703941107, "Wearing_Earrings": 0.0008971499628387392, "Wearing_Hat": 0.0008389009744860232, "Wearing_Lipstick": 0.00040038663428276777, "Wearing_Necklace": 0.00041017288458533585, "Wearing_Necktie": 0.81596440076828, "Young": 0.011217741295695305, "df_race": "white", "df_race_prob": 99.99356269836426, "df_gender": "Man", "df_gender_prob": 98.29010367393494, "df_age": 42, "df_emotion": "happy", "df_emotion_prob": 73.03746342658997}