{"name": "Jerry_Springer_0004.jpg", "5_o_Clock_Shadow": 0.006090765818953514, "Arched_Eyebrows": 0.0005920203402638435, "Attractive": 0.0016693922225385904, "Bags_Under_Eyes": 0.04241855442523956, "Bald": 0.002088208682835102, "Bangs": 0.0008749311091378331, "Big_Lips": 0.022856509312987328, "Big_Nose": 0.3444158732891083, "Black_Hair": 0.002877677557989955, "Blond_Hair": 0.04521290212869644, "Blurry": 0.28284063935279846, "Brown_Hair": 0.004961061291396618, "Bushy_Eyebrows": 0.0012471849331632257, "Chubby": 0.408720463514328, "Double_Chin": 0.31631824374198914, "Eyeglasses": 0.9855027198791504, "Goatee": 0.001217838260345161, "Gray_Hair": 0.8821317553520203, "Heavy_Makeup": 0.00029038003413006663, "High_Cheekbones": 0.004015824291855097, "Male": 0.9981435537338257, "Mouth_Slightly_Open": 0.9607456922531128, "Mustache": 0.004166806116700172, "Narrow_Eyes": 0.057527244091033936, "No_Beard": 0.9858312606811523, "Oval_Face": 0.19561977684497833, "Pale_Skin": 0.09976821392774582, "Pointy_Nose": 0.006336668971925974, "Receding_Hairline": 0.07858559489250183, "Rosy_Cheeks": 0.00016699668776709586, "Sideburns": 0.0009077550494112074, "Smiling": 0.006176067981868982, "Straight_Hair": 0.03631962835788727, "Wavy_Hair": 0.18583178520202637, "Wearing_Earrings": 0.00044099491788074374, "Wearing_Hat": 0.0008014154736883938, "Wearing_Lipstick": 0.0004191892803646624, "Wearing_Necklace": 0.0018871993524953723, "Wearing_Necktie": 0.4527025818824768, "Young": 0.01900395378470421, "df_race": "white", "df_race_prob": 97.0715880393982, "df_gender": "Man", "df_gender_prob": 99.9715507030487, "df_age": 51, "df_emotion": "angry", "df_emotion_prob": 91.30639433860779}