{"name": "Jerry_Regier_0001.jpg", "5_o_Clock_Shadow": 0.005523193161934614, "Arched_Eyebrows": 0.00039816013304516673, "Attractive": 0.018556782975792885, "Bags_Under_Eyes": 0.2691154479980469, "Bald": 0.6932052373886108, "Bangs": 0.000635438016615808, "Big_Lips": 0.0038861501961946487, "Big_Nose": 0.027401968836784363, "Black_Hair": 0.0013247377937659621, "Blond_Hair": 0.0071641141548752785, "Blurry": 0.023361727595329285, "Brown_Hair": 0.005485984962433577, "Bushy_Eyebrows": 0.00016555897309444845, "Chubby": 0.02000531181693077, "Double_Chin": 0.015163522213697433, "Eyeglasses": 0.0017190235666930676, "Goatee": 0.0009675361798144877, "Gray_Hair": 0.28506404161453247, "Heavy_Makeup": 0.00022098846966400743, "High_Cheekbones": 0.05503443256020546, "Male": 0.9984872341156006, "Mouth_Slightly_Open": 0.029127933084964752, "Mustache": 0.0006331284530460835, "Narrow_Eyes": 0.02325327880680561, "No_Beard": 0.9926217794418335, "Oval_Face": 0.1407247930765152, "Pale_Skin": 0.017249904572963715, "Pointy_Nose": 0.34779152274131775, "Receding_Hairline": 0.42959100008010864, "Rosy_Cheeks": 0.0002380473306402564, "Sideburns": 0.0013884578365832567, "Smiling": 0.011376716196537018, "Straight_Hair": 0.03798742964863777, "Wavy_Hair": 0.0012716843048110604, "Wearing_Earrings": 0.0013408605009317398, "Wearing_Hat": 0.0006066582282073796, "Wearing_Lipstick": 0.00029402441577985883, "Wearing_Necklace": 0.0002465166035108268, "Wearing_Necktie": 0.2146518975496292, "Young": 0.02653798833489418, "df_race": "white", "df_race_prob": 88.68592977523804, "df_gender": "Man", "df_gender_prob": 99.97673630714417, "df_age": 32, "df_emotion": "sad", "df_emotion_prob": 93.18757612631178}