{"name": "Jesse_Helms_0001.jpg", "5_o_Clock_Shadow": 0.0018458220874890685, "Arched_Eyebrows": 0.007102693431079388, "Attractive": 0.0014931755140423775, "Bags_Under_Eyes": 0.25245264172554016, "Bald": 0.6806418299674988, "Bangs": 0.0008855381165631115, "Big_Lips": 0.029388481751084328, "Big_Nose": 0.2839410603046417, "Black_Hair": 0.0024938839487731457, "Blond_Hair": 0.003691732184961438, "Blurry": 0.16960328817367554, "Brown_Hair": 0.0006172247231006622, "Bushy_Eyebrows": 0.00704230647534132, "Chubby": 0.23911774158477783, "Double_Chin": 0.3287839889526367, "Eyeglasses": 0.9958977103233337, "Goatee": 0.0021565721835941076, "Gray_Hair": 0.8949460983276367, "Heavy_Makeup": 0.00026547242305241525, "High_Cheekbones": 0.16162830591201782, "Male": 0.9981195330619812, "Mouth_Slightly_Open": 0.976150631904602, "Mustache": 0.004160250537097454, "Narrow_Eyes": 0.012482273392379284, "No_Beard": 0.9880329370498657, "Oval_Face": 0.19871005415916443, "Pale_Skin": 0.03440633416175842, "Pointy_Nose": 0.09956502914428711, "Receding_Hairline": 0.5046850442886353, "Rosy_Cheeks": 0.00029061848181299865, "Sideburns": 0.0009903748286888003, "Smiling": 0.6824720501899719, "Straight_Hair": 0.033911582082509995, "Wavy_Hair": 0.0017902035033330321, "Wearing_Earrings": 0.0009737269720062613, "Wearing_Hat": 0.0010139637161046267, "Wearing_Lipstick": 0.0013700583949685097, "Wearing_Necklace": 0.0009926505153998733, "Wearing_Necktie": 0.6799938082695007, "Young": 0.0028693093918263912, "df_race": "white", "df_race_prob": 35.139551758766174, "df_gender": "Man", "df_gender_prob": 99.45405125617981, "df_age": 48, "df_emotion": "happy", "df_emotion_prob": 97.39118814468384}