{"name": "Jesse_Jackson_0005.jpg", "5_o_Clock_Shadow": 0.026737168431282043, "Arched_Eyebrows": 0.024232441559433937, "Attractive": 0.007975168526172638, "Bags_Under_Eyes": 0.23542520403862, "Bald": 0.09642842411994934, "Bangs": 0.000991131877526641, "Big_Lips": 0.046631764620542526, "Big_Nose": 0.49668845534324646, "Black_Hair": 0.03713316097855568, "Blond_Hair": 0.004936012905091047, "Blurry": 0.6774294972419739, "Brown_Hair": 0.0037572321016341448, "Bushy_Eyebrows": 0.0004469642008189112, "Chubby": 0.5577753782272339, "Double_Chin": 0.417619526386261, "Eyeglasses": 0.004203650634735823, "Goatee": 0.010243404656648636, "Gray_Hair": 0.04838463291525841, "Heavy_Makeup": 0.00018581445328891277, "High_Cheekbones": 0.6483312249183655, "Male": 0.9984228610992432, "Mouth_Slightly_Open": 0.4340330958366394, "Mustache": 0.19538776576519012, "Narrow_Eyes": 0.21709810197353363, "No_Beard": 0.4783391058444977, "Oval_Face": 0.31233057379722595, "Pale_Skin": 0.00659347465261817, "Pointy_Nose": 0.022837884724140167, "Receding_Hairline": 0.7146351933479309, "Rosy_Cheeks": 0.00015459198039025068, "Sideburns": 0.0020064578857272863, "Smiling": 0.9294507503509521, "Straight_Hair": 0.09670818597078323, "Wavy_Hair": 0.003565182676538825, "Wearing_Earrings": 0.001950215664692223, "Wearing_Hat": 0.00025058805476874113, "Wearing_Lipstick": 0.0004077275807503611, "Wearing_Necklace": 0.0017312262207269669, "Wearing_Necktie": 0.3242839574813843, "Young": 0.09113900363445282, "df_race": "black", "df_race_prob": 97.02666437308021, "df_gender": "Man", "df_gender_prob": 99.71731901168823, "df_age": 30, "df_emotion": "happy", "df_emotion_prob": 94.60180466153567}