{"name": "Jesse_Jackson_0004.jpg", "5_o_Clock_Shadow": 0.007784449961036444, "Arched_Eyebrows": 0.09142757952213287, "Attractive": 0.01155802421271801, "Bags_Under_Eyes": 0.05631387606263161, "Bald": 0.03118906170129776, "Bangs": 0.0002623853797558695, "Big_Lips": 0.06453458219766617, "Big_Nose": 0.43412286043167114, "Black_Hair": 0.15459217131137848, "Blond_Hair": 0.002495839726179838, "Blurry": 0.28160029649734497, "Brown_Hair": 0.0010730134090408683, "Bushy_Eyebrows": 0.0012376290978863835, "Chubby": 0.2103361189365387, "Double_Chin": 0.03383559361100197, "Eyeglasses": 0.008403105661273003, "Goatee": 0.015363328158855438, "Gray_Hair": 0.015581965446472168, "Heavy_Makeup": 0.00035726375062949955, "High_Cheekbones": 0.014930321834981441, "Male": 0.9983439445495605, "Mouth_Slightly_Open": 0.005363140720874071, "Mustache": 0.6206765174865723, "Narrow_Eyes": 0.03690988942980766, "No_Beard": 0.2238103747367859, "Oval_Face": 0.34843310713768005, "Pale_Skin": 0.017715226858854294, "Pointy_Nose": 0.014719689264893532, "Receding_Hairline": 0.7305980324745178, "Rosy_Cheeks": 8.200404408853501e-05, "Sideburns": 0.003482297295704484, "Smiling": 0.0017223599134013057, "Straight_Hair": 0.08953725546598434, "Wavy_Hair": 0.0021587517112493515, "Wearing_Earrings": 0.0028934055007994175, "Wearing_Hat": 0.00037436746060848236, "Wearing_Lipstick": 0.0008858931250870228, "Wearing_Necklace": 0.0011506215669214725, "Wearing_Necktie": 0.4483488202095032, "Young": 0.22078026831150055, "df_race": "black", "df_race_prob": 98.05117833919397, "df_gender": "Man", "df_gender_prob": 99.66620206832886, "df_age": 34, "df_emotion": "neutral", "df_emotion_prob": 99.63081476872055}