{"name": "Jesse_James_0001.jpg", "5_o_Clock_Shadow": 0.6963014602661133, "Arched_Eyebrows": 0.0017445683479309082, "Attractive": 0.09257782250642776, "Bags_Under_Eyes": 0.2180793285369873, "Bald": 0.004128872882574797, "Bangs": 0.00040854912367649376, "Big_Lips": 0.03713022917509079, "Big_Nose": 0.7585262060165405, "Black_Hair": 0.003834670642390847, "Blond_Hair": 0.002811794402077794, "Blurry": 0.08407607674598694, "Brown_Hair": 0.006773448549211025, "Bushy_Eyebrows": 0.0005954944645054638, "Chubby": 0.020601732656359673, "Double_Chin": 0.0032792682759463787, "Eyeglasses": 0.001223300234414637, "Goatee": 0.026882439851760864, "Gray_Hair": 0.0033997029531747103, "Heavy_Makeup": 0.00023115774092730135, "High_Cheekbones": 0.005834789015352726, "Male": 0.9996250867843628, "Mouth_Slightly_Open": 0.0006919004372321069, "Mustache": 0.004890220705419779, "Narrow_Eyes": 0.013743420131504536, "No_Beard": 0.417700856924057, "Oval_Face": 0.058472830802202225, "Pale_Skin": 0.08450859785079956, "Pointy_Nose": 0.0919671505689621, "Receding_Hairline": 0.005644242279231548, "Rosy_Cheeks": 0.00010249083425151184, "Sideburns": 0.041654471307992935, "Smiling": 0.002626450266689062, "Straight_Hair": 0.0182910468429327, "Wavy_Hair": 0.003853071480989456, "Wearing_Earrings": 0.0016211885958909988, "Wearing_Hat": 0.8585988879203796, "Wearing_Lipstick": 0.0003005828184541315, "Wearing_Necklace": 0.000658000644762069, "Wearing_Necktie": 0.013691956177353859, "Young": 0.33059224486351013, "df_race": "white", "df_race_prob": 99.17067299238765, "df_gender": "Man", "df_gender_prob": 99.99843835830688, "df_age": 29, "df_emotion": "angry", "df_emotion_prob": 86.55909460078543}