{"name": "Jesse_Jackson_0007.jpg", "5_o_Clock_Shadow": 0.0044055115431547165, "Arched_Eyebrows": 0.019698400050401688, "Attractive": 0.004843708593398333, "Bags_Under_Eyes": 0.43685606122016907, "Bald": 0.007952031679451466, "Bangs": 0.00015337478544097394, "Big_Lips": 0.01550463866442442, "Big_Nose": 0.7973868250846863, "Black_Hair": 0.03557923436164856, "Blond_Hair": 0.004519543144851923, "Blurry": 0.07089248299598694, "Brown_Hair": 0.004748777486383915, "Bushy_Eyebrows": 0.0028449799865484238, "Chubby": 0.3042431175708771, "Double_Chin": 0.07363133877515793, "Eyeglasses": 0.002151197986677289, "Goatee": 0.006320345215499401, "Gray_Hair": 0.14005441963672638, "Heavy_Makeup": 0.00019241472182329744, "High_Cheekbones": 0.10094799846410751, "Male": 0.9982871413230896, "Mouth_Slightly_Open": 0.02672616019845009, "Mustache": 0.8944673538208008, "Narrow_Eyes": 0.02027413435280323, "No_Beard": 0.0635426715016365, "Oval_Face": 0.25246813893318176, "Pale_Skin": 0.02173333428800106, "Pointy_Nose": 0.013423195108771324, "Receding_Hairline": 0.7343096733093262, "Rosy_Cheeks": 0.00023532645718660206, "Sideburns": 0.0030944470781832933, "Smiling": 0.003429858013987541, "Straight_Hair": 0.12227795273065567, "Wavy_Hair": 0.0076435403898358345, "Wearing_Earrings": 0.001437798491679132, "Wearing_Hat": 0.0004751499218400568, "Wearing_Lipstick": 0.0004055515746586025, "Wearing_Necklace": 0.0007704378222115338, "Wearing_Necktie": 0.2689274549484253, "Young": 0.10053420811891556, "df_race": "black", "df_race_prob": 39.954977628885366, "df_gender": "Man", "df_gender_prob": 99.99375343322754, "df_age": 42, "df_emotion": "neutral", "df_emotion_prob": 54.106348752975464}