{"name": "Jesse_Jackson_0006.jpg", "5_o_Clock_Shadow": 0.00852322205901146, "Arched_Eyebrows": 0.04359448701143265, "Attractive": 0.0019790385849773884, "Bags_Under_Eyes": 0.28979817032814026, "Bald": 0.016234034672379494, "Bangs": 0.00015977321891114116, "Big_Lips": 0.012702509760856628, "Big_Nose": 0.7139163613319397, "Black_Hair": 0.08731503039598465, "Blond_Hair": 0.004067461472004652, "Blurry": 0.26730772852897644, "Brown_Hair": 0.003999548498541117, "Bushy_Eyebrows": 0.0019331962103024125, "Chubby": 0.47232547402381897, "Double_Chin": 0.13640819489955902, "Eyeglasses": 0.011908157728612423, "Goatee": 0.005812068469822407, "Gray_Hair": 0.04444960132241249, "Heavy_Makeup": 0.00015799298125784844, "High_Cheekbones": 0.1178973838686943, "Male": 0.9968794584274292, "Mouth_Slightly_Open": 0.02035496197640896, "Mustache": 0.6480429768562317, "Narrow_Eyes": 0.04858991131186485, "No_Beard": 0.14068184792995453, "Oval_Face": 0.3008427619934082, "Pale_Skin": 0.01821385882794857, "Pointy_Nose": 0.005163403693586588, "Receding_Hairline": 0.8172919750213623, "Rosy_Cheeks": 0.0001446474634576589, "Sideburns": 0.0032576369121670723, "Smiling": 0.009226114489138126, "Straight_Hair": 0.08004831522703171, "Wavy_Hair": 0.006468958221375942, "Wearing_Earrings": 0.0021458177361637354, "Wearing_Hat": 0.0006381139974109828, "Wearing_Lipstick": 0.0002393596078036353, "Wearing_Necklace": 0.0008772003347985446, "Wearing_Necktie": 0.4235009253025055, "Young": 0.1323198825120926, "df_race": "black", "df_race_prob": 99.98664259830967, "df_gender": "Man", "df_gender_prob": 99.97937083244324, "df_age": 44, "df_emotion": "neutral", "df_emotion_prob": 99.84094500541687}