{"name": "Jiang_Zemin_0005.jpg", "5_o_Clock_Shadow": 0.024223439395427704, "Arched_Eyebrows": 0.00031928729731589556, "Attractive": 0.02047109790146351, "Bags_Under_Eyes": 0.44205114245414734, "Bald": 0.016407450661063194, "Bangs": 0.0008755544549785554, "Big_Lips": 0.008779345080256462, "Big_Nose": 0.11415040493011475, "Black_Hair": 0.0006891290540806949, "Blond_Hair": 0.0401298850774765, "Blurry": 0.21654364466667175, "Brown_Hair": 0.0041089109145104885, "Bushy_Eyebrows": 0.0005770908901467919, "Chubby": 0.0348748043179512, "Double_Chin": 0.05332816764712334, "Eyeglasses": 0.02448280155658722, "Goatee": 0.0009675212786532938, "Gray_Hair": 0.8032746911048889, "Heavy_Makeup": 7.623641431564465e-05, "High_Cheekbones": 0.07914518564939499, "Male": 0.9949883818626404, "Mouth_Slightly_Open": 0.21960881352424622, "Mustache": 0.0005852325120940804, "Narrow_Eyes": 0.6484578251838684, "No_Beard": 0.9904788732528687, "Oval_Face": 0.06470794975757599, "Pale_Skin": 0.1439763307571411, "Pointy_Nose": 0.04654041677713394, "Receding_Hairline": 0.10525307804346085, "Rosy_Cheeks": 6.500665040221065e-05, "Sideburns": 0.0017648913199082017, "Smiling": 0.4777355492115021, "Straight_Hair": 0.3900158703327179, "Wavy_Hair": 0.008650652132928371, "Wearing_Earrings": 0.0012906220508739352, "Wearing_Hat": 0.0007391276303678751, "Wearing_Lipstick": 6.117296288721263e-05, "Wearing_Necklace": 0.0014783800579607487, "Wearing_Necktie": 0.031710416078567505, "Young": 0.02472730726003647, "df_race": "white", "df_race_prob": 88.13720345497131, "df_gender": "Man", "df_gender_prob": 99.78758096694946, "df_age": 25, "df_emotion": "sad", "df_emotion_prob": 89.3678320207796}