{"name": "Jim_OBrien_0002.jpg", "5_o_Clock_Shadow": 0.004353590775281191, "Arched_Eyebrows": 0.0007241129060275853, "Attractive": 0.007941336371004581, "Bags_Under_Eyes": 0.07769332826137543, "Bald": 0.09741021692752838, "Bangs": 0.0006897670100443065, "Big_Lips": 0.0014443107647821307, "Big_Nose": 0.009621258825063705, "Black_Hair": 0.0021925608161836863, "Blond_Hair": 0.006809659767895937, "Blurry": 0.19691120088100433, "Brown_Hair": 0.006027494557201862, "Bushy_Eyebrows": 0.00033741584047675133, "Chubby": 0.014319163747131824, "Double_Chin": 0.005415435414761305, "Eyeglasses": 0.0023450369480997324, "Goatee": 0.001554293790832162, "Gray_Hair": 0.28924185037612915, "Heavy_Makeup": 0.0001960371737368405, "High_Cheekbones": 0.020240161567926407, "Male": 0.9956340193748474, "Mouth_Slightly_Open": 0.01743789203464985, "Mustache": 0.00093371223192662, "Narrow_Eyes": 0.03807380795478821, "No_Beard": 0.9865099787712097, "Oval_Face": 0.17437997460365295, "Pale_Skin": 0.006876049563288689, "Pointy_Nose": 0.07670346647500992, "Receding_Hairline": 0.7405946850776672, "Rosy_Cheeks": 9.928528015734628e-05, "Sideburns": 0.0022254239302128553, "Smiling": 0.0019800690934062004, "Straight_Hair": 0.029974572360515594, "Wavy_Hair": 0.004634055774658918, "Wearing_Earrings": 0.0007709239725954831, "Wearing_Hat": 0.00019189660088159144, "Wearing_Lipstick": 0.00011252922558924183, "Wearing_Necklace": 0.0003398036933504045, "Wearing_Necktie": 0.1735348105430603, "Young": 0.07355087995529175, "df_race": "white", "df_race_prob": 82.59240984916687, "df_gender": "Man", "df_gender_prob": 99.97689127922058, "df_age": 38, "df_emotion": "sad", "df_emotion_prob": 97.82631993293762}