{"name": "Jim_Otto_0001.jpg", "5_o_Clock_Shadow": 0.05040004104375839, "Arched_Eyebrows": 0.002102397382259369, "Attractive": 0.00948944129049778, "Bags_Under_Eyes": 0.7021200060844421, "Bald": 0.011247853748500347, "Bangs": 0.00021933265088591725, "Big_Lips": 0.02652779221534729, "Big_Nose": 0.6702756285667419, "Black_Hair": 0.00190899264998734, "Blond_Hair": 0.07934603095054626, "Blurry": 0.07126755267381668, "Brown_Hair": 0.004383025225251913, "Bushy_Eyebrows": 0.00023647128546144813, "Chubby": 0.6809396743774414, "Double_Chin": 0.7509777545928955, "Eyeglasses": 0.00036490405909717083, "Goatee": 0.0022407423239201307, "Gray_Hair": 0.6508988738059998, "Heavy_Makeup": 0.0002879745443351567, "High_Cheekbones": 0.8671379685401917, "Male": 0.9990487694740295, "Mouth_Slightly_Open": 0.9946040511131287, "Mustache": 0.008254444226622581, "Narrow_Eyes": 0.15153175592422485, "No_Beard": 0.9297773241996765, "Oval_Face": 0.3330807685852051, "Pale_Skin": 0.01030921470373869, "Pointy_Nose": 0.09465958178043365, "Receding_Hairline": 0.30143409967422485, "Rosy_Cheeks": 0.0021853474900126457, "Sideburns": 0.0034390990622341633, "Smiling": 0.9887458682060242, "Straight_Hair": 0.5220456123352051, "Wavy_Hair": 0.0016397638246417046, "Wearing_Earrings": 0.0013793481048196554, "Wearing_Hat": 0.0005519593833014369, "Wearing_Lipstick": 0.0007426568190567195, "Wearing_Necklace": 0.00045209602103568614, "Wearing_Necktie": 0.10925570875406265, "Young": 0.04642960801720619, "df_race": "white", "df_race_prob": 70.05420327186584, "df_gender": "Man", "df_gender_prob": 99.93280172348022, "df_age": 45, "df_emotion": "happy", "df_emotion_prob": 97.83357977867126}