{"name": "Jim_Hahn_0001.jpg", "5_o_Clock_Shadow": 0.007070879451930523, "Arched_Eyebrows": 0.0006037252023816109, "Attractive": 0.015248843468725681, "Bags_Under_Eyes": 0.07245755940675735, "Bald": 0.011113987304270267, "Bangs": 0.00042921194108203053, "Big_Lips": 0.0036056155804544687, "Big_Nose": 0.06227071210741997, "Black_Hair": 0.004407028201967478, "Blond_Hair": 0.0058287205174565315, "Blurry": 0.43462786078453064, "Brown_Hair": 0.0015886727487668395, "Bushy_Eyebrows": 0.0009091126848943532, "Chubby": 0.06089295819401741, "Double_Chin": 0.046901922672986984, "Eyeglasses": 0.0033982801251113415, "Goatee": 0.0005042729899287224, "Gray_Hair": 0.6289044618606567, "Heavy_Makeup": 0.0003592142020352185, "High_Cheekbones": 0.3555365800857544, "Male": 0.9984707236289978, "Mouth_Slightly_Open": 0.8442151546478271, "Mustache": 0.0011410986771807075, "Narrow_Eyes": 0.01492035947740078, "No_Beard": 0.9865248203277588, "Oval_Face": 0.33714091777801514, "Pale_Skin": 0.006728691514581442, "Pointy_Nose": 0.06575178354978561, "Receding_Hairline": 0.5053467154502869, "Rosy_Cheeks": 0.00018686520343180746, "Sideburns": 0.000666881212964654, "Smiling": 0.8042278289794922, "Straight_Hair": 0.3438439965248108, "Wavy_Hair": 0.004356675781309605, "Wearing_Earrings": 0.00024231575662270188, "Wearing_Hat": 0.00014340241614263505, "Wearing_Lipstick": 0.0003385844174772501, "Wearing_Necklace": 0.00018338178051635623, "Wearing_Necktie": 0.20547518134117126, "Young": 0.03207738697528839, "df_race": "white", "df_race_prob": 60.72875261306763, "df_gender": "Man", "df_gender_prob": 99.82303977012634, "df_age": 39, "df_emotion": "happy", "df_emotion_prob": 99.85910653228203}