{"name": "Jim_Harrick_0002.jpg", "5_o_Clock_Shadow": 0.021782318130135536, "Arched_Eyebrows": 0.0009666235418990254, "Attractive": 0.007131796795874834, "Bags_Under_Eyes": 0.16321901977062225, "Bald": 0.001214374671690166, "Bangs": 0.0011809247080236673, "Big_Lips": 0.006302300840616226, "Big_Nose": 0.1228092685341835, "Black_Hair": 0.004094372037798166, "Blond_Hair": 0.0022146631963551044, "Blurry": 0.23657798767089844, "Brown_Hair": 0.02757050283253193, "Bushy_Eyebrows": 0.000617308949586004, "Chubby": 0.020276697352528572, "Double_Chin": 0.008239354006946087, "Eyeglasses": 0.0019433615962043405, "Goatee": 0.00021276761253830045, "Gray_Hair": 0.24418453872203827, "Heavy_Makeup": 6.693299656035379e-05, "High_Cheekbones": 0.023702945560216904, "Male": 0.9978860020637512, "Mouth_Slightly_Open": 0.0070421891286969185, "Mustache": 0.0007595631177537143, "Narrow_Eyes": 0.006829396355897188, "No_Beard": 0.9900583624839783, "Oval_Face": 0.06033914163708687, "Pale_Skin": 0.00831463374197483, "Pointy_Nose": 0.06770821660757065, "Receding_Hairline": 0.03405475988984108, "Rosy_Cheeks": 3.08230628434103e-05, "Sideburns": 0.0009965796489268541, "Smiling": 0.0005505649605765939, "Straight_Hair": 0.5654621720314026, "Wavy_Hair": 0.0049848780035972595, "Wearing_Earrings": 0.0005771148134954274, "Wearing_Hat": 0.000634620024356991, "Wearing_Lipstick": 9.585914813214913e-05, "Wearing_Necklace": 0.0004605255671776831, "Wearing_Necktie": 0.014093868434429169, "Young": 0.07178357243537903, "df_race": "middle eastern", "df_race_prob": 70.17964720726013, "df_gender": "Man", "df_gender_prob": 99.994957447052, "df_age": 41, "df_emotion": "sad", "df_emotion_prob": 54.036727788253295}