{"name": "Jim_Fassel_0001.jpg", "5_o_Clock_Shadow": 0.02032051794230938, "Arched_Eyebrows": 0.00040407798951491714, "Attractive": 0.014316822402179241, "Bags_Under_Eyes": 0.15270251035690308, "Bald": 0.003332691267132759, "Bangs": 0.00019538740161806345, "Big_Lips": 0.003390820696949959, "Big_Nose": 0.21333596110343933, "Black_Hair": 0.0006444854661822319, "Blond_Hair": 0.1827147752046585, "Blurry": 0.031698860228061676, "Brown_Hair": 0.01534863468259573, "Bushy_Eyebrows": 0.00010945064423140138, "Chubby": 0.035663485527038574, "Double_Chin": 0.01856621727347374, "Eyeglasses": 0.0017041083192452788, "Goatee": 0.0002556420222390443, "Gray_Hair": 0.292908638715744, "Heavy_Makeup": 0.0001010285341180861, "High_Cheekbones": 0.07241445779800415, "Male": 0.9975544810295105, "Mouth_Slightly_Open": 0.04475077986717224, "Mustache": 0.0005023233243264258, "Narrow_Eyes": 0.015477681532502174, "No_Beard": 0.9916592240333557, "Oval_Face": 0.15036587417125702, "Pale_Skin": 0.04067289084196091, "Pointy_Nose": 0.01747448369860649, "Receding_Hairline": 0.13259820640087128, "Rosy_Cheeks": 9.451441292185336e-05, "Sideburns": 0.001136642531491816, "Smiling": 0.014085423201322556, "Straight_Hair": 0.5254428386688232, "Wavy_Hair": 0.0020409398712217808, "Wearing_Earrings": 0.0009483032627031207, "Wearing_Hat": 0.00013833756383974105, "Wearing_Lipstick": 5.718540705856867e-05, "Wearing_Necklace": 0.0005240720929577947, "Wearing_Necktie": 0.007277696393430233, "Young": 0.0857577919960022, "df_race": "white", "df_race_prob": 83.49162340164185, "df_gender": "Man", "df_gender_prob": 99.96815919876099, "df_age": 41, "df_emotion": "sad", "df_emotion_prob": 67.94149279594421}