{"name": "Jim_Sterk_0001.jpg", "5_o_Clock_Shadow": 0.0038086927961558104, "Arched_Eyebrows": 0.0001611842162674293, "Attractive": 0.011869753710925579, "Bags_Under_Eyes": 0.008475764654576778, "Bald": 0.0029104992281645536, "Bangs": 0.0006364753353409469, "Big_Lips": 0.0046593560837209225, "Big_Nose": 0.07162533700466156, "Black_Hair": 0.007147159427404404, "Blond_Hair": 0.014179362915456295, "Blurry": 0.032292384654283524, "Brown_Hair": 0.03208262473344803, "Bushy_Eyebrows": 0.0005567775224335492, "Chubby": 0.01254462543874979, "Double_Chin": 0.0145181929692626, "Eyeglasses": 0.9903391003608704, "Goatee": 0.00038069210131652653, "Gray_Hair": 0.15037326514720917, "Heavy_Makeup": 0.00039808099973015487, "High_Cheekbones": 0.010913923382759094, "Male": 0.9985798597335815, "Mouth_Slightly_Open": 0.8195117115974426, "Mustache": 0.0008766170940361917, "Narrow_Eyes": 0.007697627414017916, "No_Beard": 0.996290922164917, "Oval_Face": 0.1456543654203415, "Pale_Skin": 0.045089446008205414, "Pointy_Nose": 0.013967388309538364, "Receding_Hairline": 0.0394640676677227, "Rosy_Cheeks": 0.00010389413364464417, "Sideburns": 0.0002452894696034491, "Smiling": 0.008668163791298866, "Straight_Hair": 0.568707287311554, "Wavy_Hair": 0.0018807970918715, "Wearing_Earrings": 0.0004207368183415383, "Wearing_Hat": 0.00029475163319148123, "Wearing_Lipstick": 0.0003200272039975971, "Wearing_Necklace": 0.00033500499557703733, "Wearing_Necktie": 0.5393911600112915, "Young": 0.0926721841096878, "df_race": "white", "df_race_prob": 93.87578964233398, "df_gender": "Man", "df_gender_prob": 99.99995231628418, "df_age": 27, "df_emotion": "sad", "df_emotion_prob": 47.62382507324219}