{"name": "Jim_Furyk_0001.jpg", "5_o_Clock_Shadow": 0.011813298799097538, "Arched_Eyebrows": 0.0003966538642998785, "Attractive": 0.016068829223513603, "Bags_Under_Eyes": 0.01605234295129776, "Bald": 0.0025372342206537724, "Bangs": 0.0013773126993328333, "Big_Lips": 0.0031279069371521473, "Big_Nose": 0.005960540380328894, "Black_Hair": 0.0004166513099335134, "Blond_Hair": 0.017155373468995094, "Blurry": 0.29066139459609985, "Brown_Hair": 0.009980540722608566, "Bushy_Eyebrows": 0.001542462850920856, "Chubby": 0.005998424720019102, "Double_Chin": 0.003463936736807227, "Eyeglasses": 0.0047636134549975395, "Goatee": 0.0002648401423357427, "Gray_Hair": 0.005159774795174599, "Heavy_Makeup": 0.00046389453927986324, "High_Cheekbones": 0.05906602740287781, "Male": 0.9867731928825378, "Mouth_Slightly_Open": 0.2252214252948761, "Mustache": 0.0005846162675879896, "Narrow_Eyes": 0.017642728984355927, "No_Beard": 0.9933034777641296, "Oval_Face": 0.20948581397533417, "Pale_Skin": 0.007826423272490501, "Pointy_Nose": 0.14180141687393188, "Receding_Hairline": 0.00117035664152354, "Rosy_Cheeks": 0.0002666412910912186, "Sideburns": 0.0005855117924511433, "Smiling": 0.007195126265287399, "Straight_Hair": 0.006628145929425955, "Wavy_Hair": 0.0059696221724152565, "Wearing_Earrings": 0.006218740250915289, "Wearing_Hat": 0.9751986265182495, "Wearing_Lipstick": 0.0006155687151476741, "Wearing_Necklace": 0.005338926799595356, "Wearing_Necktie": 0.0011638851137831807, "Young": 0.826440155506134, "df_race": "middle eastern", "df_race_prob": 49.069702514374555, "df_gender": "Man", "df_gender_prob": 99.9715507030487, "df_age": 30, "df_emotion": "fear", "df_emotion_prob": 39.413753151893616}