{"name": "Jim_Hahn_0004.jpg", "5_o_Clock_Shadow": 0.005413226783275604, "Arched_Eyebrows": 0.0013095668982714415, "Attractive": 0.006887073628604412, "Bags_Under_Eyes": 0.08496946841478348, "Bald": 0.008648686110973358, "Bangs": 0.00016218755627050996, "Big_Lips": 0.0051330444402992725, "Big_Nose": 0.019437696784734726, "Black_Hair": 0.003206617198884487, "Blond_Hair": 0.009075726382434368, "Blurry": 0.05310278758406639, "Brown_Hair": 0.0012257302878424525, "Bushy_Eyebrows": 0.001484036911278963, "Chubby": 0.027435990050435066, "Double_Chin": 0.021632811054587364, "Eyeglasses": 0.007145815994590521, "Goatee": 0.00035444178502075374, "Gray_Hair": 0.84981369972229, "Heavy_Makeup": 0.00040303985588252544, "High_Cheekbones": 0.01737048104405403, "Male": 0.9987305998802185, "Mouth_Slightly_Open": 0.1251375675201416, "Mustache": 0.0004831890109926462, "Narrow_Eyes": 0.00805573258548975, "No_Beard": 0.9940012097358704, "Oval_Face": 0.20680055022239685, "Pale_Skin": 0.03609599173069, "Pointy_Nose": 0.03177861124277115, "Receding_Hairline": 0.553813099861145, "Rosy_Cheeks": 7.971054583322257e-05, "Sideburns": 0.0010369695955887437, "Smiling": 0.0017467828001827002, "Straight_Hair": 0.6034657955169678, "Wavy_Hair": 0.0016867185477167368, "Wearing_Earrings": 0.00046141273924149573, "Wearing_Hat": 0.000172970729181543, "Wearing_Lipstick": 0.0003491305687930435, "Wearing_Necklace": 0.0002659055753611028, "Wearing_Necktie": 0.26260632276535034, "Young": 0.030149739235639572, "df_race": "white", "df_race_prob": 71.76453471183777, "df_gender": "Man", "df_gender_prob": 99.96616840362549, "df_age": 29, "df_emotion": "angry", "df_emotion_prob": 50.392320775528}