{"name": "Jimmy_Carter_0005.jpg", "5_o_Clock_Shadow": 0.007931181229650974, "Arched_Eyebrows": 0.0007542166276834905, "Attractive": 0.004144312813878059, "Bags_Under_Eyes": 0.6283596754074097, "Bald": 0.10754569619894028, "Bangs": 0.0008606308838352561, "Big_Lips": 0.009879160672426224, "Big_Nose": 0.34376949071884155, "Black_Hair": 0.007317746989428997, "Blond_Hair": 0.016429293900728226, "Blurry": 0.23592975735664368, "Brown_Hair": 0.0019722916185855865, "Bushy_Eyebrows": 0.00019151803280692548, "Chubby": 0.5568196773529053, "Double_Chin": 0.5955920219421387, "Eyeglasses": 0.01753656566143036, "Goatee": 0.004248169716447592, "Gray_Hair": 0.9308176636695862, "Heavy_Makeup": 0.0003105835639871657, "High_Cheekbones": 0.740501880645752, "Male": 0.9957327246665955, "Mouth_Slightly_Open": 0.9969037175178528, "Mustache": 0.004588104318827391, "Narrow_Eyes": 0.864824652671814, "No_Beard": 0.979841947555542, "Oval_Face": 0.22268708050251007, "Pale_Skin": 0.05885292589664459, "Pointy_Nose": 0.005302574019879103, "Receding_Hairline": 0.6665538549423218, "Rosy_Cheeks": 0.0006390117341652513, "Sideburns": 0.002808708930388093, "Smiling": 0.9804080128669739, "Straight_Hair": 0.39003893733024597, "Wavy_Hair": 0.0035000459756702185, "Wearing_Earrings": 0.0008940765983425081, "Wearing_Hat": 0.0007590627064928412, "Wearing_Lipstick": 0.0004085481632500887, "Wearing_Necklace": 0.0006612444994971156, "Wearing_Necktie": 0.21162742376327515, "Young": 0.00805915892124176, "df_race": "asian", "df_race_prob": 62.577132140227086, "df_gender": "Man", "df_gender_prob": 98.51152300834656, "df_age": 50, "df_emotion": "happy", "df_emotion_prob": 99.99958872792654}