{"name": "Jimmy_Smits_0001.jpg", "5_o_Clock_Shadow": 0.24979138374328613, "Arched_Eyebrows": 0.001411635079421103, "Attractive": 0.013645028695464134, "Bags_Under_Eyes": 0.06966836750507355, "Bald": 0.08395634591579437, "Bangs": 0.00021608431416098028, "Big_Lips": 0.008044826798141003, "Big_Nose": 0.2992912530899048, "Black_Hair": 0.01035059243440628, "Blond_Hair": 0.00748505350202322, "Blurry": 0.1279296875, "Brown_Hair": 0.006670905742794275, "Bushy_Eyebrows": 0.00034362677251920104, "Chubby": 0.08338215202093124, "Double_Chin": 0.12599711120128632, "Eyeglasses": 0.9286579489707947, "Goatee": 0.020243816077709198, "Gray_Hair": 0.04604216665029526, "Heavy_Makeup": 7.599421223858371e-05, "High_Cheekbones": 0.04130936041474342, "Male": 0.9996953010559082, "Mouth_Slightly_Open": 0.0038424127269536257, "Mustache": 0.00702913710847497, "Narrow_Eyes": 0.0135031221434474, "No_Beard": 0.5360019207000732, "Oval_Face": 0.1690334677696228, "Pale_Skin": 0.03243572264909744, "Pointy_Nose": 0.0639643743634224, "Receding_Hairline": 0.6952218413352966, "Rosy_Cheeks": 0.00010784369078464806, "Sideburns": 0.006562710274010897, "Smiling": 0.09332920610904694, "Straight_Hair": 0.2936415672302246, "Wavy_Hair": 0.0017362084472551942, "Wearing_Earrings": 0.0004141822282690555, "Wearing_Hat": 0.00015850843919906765, "Wearing_Lipstick": 0.00012486880586948246, "Wearing_Necklace": 0.0005175375263206661, "Wearing_Necktie": 0.74983149766922, "Young": 0.04986768215894699, "df_race": "white", "df_race_prob": 33.962263701096994, "df_gender": "Man", "df_gender_prob": 99.99669790267944, "df_age": 41, "df_emotion": "happy", "df_emotion_prob": 46.13101780414581}