{"name": "Jiri_Novak_0008.jpg", "5_o_Clock_Shadow": 0.0585332028567791, "Arched_Eyebrows": 0.0005543134757317603, "Attractive": 0.012823622673749924, "Bags_Under_Eyes": 0.046252571046352386, "Bald": 0.0007227774476632476, "Bangs": 0.0013543564127758145, "Big_Lips": 0.00872220378369093, "Big_Nose": 0.017878027632832527, "Black_Hair": 0.00571929756551981, "Blond_Hair": 0.04785051569342613, "Blurry": 0.16999006271362305, "Brown_Hair": 0.10360199213027954, "Bushy_Eyebrows": 0.00034751457860693336, "Chubby": 0.011572370305657387, "Double_Chin": 0.0026570989284664392, "Eyeglasses": 0.0011158165289089084, "Goatee": 0.0005397283239290118, "Gray_Hair": 0.006933333817869425, "Heavy_Makeup": 0.00023170674103312194, "High_Cheekbones": 0.05935663357377052, "Male": 0.996239185333252, "Mouth_Slightly_Open": 0.8238625526428223, "Mustache": 0.0004005740338470787, "Narrow_Eyes": 0.0714067667722702, "No_Beard": 0.9835809469223022, "Oval_Face": 0.2321840226650238, "Pale_Skin": 0.009357573464512825, "Pointy_Nose": 0.04797505587339401, "Receding_Hairline": 0.00184627715498209, "Rosy_Cheeks": 0.00010716332326410338, "Sideburns": 0.0011658892035484314, "Smiling": 0.003970340359956026, "Straight_Hair": 0.3919582664966583, "Wavy_Hair": 0.012679405510425568, "Wearing_Earrings": 0.001458691549487412, "Wearing_Hat": 0.0005744337104260921, "Wearing_Lipstick": 0.00016801520541775972, "Wearing_Necklace": 0.001966588431969285, "Wearing_Necktie": 0.0012484013568609953, "Young": 0.8795663118362427, "df_race": "white", "df_race_prob": 67.47047707262499, "df_gender": "Man", "df_gender_prob": 99.99858140945435, "df_age": 35, "df_emotion": "angry", "df_emotion_prob": 91.28288626670837}