{"name": "Jiri_Novak_0007.jpg", "5_o_Clock_Shadow": 0.03718939796090126, "Arched_Eyebrows": 0.0032992297783493996, "Attractive": 0.00819770060479641, "Bags_Under_Eyes": 0.009356562048196793, "Bald": 0.0011258604936301708, "Bangs": 0.000736882328055799, "Big_Lips": 0.005330776330083609, "Big_Nose": 0.0067030880600214005, "Black_Hair": 0.007045478094369173, "Blond_Hair": 0.0637434870004654, "Blurry": 0.27226611971855164, "Brown_Hair": 0.05410842224955559, "Bushy_Eyebrows": 0.0026932507753372192, "Chubby": 0.004160888493061066, "Double_Chin": 0.0008558353874832392, "Eyeglasses": 0.0006190835265442729, "Goatee": 0.0007840489852242172, "Gray_Hair": 0.007357762195169926, "Heavy_Makeup": 0.0005847546854056418, "High_Cheekbones": 0.06603465974330902, "Male": 0.9911776185035706, "Mouth_Slightly_Open": 0.8002352118492126, "Mustache": 0.0009034282411448658, "Narrow_Eyes": 0.03846408426761627, "No_Beard": 0.9647679328918457, "Oval_Face": 0.14348892867565155, "Pale_Skin": 0.007786259055137634, "Pointy_Nose": 0.1035839319229126, "Receding_Hairline": 0.0060517373494803905, "Rosy_Cheeks": 0.00010477191972313449, "Sideburns": 0.0020306140650063753, "Smiling": 0.0014442921383306384, "Straight_Hair": 0.3633660674095154, "Wavy_Hair": 0.009336119517683983, "Wearing_Earrings": 0.004341466352343559, "Wearing_Hat": 0.0006740199169144034, "Wearing_Lipstick": 0.00027101297746412456, "Wearing_Necklace": 0.0012402950087562203, "Wearing_Necktie": 0.0013685562880709767, "Young": 0.8820540904998779, "df_race": "white", "df_race_prob": 98.14016222953796, "df_gender": "Man", "df_gender_prob": 99.5371401309967, "df_age": 37, "df_emotion": "surprise", "df_emotion_prob": 98.12924850757412}