{"name": "JK_Rowling_0002.jpg", "5_o_Clock_Shadow": 0.0013222035486251116, "Arched_Eyebrows": 0.017447831109166145, "Attractive": 0.6319298148155212, "Bags_Under_Eyes": 0.024022527039051056, "Bald": 0.00045079379924573004, "Bangs": 0.1479029357433319, "Big_Lips": 0.07205686718225479, "Big_Nose": 0.04211766645312309, "Black_Hair": 0.001452052965760231, "Blond_Hair": 0.9797269105911255, "Blurry": 0.02245475910604, "Brown_Hair": 0.0009191427961923182, "Bushy_Eyebrows": 0.00028900569304823875, "Chubby": 0.0007881171186454594, "Double_Chin": 0.0012501992750912905, "Eyeglasses": 0.000803508039098233, "Goatee": 0.00036949344212189317, "Gray_Hair": 0.03152455389499664, "Heavy_Makeup": 0.09659804403781891, "High_Cheekbones": 0.8712122440338135, "Male": 0.0027610205579549074, "Mouth_Slightly_Open": 0.012355159968137741, "Mustache": 0.0002383212122367695, "Narrow_Eyes": 0.01764982007443905, "No_Beard": 0.9983342289924622, "Oval_Face": 0.26453763246536255, "Pale_Skin": 0.5773494243621826, "Pointy_Nose": 0.4692735970020294, "Receding_Hairline": 0.0010508437408134341, "Rosy_Cheeks": 0.001119001884944737, "Sideburns": 0.0004955784534104168, "Smiling": 0.9430839419364929, "Straight_Hair": 0.7226850390434265, "Wavy_Hair": 0.039876971393823624, "Wearing_Earrings": 0.008721906691789627, "Wearing_Hat": 0.0002793850435409695, "Wearing_Lipstick": 0.41534334421157837, "Wearing_Necklace": 0.4966587424278259, "Wearing_Necktie": 0.00043586958781816065, "Young": 0.5369421243667603, "df_race": "white", "df_race_prob": 100.0, "df_gender": "Woman", "df_gender_prob": 99.98125433921814, "df_age": 47, "df_emotion": "happy", "df_emotion_prob": 98.82746920913091}