{"name": "Joanne_Woodward_0001.jpg", "5_o_Clock_Shadow": 0.0027093994431197643, "Arched_Eyebrows": 0.004295156337320805, "Attractive": 0.019308866932988167, "Bags_Under_Eyes": 0.6287711262702942, "Bald": 0.01120719313621521, "Bangs": 0.08141563832759857, "Big_Lips": 0.025970902293920517, "Big_Nose": 0.1700165718793869, "Black_Hair": 0.0018627616809681058, "Blond_Hair": 0.07799316942691803, "Blurry": 0.5624294877052307, "Brown_Hair": 0.0028054872527718544, "Bushy_Eyebrows": 7.396993896691129e-05, "Chubby": 0.07692732661962509, "Double_Chin": 0.038722313940525055, "Eyeglasses": 0.0007900481577962637, "Goatee": 0.0007665695738978684, "Gray_Hair": 0.40405893325805664, "Heavy_Makeup": 0.0005314397276379168, "High_Cheekbones": 0.8423518538475037, "Male": 0.14536020159721375, "Mouth_Slightly_Open": 0.9792346954345703, "Mustache": 0.00045188015792518854, "Narrow_Eyes": 0.6653221845626831, "No_Beard": 0.9928997755050659, "Oval_Face": 0.24979938566684723, "Pale_Skin": 0.17264272272586823, "Pointy_Nose": 0.008905859664082527, "Receding_Hairline": 0.03172298148274422, "Rosy_Cheeks": 3.611340434872545e-05, "Sideburns": 0.0026348948013037443, "Smiling": 0.97525554895401, "Straight_Hair": 0.12621070444583893, "Wavy_Hair": 0.008584823459386826, "Wearing_Earrings": 0.010697935707867146, "Wearing_Hat": 0.002014315454289317, "Wearing_Lipstick": 0.0012054190738126636, "Wearing_Necklace": 0.013933195732533932, "Wearing_Necktie": 0.0032698153518140316, "Young": 0.10408315062522888, "df_race": "white", "df_race_prob": 97.1224844455719, "df_gender": "Woman", "df_gender_prob": 99.90184307098389, "df_age": 39, "df_emotion": "happy", "df_emotion_prob": 99.68116879463196}