{"name": "Joan_Laporta_0002.jpg", "5_o_Clock_Shadow": 0.06754358857870102, "Arched_Eyebrows": 0.0024761164095252752, "Attractive": 0.13072612881660461, "Bags_Under_Eyes": 0.31236088275909424, "Bald": 0.0007804057677276433, "Bangs": 0.002222238341346383, "Big_Lips": 0.006797657813876867, "Big_Nose": 0.31203123927116394, "Black_Hair": 0.04093354195356369, "Blond_Hair": 0.00574894342571497, "Blurry": 0.2329126000404358, "Brown_Hair": 0.10543067753314972, "Bushy_Eyebrows": 0.14035627245903015, "Chubby": 0.041322555392980576, "Double_Chin": 0.07558027654886246, "Eyeglasses": 0.0028151939623057842, "Goatee": 0.000582431850489229, "Gray_Hair": 0.0076617226004600525, "Heavy_Makeup": 0.000626892491709441, "High_Cheekbones": 0.9645383954048157, "Male": 0.9984093308448792, "Mouth_Slightly_Open": 0.9836070537567139, "Mustache": 0.0009174563456326723, "Narrow_Eyes": 0.5995144844055176, "No_Beard": 0.9864736795425415, "Oval_Face": 0.5711342096328735, "Pale_Skin": 0.0017551407217979431, "Pointy_Nose": 0.011103388853371143, "Receding_Hairline": 0.000876108999364078, "Rosy_Cheeks": 0.00020741108164656907, "Sideburns": 0.001262269215658307, "Smiling": 0.9989829659461975, "Straight_Hair": 0.7327548861503601, "Wavy_Hair": 0.00475549791008234, "Wearing_Earrings": 0.0008749539847485721, "Wearing_Hat": 0.0004689744673669338, "Wearing_Lipstick": 0.00032686241320334375, "Wearing_Necklace": 0.00026185254682786763, "Wearing_Necktie": 0.3569878041744232, "Young": 0.24084047973155975, "df_race": "white", "df_race_prob": 67.22656293073672, "df_gender": "Man", "df_gender_prob": 99.9971866607666, "df_age": 34, "df_emotion": "happy", "df_emotion_prob": 99.981027841568}