{"name": "Jody_Richards_0001.jpg", "5_o_Clock_Shadow": 0.004003668669611216, "Arched_Eyebrows": 0.0001368438679492101, "Attractive": 0.00468765664845705, "Bags_Under_Eyes": 0.17885930836200714, "Bald": 0.004911864176392555, "Bangs": 0.0007081077783368528, "Big_Lips": 0.006611132528632879, "Big_Nose": 0.18019546568393707, "Black_Hair": 0.02446075901389122, "Blond_Hair": 0.005123959854245186, "Blurry": 0.11527218669652939, "Brown_Hair": 0.05539592355489731, "Bushy_Eyebrows": 0.0010115711484104395, "Chubby": 0.12058521807193756, "Double_Chin": 0.16260260343551636, "Eyeglasses": 0.946212887763977, "Goatee": 0.0011413823813199997, "Gray_Hair": 0.23864129185676575, "Heavy_Makeup": 0.00019012087432201952, "High_Cheekbones": 0.13820116221904755, "Male": 0.9963181018829346, "Mouth_Slightly_Open": 0.009624621830880642, "Mustache": 0.0018525277264416218, "Narrow_Eyes": 0.1194438710808754, "No_Beard": 0.9927548766136169, "Oval_Face": 0.0984465703368187, "Pale_Skin": 0.026928696781396866, "Pointy_Nose": 0.00683869794011116, "Receding_Hairline": 0.027347339317202568, "Rosy_Cheeks": 0.00022489101684186608, "Sideburns": 0.0009719710214994848, "Smiling": 0.10618485510349274, "Straight_Hair": 0.803176760673523, "Wavy_Hair": 0.002608745126053691, "Wearing_Earrings": 0.0004683544102590531, "Wearing_Hat": 0.0008792748558335006, "Wearing_Lipstick": 0.00023465206322725862, "Wearing_Necklace": 0.0003203376545570791, "Wearing_Necktie": 0.8718191385269165, "Young": 0.006129549350589514, "df_race": "white", "df_race_prob": 65.17144441604614, "df_gender": "Man", "df_gender_prob": 99.87545013427734, "df_age": 49, "df_emotion": "sad", "df_emotion_prob": 45.38658261299133}