{"name": "Joe_Gatti_0002.jpg", "5_o_Clock_Shadow": 0.09123868495225906, "Arched_Eyebrows": 0.00890676025301218, "Attractive": 0.006049531977623701, "Bags_Under_Eyes": 0.11494673788547516, "Bald": 0.0012510331580415368, "Bangs": 0.0012284887488931417, "Big_Lips": 0.10185752063989639, "Big_Nose": 0.26514846086502075, "Black_Hair": 0.002669100183993578, "Blond_Hair": 0.09958425164222717, "Blurry": 0.1778746098279953, "Brown_Hair": 0.00950102973729372, "Bushy_Eyebrows": 0.0013208959717303514, "Chubby": 0.010214992798864841, "Double_Chin": 0.0028264042921364307, "Eyeglasses": 0.0015412142965942621, "Goatee": 0.0011545659508556128, "Gray_Hair": 0.01916719786822796, "Heavy_Makeup": 6.91998575348407e-05, "High_Cheekbones": 0.048270225524902344, "Male": 0.996675968170166, "Mouth_Slightly_Open": 0.6533066630363464, "Mustache": 0.0037071118131279945, "Narrow_Eyes": 0.06715678423643112, "No_Beard": 0.9132391810417175, "Oval_Face": 0.027350250631570816, "Pale_Skin": 0.0035683412570506334, "Pointy_Nose": 0.010850238613784313, "Receding_Hairline": 0.014727083034813404, "Rosy_Cheeks": 4.290278229746036e-05, "Sideburns": 0.001815292052924633, "Smiling": 0.00216879160143435, "Straight_Hair": 0.21951381862163544, "Wavy_Hair": 0.008622257970273495, "Wearing_Earrings": 0.0022973008453845978, "Wearing_Hat": 0.0003428117197472602, "Wearing_Lipstick": 0.00022152261226437986, "Wearing_Necklace": 0.003593071596696973, "Wearing_Necktie": 0.0016238264506682754, "Young": 0.8312065601348877, "df_race": "white", "df_race_prob": 36.96913123130798, "df_gender": "Man", "df_gender_prob": 99.91924166679382, "df_age": 28, "df_emotion": "sad", "df_emotion_prob": 55.17703294754028}