{"name": "Joe_Mantello_0002.jpg", "5_o_Clock_Shadow": 0.13676266372203827, "Arched_Eyebrows": 0.0169169120490551, "Attractive": 0.12417753785848618, "Bags_Under_Eyes": 0.747883677482605, "Bald": 0.0007607666775584221, "Bangs": 0.0005009694141335785, "Big_Lips": 0.034667253494262695, "Big_Nose": 0.29012420773506165, "Black_Hair": 0.002233048900961876, "Blond_Hair": 0.003392053535208106, "Blurry": 0.04448949173092842, "Brown_Hair": 0.25344979763031006, "Bushy_Eyebrows": 0.009873537346720695, "Chubby": 0.004006687551736832, "Double_Chin": 0.007961038500070572, "Eyeglasses": 0.0015894671669229865, "Goatee": 0.000382979866117239, "Gray_Hair": 0.005072847940027714, "Heavy_Makeup": 0.0001386488147545606, "High_Cheekbones": 0.1646924465894699, "Male": 0.9985324144363403, "Mouth_Slightly_Open": 0.0010097913909703493, "Mustache": 0.0010045910021290183, "Narrow_Eyes": 0.0010750055080279708, "No_Beard": 0.9785635471343994, "Oval_Face": 0.15254226326942444, "Pale_Skin": 0.005542697850614786, "Pointy_Nose": 0.1482989341020584, "Receding_Hairline": 0.03550102561712265, "Rosy_Cheeks": 2.1630687115248293e-05, "Sideburns": 0.0013073667651042342, "Smiling": 0.24014827609062195, "Straight_Hair": 0.1601959466934204, "Wavy_Hair": 0.0435212142765522, "Wearing_Earrings": 0.0006655110628344119, "Wearing_Hat": 0.0001751159579725936, "Wearing_Lipstick": 0.00048230626271106303, "Wearing_Necklace": 0.0008525349549017847, "Wearing_Necktie": 0.01181537564843893, "Young": 0.2924385368824005, "df_race": "white", "df_race_prob": 40.15271067619324, "df_gender": "Man", "df_gender_prob": 99.99858140945435, "df_age": 39, "df_emotion": "happy", "df_emotion_prob": 99.62692850117597}