{"name": "Joe_Lieberman_0006.jpg", "5_o_Clock_Shadow": 0.009342358447611332, "Arched_Eyebrows": 0.0011920018587261438, "Attractive": 0.008290085010230541, "Bags_Under_Eyes": 0.6326659321784973, "Bald": 0.3650054633617401, "Bangs": 0.000788675039075315, "Big_Lips": 0.008441898040473461, "Big_Nose": 0.4970870316028595, "Black_Hair": 0.0022417393047362566, "Blond_Hair": 0.021166319027543068, "Blurry": 0.11216368526220322, "Brown_Hair": 0.0012821058044210076, "Bushy_Eyebrows": 0.00027363892877474427, "Chubby": 0.20317162573337555, "Double_Chin": 0.2575061023235321, "Eyeglasses": 0.012474153190851212, "Goatee": 0.002718545962125063, "Gray_Hair": 0.8735272288322449, "Heavy_Makeup": 0.0001609033643035218, "High_Cheekbones": 0.7053139209747314, "Male": 0.9973760843276978, "Mouth_Slightly_Open": 0.9838904738426208, "Mustache": 0.0029709520749747753, "Narrow_Eyes": 0.9259016513824463, "No_Beard": 0.9808316826820374, "Oval_Face": 0.3712635338306427, "Pale_Skin": 0.024509238079190254, "Pointy_Nose": 0.011015836149454117, "Receding_Hairline": 0.8752744793891907, "Rosy_Cheeks": 0.0007772500975988805, "Sideburns": 0.003179127350449562, "Smiling": 0.9914343357086182, "Straight_Hair": 0.1203165128827095, "Wavy_Hair": 0.004830576479434967, "Wearing_Earrings": 0.000909732305444777, "Wearing_Hat": 0.00019542244262993336, "Wearing_Lipstick": 0.00020736915757879615, "Wearing_Necklace": 0.0006544290226884186, "Wearing_Necktie": 0.6895145177841187, "Young": 0.013041132129728794, "df_race": "latino hispanic", "df_race_prob": 24.765615193174458, "df_gender": "Man", "df_gender_prob": 99.74945783615112, "df_age": 37, "df_emotion": "happy", "df_emotion_prob": 99.1280734539032}