{"name": "Joe_Lieberman_0001.jpg", "5_o_Clock_Shadow": 0.018590817227959633, "Arched_Eyebrows": 0.0009262612438760698, "Attractive": 0.005965399090200663, "Bags_Under_Eyes": 0.5499913096427917, "Bald": 0.23763132095336914, "Bangs": 0.0007086168043315411, "Big_Lips": 0.008738148957490921, "Big_Nose": 0.41403666138648987, "Black_Hair": 0.0012396471574902534, "Blond_Hair": 0.021131854504346848, "Blurry": 0.23737187683582306, "Brown_Hair": 0.0012621886562556028, "Bushy_Eyebrows": 0.0001162814733106643, "Chubby": 0.20618458092212677, "Double_Chin": 0.2952711880207062, "Eyeglasses": 0.008863907307386398, "Goatee": 0.005758269689977169, "Gray_Hair": 0.8844133019447327, "Heavy_Makeup": 0.00016934904851950705, "High_Cheekbones": 0.12090525776147842, "Male": 0.99631267786026, "Mouth_Slightly_Open": 0.02184487320482731, "Mustache": 0.002945584012195468, "Narrow_Eyes": 0.6035038232803345, "No_Beard": 0.9477487802505493, "Oval_Face": 0.18114127218723297, "Pale_Skin": 0.06872525066137314, "Pointy_Nose": 0.012931132689118385, "Receding_Hairline": 0.832726001739502, "Rosy_Cheeks": 0.00024892808869481087, "Sideburns": 0.00626903772354126, "Smiling": 0.4959203600883484, "Straight_Hair": 0.0903400331735611, "Wavy_Hair": 0.0061185057274997234, "Wearing_Earrings": 0.0008014456834644079, "Wearing_Hat": 0.0005673221894539893, "Wearing_Lipstick": 0.00020451431919354945, "Wearing_Necklace": 0.0005794995813630521, "Wearing_Necktie": 0.7641936540603638, "Young": 0.011683205142617226, "df_race": "white", "df_race_prob": 63.90409469604492, "df_gender": "Man", "df_gender_prob": 99.36167001724243, "df_age": 55, "df_emotion": "happy", "df_emotion_prob": 97.00955152511597}