{"name": "Joe_Lieberman_0008.jpg", "5_o_Clock_Shadow": 0.025317324325442314, "Arched_Eyebrows": 0.00238837581127882, "Attractive": 0.01228252798318863, "Bags_Under_Eyes": 0.6310940980911255, "Bald": 0.1524794101715088, "Bangs": 0.0007160200621001422, "Big_Lips": 0.009439441375434399, "Big_Nose": 0.2821428179740906, "Black_Hair": 0.0008560324204154313, "Blond_Hair": 0.08298957347869873, "Blurry": 0.3551831841468811, "Brown_Hair": 0.0015380379045382142, "Bushy_Eyebrows": 0.00011335310409776866, "Chubby": 0.13894939422607422, "Double_Chin": 0.14249850809574127, "Eyeglasses": 0.0027638159226626158, "Goatee": 0.0016252656932920218, "Gray_Hair": 0.7356234192848206, "Heavy_Makeup": 0.00015816603263374418, "High_Cheekbones": 0.40098837018013, "Male": 0.991547167301178, "Mouth_Slightly_Open": 0.3202127516269684, "Mustache": 0.0009102837066166103, "Narrow_Eyes": 0.6198322176933289, "No_Beard": 0.9607512950897217, "Oval_Face": 0.3073979914188385, "Pale_Skin": 0.04575742781162262, "Pointy_Nose": 0.029121190309524536, "Receding_Hairline": 0.6615220904350281, "Rosy_Cheeks": 0.00014002007083036005, "Sideburns": 0.004256373271346092, "Smiling": 0.944693922996521, "Straight_Hair": 0.09990949928760529, "Wavy_Hair": 0.004397271201014519, "Wearing_Earrings": 0.0019992238376289606, "Wearing_Hat": 0.00027826830046251416, "Wearing_Lipstick": 0.00027918352861888707, "Wearing_Necklace": 0.0019798479042947292, "Wearing_Necktie": 0.012000609189271927, "Young": 0.032152529805898666, "df_race": "white", "df_race_prob": 56.25295042991638, "df_gender": "Man", "df_gender_prob": 99.4633674621582, "df_age": 41, "df_emotion": "happy", "df_emotion_prob": 92.3610875176087}