{"name": "Joe_Lieberman_0010.jpg", "5_o_Clock_Shadow": 0.0117036709561944, "Arched_Eyebrows": 0.0003972990671172738, "Attractive": 0.007545927073806524, "Bags_Under_Eyes": 0.45037364959716797, "Bald": 0.16702038049697876, "Bangs": 0.00022974031162448227, "Big_Lips": 0.005615604110062122, "Big_Nose": 0.08013571053743362, "Black_Hair": 0.0016642301343381405, "Blond_Hair": 0.026022600010037422, "Blurry": 0.02287961356341839, "Brown_Hair": 0.0006866594776511192, "Bushy_Eyebrows": 5.352265725377947e-05, "Chubby": 0.03509483486413956, "Double_Chin": 0.03803440183401108, "Eyeglasses": 0.0028453804552555084, "Goatee": 0.004752438515424728, "Gray_Hair": 0.8307415246963501, "Heavy_Makeup": 0.0001675848034210503, "High_Cheekbones": 0.06510709226131439, "Male": 0.9980403780937195, "Mouth_Slightly_Open": 0.7782428860664368, "Mustache": 0.002792763989418745, "Narrow_Eyes": 0.1590341180562973, "No_Beard": 0.9455905556678772, "Oval_Face": 0.1533745676279068, "Pale_Skin": 0.02947438880801201, "Pointy_Nose": 0.028275582939386368, "Receding_Hairline": 0.8900684118270874, "Rosy_Cheeks": 0.00014548197214026004, "Sideburns": 0.007110482081770897, "Smiling": 0.025350360199809074, "Straight_Hair": 0.13409477472305298, "Wavy_Hair": 0.0028590993024408817, "Wearing_Earrings": 0.0009900701697915792, "Wearing_Hat": 0.00015194810112006962, "Wearing_Lipstick": 0.0002344427484786138, "Wearing_Necklace": 0.0003381125279702246, "Wearing_Necktie": 0.3020372688770294, "Young": 0.02001919224858284, "df_race": "white", "df_race_prob": 55.43448328971863, "df_gender": "Man", "df_gender_prob": 99.97368454933167, "df_age": 39, "df_emotion": "sad", "df_emotion_prob": 99.8956561088562}