{"name": "Joerg_Haider_0002.jpg", "5_o_Clock_Shadow": 0.02250858023762703, "Arched_Eyebrows": 0.03780205920338631, "Attractive": 0.06476700305938721, "Bags_Under_Eyes": 0.10340333729982376, "Bald": 0.0029127858579158783, "Bangs": 0.00010476082388777286, "Big_Lips": 0.0016520307399332523, "Big_Nose": 0.050631146878004074, "Black_Hair": 0.0030872239731252193, "Blond_Hair": 0.019654732197523117, "Blurry": 0.04055049642920494, "Brown_Hair": 0.016968335956335068, "Bushy_Eyebrows": 0.001259870477952063, "Chubby": 0.005239818245172501, "Double_Chin": 0.017034415155649185, "Eyeglasses": 0.0008293003193102777, "Goatee": 0.00037027537473477423, "Gray_Hair": 0.39001333713531494, "Heavy_Makeup": 0.00018620587070472538, "High_Cheekbones": 0.03125612810254097, "Male": 0.9996190071105957, "Mouth_Slightly_Open": 0.8373092412948608, "Mustache": 0.0007231729687191546, "Narrow_Eyes": 0.012613928876817226, "No_Beard": 0.9890397787094116, "Oval_Face": 0.16928386688232422, "Pale_Skin": 0.01336402166634798, "Pointy_Nose": 0.10373353213071823, "Receding_Hairline": 0.1537291407585144, "Rosy_Cheeks": 0.0003751759941224009, "Sideburns": 0.000531317142304033, "Smiling": 0.067706398665905, "Straight_Hair": 0.6071895360946655, "Wavy_Hair": 0.0027189452666789293, "Wearing_Earrings": 0.0007837083539925516, "Wearing_Hat": 0.00015947839710861444, "Wearing_Lipstick": 0.00014486459258478135, "Wearing_Necklace": 0.00020730729738716036, "Wearing_Necktie": 0.46281173825263977, "Young": 0.06605333834886551, "df_race": "latino hispanic", "df_race_prob": 40.82590748954922, "df_gender": "Man", "df_gender_prob": 99.99240636825562, "df_age": 28, "df_emotion": "neutral", "df_emotion_prob": 98.78222360822873}