{"name": "John_Negroponte_0022.jpg", "5_o_Clock_Shadow": 0.00912636611610651, "Arched_Eyebrows": 0.006384617183357477, "Attractive": 0.01923767663538456, "Bags_Under_Eyes": 0.26239749789237976, "Bald": 0.7019973397254944, "Bangs": 0.0018536654533818364, "Big_Lips": 0.0217549130320549, "Big_Nose": 0.02344156615436077, "Black_Hair": 0.0011108450125902891, "Blond_Hair": 0.011146951466798782, "Blurry": 0.019704662263393402, "Brown_Hair": 0.0018568184459581971, "Bushy_Eyebrows": 0.000512272585183382, "Chubby": 0.036629337817430496, "Double_Chin": 0.01923709362745285, "Eyeglasses": 0.0028118465561419725, "Goatee": 0.00141379504930228, "Gray_Hair": 0.3296264410018921, "Heavy_Makeup": 0.0006046119960956275, "High_Cheekbones": 0.008469807915389538, "Male": 0.9990664124488831, "Mouth_Slightly_Open": 0.02320798486471176, "Mustache": 0.001184100634418428, "Narrow_Eyes": 0.0034793829545378685, "No_Beard": 0.9907983541488647, "Oval_Face": 0.4957682490348816, "Pale_Skin": 0.02369537390768528, "Pointy_Nose": 0.36150670051574707, "Receding_Hairline": 0.16703514754772186, "Rosy_Cheeks": 8.980034908745438e-05, "Sideburns": 0.002521022455766797, "Smiling": 0.0008460765238851309, "Straight_Hair": 0.013605309650301933, "Wavy_Hair": 0.002950064605101943, "Wearing_Earrings": 0.0007906551472842693, "Wearing_Hat": 0.0007412875420413911, "Wearing_Lipstick": 0.001204900210723281, "Wearing_Necklace": 0.0003761920379474759, "Wearing_Necktie": 0.7963569760322571, "Young": 0.042119093239307404, "df_race": "white", "df_race_prob": 60.45955419540405, "df_gender": "Man", "df_gender_prob": 99.99420642852783, "df_age": 48, "df_emotion": "sad", "df_emotion_prob": 49.70825019976494}