{"name": "Johnny_Depp_0001.jpg", "5_o_Clock_Shadow": 0.020573969930410385, "Arched_Eyebrows": 0.0030274763703346252, "Attractive": 0.05968436598777771, "Bags_Under_Eyes": 0.020345354452729225, "Bald": 0.00046402591397054493, "Bangs": 0.002478637034073472, "Big_Lips": 0.06424308568239212, "Big_Nose": 0.0615435466170311, "Black_Hair": 0.0026183794252574444, "Blond_Hair": 0.005837608128786087, "Blurry": 0.1633615493774414, "Brown_Hair": 0.023933155462145805, "Bushy_Eyebrows": 0.0029758205637335777, "Chubby": 0.006622744724154472, "Double_Chin": 0.000563554756809026, "Eyeglasses": 0.0005835818592458963, "Goatee": 0.14215582609176636, "Gray_Hair": 0.000541276705916971, "Heavy_Makeup": 0.0012367848539724946, "High_Cheekbones": 0.013395103625953197, "Male": 0.8849590420722961, "Mouth_Slightly_Open": 0.12327472120523453, "Mustache": 0.20001229643821716, "Narrow_Eyes": 0.005291459150612354, "No_Beard": 0.10096749663352966, "Oval_Face": 0.05649087205529213, "Pale_Skin": 0.003239559708163142, "Pointy_Nose": 0.0467514805495739, "Receding_Hairline": 0.002007734030485153, "Rosy_Cheeks": 0.00011494936916278675, "Sideburns": 0.17877058684825897, "Smiling": 0.004040104802697897, "Straight_Hair": 0.0013356914278119802, "Wavy_Hair": 0.16132719814777374, "Wearing_Earrings": 0.060295701026916504, "Wearing_Hat": 0.9374507069587708, "Wearing_Lipstick": 0.002803074661642313, "Wearing_Necklace": 0.0667649358510971, "Wearing_Necktie": 0.0005548106273636222, "Young": 0.8159160017967224, "df_race": "black", "df_race_prob": 42.8148627281189, "df_gender": "Man", "df_gender_prob": 99.22277331352234, "df_age": 34, "df_emotion": "fear", "df_emotion_prob": 87.09121346473694}