{"name": "John_Edwards_0004.jpg", "5_o_Clock_Shadow": 0.026592809706926346, "Arched_Eyebrows": 0.0016130574513226748, "Attractive": 0.017337074503302574, "Bags_Under_Eyes": 0.020731018856167793, "Bald": 0.002351980423554778, "Bangs": 0.021716633811593056, "Big_Lips": 0.06371944397687912, "Big_Nose": 0.004859386011958122, "Black_Hair": 0.0012414178345352411, "Blond_Hair": 0.14843089878559113, "Blurry": 0.20018920302391052, "Brown_Hair": 0.015587094239890575, "Bushy_Eyebrows": 0.00020290394604671746, "Chubby": 0.011683892458677292, "Double_Chin": 0.008944710716605186, "Eyeglasses": 0.003858681535348296, "Goatee": 0.0011846405686810613, "Gray_Hair": 0.07812793552875519, "Heavy_Makeup": 0.0003083460032939911, "High_Cheekbones": 0.010397176258265972, "Male": 0.9952581524848938, "Mouth_Slightly_Open": 0.9688549637794495, "Mustache": 0.001043367083184421, "Narrow_Eyes": 0.13587099313735962, "No_Beard": 0.9878811836242676, "Oval_Face": 0.08079803735017776, "Pale_Skin": 0.04000929370522499, "Pointy_Nose": 0.06583482027053833, "Receding_Hairline": 0.005211683921515942, "Rosy_Cheeks": 5.921548654441722e-05, "Sideburns": 0.002591922413557768, "Smiling": 0.004430482629686594, "Straight_Hair": 0.5866702795028687, "Wavy_Hair": 0.004137166775763035, "Wearing_Earrings": 0.0028815465047955513, "Wearing_Hat": 0.0004717545525636524, "Wearing_Lipstick": 0.000702457211446017, "Wearing_Necklace": 0.0037630090955644846, "Wearing_Necktie": 0.03405937924981117, "Young": 0.34743085503578186, "df_race": "white", "df_race_prob": 96.16487003355444, "df_gender": "Man", "df_gender_prob": 99.85488057136536, "df_age": 33, "df_emotion": "angry", "df_emotion_prob": 47.617924213409424}