{"name": "Johnnie_Lynn_0001.jpg", "5_o_Clock_Shadow": 0.16501988470554352, "Arched_Eyebrows": 0.012959378771483898, "Attractive": 0.00241069751791656, "Bags_Under_Eyes": 0.304665207862854, "Bald": 0.6118122935295105, "Bangs": 0.0010936397593468428, "Big_Lips": 0.3377097249031067, "Big_Nose": 0.6854166388511658, "Black_Hair": 0.014620031230151653, "Blond_Hair": 0.004026539623737335, "Blurry": 0.1326982080936432, "Brown_Hair": 0.00044277592678554356, "Bushy_Eyebrows": 0.004509150516241789, "Chubby": 0.5944690704345703, "Double_Chin": 0.2631935477256775, "Eyeglasses": 0.0213705413043499, "Goatee": 0.058558106422424316, "Gray_Hair": 0.013320288620889187, "Heavy_Makeup": 6.757735536666587e-05, "High_Cheekbones": 0.8520408272743225, "Male": 0.9973496198654175, "Mouth_Slightly_Open": 0.9946335554122925, "Mustache": 0.028963658958673477, "Narrow_Eyes": 0.7658256888389587, "No_Beard": 0.2757839262485504, "Oval_Face": 0.4724297523498535, "Pale_Skin": 0.008771472610533237, "Pointy_Nose": 0.0015405128942802548, "Receding_Hairline": 0.24407674372196198, "Rosy_Cheeks": 1.8175504010287113e-05, "Sideburns": 0.01713433861732483, "Smiling": 0.9728015661239624, "Straight_Hair": 0.004056314006447792, "Wavy_Hair": 0.001338393078185618, "Wearing_Earrings": 0.018107498064637184, "Wearing_Hat": 0.001342092757113278, "Wearing_Lipstick": 9.70265464275144e-05, "Wearing_Necklace": 0.0033005881123244762, "Wearing_Necktie": 0.01231780182570219, "Young": 0.42781510949134827, "df_race": "black", "df_race_prob": 100.0, "df_gender": "Man", "df_gender_prob": 99.9494194984436, "df_age": 26, "df_emotion": "happy", "df_emotion_prob": 84.9130630493164}