{"name": "John_Richardson_0001.jpg", "5_o_Clock_Shadow": 0.08125977218151093, "Arched_Eyebrows": 0.004706712439656258, "Attractive": 0.011224369518458843, "Bags_Under_Eyes": 0.03425629809498787, "Bald": 0.028187451884150505, "Bangs": 0.0006286515854299068, "Big_Lips": 0.01009553112089634, "Big_Nose": 0.03575900197029114, "Black_Hair": 0.004152653738856316, "Blond_Hair": 0.003009270178154111, "Blurry": 0.6056976914405823, "Brown_Hair": 0.015666134655475616, "Bushy_Eyebrows": 0.004490741528570652, "Chubby": 0.23617826402187347, "Double_Chin": 0.03340078517794609, "Eyeglasses": 0.008514344692230225, "Goatee": 0.0009442141163162887, "Gray_Hair": 0.0326075553894043, "Heavy_Makeup": 0.0001843994396040216, "High_Cheekbones": 0.005327051039785147, "Male": 0.9990643858909607, "Mouth_Slightly_Open": 0.0027342999819666147, "Mustache": 0.0050892760045826435, "Narrow_Eyes": 0.22938601672649384, "No_Beard": 0.8720895051956177, "Oval_Face": 0.25284022092819214, "Pale_Skin": 0.11465694010257721, "Pointy_Nose": 0.07281020283699036, "Receding_Hairline": 0.2540324926376343, "Rosy_Cheeks": 7.39425013307482e-05, "Sideburns": 0.0037527638487517834, "Smiling": 0.002557427389547229, "Straight_Hair": 0.03348621353507042, "Wavy_Hair": 0.012674093246459961, "Wearing_Earrings": 0.0004671191272791475, "Wearing_Hat": 0.0004456294409465045, "Wearing_Lipstick": 0.00019818761211354285, "Wearing_Necklace": 0.0005075833178125322, "Wearing_Necktie": 0.11822924762964249, "Young": 0.1188599020242691, "df_race": "white", "df_race_prob": 94.78904604911804, "df_gender": "Man", "df_gender_prob": 99.99895095825195, "df_age": 28, "df_emotion": "sad", "df_emotion_prob": 66.2457922843571}