{"name": "John_Connolly_0001.jpg", "5_o_Clock_Shadow": 0.003532109782099724, "Arched_Eyebrows": 0.009980102069675922, "Attractive": 0.0019115700852125883, "Bags_Under_Eyes": 0.4574665427207947, "Bald": 0.030333230271935463, "Bangs": 0.0004545691190287471, "Big_Lips": 0.006074846722185612, "Big_Nose": 0.7769520282745361, "Black_Hair": 0.009550315327942371, "Blond_Hair": 0.007293367758393288, "Blurry": 0.06007261946797371, "Brown_Hair": 0.005975754000246525, "Bushy_Eyebrows": 0.00837039016187191, "Chubby": 0.9470528960227966, "Double_Chin": 0.784612238407135, "Eyeglasses": 0.012502732686698437, "Goatee": 0.00044530813465826213, "Gray_Hair": 0.6513959765434265, "Heavy_Makeup": 0.0004526820557657629, "High_Cheekbones": 0.6662188172340393, "Male": 0.9924123883247375, "Mouth_Slightly_Open": 0.006211011670529842, "Mustache": 0.0013876811135560274, "Narrow_Eyes": 0.027371130883693695, "No_Beard": 0.9915518760681152, "Oval_Face": 0.10617979615926743, "Pale_Skin": 0.06554517149925232, "Pointy_Nose": 0.002046837005764246, "Receding_Hairline": 0.8053786158561707, "Rosy_Cheeks": 0.000741332012694329, "Sideburns": 0.0009580370970070362, "Smiling": 0.22972442209720612, "Straight_Hair": 0.08168519288301468, "Wavy_Hair": 0.023207250982522964, "Wearing_Earrings": 0.0011387565173208714, "Wearing_Hat": 0.00013663382560480386, "Wearing_Lipstick": 0.0007037712493911386, "Wearing_Necklace": 0.0014724398497492075, "Wearing_Necktie": 0.013143060728907585, "Young": 0.020932450890541077, "df_race": "white", "df_race_prob": 45.42560279369354, "df_gender": "Man", "df_gender_prob": 99.81942772865295, "df_age": 54, "df_emotion": "sad", "df_emotion_prob": 50.13811589933823}