{"name": "Johnson_Panjaitan_0002.jpg", "5_o_Clock_Shadow": 0.024289488792419434, "Arched_Eyebrows": 0.13545580208301544, "Attractive": 0.008410590700805187, "Bags_Under_Eyes": 0.08502795547246933, "Bald": 0.0053122201934456825, "Bangs": 0.0005519649712368846, "Big_Lips": 0.010513716377317905, "Big_Nose": 0.2509365677833557, "Black_Hair": 0.2909507751464844, "Blond_Hair": 0.002309877425432205, "Blurry": 0.22113221883773804, "Brown_Hair": 0.004549010656774044, "Bushy_Eyebrows": 0.01895185559988022, "Chubby": 0.2567470967769623, "Double_Chin": 0.11288923770189285, "Eyeglasses": 0.002932683564722538, "Goatee": 0.003687398973852396, "Gray_Hair": 0.018115535378456116, "Heavy_Makeup": 0.00020860604126937687, "High_Cheekbones": 0.10286495834589005, "Male": 0.9989774227142334, "Mouth_Slightly_Open": 0.01267698872834444, "Mustache": 0.45941391587257385, "Narrow_Eyes": 0.05605149269104004, "No_Beard": 0.27011600136756897, "Oval_Face": 0.3020549416542053, "Pale_Skin": 0.014580736868083477, "Pointy_Nose": 0.0030148718506097794, "Receding_Hairline": 0.054184604436159134, "Rosy_Cheeks": 0.00028379110153764486, "Sideburns": 0.001254763570614159, "Smiling": 0.03659366816282272, "Straight_Hair": 0.42713662981987, "Wavy_Hair": 0.004421263001859188, "Wearing_Earrings": 0.0019539878703653812, "Wearing_Hat": 0.0006476012640632689, "Wearing_Lipstick": 0.0002855854691006243, "Wearing_Necklace": 0.00041618154500611126, "Wearing_Necktie": 0.8647853136062622, "Young": 0.11805667728185654, "df_race": "asian", "df_race_prob": 58.82296562194824, "df_gender": "Man", "df_gender_prob": 99.9605119228363, "df_age": 30, "df_emotion": "happy", "df_emotion_prob": 95.80120419271017}