{"name": "John_Burnett_0001.jpg", "5_o_Clock_Shadow": 0.051171690225601196, "Arched_Eyebrows": 0.0007894603768363595, "Attractive": 0.0070802755653858185, "Bags_Under_Eyes": 0.38295724987983704, "Bald": 0.0022584456019103527, "Bangs": 0.003883668687194586, "Big_Lips": 0.03621106967329979, "Big_Nose": 0.31580445170402527, "Black_Hair": 0.012597066350281239, "Blond_Hair": 0.002063288353383541, "Blurry": 0.32324346899986267, "Brown_Hair": 0.023873263970017433, "Bushy_Eyebrows": 0.005738051142543554, "Chubby": 0.18556635081768036, "Double_Chin": 0.13918478786945343, "Eyeglasses": 0.005445118062198162, "Goatee": 0.0024418821558356285, "Gray_Hair": 0.17927543818950653, "Heavy_Makeup": 0.00011455053754616529, "High_Cheekbones": 0.030459575355052948, "Male": 0.9975205063819885, "Mouth_Slightly_Open": 0.018498430028557777, "Mustache": 0.004258406348526478, "Narrow_Eyes": 0.7087081074714661, "No_Beard": 0.9434370398521423, "Oval_Face": 0.06502271443605423, "Pale_Skin": 0.024405701085925102, "Pointy_Nose": 0.048270463943481445, "Receding_Hairline": 0.0008780984790064394, "Rosy_Cheeks": 0.00027348558069206774, "Sideburns": 0.006542964372783899, "Smiling": 0.02656424045562744, "Straight_Hair": 0.8569090962409973, "Wavy_Hair": 0.009917612187564373, "Wearing_Earrings": 0.0007669129990972579, "Wearing_Hat": 0.0022303741425275803, "Wearing_Lipstick": 0.0001331400271737948, "Wearing_Necklace": 0.0003421020810492337, "Wearing_Necktie": 0.1471260040998459, "Young": 0.008818316273391247, "df_race": "white", "df_race_prob": 42.69779622554779, "df_gender": "Man", "df_gender_prob": 99.99772310256958, "df_age": 28, "df_emotion": "fear", "df_emotion_prob": 82.54579901695251}