{"name": "John_Allen_Muhammad_0002.jpg", "5_o_Clock_Shadow": 0.2117132693529129, "Arched_Eyebrows": 0.0006159592303447425, "Attractive": 0.00855084415525198, "Bags_Under_Eyes": 0.04841233789920807, "Bald": 0.0005833691102452576, "Bangs": 0.0010676708770915866, "Big_Lips": 0.16312342882156372, "Big_Nose": 0.40963679552078247, "Black_Hair": 0.2864534854888916, "Blond_Hair": 0.0015578046441078186, "Blurry": 0.5391366481781006, "Brown_Hair": 0.008230841718614101, "Bushy_Eyebrows": 0.003765333676710725, "Chubby": 0.018755314871668816, "Double_Chin": 0.002813713625073433, "Eyeglasses": 0.003630124730989337, "Goatee": 0.020680587738752365, "Gray_Hair": 0.0028949205297976732, "Heavy_Makeup": 7.471900607924908e-05, "High_Cheekbones": 0.038775160908699036, "Male": 0.9974663257598877, "Mouth_Slightly_Open": 0.006001085974276066, "Mustache": 0.1156623363494873, "Narrow_Eyes": 0.009927214123308659, "No_Beard": 0.37586116790771484, "Oval_Face": 0.056528281420469284, "Pale_Skin": 0.003105767536908388, "Pointy_Nose": 0.005367507226765156, "Receding_Hairline": 0.10828141868114471, "Rosy_Cheeks": 2.135492832167074e-05, "Sideburns": 0.009379385970532894, "Smiling": 0.0007177633233368397, "Straight_Hair": 0.02421358786523342, "Wavy_Hair": 0.058524176478385925, "Wearing_Earrings": 0.0017364134546369314, "Wearing_Hat": 0.0006415717070922256, "Wearing_Lipstick": 0.00015766144497320056, "Wearing_Necklace": 0.002479556715115905, "Wearing_Necktie": 0.0018614809960126877, "Young": 0.4318486452102661, "df_race": "black", "df_race_prob": 100.0, "df_gender": "Man", "df_gender_prob": 99.99746084213257, "df_age": 26, "df_emotion": "sad", "df_emotion_prob": 41.176316142082214}