{"name": "John_Ashcroft_0028.jpg", "5_o_Clock_Shadow": 0.02355116792023182, "Arched_Eyebrows": 0.001293017528951168, "Attractive": 0.0029360626358538866, "Bags_Under_Eyes": 0.7881803512573242, "Bald": 0.004230291582643986, "Bangs": 0.0015115004498511553, "Big_Lips": 0.011434799060225487, "Big_Nose": 0.590522050857544, "Black_Hair": 0.0017371284775435925, "Blond_Hair": 0.0332542322576046, "Blurry": 0.11822749674320221, "Brown_Hair": 0.0013474507723003626, "Bushy_Eyebrows": 0.0003256288473494351, "Chubby": 0.1670244187116623, "Double_Chin": 0.11433891206979752, "Eyeglasses": 0.0026621948927640915, "Goatee": 0.0009670080617070198, "Gray_Hair": 0.8807815909385681, "Heavy_Makeup": 6.794379441998899e-05, "High_Cheekbones": 0.1793261617422104, "Male": 0.9986445307731628, "Mouth_Slightly_Open": 0.725820004940033, "Mustache": 0.0033604041673243046, "Narrow_Eyes": 0.01121188048273325, "No_Beard": 0.9736995697021484, "Oval_Face": 0.15334488451480865, "Pale_Skin": 0.037034131586551666, "Pointy_Nose": 0.014169101603329182, "Receding_Hairline": 0.04546301066875458, "Rosy_Cheeks": 9.697927453089505e-05, "Sideburns": 0.004916070494800806, "Smiling": 0.061535630375146866, "Straight_Hair": 0.7186239361763, "Wavy_Hair": 0.002197104739025235, "Wearing_Earrings": 0.0005488882306963205, "Wearing_Hat": 0.0008647091453894973, "Wearing_Lipstick": 7.981292583281174e-05, "Wearing_Necklace": 0.00024767807917669415, "Wearing_Necktie": 0.6572139859199524, "Young": 0.005395927932113409, "df_race": "latino hispanic", "df_race_prob": 28.192090607632327, "df_gender": "Man", "df_gender_prob": 99.86215829849243, "df_age": 59, "df_emotion": "happy", "df_emotion_prob": 52.2083580493927}