{"name": "John_Snow_0016.jpg", "5_o_Clock_Shadow": 0.003151331329718232, "Arched_Eyebrows": 0.00015243380039464682, "Attractive": 0.005006762687116861, "Bags_Under_Eyes": 0.24968485534191132, "Bald": 0.8730688691139221, "Bangs": 0.001628980739042163, "Big_Lips": 0.019962990656495094, "Big_Nose": 0.12236222624778748, "Black_Hair": 0.000951847992837429, "Blond_Hair": 0.00934400875121355, "Blurry": 0.027217911556363106, "Brown_Hair": 0.0008141956059262156, "Bushy_Eyebrows": 0.00018684702808968723, "Chubby": 0.1756308227777481, "Double_Chin": 0.22785545885562897, "Eyeglasses": 0.012171356938779354, "Goatee": 0.0022254369687289, "Gray_Hair": 0.5156542658805847, "Heavy_Makeup": 0.0002451375185046345, "High_Cheekbones": 0.0211508646607399, "Male": 0.9982680082321167, "Mouth_Slightly_Open": 0.4480985701084137, "Mustache": 0.0036626572255045176, "Narrow_Eyes": 0.24134650826454163, "No_Beard": 0.9900996088981628, "Oval_Face": 0.1290733814239502, "Pale_Skin": 0.05277485400438309, "Pointy_Nose": 0.031124280765652657, "Receding_Hairline": 0.17212693393230438, "Rosy_Cheeks": 0.0001239389239344746, "Sideburns": 0.002094746334478259, "Smiling": 0.006333265919238329, "Straight_Hair": 0.012335001491010189, "Wavy_Hair": 0.0010856360895559192, "Wearing_Earrings": 0.0012252243468537927, "Wearing_Hat": 0.0016079420456662774, "Wearing_Lipstick": 0.000509097590111196, "Wearing_Necklace": 0.0003686354903038591, "Wearing_Necktie": 0.5870441794395447, "Young": 0.014081325381994247, "df_race": "white", "df_race_prob": 51.4293909072876, "df_gender": "Man", "df_gender_prob": 99.94773268699646, "df_age": 48, "df_emotion": "angry", "df_emotion_prob": 72.74177074432373}