{"name": "John_Cusack_0001.jpg", "5_o_Clock_Shadow": 0.05676760524511337, "Arched_Eyebrows": 0.0010441695339977741, "Attractive": 0.032428402453660965, "Bags_Under_Eyes": 0.2935800850391388, "Bald": 0.000800760870333761, "Bangs": 0.0002645451168064028, "Big_Lips": 0.013111438602209091, "Big_Nose": 0.07114467769861221, "Black_Hair": 0.0033919604029506445, "Blond_Hair": 0.009104624390602112, "Blurry": 0.13836809992790222, "Brown_Hair": 0.3416246473789215, "Bushy_Eyebrows": 0.0015363366110250354, "Chubby": 0.009561579674482346, "Double_Chin": 0.004938434809446335, "Eyeglasses": 0.000824536313302815, "Goatee": 0.0013166030403226614, "Gray_Hair": 0.010775617323815823, "Heavy_Makeup": 4.508636993705295e-05, "High_Cheekbones": 0.0599222294986248, "Male": 0.9973559379577637, "Mouth_Slightly_Open": 0.9743635058403015, "Mustache": 0.002120404038578272, "Narrow_Eyes": 0.41980427503585815, "No_Beard": 0.9599102735519409, "Oval_Face": 0.039695627987384796, "Pale_Skin": 0.010112514719367027, "Pointy_Nose": 0.039980512112379074, "Receding_Hairline": 0.06835177540779114, "Rosy_Cheeks": 4.156696013524197e-05, "Sideburns": 0.0013457636814564466, "Smiling": 0.21935200691223145, "Straight_Hair": 0.1019732877612114, "Wavy_Hair": 0.07025459408760071, "Wearing_Earrings": 0.000659173121675849, "Wearing_Hat": 0.00032255364931188524, "Wearing_Lipstick": 5.089856858830899e-05, "Wearing_Necklace": 0.0005125055322423577, "Wearing_Necktie": 0.00925336591899395, "Young": 0.38639700412750244, "df_race": "asian", "df_race_prob": 74.45805973314526, "df_gender": "Man", "df_gender_prob": 99.99758005142212, "df_age": 43, "df_emotion": "angry", "df_emotion_prob": 41.59865379333496}