{"name": "John_Ashcroft_0013.jpg", "5_o_Clock_Shadow": 0.020349932834506035, "Arched_Eyebrows": 0.0012118460144847631, "Attractive": 0.011895176954567432, "Bags_Under_Eyes": 0.34585753083229065, "Bald": 0.0013134103501215577, "Bangs": 0.0008180037257261574, "Big_Lips": 0.008244394324719906, "Big_Nose": 0.22107858955860138, "Black_Hair": 0.00698701199144125, "Blond_Hair": 0.007538706064224243, "Blurry": 0.07080753892660141, "Brown_Hair": 0.022512415423989296, "Bushy_Eyebrows": 0.002079182071611285, "Chubby": 0.11238518357276917, "Double_Chin": 0.05042974650859833, "Eyeglasses": 0.0017053433693945408, "Goatee": 0.0013710531638935208, "Gray_Hair": 0.4059174060821533, "Heavy_Makeup": 0.0002560718567110598, "High_Cheekbones": 0.026199840009212494, "Male": 0.9975147247314453, "Mouth_Slightly_Open": 0.0125329764559865, "Mustache": 0.002115877578034997, "Narrow_Eyes": 0.24034181237220764, "No_Beard": 0.9826215505599976, "Oval_Face": 0.08040247857570648, "Pale_Skin": 0.04225829988718033, "Pointy_Nose": 0.03987378254532814, "Receding_Hairline": 0.006873799487948418, "Rosy_Cheeks": 0.00023277603031601757, "Sideburns": 0.0023093477357178926, "Smiling": 0.006035733036696911, "Straight_Hair": 0.7981461882591248, "Wavy_Hair": 0.004416941665112972, "Wearing_Earrings": 0.0005979753914289176, "Wearing_Hat": 0.0009026203770190477, "Wearing_Lipstick": 0.00013762208982370794, "Wearing_Necklace": 0.0001846212981035933, "Wearing_Necktie": 0.6740053296089172, "Young": 0.010492219589650631, "df_race": "white", "df_race_prob": 44.47404444217682, "df_gender": "Man", "df_gender_prob": 99.86072182655334, "df_age": 31, "df_emotion": "sad", "df_emotion_prob": 59.613950206512236}