{"name": "John_Perrota_0001.jpg", "5_o_Clock_Shadow": 0.006077657453715801, "Arched_Eyebrows": 0.0018682628870010376, "Attractive": 0.006635094992816448, "Bags_Under_Eyes": 0.1462298035621643, "Bald": 0.07147198915481567, "Bangs": 0.00018990962416864932, "Big_Lips": 0.014433654025197029, "Big_Nose": 0.4086596369743347, "Black_Hair": 0.0012983493506908417, "Blond_Hair": 0.006371674127876759, "Blurry": 0.3230839967727661, "Brown_Hair": 0.0049417633563280106, "Bushy_Eyebrows": 0.001231955480761826, "Chubby": 0.10353270918130875, "Double_Chin": 0.02699599601328373, "Eyeglasses": 0.06605745851993561, "Goatee": 0.00037891921238042414, "Gray_Hair": 0.07713808119297028, "Heavy_Makeup": 0.00024036083777900785, "High_Cheekbones": 0.008647430688142776, "Male": 0.9954517483711243, "Mouth_Slightly_Open": 0.00567042687907815, "Mustache": 0.0009071913082152605, "Narrow_Eyes": 0.017150461673736572, "No_Beard": 0.9859827160835266, "Oval_Face": 0.2853317856788635, "Pale_Skin": 0.02060830406844616, "Pointy_Nose": 0.026435157284140587, "Receding_Hairline": 0.6239578723907471, "Rosy_Cheeks": 4.3111580453114584e-05, "Sideburns": 0.0006957377772778273, "Smiling": 0.0031484251376241446, "Straight_Hair": 0.013058426789939404, "Wavy_Hair": 0.0033931806683540344, "Wearing_Earrings": 0.002870200201869011, "Wearing_Hat": 0.0009391109342686832, "Wearing_Lipstick": 0.0003793646756093949, "Wearing_Necklace": 0.0005643959739245474, "Wearing_Necktie": 0.11846431344747543, "Young": 0.08826718479394913, "df_race": "middle eastern", "df_race_prob": 71.87747955322266, "df_gender": "Man", "df_gender_prob": 99.96839761734009, "df_age": 34, "df_emotion": "sad", "df_emotion_prob": 63.743603229522705}