{"name": "John_Ashcroft_0030.jpg", "5_o_Clock_Shadow": 0.013256000354886055, "Arched_Eyebrows": 0.0052017574198544025, "Attractive": 0.0014652098761871457, "Bags_Under_Eyes": 0.46369150280952454, "Bald": 0.005742040928453207, "Bangs": 0.0004176164511591196, "Big_Lips": 0.022750312462449074, "Big_Nose": 0.344392329454422, "Black_Hair": 0.005174876656383276, "Blond_Hair": 0.01773609034717083, "Blurry": 0.047510407865047455, "Brown_Hair": 0.0028633971232920885, "Bushy_Eyebrows": 0.0026839477941393852, "Chubby": 0.5527426600456238, "Double_Chin": 0.3497535288333893, "Eyeglasses": 0.004027230199426413, "Goatee": 0.0020675892010331154, "Gray_Hair": 0.7170527577400208, "Heavy_Makeup": 0.0005198454600758851, "High_Cheekbones": 0.06455184519290924, "Male": 0.9988707900047302, "Mouth_Slightly_Open": 0.9908137917518616, "Mustache": 0.005594523157924414, "Narrow_Eyes": 0.07625800371170044, "No_Beard": 0.9436478018760681, "Oval_Face": 0.2525404989719391, "Pale_Skin": 0.05262819677591324, "Pointy_Nose": 0.013087631203234196, "Receding_Hairline": 0.044942665845155716, "Rosy_Cheeks": 0.00022183055989444256, "Sideburns": 0.005887654609978199, "Smiling": 0.012526457197964191, "Straight_Hair": 0.8077591061592102, "Wavy_Hair": 0.0013836813159286976, "Wearing_Earrings": 0.0008479219977743924, "Wearing_Hat": 0.0009231651783920825, "Wearing_Lipstick": 0.000408723863074556, "Wearing_Necklace": 0.00028202732210047543, "Wearing_Necktie": 0.36905115842819214, "Young": 0.025150014087557793, "df_race": "white", "df_race_prob": 76.73308710653109, "df_gender": "Man", "df_gender_prob": 99.94932413101196, "df_age": 43, "df_emotion": "sad", "df_emotion_prob": 84.83216166496277}