{"name": "John_Duprey_0001.jpg", "5_o_Clock_Shadow": 0.003399744862690568, "Arched_Eyebrows": 0.0008377713966183364, "Attractive": 0.005286993458867073, "Bags_Under_Eyes": 0.3939599394798279, "Bald": 0.7614591717720032, "Bangs": 0.0007784416666254401, "Big_Lips": 0.008563260547816753, "Big_Nose": 0.7116139531135559, "Black_Hair": 0.0010072831064462662, "Blond_Hair": 0.005678883288055658, "Blurry": 0.04854368418455124, "Brown_Hair": 0.001607922138646245, "Bushy_Eyebrows": 0.0002620666055008769, "Chubby": 0.45608723163604736, "Double_Chin": 0.24171672761440277, "Eyeglasses": 0.005045227240771055, "Goatee": 0.0008467137231491506, "Gray_Hair": 0.47050219774246216, "Heavy_Makeup": 0.0001329530350631103, "High_Cheekbones": 0.017038894817233086, "Male": 0.9985262155532837, "Mouth_Slightly_Open": 0.09428928047418594, "Mustache": 0.0008492839988321066, "Narrow_Eyes": 0.09281601756811142, "No_Beard": 0.9927815794944763, "Oval_Face": 0.16950298845767975, "Pale_Skin": 0.057367466390132904, "Pointy_Nose": 0.007913780398666859, "Receding_Hairline": 0.2232341319322586, "Rosy_Cheeks": 0.00012054557009832934, "Sideburns": 0.0014088335447013378, "Smiling": 0.00941098015755415, "Straight_Hair": 0.005310018081218004, "Wavy_Hair": 0.0031516265589743853, "Wearing_Earrings": 0.0007717071566730738, "Wearing_Hat": 0.0009485259070061147, "Wearing_Lipstick": 0.0002508902398403734, "Wearing_Necklace": 0.0008384926477447152, "Wearing_Necktie": 0.01877392642199993, "Young": 0.01765359193086624, "df_race": "latino hispanic", "df_race_prob": 35.06607115268707, "df_gender": "Man", "df_gender_prob": 99.99301433563232, "df_age": 45, "df_emotion": "sad", "df_emotion_prob": 39.835917949676514}