{"name": "John_Kerry_0007.jpg", "5_o_Clock_Shadow": 0.022746045142412186, "Arched_Eyebrows": 0.0007466630195267498, "Attractive": 0.008219261653721333, "Bags_Under_Eyes": 0.20272307097911835, "Bald": 0.0007308939821086824, "Bangs": 0.0017574914963915944, "Big_Lips": 0.006337119732052088, "Big_Nose": 0.07694845646619797, "Black_Hair": 0.0005868095904588699, "Blond_Hair": 0.02644389681518078, "Blurry": 0.17322951555252075, "Brown_Hair": 0.032093774527311325, "Bushy_Eyebrows": 0.005874563008546829, "Chubby": 0.017747608944773674, "Double_Chin": 0.02467946708202362, "Eyeglasses": 0.0029868846759200096, "Goatee": 0.0006370980408973992, "Gray_Hair": 0.7045078277587891, "Heavy_Makeup": 0.000271893193712458, "High_Cheekbones": 0.01758580282330513, "Male": 0.9996742010116577, "Mouth_Slightly_Open": 0.5426631569862366, "Mustache": 0.0009971547406166792, "Narrow_Eyes": 0.0879729762673378, "No_Beard": 0.9888805150985718, "Oval_Face": 0.10918514430522919, "Pale_Skin": 0.0074193840846419334, "Pointy_Nose": 0.11076099425554276, "Receding_Hairline": 0.0038833601865917444, "Rosy_Cheeks": 0.00010665043373592198, "Sideburns": 0.0019138213247060776, "Smiling": 0.0036728966515511274, "Straight_Hair": 0.07916628569364548, "Wavy_Hair": 0.2559014558792114, "Wearing_Earrings": 0.00044498208444565535, "Wearing_Hat": 0.0005021278047934175, "Wearing_Lipstick": 0.00014995031233411282, "Wearing_Necklace": 0.0006114833522588015, "Wearing_Necktie": 0.26345494389533997, "Young": 0.015652168542146683, "df_race": "white", "df_race_prob": 99.98545050534311, "df_gender": "Man", "df_gender_prob": 99.98118281364441, "df_age": 33, "df_emotion": "surprise", "df_emotion_prob": 78.23463082313538}