{"name": "John_Ashcroft_0033.jpg", "5_o_Clock_Shadow": 0.017800478264689445, "Arched_Eyebrows": 0.0020272734109312296, "Attractive": 0.01221433375030756, "Bags_Under_Eyes": 0.6219651103019714, "Bald": 0.003555920207872987, "Bangs": 0.0028587677516043186, "Big_Lips": 0.04455973953008652, "Big_Nose": 0.7345196008682251, "Black_Hair": 0.006939189974218607, "Blond_Hair": 0.023165853694081306, "Blurry": 0.086581289768219, "Brown_Hair": 0.01593601517379284, "Bushy_Eyebrows": 0.002049483126029372, "Chubby": 0.5468724370002747, "Double_Chin": 0.47738927602767944, "Eyeglasses": 0.0032380970660597086, "Goatee": 0.0010543810203671455, "Gray_Hair": 0.46207675337791443, "Heavy_Makeup": 0.0005775886820629239, "High_Cheekbones": 0.897974967956543, "Male": 0.9970725774765015, "Mouth_Slightly_Open": 0.9992915391921997, "Mustache": 0.003982753958553076, "Narrow_Eyes": 0.6752966642379761, "No_Beard": 0.986504852771759, "Oval_Face": 0.22755514085292816, "Pale_Skin": 0.04912777245044708, "Pointy_Nose": 0.008073504082858562, "Receding_Hairline": 0.006769420579075813, "Rosy_Cheeks": 0.0006252510356716812, "Sideburns": 0.0018354589119553566, "Smiling": 0.9960665106773376, "Straight_Hair": 0.831279456615448, "Wavy_Hair": 0.0040693567134439945, "Wearing_Earrings": 0.0010717696277424693, "Wearing_Hat": 0.0006722189136780798, "Wearing_Lipstick": 0.0006327366572804749, "Wearing_Necklace": 0.0005241008475422859, "Wearing_Necktie": 0.7352492809295654, "Young": 0.007549420464783907, "df_race": "latino hispanic", "df_race_prob": 33.17594230175018, "df_gender": "Man", "df_gender_prob": 99.94365572929382, "df_age": 27, "df_emotion": "happy", "df_emotion_prob": 91.52880907058716}