{"name": "John_Bolton_0003.jpg", "5_o_Clock_Shadow": 0.0016902582719922066, "Arched_Eyebrows": 0.0001709262141957879, "Attractive": 0.001003673649393022, "Bags_Under_Eyes": 0.04658609256148338, "Bald": 0.0017888977890834212, "Bangs": 0.06458131968975067, "Big_Lips": 0.013564464636147022, "Big_Nose": 0.1298167109489441, "Black_Hair": 0.0041829668916761875, "Blond_Hair": 0.004367587622255087, "Blurry": 0.21308518946170807, "Brown_Hair": 0.016297072172164917, "Bushy_Eyebrows": 0.0031459867022931576, "Chubby": 0.07614163309335709, "Double_Chin": 0.043874941766262054, "Eyeglasses": 0.9704908132553101, "Goatee": 0.002743831602856517, "Gray_Hair": 0.4306986927986145, "Heavy_Makeup": 0.00033756549237295985, "High_Cheekbones": 0.0237997118383646, "Male": 0.9903941750526428, "Mouth_Slightly_Open": 0.04652385413646698, "Mustache": 0.30877920985221863, "Narrow_Eyes": 0.15902087092399597, "No_Beard": 0.494767963886261, "Oval_Face": 0.08556429296731949, "Pale_Skin": 0.012221284210681915, "Pointy_Nose": 0.02473945915699005, "Receding_Hairline": 0.001583293778821826, "Rosy_Cheeks": 0.00030081302975304425, "Sideburns": 0.002306072972714901, "Smiling": 0.002019207924604416, "Straight_Hair": 0.2928111255168915, "Wavy_Hair": 0.0196063332259655, "Wearing_Earrings": 0.0014000756200402975, "Wearing_Hat": 0.00512069882825017, "Wearing_Lipstick": 0.0004683325532823801, "Wearing_Necklace": 0.0012410926865413785, "Wearing_Necktie": 0.43153610825538635, "Young": 0.0072764805518090725, "df_race": "white", "df_race_prob": 99.35159683227539, "df_gender": "Man", "df_gender_prob": 99.59646463394165, "df_age": 44, "df_emotion": "sad", "df_emotion_prob": 90.27337431907654}