{"name": "John_Sweeney_0001.jpg", "5_o_Clock_Shadow": 0.0015672686276957393, "Arched_Eyebrows": 0.00752410339191556, "Attractive": 0.002447748091071844, "Bags_Under_Eyes": 0.20133228600025177, "Bald": 0.8244631886482239, "Bangs": 0.0012331124162301421, "Big_Lips": 0.0073005035519599915, "Big_Nose": 0.09006401896476746, "Black_Hair": 0.0014393479796126485, "Blond_Hair": 0.0038122113328427076, "Blurry": 0.11118905991315842, "Brown_Hair": 0.001059312024153769, "Bushy_Eyebrows": 0.0005238932790234685, "Chubby": 0.27654361724853516, "Double_Chin": 0.3137708902359009, "Eyeglasses": 0.013078468851745129, "Goatee": 0.0038407647516578436, "Gray_Hair": 0.8017775416374207, "Heavy_Makeup": 0.0003521425533108413, "High_Cheekbones": 0.02151741459965706, "Male": 0.9967214465141296, "Mouth_Slightly_Open": 0.10195020586252213, "Mustache": 0.0059592630714178085, "Narrow_Eyes": 0.15409116446971893, "No_Beard": 0.9786245226860046, "Oval_Face": 0.14702709019184113, "Pale_Skin": 0.049223460257053375, "Pointy_Nose": 0.017354723066091537, "Receding_Hairline": 0.35069239139556885, "Rosy_Cheeks": 0.00019373912073206156, "Sideburns": 0.002316279336810112, "Smiling": 0.005750009324401617, "Straight_Hair": 0.01353177335113287, "Wavy_Hair": 0.0024106623604893684, "Wearing_Earrings": 0.001375020481646061, "Wearing_Hat": 0.0020992213394492865, "Wearing_Lipstick": 0.0006805459270253778, "Wearing_Necklace": 0.00034972288995049894, "Wearing_Necktie": 0.7516691088676453, "Young": 0.007850081659853458, "df_race": "white", "df_race_prob": 51.15489072530811, "df_gender": "Man", "df_gender_prob": 96.36532068252563, "df_age": 49, "df_emotion": "fear", "df_emotion_prob": 63.73392343521118}