{"name": "John_Negroponte_0005.jpg", "5_o_Clock_Shadow": 0.015974141657352448, "Arched_Eyebrows": 0.0034248111769557, "Attractive": 0.05542348697781563, "Bags_Under_Eyes": 0.6293547749519348, "Bald": 0.9413828253746033, "Bangs": 0.0038569918833673, "Big_Lips": 0.03513621538877487, "Big_Nose": 0.07352734357118607, "Black_Hair": 0.0008426037384197116, "Blond_Hair": 0.008200620301067829, "Blurry": 0.04076709970831871, "Brown_Hair": 0.0023227769415825605, "Bushy_Eyebrows": 0.0004163285775575787, "Chubby": 0.033602867275476456, "Double_Chin": 0.054744359105825424, "Eyeglasses": 0.0033556995913386345, "Goatee": 0.0021335608325898647, "Gray_Hair": 0.2621890604496002, "Heavy_Makeup": 0.000418252864619717, "High_Cheekbones": 0.011681129224598408, "Male": 0.999222993850708, "Mouth_Slightly_Open": 0.02080402709543705, "Mustache": 0.0012449499918147922, "Narrow_Eyes": 0.010415167547762394, "No_Beard": 0.989474892616272, "Oval_Face": 0.35210490226745605, "Pale_Skin": 0.061345454305410385, "Pointy_Nose": 0.5232225656509399, "Receding_Hairline": 0.11719732731580734, "Rosy_Cheeks": 0.00013353099348023534, "Sideburns": 0.00260340073145926, "Smiling": 0.014037495478987694, "Straight_Hair": 0.01849827915430069, "Wavy_Hair": 0.00176916248165071, "Wearing_Earrings": 0.0007110829465091228, "Wearing_Hat": 0.0019304987508803606, "Wearing_Lipstick": 0.0011570658534765244, "Wearing_Necklace": 0.0005046321894042194, "Wearing_Necktie": 0.84040367603302, "Young": 0.035036150366067886, "df_race": "white", "df_race_prob": 99.9974012374878, "df_gender": "Man", "df_gender_prob": 99.95243549346924, "df_age": 37, "df_emotion": "sad", "df_emotion_prob": 78.32775374320104}