{"name": "John_Ashcroft_0052.jpg", "5_o_Clock_Shadow": 0.005501032341271639, "Arched_Eyebrows": 0.0033791442401707172, "Attractive": 0.0017952516209334135, "Bags_Under_Eyes": 0.5497791767120361, "Bald": 0.0052839345298707485, "Bangs": 0.0013126257108524442, "Big_Lips": 0.03124471753835678, "Big_Nose": 0.30062463879585266, "Black_Hair": 0.009956760331988335, "Blond_Hair": 0.006298020016402006, "Blurry": 0.0627039447426796, "Brown_Hair": 0.00511916633695364, "Bushy_Eyebrows": 0.004745488055050373, "Chubby": 0.53438401222229, "Double_Chin": 0.5242481231689453, "Eyeglasses": 0.004409581422805786, "Goatee": 0.0007329624495469034, "Gray_Hair": 0.8002438545227051, "Heavy_Makeup": 0.00029790590633638203, "High_Cheekbones": 0.033177588135004044, "Male": 0.9992583394050598, "Mouth_Slightly_Open": 0.9635797142982483, "Mustache": 0.0030650063417851925, "Narrow_Eyes": 0.15865041315555573, "No_Beard": 0.9906846284866333, "Oval_Face": 0.07821322977542877, "Pale_Skin": 0.03709469363093376, "Pointy_Nose": 0.024035055190324783, "Receding_Hairline": 0.016774185001850128, "Rosy_Cheeks": 0.0003682436654344201, "Sideburns": 0.002038877224549651, "Smiling": 0.010160503908991814, "Straight_Hair": 0.7551770210266113, "Wavy_Hair": 0.004018090665340424, "Wearing_Earrings": 0.0004992770263925195, "Wearing_Hat": 0.0011416765628382564, "Wearing_Lipstick": 0.0005314892041496933, "Wearing_Necklace": 0.0003413352242205292, "Wearing_Necktie": 0.7906356453895569, "Young": 0.00355376023799181, "df_race": "white", "df_race_prob": 58.12496542930603, "df_gender": "Man", "df_gender_prob": 99.88868832588196, "df_age": 38, "df_emotion": "sad", "df_emotion_prob": 83.93146991729736}