{"name": "John_Snow_0006.jpg", "5_o_Clock_Shadow": 0.0036225386429578066, "Arched_Eyebrows": 0.0002571684599388391, "Attractive": 0.007592611014842987, "Bags_Under_Eyes": 0.48650798201560974, "Bald": 0.8904814720153809, "Bangs": 0.002168033504858613, "Big_Lips": 0.00973500031977892, "Big_Nose": 0.22524791955947876, "Black_Hair": 0.000906063592992723, "Blond_Hair": 0.011479943059384823, "Blurry": 0.010026909410953522, "Brown_Hair": 0.0020585800521075726, "Bushy_Eyebrows": 0.00030982200405560434, "Chubby": 0.28505465388298035, "Double_Chin": 0.19537250697612762, "Eyeglasses": 0.015360740013420582, "Goatee": 0.0016738533740863204, "Gray_Hair": 0.3694169819355011, "Heavy_Makeup": 0.00032434987952001393, "High_Cheekbones": 0.020587176084518433, "Male": 0.9989908337593079, "Mouth_Slightly_Open": 0.016041597351431847, "Mustache": 0.001881968230009079, "Narrow_Eyes": 0.02772904932498932, "No_Beard": 0.9931238293647766, "Oval_Face": 0.21095876395702362, "Pale_Skin": 0.0814850777387619, "Pointy_Nose": 0.012377540580928326, "Receding_Hairline": 0.04982437565922737, "Rosy_Cheeks": 0.00010701331484597176, "Sideburns": 0.0018934456165879965, "Smiling": 0.0078115928918123245, "Straight_Hair": 0.007946331053972244, "Wavy_Hair": 0.002347893314436078, "Wearing_Earrings": 0.0008956592064350843, "Wearing_Hat": 0.0020034993067383766, "Wearing_Lipstick": 0.00043515098514035344, "Wearing_Necklace": 0.0002826919953804463, "Wearing_Necktie": 0.6339123845100403, "Young": 0.012496023438870907, "df_race": "white", "df_race_prob": 99.06886214428319, "df_gender": "Man", "df_gender_prob": 99.98470544815063, "df_age": 51, "df_emotion": "angry", "df_emotion_prob": 56.29619359970093}