{"name": "John_Bolton_0011.jpg", "5_o_Clock_Shadow": 0.0014119718689471483, "Arched_Eyebrows": 0.00022337738482747227, "Attractive": 0.0005398590001277626, "Bags_Under_Eyes": 0.1226969063282013, "Bald": 0.0013704212615266442, "Bangs": 0.0396217443048954, "Big_Lips": 0.00884662289172411, "Big_Nose": 0.3124944865703583, "Black_Hair": 0.0015313071198761463, "Blond_Hair": 0.021748334169387817, "Blurry": 0.04814528673887253, "Brown_Hair": 0.005080762319266796, "Bushy_Eyebrows": 0.001369963283650577, "Chubby": 0.24024362862110138, "Double_Chin": 0.15553595125675201, "Eyeglasses": 0.973412275314331, "Goatee": 0.003716510720551014, "Gray_Hair": 0.7918583154678345, "Heavy_Makeup": 0.0003466573834884912, "High_Cheekbones": 0.03449476882815361, "Male": 0.9948835968971252, "Mouth_Slightly_Open": 0.1546025574207306, "Mustache": 0.5442129969596863, "Narrow_Eyes": 0.08116678148508072, "No_Beard": 0.3620185852050781, "Oval_Face": 0.09279907494783401, "Pale_Skin": 0.008699656464159489, "Pointy_Nose": 0.012450561858713627, "Receding_Hairline": 0.002273875055834651, "Rosy_Cheeks": 0.0003154326695948839, "Sideburns": 0.004574526101350784, "Smiling": 0.0038793820422142744, "Straight_Hair": 0.0950397327542305, "Wavy_Hair": 0.1038079634308815, "Wearing_Earrings": 0.0011768394615501165, "Wearing_Hat": 0.0016945613315328956, "Wearing_Lipstick": 0.0003789639740716666, "Wearing_Necklace": 0.0020147168543189764, "Wearing_Necktie": 0.1307685822248459, "Young": 0.004040845669806004, "df_race": "white", "df_race_prob": 99.8578667640686, "df_gender": "Man", "df_gender_prob": 99.97463822364807, "df_age": 48, "df_emotion": "angry", "df_emotion_prob": 95.81248164176941}