{"name": "John_Fenn_0001.jpg", "5_o_Clock_Shadow": 0.00948401540517807, "Arched_Eyebrows": 0.0002521658025216311, "Attractive": 0.007040572352707386, "Bags_Under_Eyes": 0.2444888800382614, "Bald": 0.898530900478363, "Bangs": 0.001150171854533255, "Big_Lips": 0.023754557594656944, "Big_Nose": 0.8655415773391724, "Black_Hair": 0.0007502117077820003, "Blond_Hair": 0.0034234116319566965, "Blurry": 0.04036550968885422, "Brown_Hair": 0.0018708042334765196, "Bushy_Eyebrows": 0.0005774295423179865, "Chubby": 0.07743325084447861, "Double_Chin": 0.07964359223842621, "Eyeglasses": 0.9921990036964417, "Goatee": 0.008229256607592106, "Gray_Hair": 0.4806152284145355, "Heavy_Makeup": 8.037453517317772e-05, "High_Cheekbones": 0.02578631043434143, "Male": 0.997542142868042, "Mouth_Slightly_Open": 0.055073969066143036, "Mustache": 0.008778300136327744, "Narrow_Eyes": 0.10678774863481522, "No_Beard": 0.9701536297798157, "Oval_Face": 0.04781853407621384, "Pale_Skin": 0.03339562192559242, "Pointy_Nose": 0.02719995006918907, "Receding_Hairline": 0.05301878601312637, "Rosy_Cheeks": 7.892822031863034e-05, "Sideburns": 0.0020887921564280987, "Smiling": 0.0263481754809618, "Straight_Hair": 0.00424919044598937, "Wavy_Hair": 0.0018064624164253473, "Wearing_Earrings": 0.0025412971153855324, "Wearing_Hat": 0.0029681932646781206, "Wearing_Lipstick": 0.0002701093617361039, "Wearing_Necklace": 0.0011126254685223103, "Wearing_Necktie": 0.09287483245134354, "Young": 0.011635263450443745, "df_race": "middle eastern", "df_race_prob": 46.44358158111572, "df_gender": "Man", "df_gender_prob": 99.96792078018188, "df_age": 52, "df_emotion": "fear", "df_emotion_prob": 58.36772918701172}