{"name": "John_Rigas_0002.jpg", "5_o_Clock_Shadow": 0.0062824757769703865, "Arched_Eyebrows": 0.00029091787291690707, "Attractive": 0.002557798521593213, "Bags_Under_Eyes": 0.46525296568870544, "Bald": 0.09217925369739532, "Bangs": 0.0005099605768918991, "Big_Lips": 0.013197150081396103, "Big_Nose": 0.26784011721611023, "Black_Hair": 0.002702228492125869, "Blond_Hair": 0.003693584818392992, "Blurry": 0.1748659759759903, "Brown_Hair": 0.0005934560904279351, "Bushy_Eyebrows": 0.00018527431529946625, "Chubby": 0.11782144755125046, "Double_Chin": 0.14244486391544342, "Eyeglasses": 0.016334164887666702, "Goatee": 0.0021196685265749693, "Gray_Hair": 0.9583932161331177, "Heavy_Makeup": 0.00010029671830125153, "High_Cheekbones": 0.016610639169812202, "Male": 0.9987614154815674, "Mouth_Slightly_Open": 0.11725328862667084, "Mustache": 0.0043129101395606995, "Narrow_Eyes": 0.05220644176006317, "No_Beard": 0.9818065166473389, "Oval_Face": 0.038399141281843185, "Pale_Skin": 0.087373286485672, "Pointy_Nose": 0.030786026269197464, "Receding_Hairline": 0.7889554500579834, "Rosy_Cheeks": 0.00011650145461317152, "Sideburns": 0.0025456182193011045, "Smiling": 0.011079488322138786, "Straight_Hair": 0.1059398353099823, "Wavy_Hair": 0.00514951441437006, "Wearing_Earrings": 0.0004805397184100002, "Wearing_Hat": 0.0004668273904826492, "Wearing_Lipstick": 0.00015892674855422229, "Wearing_Necklace": 0.0005213932017795742, "Wearing_Necktie": 0.6979734897613525, "Young": 0.007230295799672604, "df_race": "white", "df_race_prob": 97.87300254428357, "df_gender": "Man", "df_gender_prob": 99.53266382217407, "df_age": 47, "df_emotion": "sad", "df_emotion_prob": 59.782621847547404}