{"name": "John_Kerry_0006.jpg", "5_o_Clock_Shadow": 0.06946989893913269, "Arched_Eyebrows": 0.0010746788466349244, "Attractive": 0.01972237229347229, "Bags_Under_Eyes": 0.0884559154510498, "Bald": 0.0011860292870551348, "Bangs": 0.0010213718051090837, "Big_Lips": 0.0022528718691319227, "Big_Nose": 0.04454246535897255, "Black_Hair": 0.0021691652946174145, "Blond_Hair": 0.0038135063368827105, "Blurry": 0.36742404103279114, "Brown_Hair": 0.01277050282806158, "Bushy_Eyebrows": 0.008307461626827717, "Chubby": 0.007039625663310289, "Double_Chin": 0.002844079164788127, "Eyeglasses": 0.0007944242097437382, "Goatee": 0.0009343022829852998, "Gray_Hair": 0.5193287134170532, "Heavy_Makeup": 0.0001344288612017408, "High_Cheekbones": 0.018484139814972878, "Male": 0.9984390139579773, "Mouth_Slightly_Open": 0.00889295618981123, "Mustache": 0.0012086430797353387, "Narrow_Eyes": 0.1790739744901657, "No_Beard": 0.9499627351760864, "Oval_Face": 0.12585900723934174, "Pale_Skin": 0.007000851444900036, "Pointy_Nose": 0.09972723573446274, "Receding_Hairline": 0.008191922679543495, "Rosy_Cheeks": 9.804638102650642e-05, "Sideburns": 0.006533821579068899, "Smiling": 0.003945281263440847, "Straight_Hair": 0.3380129933357239, "Wavy_Hair": 0.030411137267947197, "Wearing_Earrings": 0.00046837894478812814, "Wearing_Hat": 0.00034562087967060506, "Wearing_Lipstick": 5.1666251238202676e-05, "Wearing_Necklace": 0.0006179508636705577, "Wearing_Necktie": 0.007127712480723858, "Young": 0.04554842785000801, "df_race": "white", "df_race_prob": 87.45395690751589, "df_gender": "Man", "df_gender_prob": 99.97217059135437, "df_age": 36, "df_emotion": "sad", "df_emotion_prob": 61.833012104034424}