{"name": "John_Wolf_0001.jpg", "5_o_Clock_Shadow": 0.007214500103145838, "Arched_Eyebrows": 0.0013057241449132562, "Attractive": 0.04688495770096779, "Bags_Under_Eyes": 0.21616074442863464, "Bald": 0.8067080974578857, "Bangs": 0.001381346257403493, "Big_Lips": 0.0057324012741446495, "Big_Nose": 0.10980921238660812, "Black_Hair": 0.0008355100871995091, "Blond_Hair": 0.010219057090580463, "Blurry": 0.027313759550452232, "Brown_Hair": 0.006125027313828468, "Bushy_Eyebrows": 8.699315367266536e-05, "Chubby": 0.013922658748924732, "Double_Chin": 0.05989620462059975, "Eyeglasses": 0.0034136821050196886, "Goatee": 0.0008280834299512208, "Gray_Hair": 0.18447501957416534, "Heavy_Makeup": 0.00016746022447478026, "High_Cheekbones": 0.03601014241576195, "Male": 0.9989631175994873, "Mouth_Slightly_Open": 0.004357875790446997, "Mustache": 0.0008572074002586305, "Narrow_Eyes": 0.033648498356342316, "No_Beard": 0.9916378855705261, "Oval_Face": 0.21510112285614014, "Pale_Skin": 0.03362182527780533, "Pointy_Nose": 0.19376695156097412, "Receding_Hairline": 0.3164574205875397, "Rosy_Cheeks": 0.00023439625510945916, "Sideburns": 0.001445240806788206, "Smiling": 0.2190321683883667, "Straight_Hair": 0.020432790741324425, "Wavy_Hair": 0.0018934427062049508, "Wearing_Earrings": 0.0005275513394735754, "Wearing_Hat": 0.0007665415178053081, "Wearing_Lipstick": 0.00026757872547023, "Wearing_Necklace": 0.0003824851009994745, "Wearing_Necktie": 0.606553852558136, "Young": 0.021211761981248856, "df_race": "white", "df_race_prob": 80.30874133110046, "df_gender": "Man", "df_gender_prob": 99.98515844345093, "df_age": 34, "df_emotion": "happy", "df_emotion_prob": 86.13699243819804}