{"name": "John_Negroponte_0007.jpg", "5_o_Clock_Shadow": 0.010992487892508507, "Arched_Eyebrows": 0.0018921790178865194, "Attractive": 0.012107644230127335, "Bags_Under_Eyes": 0.6709733605384827, "Bald": 0.9182696342468262, "Bangs": 0.00176616373937577, "Big_Lips": 0.02386779710650444, "Big_Nose": 0.10795561224222183, "Black_Hair": 0.0011324508814141154, "Blond_Hair": 0.0028805946931242943, "Blurry": 0.09499683976173401, "Brown_Hair": 0.002411923836916685, "Bushy_Eyebrows": 0.0005967745673842728, "Chubby": 0.07859072834253311, "Double_Chin": 0.0838204175233841, "Eyeglasses": 0.0016751199727877975, "Goatee": 0.003253162605687976, "Gray_Hair": 0.2649889886379242, "Heavy_Makeup": 0.00013833439152222127, "High_Cheekbones": 0.038666076958179474, "Male": 0.9996505975723267, "Mouth_Slightly_Open": 0.3024784326553345, "Mustache": 0.0018645924283191562, "Narrow_Eyes": 0.019374294206500053, "No_Beard": 0.9851281046867371, "Oval_Face": 0.2725675404071808, "Pale_Skin": 0.01227127481251955, "Pointy_Nose": 0.17450487613677979, "Receding_Hairline": 0.149887353181839, "Rosy_Cheeks": 0.00010565551201580092, "Sideburns": 0.00277145579457283, "Smiling": 0.024811409413814545, "Straight_Hair": 0.010954637080430984, "Wavy_Hair": 0.0014927719021216035, "Wearing_Earrings": 0.0004169171443209052, "Wearing_Hat": 0.0011905782157555223, "Wearing_Lipstick": 0.00030210346449166536, "Wearing_Necklace": 0.0003017338749486953, "Wearing_Necktie": 0.7987882494926453, "Young": 0.03290262818336487, "df_race": "white", "df_race_prob": 84.70274988380076, "df_gender": "Man", "df_gender_prob": 99.90481734275818, "df_age": 43, "df_emotion": "neutral", "df_emotion_prob": 48.18879046306496}