{"name": "John_Travolta_0003.jpg", "5_o_Clock_Shadow": 0.019598115235567093, "Arched_Eyebrows": 0.00035272163222543895, "Attractive": 0.05447724834084511, "Bags_Under_Eyes": 0.044797081500291824, "Bald": 0.002690407447516918, "Bangs": 0.00255947420373559, "Big_Lips": 0.01725475676357746, "Big_Nose": 0.21260608732700348, "Black_Hair": 0.0014580159913748503, "Blond_Hair": 0.0024109811056405306, "Blurry": 0.044394031167030334, "Brown_Hair": 0.0018711424199864268, "Bushy_Eyebrows": 0.0028919570613652468, "Chubby": 0.05195055902004242, "Double_Chin": 0.023078124970197678, "Eyeglasses": 0.03637943044304848, "Goatee": 0.0006561576738022268, "Gray_Hair": 0.010614234954118729, "Heavy_Makeup": 0.0004793365078512579, "High_Cheekbones": 0.008729364722967148, "Male": 0.9988289475440979, "Mouth_Slightly_Open": 0.01339395809918642, "Mustache": 0.0022329839412122965, "Narrow_Eyes": 0.05366874113678932, "No_Beard": 0.9854124188423157, "Oval_Face": 0.2544841468334198, "Pale_Skin": 0.13086389005184174, "Pointy_Nose": 0.029180647805333138, "Receding_Hairline": 0.0008720072801224887, "Rosy_Cheeks": 0.00016671078628860414, "Sideburns": 0.0008876180509105325, "Smiling": 0.01913934201002121, "Straight_Hair": 0.005004876758903265, "Wavy_Hair": 0.004123654682189226, "Wearing_Earrings": 0.0017705474747344851, "Wearing_Hat": 0.9823116064071655, "Wearing_Lipstick": 0.0004421314224600792, "Wearing_Necklace": 0.00034803044400177896, "Wearing_Necktie": 0.6484829187393188, "Young": 0.14667770266532898, "df_race": "asian", "df_race_prob": 65.61984419822693, "df_gender": "Man", "df_gender_prob": 99.99033212661743, "df_age": 31, "df_emotion": "neutral", "df_emotion_prob": 99.59710834009101}