{"name": "John_Garamendi_0002.jpg", "5_o_Clock_Shadow": 0.04779324680566788, "Arched_Eyebrows": 0.00045937791583128273, "Attractive": 0.03137694299221039, "Bags_Under_Eyes": 0.1618439108133316, "Bald": 0.0005449591553770006, "Bangs": 0.0009154828730970621, "Big_Lips": 0.0074332053773105145, "Big_Nose": 0.1228829026222229, "Black_Hair": 0.022175783291459084, "Blond_Hair": 0.001968360971659422, "Blurry": 0.13121986389160156, "Brown_Hair": 0.0384335070848465, "Bushy_Eyebrows": 0.015594931319355965, "Chubby": 0.01965213194489479, "Double_Chin": 0.02240203320980072, "Eyeglasses": 0.0012963938061147928, "Goatee": 0.0002075343218166381, "Gray_Hair": 0.031934529542922974, "Heavy_Makeup": 0.0002205787895945832, "High_Cheekbones": 0.022142400965094566, "Male": 0.9984729886054993, "Mouth_Slightly_Open": 0.1400681883096695, "Mustache": 0.0004193239437881857, "Narrow_Eyes": 0.058724626898765564, "No_Beard": 0.9922868013381958, "Oval_Face": 0.12189523875713348, "Pale_Skin": 0.015395620837807655, "Pointy_Nose": 0.19325168430805206, "Receding_Hairline": 0.0019384309416636825, "Rosy_Cheeks": 0.0001545177074149251, "Sideburns": 0.0011740402551367879, "Smiling": 0.009554312564432621, "Straight_Hair": 0.8460198044776917, "Wavy_Hair": 0.003231418551877141, "Wearing_Earrings": 0.00045295595191419125, "Wearing_Hat": 0.0013765227049589157, "Wearing_Lipstick": 0.0001602740230737254, "Wearing_Necklace": 0.00023854761093389243, "Wearing_Necktie": 0.0753675326704979, "Young": 0.0684553012251854, "df_race": "middle eastern", "df_race_prob": 41.75051152706146, "df_gender": "Man", "df_gender_prob": 99.97093081474304, "df_age": 49, "df_emotion": "fear", "df_emotion_prob": 42.005201697659594}