{"name": "John_Ashcroft_0023.jpg", "5_o_Clock_Shadow": 0.019439343363046646, "Arched_Eyebrows": 0.0013376284623518586, "Attractive": 0.005360900424420834, "Bags_Under_Eyes": 0.5455241203308105, "Bald": 0.003104422939941287, "Bangs": 0.0005552189541049302, "Big_Lips": 0.012845437973737717, "Big_Nose": 0.12510815262794495, "Black_Hair": 0.004458988551050425, "Blond_Hair": 0.012685890309512615, "Blurry": 0.029284825548529625, "Brown_Hair": 0.0020186188630759716, "Bushy_Eyebrows": 0.0007346011698246002, "Chubby": 0.08063407242298126, "Double_Chin": 0.10996648669242859, "Eyeglasses": 0.004325683694332838, "Goatee": 0.000699133612215519, "Gray_Hair": 0.8006107211112976, "Heavy_Makeup": 0.0001731991214910522, "High_Cheekbones": 0.024402983486652374, "Male": 0.9996094107627869, "Mouth_Slightly_Open": 0.7666041851043701, "Mustache": 0.002456777263432741, "Narrow_Eyes": 0.0265094805508852, "No_Beard": 0.9831488132476807, "Oval_Face": 0.12663733959197998, "Pale_Skin": 0.02791208028793335, "Pointy_Nose": 0.0754551962018013, "Receding_Hairline": 0.010866064578294754, "Rosy_Cheeks": 0.00027750979643315077, "Sideburns": 0.002426608232781291, "Smiling": 0.0030076741240918636, "Straight_Hair": 0.7887521386146545, "Wavy_Hair": 0.002363763749599457, "Wearing_Earrings": 0.0005948567995801568, "Wearing_Hat": 0.0003389621269889176, "Wearing_Lipstick": 0.00013664542348124087, "Wearing_Necklace": 0.0002628393121995032, "Wearing_Necktie": 0.7806474566459656, "Young": 0.012801132164895535, "df_race": "white", "df_race_prob": 72.35141396522522, "df_gender": "Man", "df_gender_prob": 99.93578791618347, "df_age": 38, "df_emotion": "fear", "df_emotion_prob": 40.808179426680766}