{"name": "John_Timoney_0002.jpg", "5_o_Clock_Shadow": 0.005148950032889843, "Arched_Eyebrows": 0.0011141473660245538, "Attractive": 0.009668650105595589, "Bags_Under_Eyes": 0.11522552371025085, "Bald": 0.11271869391202927, "Bangs": 8.555183740099892e-05, "Big_Lips": 0.0012314562918618321, "Big_Nose": 0.26714789867401123, "Black_Hair": 0.0013789816293865442, "Blond_Hair": 0.032432980835437775, "Blurry": 0.05580291152000427, "Brown_Hair": 0.008075058460235596, "Bushy_Eyebrows": 0.0001842714991653338, "Chubby": 0.08667686581611633, "Double_Chin": 0.03897930309176445, "Eyeglasses": 0.002528529381379485, "Goatee": 0.0012333132326602936, "Gray_Hair": 0.27664458751678467, "Heavy_Makeup": 0.0004885784583166242, "High_Cheekbones": 0.09013298898935318, "Male": 0.9920843839645386, "Mouth_Slightly_Open": 0.04454494267702103, "Mustache": 0.0009271732997149229, "Narrow_Eyes": 0.09403638541698456, "No_Beard": 0.9883729815483093, "Oval_Face": 0.1569727659225464, "Pale_Skin": 0.08587944507598877, "Pointy_Nose": 0.010156355798244476, "Receding_Hairline": 0.6353306174278259, "Rosy_Cheeks": 0.00021525911870412529, "Sideburns": 0.001606447622179985, "Smiling": 0.0070855445228517056, "Straight_Hair": 0.05911638215184212, "Wavy_Hair": 0.0012178244069218636, "Wearing_Earrings": 0.0017260785680264235, "Wearing_Hat": 0.0003088844532612711, "Wearing_Lipstick": 0.0003494058037176728, "Wearing_Necklace": 0.0025278341490775347, "Wearing_Necktie": 0.018232977017760277, "Young": 0.07065753638744354, "df_race": "white", "df_race_prob": 78.5659658054093, "df_gender": "Man", "df_gender_prob": 99.99659061431885, "df_age": 30, "df_emotion": "sad", "df_emotion_prob": 50.836652517318726}