{"name": "John_Kerry_0004.jpg", "5_o_Clock_Shadow": 0.02357335574924946, "Arched_Eyebrows": 0.0003799998958129436, "Attractive": 0.01919175311923027, "Bags_Under_Eyes": 0.27860498428344727, "Bald": 0.0010972305899485946, "Bangs": 0.004150163382291794, "Big_Lips": 0.0052728536538779736, "Big_Nose": 0.12500397861003876, "Black_Hair": 0.0014401006046682596, "Blond_Hair": 0.014288634061813354, "Blurry": 0.07434213906526566, "Brown_Hair": 0.016911329701542854, "Bushy_Eyebrows": 0.0027705717366188765, "Chubby": 0.00930341798812151, "Double_Chin": 0.010653013363480568, "Eyeglasses": 0.0015643300721421838, "Goatee": 0.000465717981569469, "Gray_Hair": 0.6529272198677063, "Heavy_Makeup": 0.000266054441453889, "High_Cheekbones": 0.0217119287699461, "Male": 0.9995681643486023, "Mouth_Slightly_Open": 0.5101208686828613, "Mustache": 0.0008437534561380744, "Narrow_Eyes": 0.07864709198474884, "No_Beard": 0.9894437789916992, "Oval_Face": 0.09940411895513535, "Pale_Skin": 0.008840683847665787, "Pointy_Nose": 0.15857699513435364, "Receding_Hairline": 0.001958610024303198, "Rosy_Cheeks": 0.0001468461414333433, "Sideburns": 0.0018063250463455915, "Smiling": 0.0072312504053115845, "Straight_Hair": 0.371707946062088, "Wavy_Hair": 0.053295817226171494, "Wearing_Earrings": 0.0003468485956545919, "Wearing_Hat": 0.00031713664066046476, "Wearing_Lipstick": 0.00010293668310623616, "Wearing_Necklace": 0.0003065071359742433, "Wearing_Necktie": 0.43276917934417725, "Young": 0.01849094033241272, "df_race": "white", "df_race_prob": 99.29371476173401, "df_gender": "Man", "df_gender_prob": 99.96745586395264, "df_age": 35, "df_emotion": "neutral", "df_emotion_prob": 82.54595994949341}