{"name": "John_Goold_0001.jpg", "5_o_Clock_Shadow": 0.003975221421569586, "Arched_Eyebrows": 8.091815834632143e-05, "Attractive": 0.0045073614455759525, "Bags_Under_Eyes": 0.07023955881595612, "Bald": 0.030070509761571884, "Bangs": 0.00031133450102061033, "Big_Lips": 0.007761197164654732, "Big_Nose": 0.04724173992872238, "Black_Hair": 0.0013747024349868298, "Blond_Hair": 0.00898134894669056, "Blurry": 0.09947288781404495, "Brown_Hair": 0.003926393110305071, "Bushy_Eyebrows": 0.0008697750745341182, "Chubby": 0.030642975121736526, "Double_Chin": 0.05105661228299141, "Eyeglasses": 0.9698464274406433, "Goatee": 0.0005481246626004577, "Gray_Hair": 0.8169836401939392, "Heavy_Makeup": 0.00015268780407495797, "High_Cheekbones": 0.01790517382323742, "Male": 0.9987258315086365, "Mouth_Slightly_Open": 0.9348118305206299, "Mustache": 0.0009759695967659354, "Narrow_Eyes": 0.045013751834630966, "No_Beard": 0.9923075437545776, "Oval_Face": 0.1974659562110901, "Pale_Skin": 0.023426521569490433, "Pointy_Nose": 0.04216116666793823, "Receding_Hairline": 0.6194971799850464, "Rosy_Cheeks": 6.87608408043161e-05, "Sideburns": 0.0009570390684530139, "Smiling": 0.037017375230789185, "Straight_Hair": 0.2029239982366562, "Wavy_Hair": 0.0019539513159543276, "Wearing_Earrings": 0.0003953003906644881, "Wearing_Hat": 0.00048629759112372994, "Wearing_Lipstick": 0.00015145455836318433, "Wearing_Necklace": 0.0002734151785261929, "Wearing_Necktie": 0.4029441177845001, "Young": 0.033795926719903946, "df_race": "white", "df_race_prob": 93.46762299537659, "df_gender": "Man", "df_gender_prob": 99.97159838676453, "df_age": 33, "df_emotion": "fear", "df_emotion_prob": 47.95148695093549}