{"name": "John_Paul_II_0009.jpg", "5_o_Clock_Shadow": 0.0031775166280567646, "Arched_Eyebrows": 0.00022381613962352276, "Attractive": 0.009634584188461304, "Bags_Under_Eyes": 0.0895731970667839, "Bald": 0.43997642397880554, "Bangs": 0.0014273917768150568, "Big_Lips": 0.007323017809540033, "Big_Nose": 0.10441534966230392, "Black_Hair": 0.000998400035314262, "Blond_Hair": 0.009128948673605919, "Blurry": 0.08502867817878723, "Brown_Hair": 0.0017492466140538454, "Bushy_Eyebrows": 2.310177296749316e-05, "Chubby": 0.06998679786920547, "Double_Chin": 0.02932993322610855, "Eyeglasses": 0.006895078811794519, "Goatee": 0.0020739291794598103, "Gray_Hair": 0.43633225560188293, "Heavy_Makeup": 0.0004777659778483212, "High_Cheekbones": 0.013693482615053654, "Male": 0.9731827974319458, "Mouth_Slightly_Open": 0.009033318608999252, "Mustache": 0.0007299445569515228, "Narrow_Eyes": 0.19144195318222046, "No_Beard": 0.9870708584785461, "Oval_Face": 0.14995159208774567, "Pale_Skin": 0.07637644559144974, "Pointy_Nose": 0.04170982167124748, "Receding_Hairline": 0.34355413913726807, "Rosy_Cheeks": 0.00011441801325418055, "Sideburns": 0.004017966799438, "Smiling": 0.001520753838121891, "Straight_Hair": 0.011320668272674084, "Wavy_Hair": 0.0027344285044819117, "Wearing_Earrings": 0.003124054055660963, "Wearing_Hat": 0.004468655679374933, "Wearing_Lipstick": 0.0007189695606939495, "Wearing_Necklace": 0.0018041235161945224, "Wearing_Necktie": 0.010403702966868877, "Young": 0.043353594839572906, "df_race": "white", "df_race_prob": 56.639790534973145, "df_gender": "Man", "df_gender_prob": 99.62324500083923, "df_age": 39, "df_emotion": "angry", "df_emotion_prob": 54.3517529964447}