{"name": "John_Snow_0003.jpg", "5_o_Clock_Shadow": 0.002610092982649803, "Arched_Eyebrows": 0.0006936523714102805, "Attractive": 0.011623688042163849, "Bags_Under_Eyes": 0.27061694860458374, "Bald": 0.9192882180213928, "Bangs": 0.0010660894913598895, "Big_Lips": 0.005477190483361483, "Big_Nose": 0.14449499547481537, "Black_Hair": 0.0007527951966039836, "Blond_Hair": 0.0085754981264472, "Blurry": 0.02379639632999897, "Brown_Hair": 0.0019076702883467078, "Bushy_Eyebrows": 0.00027685650275088847, "Chubby": 0.1836998015642166, "Double_Chin": 0.28928253054618835, "Eyeglasses": 0.011234206147491932, "Goatee": 0.0025259123649448156, "Gray_Hair": 0.6695643067359924, "Heavy_Makeup": 0.00023149429762270302, "High_Cheekbones": 0.016967087984085083, "Male": 0.9985120892524719, "Mouth_Slightly_Open": 0.012530392035841942, "Mustache": 0.002178205642849207, "Narrow_Eyes": 0.008382434956729412, "No_Beard": 0.9906824827194214, "Oval_Face": 0.264192670583725, "Pale_Skin": 0.060105789452791214, "Pointy_Nose": 0.0322401225566864, "Receding_Hairline": 0.10662807524204254, "Rosy_Cheeks": 0.00019968343258369714, "Sideburns": 0.0019004055066034198, "Smiling": 0.011854996904730797, "Straight_Hair": 0.006520969793200493, "Wavy_Hair": 0.0022775051183998585, "Wearing_Earrings": 0.0007936860201880336, "Wearing_Hat": 0.0015532063553109765, "Wearing_Lipstick": 0.0003024334437213838, "Wearing_Necklace": 0.00026135274674743414, "Wearing_Necktie": 0.6781111359596252, "Young": 0.012547608464956284, "df_race": "white", "df_race_prob": 99.71267580986023, "df_gender": "Man", "df_gender_prob": 99.94544386863708, "df_age": 48, "df_emotion": "fear", "df_emotion_prob": 84.3839704990387}