{"name": "John_Reilly_0002.jpg", "5_o_Clock_Shadow": 0.012393073178827763, "Arched_Eyebrows": 0.006156083662062883, "Attractive": 0.012105419300496578, "Bags_Under_Eyes": 0.2840554416179657, "Bald": 0.005339390132576227, "Bangs": 0.00039271358400583267, "Big_Lips": 0.014074587263166904, "Big_Nose": 0.32975494861602783, "Black_Hair": 0.01067227404564619, "Blond_Hair": 0.014951713383197784, "Blurry": 0.03676442801952362, "Brown_Hair": 0.09241195768117905, "Bushy_Eyebrows": 0.0003041950985789299, "Chubby": 0.7063255906105042, "Double_Chin": 0.4379386603832245, "Eyeglasses": 0.002691835630685091, "Goatee": 0.00043507531518116593, "Gray_Hair": 0.02096495032310486, "Heavy_Makeup": 0.0003267739084549248, "High_Cheekbones": 0.7234383225440979, "Male": 0.9920572638511658, "Mouth_Slightly_Open": 0.04582662135362625, "Mustache": 0.0002554171660449356, "Narrow_Eyes": 0.15080681443214417, "No_Beard": 0.9941605925559998, "Oval_Face": 0.2564418315887451, "Pale_Skin": 0.055212754756212234, "Pointy_Nose": 0.00179494998883456, "Receding_Hairline": 0.23438119888305664, "Rosy_Cheeks": 0.00028049189131706953, "Sideburns": 0.00040333252400159836, "Smiling": 0.6120098829269409, "Straight_Hair": 0.05756078287959099, "Wavy_Hair": 0.13533233106136322, "Wearing_Earrings": 0.0013569643488153815, "Wearing_Hat": 0.0001701536530163139, "Wearing_Lipstick": 0.00048420249368064106, "Wearing_Necklace": 0.0008834746549837291, "Wearing_Necktie": 0.016316615045070648, "Young": 0.11833056062459946, "df_race": "white", "df_race_prob": 33.43509137630463, "df_gender": "Man", "df_gender_prob": 99.98006224632263, "df_age": 33, "df_emotion": "happy", "df_emotion_prob": 99.0159453134602}