{"name": "John_Ashcroft_0027.jpg", "5_o_Clock_Shadow": 0.006708061788231134, "Arched_Eyebrows": 0.0023950086906552315, "Attractive": 0.0017007249407470226, "Bags_Under_Eyes": 0.5658562183380127, "Bald": 0.011773847043514252, "Bangs": 0.000798603636212647, "Big_Lips": 0.012938144616782665, "Big_Nose": 0.1542016565799713, "Black_Hair": 0.004366606939584017, "Blond_Hair": 0.011473684571683407, "Blurry": 0.059210777282714844, "Brown_Hair": 0.0022251794580370188, "Bushy_Eyebrows": 0.000720353564247489, "Chubby": 0.3223697543144226, "Double_Chin": 0.28242170810699463, "Eyeglasses": 0.00435708137229085, "Goatee": 0.0007140728994272649, "Gray_Hair": 0.9086787700653076, "Heavy_Makeup": 0.00017952232155948877, "High_Cheekbones": 0.03558286651968956, "Male": 0.9989497065544128, "Mouth_Slightly_Open": 0.8143391013145447, "Mustache": 0.001618988928385079, "Narrow_Eyes": 0.021241353824734688, "No_Beard": 0.9892247319221497, "Oval_Face": 0.14270342886447906, "Pale_Skin": 0.04426956921815872, "Pointy_Nose": 0.039165738970041275, "Receding_Hairline": 0.07710631191730499, "Rosy_Cheeks": 0.00020897573267575353, "Sideburns": 0.003400462679564953, "Smiling": 0.004664055537432432, "Straight_Hair": 0.7904293537139893, "Wavy_Hair": 0.0012292747851461172, "Wearing_Earrings": 0.0008506608428433537, "Wearing_Hat": 0.0008902632398530841, "Wearing_Lipstick": 0.0002419336960883811, "Wearing_Necklace": 0.0003459516738075763, "Wearing_Necktie": 0.7718309164047241, "Young": 0.007440831977874041, "df_race": "latino hispanic", "df_race_prob": 30.962736125318543, "df_gender": "Man", "df_gender_prob": 99.92274045944214, "df_age": 39, "df_emotion": "sad", "df_emotion_prob": 82.17565204806948}