{"name": "John_Snow_0005.jpg", "5_o_Clock_Shadow": 0.00210961839184165, "Arched_Eyebrows": 0.00024559698067605495, "Attractive": 0.010310494340956211, "Bags_Under_Eyes": 0.3230859339237213, "Bald": 0.8140488862991333, "Bangs": 0.003530233632773161, "Big_Lips": 0.013365454971790314, "Big_Nose": 0.0867108553647995, "Black_Hair": 0.0017158230766654015, "Blond_Hair": 0.005492487456649542, "Blurry": 0.06843813508749008, "Brown_Hair": 0.0024391666520386934, "Bushy_Eyebrows": 0.001823778497055173, "Chubby": 0.22258535027503967, "Double_Chin": 0.14198380708694458, "Eyeglasses": 0.012698688544332981, "Goatee": 0.0014994221273809671, "Gray_Hair": 0.6047786474227905, "Heavy_Makeup": 0.0003203348896931857, "High_Cheekbones": 0.004105881322175264, "Male": 0.9975357055664062, "Mouth_Slightly_Open": 0.0031780272256582975, "Mustache": 0.0022406720090657473, "Narrow_Eyes": 0.13016055524349213, "No_Beard": 0.9948686361312866, "Oval_Face": 0.20537637174129486, "Pale_Skin": 0.066105917096138, "Pointy_Nose": 0.0581849031150341, "Receding_Hairline": 0.053649935871362686, "Rosy_Cheeks": 0.00017816017498262227, "Sideburns": 0.0013497453182935715, "Smiling": 0.003826529486104846, "Straight_Hair": 0.012345114722847939, "Wavy_Hair": 0.004899392370134592, "Wearing_Earrings": 0.0012932108948007226, "Wearing_Hat": 0.003092879429459572, "Wearing_Lipstick": 0.0005641948664560914, "Wearing_Necklace": 0.00047749094665050507, "Wearing_Necktie": 0.39325252175331116, "Young": 0.009500091895461082, "df_race": "white", "df_race_prob": 99.99926686282556, "df_gender": "Man", "df_gender_prob": 99.94578957557678, "df_age": 48, "df_emotion": "fear", "df_emotion_prob": 36.434945464134216}