{"name": "John_Bolton_0010.jpg", "5_o_Clock_Shadow": 0.0014854500768706203, "Arched_Eyebrows": 0.0001463676308048889, "Attractive": 0.0007293378585018218, "Bags_Under_Eyes": 0.06355942785739899, "Bald": 0.0020828419364988804, "Bangs": 0.01724068447947502, "Big_Lips": 0.006658007390797138, "Big_Nose": 0.2824587821960449, "Black_Hair": 0.0024881043937057257, "Blond_Hair": 0.009901751764118671, "Blurry": 0.12429390847682953, "Brown_Hair": 0.005225117318332195, "Bushy_Eyebrows": 0.00249651400372386, "Chubby": 0.1729598194360733, "Double_Chin": 0.06048641353845596, "Eyeglasses": 0.9733686447143555, "Goatee": 0.008522404357790947, "Gray_Hair": 0.8254057168960571, "Heavy_Makeup": 0.0003269761800765991, "High_Cheekbones": 0.028416479006409645, "Male": 0.9957798719406128, "Mouth_Slightly_Open": 0.08485524356365204, "Mustache": 0.5867525935173035, "Narrow_Eyes": 0.07231798768043518, "No_Beard": 0.20487752556800842, "Oval_Face": 0.06649429351091385, "Pale_Skin": 0.008125657215714455, "Pointy_Nose": 0.016525207087397575, "Receding_Hairline": 0.0034843995235860348, "Rosy_Cheeks": 0.0003980187757406384, "Sideburns": 0.007757903542369604, "Smiling": 0.0035244044847786427, "Straight_Hair": 0.23947149515151978, "Wavy_Hair": 0.042631570249795914, "Wearing_Earrings": 0.0011084297439083457, "Wearing_Hat": 0.0019706562161445618, "Wearing_Lipstick": 0.00023738550953567028, "Wearing_Necklace": 0.00116608792450279, "Wearing_Necktie": 0.13639774918556213, "Young": 0.0030055700335651636, "df_race": "white", "df_race_prob": 99.81523156166077, "df_gender": "Man", "df_gender_prob": 99.76305961608887, "df_age": 45, "df_emotion": "neutral", "df_emotion_prob": 42.92926788330078}