{"name": "Jolanta_Kwasniewski_0001.jpg", "5_o_Clock_Shadow": 0.0008758665644563735, "Arched_Eyebrows": 0.09968753159046173, "Attractive": 0.2302737683057785, "Bags_Under_Eyes": 0.050635188817977905, "Bald": 0.00031278692767955363, "Bangs": 0.022449292242527008, "Big_Lips": 0.04487385228276253, "Big_Nose": 0.011291863396763802, "Black_Hair": 0.015964394435286522, "Blond_Hair": 0.014888113364577293, "Blurry": 0.6276763081550598, "Brown_Hair": 0.15768712759017944, "Bushy_Eyebrows": 0.0006702338578179479, "Chubby": 0.011146152392029762, "Double_Chin": 0.00370192201808095, "Eyeglasses": 0.00048036681255325675, "Goatee": 0.00046717640361748636, "Gray_Hair": 0.002004071371629834, "Heavy_Makeup": 0.014331943355500698, "High_Cheekbones": 0.8891685605049133, "Male": 0.007684940937906504, "Mouth_Slightly_Open": 0.9965558052062988, "Mustache": 0.00047106953570619226, "Narrow_Eyes": 0.7036797404289246, "No_Beard": 0.9944932460784912, "Oval_Face": 0.4033718407154083, "Pale_Skin": 0.0890178382396698, "Pointy_Nose": 0.019827326759696007, "Receding_Hairline": 0.009198686107993126, "Rosy_Cheeks": 7.643223216291517e-05, "Sideburns": 0.0007681699935346842, "Smiling": 0.9901690483093262, "Straight_Hair": 0.06428295373916626, "Wavy_Hair": 0.09562867879867554, "Wearing_Earrings": 0.23531334102153778, "Wearing_Hat": 0.0004612972552422434, "Wearing_Lipstick": 0.041695911437273026, "Wearing_Necklace": 0.01322497520595789, "Wearing_Necktie": 0.0003782224957831204, "Young": 0.2831233739852905, "df_race": "latino hispanic", "df_race_prob": 28.55421006679535, "df_gender": "Woman", "df_gender_prob": 99.99991655349731, "df_age": 44, "df_emotion": "happy", "df_emotion_prob": 99.93115663528442}