{"name": "Jon_Gruden_0005.jpg", "5_o_Clock_Shadow": 0.06260403990745544, "Arched_Eyebrows": 0.00030451195198111236, "Attractive": 0.06318816542625427, "Bags_Under_Eyes": 0.42141103744506836, "Bald": 0.005762324668467045, "Bangs": 0.001527200685814023, "Big_Lips": 0.008902459405362606, "Big_Nose": 0.5611911416053772, "Black_Hair": 0.0011760796187445521, "Blond_Hair": 0.5115799307823181, "Blurry": 0.021889090538024902, "Brown_Hair": 0.007812162861227989, "Bushy_Eyebrows": 0.0006070761592127383, "Chubby": 0.17547476291656494, "Double_Chin": 0.18690253794193268, "Eyeglasses": 0.003024293342605233, "Goatee": 0.0013333141105249524, "Gray_Hair": 0.1402987241744995, "Heavy_Makeup": 0.0005401629605330527, "High_Cheekbones": 0.8758414387702942, "Male": 0.9982692003250122, "Mouth_Slightly_Open": 0.9927292466163635, "Mustache": 0.0008205304038710892, "Narrow_Eyes": 0.8498766422271729, "No_Beard": 0.9830201268196106, "Oval_Face": 0.3123778998851776, "Pale_Skin": 0.08398877829313278, "Pointy_Nose": 0.010134648531675339, "Receding_Hairline": 0.022967375814914703, "Rosy_Cheeks": 0.0006729423184879124, "Sideburns": 0.0019776460248976946, "Smiling": 0.9982427358627319, "Straight_Hair": 0.5775523781776428, "Wavy_Hair": 0.003993273712694645, "Wearing_Earrings": 0.0010113033931702375, "Wearing_Hat": 0.00020278501324355602, "Wearing_Lipstick": 0.00046734896022826433, "Wearing_Necklace": 0.0008075955556705594, "Wearing_Necktie": 0.06613745540380478, "Young": 0.17547497153282166, "df_race": "white", "df_race_prob": 99.99984502792358, "df_gender": "Man", "df_gender_prob": 99.99375343322754, "df_age": 28, "df_emotion": "happy", "df_emotion_prob": 99.97865557670593}