{"name": "Jon_Gruden_0006.jpg", "5_o_Clock_Shadow": 0.015307008288800716, "Arched_Eyebrows": 0.0004631462797988206, "Attractive": 0.04840449243783951, "Bags_Under_Eyes": 0.04634951055049896, "Bald": 0.00291069014929235, "Bangs": 0.0029045136179775, "Big_Lips": 0.019137287512421608, "Big_Nose": 0.06518088281154633, "Black_Hair": 0.0010012806160375476, "Blond_Hair": 0.4723447859287262, "Blurry": 0.0883474126458168, "Brown_Hair": 0.008066755719482899, "Bushy_Eyebrows": 0.00012883218005299568, "Chubby": 0.034653931856155396, "Double_Chin": 0.014608735218644142, "Eyeglasses": 0.0024858603719621897, "Goatee": 0.000992459012195468, "Gray_Hair": 0.1113983765244484, "Heavy_Makeup": 0.0013545467518270016, "High_Cheekbones": 0.01616053469479084, "Male": 0.9977530837059021, "Mouth_Slightly_Open": 0.7043184638023376, "Mustache": 0.0003711362660396844, "Narrow_Eyes": 0.274659663438797, "No_Beard": 0.9915044903755188, "Oval_Face": 0.3855810761451721, "Pale_Skin": 0.16624964773654938, "Pointy_Nose": 0.026303032413125038, "Receding_Hairline": 0.008443642407655716, "Rosy_Cheeks": 0.00014607427874580026, "Sideburns": 0.0006780557450838387, "Smiling": 0.019936492666602135, "Straight_Hair": 0.6108068227767944, "Wavy_Hair": 0.006101944949477911, "Wearing_Earrings": 0.0012534179259091616, "Wearing_Hat": 0.0001978843502001837, "Wearing_Lipstick": 0.0013325816253200173, "Wearing_Necklace": 0.001587633159942925, "Wearing_Necktie": 0.02633628249168396, "Young": 0.44708430767059326, "df_race": "white", "df_race_prob": 100.0, "df_gender": "Man", "df_gender_prob": 99.99659061431885, "df_age": 27, "df_emotion": "neutral", "df_emotion_prob": 43.26879680156708}