{"name": "Jon_Corzine_0003.jpg", "5_o_Clock_Shadow": 0.045130372047424316, "Arched_Eyebrows": 9.805769514059648e-05, "Attractive": 0.0025059364270418882, "Bags_Under_Eyes": 0.14673221111297607, "Bald": 0.8737496137619019, "Bangs": 0.001573146553710103, "Big_Lips": 0.014396821148693562, "Big_Nose": 0.36382198333740234, "Black_Hair": 0.0012299235677346587, "Blond_Hair": 0.0033279049675911665, "Blurry": 0.24521410465240479, "Brown_Hair": 0.005319247022271156, "Bushy_Eyebrows": 0.00040637727943249047, "Chubby": 0.4769909977912903, "Double_Chin": 0.13306255638599396, "Eyeglasses": 0.9837356209754944, "Goatee": 0.18198628723621368, "Gray_Hair": 0.45989206433296204, "Heavy_Makeup": 0.0001372762053506449, "High_Cheekbones": 0.09413174539804459, "Male": 0.9991965889930725, "Mouth_Slightly_Open": 0.41723084449768066, "Mustache": 0.02136419527232647, "Narrow_Eyes": 0.24074143171310425, "No_Beard": 0.1787826120853424, "Oval_Face": 0.4344113767147064, "Pale_Skin": 0.019427450373768806, "Pointy_Nose": 0.027764303609728813, "Receding_Hairline": 0.2530946433544159, "Rosy_Cheeks": 0.00010408899106550962, "Sideburns": 0.43384382128715515, "Smiling": 0.5752488374710083, "Straight_Hair": 0.01116996444761753, "Wavy_Hair": 0.0058586555533111095, "Wearing_Earrings": 0.00045379350194707513, "Wearing_Hat": 0.0013614360941573977, "Wearing_Lipstick": 8.138122211676091e-05, "Wearing_Necklace": 0.0007961424998939037, "Wearing_Necktie": 0.17885997891426086, "Young": 0.008065801113843918, "df_race": "white", "df_race_prob": 95.00828385353088, "df_gender": "Man", "df_gender_prob": 99.78785514831543, "df_age": 42, "df_emotion": "happy", "df_emotion_prob": 99.99993443488684}