{"name": "Jonathan_Mostow_0001.jpg", "5_o_Clock_Shadow": 0.16563938558101654, "Arched_Eyebrows": 0.0006385591113939881, "Attractive": 0.004096961114555597, "Bags_Under_Eyes": 0.14761827886104584, "Bald": 0.08771952241659164, "Bangs": 0.0004730758082587272, "Big_Lips": 0.022531501948833466, "Big_Nose": 0.28643426299095154, "Black_Hair": 0.007523472886532545, "Blond_Hair": 0.0018482544692233205, "Blurry": 0.23238155245780945, "Brown_Hair": 0.008169189095497131, "Bushy_Eyebrows": 0.0007056284812279046, "Chubby": 0.4071551561355591, "Double_Chin": 0.3013094365596771, "Eyeglasses": 0.9839507341384888, "Goatee": 0.01703045517206192, "Gray_Hair": 0.10176403075456619, "Heavy_Makeup": 3.180676867486909e-05, "High_Cheekbones": 0.21191778779029846, "Male": 0.999515175819397, "Mouth_Slightly_Open": 0.9069544076919556, "Mustache": 0.0229360181838274, "Narrow_Eyes": 0.21209441125392914, "No_Beard": 0.41272056102752686, "Oval_Face": 0.253050833940506, "Pale_Skin": 0.016673317179083824, "Pointy_Nose": 0.0461309514939785, "Receding_Hairline": 0.42694687843322754, "Rosy_Cheeks": 5.611123197013512e-05, "Sideburns": 0.01840205304324627, "Smiling": 0.980762779712677, "Straight_Hair": 0.13833865523338318, "Wavy_Hair": 0.0021678477060049772, "Wearing_Earrings": 0.0003294562629889697, "Wearing_Hat": 0.00036415603244677186, "Wearing_Lipstick": 8.75994301168248e-05, "Wearing_Necklace": 0.0010923304362222552, "Wearing_Necktie": 0.02544349431991577, "Young": 0.01991645246744156, "df_race": "white", "df_race_prob": 44.6817547082901, "df_gender": "Man", "df_gender_prob": 99.99175071716309, "df_age": 37, "df_emotion": "happy", "df_emotion_prob": 99.95545744895935}