{"name": "Jonathan_Tiomkin_0001.jpg", "5_o_Clock_Shadow": 0.025953534990549088, "Arched_Eyebrows": 0.0008056658552959561, "Attractive": 0.19389957189559937, "Bags_Under_Eyes": 0.2008959800004959, "Bald": 0.0028287165332585573, "Bangs": 0.00017338452744297683, "Big_Lips": 0.005274109076708555, "Big_Nose": 0.05650637298822403, "Black_Hair": 0.0013572605093941092, "Blond_Hair": 0.07227769494056702, "Blurry": 0.013366763480007648, "Brown_Hair": 0.07831612974405289, "Bushy_Eyebrows": 0.0011932486668229103, "Chubby": 0.00835452601313591, "Double_Chin": 0.0018797152442857623, "Eyeglasses": 0.0003157492319587618, "Goatee": 0.0002003875997615978, "Gray_Hair": 0.00546405790373683, "Heavy_Makeup": 0.0002603184257168323, "High_Cheekbones": 0.3195154368877411, "Male": 0.9900027513504028, "Mouth_Slightly_Open": 0.018113356083631516, "Mustache": 0.00013227990712039173, "Narrow_Eyes": 0.06352236121892929, "No_Beard": 0.9947463274002075, "Oval_Face": 0.6058310270309448, "Pale_Skin": 0.039952509105205536, "Pointy_Nose": 0.01649034023284912, "Receding_Hairline": 0.0553191602230072, "Rosy_Cheeks": 4.161733158980496e-05, "Sideburns": 0.0005354831228032708, "Smiling": 0.3278452157974243, "Straight_Hair": 0.22641615569591522, "Wavy_Hair": 0.003497422207146883, "Wearing_Earrings": 0.0023588838521391153, "Wearing_Hat": 0.00037381521542556584, "Wearing_Lipstick": 0.00014501440455205739, "Wearing_Necklace": 0.0007758481660857797, "Wearing_Necktie": 0.0022164646070450544, "Young": 0.9648784399032593, "df_race": "white", "df_race_prob": 99.3626594543457, "df_gender": "Man", "df_gender_prob": 99.94562268257141, "df_age": 24, "df_emotion": "sad", "df_emotion_prob": 54.387277364730835}