{"name": "Jonathan_Edwards_0005.jpg", "5_o_Clock_Shadow": 0.12771113216876984, "Arched_Eyebrows": 0.005015128757804632, "Attractive": 0.04114149883389473, "Bags_Under_Eyes": 0.3464115560054779, "Bald": 0.0007776212296448648, "Bangs": 0.00021505990298464894, "Big_Lips": 0.0025735569652169943, "Big_Nose": 0.04515460506081581, "Black_Hair": 0.0015115702990442514, "Blond_Hair": 0.021905438974499702, "Blurry": 0.15295857191085815, "Brown_Hair": 0.009075302630662918, "Bushy_Eyebrows": 0.012675466015934944, "Chubby": 0.011317510157823563, "Double_Chin": 0.005150960758328438, "Eyeglasses": 0.0006484885234385729, "Goatee": 0.002853901358321309, "Gray_Hair": 0.4346763789653778, "Heavy_Makeup": 0.00013890501577407122, "High_Cheekbones": 0.27346694469451904, "Male": 0.9985785484313965, "Mouth_Slightly_Open": 0.010516589507460594, "Mustache": 0.0009443126618862152, "Narrow_Eyes": 0.07218172401189804, "No_Beard": 0.9190434813499451, "Oval_Face": 0.21794593334197998, "Pale_Skin": 0.014292484149336815, "Pointy_Nose": 0.025516152381896973, "Receding_Hairline": 0.015067927539348602, "Rosy_Cheeks": 5.0424481742084026e-05, "Sideburns": 0.0038467571139335632, "Smiling": 0.1386747658252716, "Straight_Hair": 0.3699527084827423, "Wavy_Hair": 0.01397173572331667, "Wearing_Earrings": 0.0008186011109501123, "Wearing_Hat": 0.0002816253690980375, "Wearing_Lipstick": 6.75807023071684e-05, "Wearing_Necklace": 0.0004768455110024661, "Wearing_Necktie": 0.004752038978040218, "Young": 0.2814706265926361, "df_race": "black", "df_race_prob": 80.25052547454834, "df_gender": "Man", "df_gender_prob": 69.91704106330872, "df_age": 27, "df_emotion": "happy", "df_emotion_prob": 75.71125320062004}