{"name": "Jonathan_Schroeder_0001.jpg", "5_o_Clock_Shadow": 0.027141783386468887, "Arched_Eyebrows": 0.0019970862194895744, "Attractive": 0.09051278978586197, "Bags_Under_Eyes": 0.17308665812015533, "Bald": 0.08686598390340805, "Bangs": 0.00039799106889404356, "Big_Lips": 0.05603470653295517, "Big_Nose": 0.1311795711517334, "Black_Hair": 0.0016854857094585896, "Blond_Hair": 0.04725894704461098, "Blurry": 0.1505449265241623, "Brown_Hair": 0.0033575817942619324, "Bushy_Eyebrows": 0.00031297936220653355, "Chubby": 0.02848955988883972, "Double_Chin": 0.004818070214241743, "Eyeglasses": 0.0016859180759638548, "Goatee": 0.0007939314818941057, "Gray_Hair": 0.033476315438747406, "Heavy_Makeup": 0.0005537072429433465, "High_Cheekbones": 0.004054809920489788, "Male": 0.9977644681930542, "Mouth_Slightly_Open": 0.0013192043406888843, "Mustache": 0.0013757324777543545, "Narrow_Eyes": 0.09827768057584763, "No_Beard": 0.9801833629608154, "Oval_Face": 0.1294962763786316, "Pale_Skin": 0.4103950560092926, "Pointy_Nose": 0.08082091808319092, "Receding_Hairline": 0.3649170994758606, "Rosy_Cheeks": 3.313219713163562e-05, "Sideburns": 0.0012396246893331409, "Smiling": 0.0017028829315677285, "Straight_Hair": 0.0555737242102623, "Wavy_Hair": 0.002995376940816641, "Wearing_Earrings": 0.0017218973953276873, "Wearing_Hat": 0.0004989668377675116, "Wearing_Lipstick": 0.0008168595377355814, "Wearing_Necklace": 0.0006295029888860881, "Wearing_Necktie": 0.34408900141716003, "Young": 0.6472070217132568, "df_race": "white", "df_race_prob": 59.07615423202515, "df_gender": "Man", "df_gender_prob": 99.62782263755798, "df_age": 28, "df_emotion": "sad", "df_emotion_prob": 89.44551944732666}