{"name": "Jonathan_Woodgate_0001.jpg", "5_o_Clock_Shadow": 0.03461691737174988, "Arched_Eyebrows": 0.046605609357357025, "Attractive": 0.41048967838287354, "Bags_Under_Eyes": 0.0831684097647667, "Bald": 0.0007050695130601525, "Bangs": 0.00017474766355007887, "Big_Lips": 0.004250614903867245, "Big_Nose": 0.03612156957387924, "Black_Hair": 0.026599416509270668, "Blond_Hair": 0.003670183941721916, "Blurry": 0.14871951937675476, "Brown_Hair": 0.06371695548295975, "Bushy_Eyebrows": 0.048320114612579346, "Chubby": 0.001915625762194395, "Double_Chin": 0.00201797834597528, "Eyeglasses": 0.0005649584345519543, "Goatee": 0.00025523919612169266, "Gray_Hair": 0.005870709661394358, "Heavy_Makeup": 0.0005209685186855495, "High_Cheekbones": 0.13087254762649536, "Male": 0.998011589050293, "Mouth_Slightly_Open": 0.27581286430358887, "Mustache": 0.0005260913167148829, "Narrow_Eyes": 0.00441918196156621, "No_Beard": 0.9906572103500366, "Oval_Face": 0.26567012071609497, "Pale_Skin": 0.04895346239209175, "Pointy_Nose": 0.1360270380973816, "Receding_Hairline": 0.018137797713279724, "Rosy_Cheeks": 0.00012544644414447248, "Sideburns": 0.0002620743471197784, "Smiling": 0.5304755568504333, "Straight_Hair": 0.5177578330039978, "Wavy_Hair": 0.0060663591139018536, "Wearing_Earrings": 0.0008254120475612581, "Wearing_Hat": 0.0003190481220372021, "Wearing_Lipstick": 0.0006208476261235774, "Wearing_Necklace": 0.00025163384270854294, "Wearing_Necktie": 0.5239898562431335, "Young": 0.6095654964447021, "df_race": "white", "df_race_prob": 89.908732186707, "df_gender": "Man", "df_gender_prob": 99.88269209861755, "df_age": 33, "df_emotion": "happy", "df_emotion_prob": 53.043940844770724}