{"name": "Jorge_Enrique_Jimenez_0001.jpg", "5_o_Clock_Shadow": 0.0024803741835057735, "Arched_Eyebrows": 0.002091441536322236, "Attractive": 0.00123312184587121, "Bags_Under_Eyes": 0.1115064024925232, "Bald": 0.007962144911289215, "Bangs": 0.0007728496566414833, "Big_Lips": 0.01016349159181118, "Big_Nose": 0.37041154503822327, "Black_Hair": 0.0028939449694007635, "Blond_Hair": 0.004742119926959276, "Blurry": 0.06752170622348785, "Brown_Hair": 0.0012983271153643727, "Bushy_Eyebrows": 0.0006196446483954787, "Chubby": 0.43556493520736694, "Double_Chin": 0.36484506726264954, "Eyeglasses": 0.9824200868606567, "Goatee": 0.0005545472959056497, "Gray_Hair": 0.9446616768836975, "Heavy_Makeup": 0.0002560862631071359, "High_Cheekbones": 0.01704586111009121, "Male": 0.9865998029708862, "Mouth_Slightly_Open": 0.013712416402995586, "Mustache": 0.0011639982694759965, "Narrow_Eyes": 0.0037693404592573643, "No_Beard": 0.9846770763397217, "Oval_Face": 0.13784843683242798, "Pale_Skin": 0.018932973966002464, "Pointy_Nose": 0.012721199542284012, "Receding_Hairline": 0.5832926630973816, "Rosy_Cheeks": 0.00022843894839752465, "Sideburns": 0.0014023107942193747, "Smiling": 0.004691715817898512, "Straight_Hair": 0.3357764482498169, "Wavy_Hair": 0.003800338367000222, "Wearing_Earrings": 0.0020762209314852953, "Wearing_Hat": 0.0006769635365344584, "Wearing_Lipstick": 0.00039415567880496383, "Wearing_Necklace": 0.0016659240936860442, "Wearing_Necktie": 0.026103004813194275, "Young": 0.012525307014584541, "df_race": "latino hispanic", "df_race_prob": 30.245128899232018, "df_gender": "Man", "df_gender_prob": 99.98316764831543, "df_age": 39, "df_emotion": "angry", "df_emotion_prob": 50.23358167610059}