{"name": "Joschka_Fischer_0007.jpg", "5_o_Clock_Shadow": 0.005340167321264744, "Arched_Eyebrows": 0.014943891204893589, "Attractive": 0.002083828207105398, "Bags_Under_Eyes": 0.24139246344566345, "Bald": 0.0013467868557199836, "Bangs": 0.03144834563136101, "Big_Lips": 0.011134034022688866, "Big_Nose": 0.7568915486335754, "Black_Hair": 0.01680702716112137, "Blond_Hair": 0.021047892048954964, "Blurry": 0.16575103998184204, "Brown_Hair": 0.001347456476651132, "Bushy_Eyebrows": 0.005853209178894758, "Chubby": 0.6326936483383179, "Double_Chin": 0.6419597864151001, "Eyeglasses": 0.946115255355835, "Goatee": 0.00038484696415252984, "Gray_Hair": 0.8291687965393066, "Heavy_Makeup": 0.0002915665099862963, "High_Cheekbones": 0.8717699646949768, "Male": 0.9767732620239258, "Mouth_Slightly_Open": 0.06883110105991364, "Mustache": 0.002913751872256398, "Narrow_Eyes": 0.1981293261051178, "No_Beard": 0.9885700345039368, "Oval_Face": 0.08882882446050644, "Pale_Skin": 0.043598175048828125, "Pointy_Nose": 0.007543534971773624, "Receding_Hairline": 0.0019599865190684795, "Rosy_Cheeks": 0.00033065860043279827, "Sideburns": 0.0014210910303518176, "Smiling": 0.9616571068763733, "Straight_Hair": 0.5223056674003601, "Wavy_Hair": 0.0188647098839283, "Wearing_Earrings": 0.0012048417702317238, "Wearing_Hat": 0.0005781261716037989, "Wearing_Lipstick": 0.000625274027697742, "Wearing_Necklace": 0.0013664683792740107, "Wearing_Necktie": 0.3968828022480011, "Young": 0.010930356569588184, "df_race": "white", "df_race_prob": 42.97217386795126, "df_gender": "Man", "df_gender_prob": 99.97544884681702, "df_age": 57, "df_emotion": "happy", "df_emotion_prob": 99.99979734420776}