{"name": "Joschka_Fischer_0009.jpg", "5_o_Clock_Shadow": 0.005227916408330202, "Arched_Eyebrows": 0.021112484857439995, "Attractive": 0.0034705717116594315, "Bags_Under_Eyes": 0.03713463246822357, "Bald": 0.001051262835972011, "Bangs": 0.05270913988351822, "Big_Lips": 0.004812606610357761, "Big_Nose": 0.3462603986263275, "Black_Hair": 0.016719043254852295, "Blond_Hair": 0.003492451971396804, "Blurry": 0.06525581330060959, "Brown_Hair": 0.002501085167750716, "Bushy_Eyebrows": 0.016541754826903343, "Chubby": 0.3844231963157654, "Double_Chin": 0.3129088580608368, "Eyeglasses": 0.9641006588935852, "Goatee": 0.00043004474719054997, "Gray_Hair": 0.8534219861030579, "Heavy_Makeup": 0.0014937793603166938, "High_Cheekbones": 0.08345145732164383, "Male": 0.9923989176750183, "Mouth_Slightly_Open": 0.012043625116348267, "Mustache": 0.0032332404516637325, "Narrow_Eyes": 0.002767945872619748, "No_Beard": 0.9848225116729736, "Oval_Face": 0.19093787670135498, "Pale_Skin": 0.02101498283445835, "Pointy_Nose": 0.01737503707408905, "Receding_Hairline": 0.0011028958251699805, "Rosy_Cheeks": 0.0004571892786771059, "Sideburns": 0.001619394519366324, "Smiling": 0.030259132385253906, "Straight_Hair": 0.5412024259567261, "Wavy_Hair": 0.009658550843596458, "Wearing_Earrings": 0.0007250990020111203, "Wearing_Hat": 0.0009551169932819903, "Wearing_Lipstick": 0.0010165084386244416, "Wearing_Necklace": 0.0012479840079322457, "Wearing_Necktie": 0.3302638530731201, "Young": 0.010812189429998398, "df_race": "white", "df_race_prob": 91.96555614471436, "df_gender": "Man", "df_gender_prob": 99.75360631942749, "df_age": 47, "df_emotion": "fear", "df_emotion_prob": 64.16375041007996}