{"name": "Jose_Manuel_Durao_Barroso_0002.jpg", "5_o_Clock_Shadow": 0.014759991317987442, "Arched_Eyebrows": 0.003026434453204274, "Attractive": 0.023720083758234978, "Bags_Under_Eyes": 0.47368574142456055, "Bald": 0.0025337336119264364, "Bangs": 0.0007267118198797107, "Big_Lips": 0.004975775722414255, "Big_Nose": 0.7211941480636597, "Black_Hair": 0.03250258043408394, "Blond_Hair": 0.00682001281529665, "Blurry": 0.09846130013465881, "Brown_Hair": 0.02813762053847313, "Bushy_Eyebrows": 0.00030916050309315324, "Chubby": 0.5324251055717468, "Double_Chin": 0.379057377576828, "Eyeglasses": 0.0024635926820337772, "Goatee": 0.0007729892386123538, "Gray_Hair": 0.10427563637495041, "Heavy_Makeup": 0.0002526516909711063, "High_Cheekbones": 0.8492146730422974, "Male": 0.9979082345962524, "Mouth_Slightly_Open": 0.9546756744384766, "Mustache": 0.001214045681990683, "Narrow_Eyes": 0.30546537041664124, "No_Beard": 0.982524573802948, "Oval_Face": 0.27816447615623474, "Pale_Skin": 0.0421200655400753, "Pointy_Nose": 0.0130926463752985, "Receding_Hairline": 0.027358196675777435, "Rosy_Cheeks": 0.0006001464207656682, "Sideburns": 0.001585159683600068, "Smiling": 0.9876640439033508, "Straight_Hair": 0.81090247631073, "Wavy_Hair": 0.0029837223701179028, "Wearing_Earrings": 0.00042612801189534366, "Wearing_Hat": 0.00042817185749299824, "Wearing_Lipstick": 0.00022616291244048625, "Wearing_Necklace": 0.0002645761414896697, "Wearing_Necktie": 0.6384385228157043, "Young": 0.019693497568368912, "df_race": "white", "df_race_prob": 75.43607354164124, "df_gender": "Man", "df_gender_prob": 99.28800463676453, "df_age": 43, "df_emotion": "happy", "df_emotion_prob": 99.20713896793956}