{"name": "Jose_Sarney_0002.jpg", "5_o_Clock_Shadow": 0.0040496159344911575, "Arched_Eyebrows": 0.0009463888127356768, "Attractive": 0.0015618473989889026, "Bags_Under_Eyes": 0.08370053023099899, "Bald": 0.025859298184514046, "Bangs": 0.0003125222574453801, "Big_Lips": 0.006895141210407019, "Big_Nose": 0.2650357782840729, "Black_Hair": 0.005688096396625042, "Blond_Hair": 0.0021871118806302547, "Blurry": 0.3311227560043335, "Brown_Hair": 0.001287322025746107, "Bushy_Eyebrows": 0.0036122375167906284, "Chubby": 0.3134159445762634, "Double_Chin": 0.42077764868736267, "Eyeglasses": 0.8960359692573547, "Goatee": 0.0022873952984809875, "Gray_Hair": 0.8278934359550476, "Heavy_Makeup": 8.485367288812995e-05, "High_Cheekbones": 0.04810798168182373, "Male": 0.9980454444885254, "Mouth_Slightly_Open": 0.15007245540618896, "Mustache": 0.12603390216827393, "Narrow_Eyes": 0.024964941665530205, "No_Beard": 0.6084204316139221, "Oval_Face": 0.1503460705280304, "Pale_Skin": 0.04547955095767975, "Pointy_Nose": 0.03600578010082245, "Receding_Hairline": 0.24016307294368744, "Rosy_Cheeks": 0.0001839197357185185, "Sideburns": 0.001056032720953226, "Smiling": 0.13177509605884552, "Straight_Hair": 0.1226099506020546, "Wavy_Hair": 0.003005577251315117, "Wearing_Earrings": 0.0002927997265942395, "Wearing_Hat": 0.000458643538877368, "Wearing_Lipstick": 0.00010332091187592596, "Wearing_Necklace": 0.00030581853934563696, "Wearing_Necktie": 0.5601880550384521, "Young": 0.00926089659333229, "df_race": "white", "df_race_prob": 40.64222872257233, "df_gender": "Man", "df_gender_prob": 96.82148694992065, "df_age": 32, "df_emotion": "fear", "df_emotion_prob": 81.917405128479}