{"name": "Joseph_Biden_0002.jpg", "5_o_Clock_Shadow": 0.019185910001397133, "Arched_Eyebrows": 0.0004510657163336873, "Attractive": 0.010899001732468605, "Bags_Under_Eyes": 0.2608938217163086, "Bald": 0.06906496733427048, "Bangs": 0.00040082502528093755, "Big_Lips": 0.007621098775416613, "Big_Nose": 0.19427131116390228, "Black_Hair": 0.0026777542661875486, "Blond_Hair": 0.00311780977062881, "Blurry": 0.29753628373146057, "Brown_Hair": 0.0011838226346299052, "Bushy_Eyebrows": 0.005662673152983189, "Chubby": 0.05659044533967972, "Double_Chin": 0.03760052099823952, "Eyeglasses": 0.008399523794651031, "Goatee": 0.0012168758548796177, "Gray_Hair": 0.8314271569252014, "Heavy_Makeup": 0.00010752906382549554, "High_Cheekbones": 0.0030432206112891436, "Male": 0.9995033740997314, "Mouth_Slightly_Open": 0.0024279127828776836, "Mustache": 0.004174269735813141, "Narrow_Eyes": 0.14423692226409912, "No_Beard": 0.9599019289016724, "Oval_Face": 0.11270055919885635, "Pale_Skin": 0.025310439988970757, "Pointy_Nose": 0.07827172428369522, "Receding_Hairline": 0.7243692874908447, "Rosy_Cheeks": 8.280366455437616e-05, "Sideburns": 0.004713286645710468, "Smiling": 0.0029476601630449295, "Straight_Hair": 0.08492919057607651, "Wavy_Hair": 0.005771533120423555, "Wearing_Earrings": 0.0003123450151178986, "Wearing_Hat": 0.000721009389963001, "Wearing_Lipstick": 9.606769162928686e-05, "Wearing_Necklace": 0.00035579135874286294, "Wearing_Necktie": 0.7833534479141235, "Young": 0.027968687936663628, "df_race": "white", "df_race_prob": 36.77679002285004, "df_gender": "Man", "df_gender_prob": 99.99817609786987, "df_age": 39, "df_emotion": "sad", "df_emotion_prob": 65.48134088516235}