{"name": "Joseph_Estrada_0004.jpg", "5_o_Clock_Shadow": 0.0204058475792408, "Arched_Eyebrows": 0.0008751632994972169, "Attractive": 0.01770712248980999, "Bags_Under_Eyes": 0.23582127690315247, "Bald": 0.0006903305766172707, "Bangs": 0.0017519397661089897, "Big_Lips": 0.011773504316806793, "Big_Nose": 0.0882299542427063, "Black_Hair": 0.5653101801872253, "Blond_Hair": 0.0006059152074158192, "Blurry": 0.043317340314388275, "Brown_Hair": 0.007556204218417406, "Bushy_Eyebrows": 0.003709722775965929, "Chubby": 0.10931753367185593, "Double_Chin": 0.020346904173493385, "Eyeglasses": 0.0024344942066818476, "Goatee": 0.05413056164979935, "Gray_Hair": 0.006962611805647612, "Heavy_Makeup": 0.00012421529390849173, "High_Cheekbones": 0.04410241171717644, "Male": 0.9989117383956909, "Mouth_Slightly_Open": 0.015465556643903255, "Mustache": 0.8374798893928528, "Narrow_Eyes": 0.07059577852487564, "No_Beard": 0.09336712211370468, "Oval_Face": 0.24387876689434052, "Pale_Skin": 0.0067457654513418674, "Pointy_Nose": 0.02010718733072281, "Receding_Hairline": 0.0029910083394497633, "Rosy_Cheeks": 0.00014990671479608864, "Sideburns": 0.008830862119793892, "Smiling": 0.0019049020484089851, "Straight_Hair": 0.8145202994346619, "Wavy_Hair": 0.003525025909766555, "Wearing_Earrings": 0.0008904910064302385, "Wearing_Hat": 0.0014304154319688678, "Wearing_Lipstick": 0.0002154044632334262, "Wearing_Necklace": 0.00040576813626103103, "Wearing_Necktie": 0.057570263743400574, "Young": 0.15081177651882172, "df_race": "asian", "df_race_prob": 47.0941036939621, "df_gender": "Man", "df_gender_prob": 99.97146725654602, "df_age": 47, "df_emotion": "neutral", "df_emotion_prob": 74.13208484649658}