{"name": "Jose_Bove_0001.jpg", "5_o_Clock_Shadow": 0.00994059443473816, "Arched_Eyebrows": 0.0007956332410685718, "Attractive": 0.006702643819153309, "Bags_Under_Eyes": 0.5289119482040405, "Bald": 0.007564371917396784, "Bangs": 0.002701296703889966, "Big_Lips": 0.0017837384948506951, "Big_Nose": 0.42722028493881226, "Black_Hair": 0.00022685185831505805, "Blond_Hair": 0.1253567934036255, "Blurry": 0.16153621673583984, "Brown_Hair": 0.0033231463748961687, "Bushy_Eyebrows": 0.00010910051787504926, "Chubby": 0.23596297204494476, "Double_Chin": 0.11567308008670807, "Eyeglasses": 0.004345104098320007, "Goatee": 0.04370075464248657, "Gray_Hair": 0.8652607798576355, "Heavy_Makeup": 6.56597621855326e-05, "High_Cheekbones": 0.4110499620437622, "Male": 0.992617666721344, "Mouth_Slightly_Open": 0.5843145847320557, "Mustache": 0.07429416477680206, "Narrow_Eyes": 0.4482402205467224, "No_Beard": 0.1772925704717636, "Oval_Face": 0.20865173637866974, "Pale_Skin": 0.037590138614177704, "Pointy_Nose": 0.016564732417464256, "Receding_Hairline": 0.13666746020317078, "Rosy_Cheeks": 0.00027655839221552014, "Sideburns": 0.069227434694767, "Smiling": 0.9795156121253967, "Straight_Hair": 0.015760963782668114, "Wavy_Hair": 0.11784631758928299, "Wearing_Earrings": 0.0008399967919103801, "Wearing_Hat": 0.0006743171252310276, "Wearing_Lipstick": 6.981542537687346e-05, "Wearing_Necklace": 0.0028187287971377373, "Wearing_Necktie": 0.00354047236032784, "Young": 0.023340776562690735, "df_race": "white", "df_race_prob": 30.021321174940923, "df_gender": "Man", "df_gender_prob": 99.99809265136719, "df_age": 37, "df_emotion": "happy", "df_emotion_prob": 98.88316379584835}