{"name": "Jose_Maria_Aznar_0015.jpg", "5_o_Clock_Shadow": 0.36160144209861755, "Arched_Eyebrows": 0.002278286498039961, "Attractive": 0.16867150366306305, "Bags_Under_Eyes": 0.021576356142759323, "Bald": 0.00024483384913764894, "Bangs": 0.00028093508444726467, "Big_Lips": 0.012887117452919483, "Big_Nose": 0.029857950285077095, "Black_Hair": 0.026410911232233047, "Blond_Hair": 0.0014269970124587417, "Blurry": 0.035968758165836334, "Brown_Hair": 0.15674087405204773, "Bushy_Eyebrows": 0.04500794783234596, "Chubby": 0.0007290286594070494, "Double_Chin": 0.0006845156894996762, "Eyeglasses": 0.0026073807384818792, "Goatee": 0.007973795756697655, "Gray_Hair": 0.003950589336454868, "Heavy_Makeup": 0.0001375031133648008, "High_Cheekbones": 0.0065567754209041595, "Male": 0.9995129108428955, "Mouth_Slightly_Open": 0.042223893105983734, "Mustache": 0.06884124875068665, "Narrow_Eyes": 0.012460239231586456, "No_Beard": 0.46170666813850403, "Oval_Face": 0.05453517660498619, "Pale_Skin": 0.0192706435918808, "Pointy_Nose": 0.23098358511924744, "Receding_Hairline": 0.003332950873300433, "Rosy_Cheeks": 2.032291013165377e-05, "Sideburns": 0.008438079617917538, "Smiling": 0.0010759311262518167, "Straight_Hair": 0.5811888575553894, "Wavy_Hair": 0.015195541083812714, "Wearing_Earrings": 0.0005836855852976441, "Wearing_Hat": 0.00037537378375418484, "Wearing_Lipstick": 0.00019373802933841944, "Wearing_Necklace": 0.0003077131405007094, "Wearing_Necktie": 0.013631993904709816, "Young": 0.553866982460022, "df_race": "middle eastern", "df_race_prob": 96.94294965947275, "df_gender": "Man", "df_gender_prob": 100.0, "df_age": 32, "df_emotion": "fear", "df_emotion_prob": 39.68247709765894}