{"name": "Joseph_Deiss_0003.jpg", "5_o_Clock_Shadow": 0.004877923987805843, "Arched_Eyebrows": 0.0008621681481599808, "Attractive": 0.006744117476046085, "Bags_Under_Eyes": 0.044199343770742416, "Bald": 0.14409993588924408, "Bangs": 0.0008447517757304013, "Big_Lips": 0.0018946463242173195, "Big_Nose": 0.10613551735877991, "Black_Hair": 0.0015129577368497849, "Blond_Hair": 0.031495679169893265, "Blurry": 0.13778100907802582, "Brown_Hair": 0.0024356096982955933, "Bushy_Eyebrows": 0.00018735494813881814, "Chubby": 0.030469786375761032, "Double_Chin": 0.041635237634181976, "Eyeglasses": 0.9916895627975464, "Goatee": 0.0016889128601178527, "Gray_Hair": 0.8638729453086853, "Heavy_Makeup": 0.00024045341706369072, "High_Cheekbones": 0.14707021415233612, "Male": 0.9983848333358765, "Mouth_Slightly_Open": 0.9102951288223267, "Mustache": 0.0020012143068015575, "Narrow_Eyes": 0.01925775408744812, "No_Beard": 0.9799982905387878, "Oval_Face": 0.271664023399353, "Pale_Skin": 0.021872401237487793, "Pointy_Nose": 0.15674123167991638, "Receding_Hairline": 0.7109200954437256, "Rosy_Cheeks": 0.0003591052955016494, "Sideburns": 0.0008744268561713398, "Smiling": 0.8201308250427246, "Straight_Hair": 0.13497593998908997, "Wavy_Hair": 0.0025298246182501316, "Wearing_Earrings": 0.00041077041532844305, "Wearing_Hat": 0.0001845940132625401, "Wearing_Lipstick": 0.0001842347701312974, "Wearing_Necklace": 0.0005189048242755234, "Wearing_Necktie": 0.475697785615921, "Young": 0.020064877346158028, "df_race": "white", "df_race_prob": 99.99310970306396, "df_gender": "Man", "df_gender_prob": 99.92526173591614, "df_age": 43, "df_emotion": "happy", "df_emotion_prob": 99.89251494407654}