{"name": "Jose_Luis_Santiago_Vasconcelos_0001.jpg", "5_o_Clock_Shadow": 0.011401541531085968, "Arched_Eyebrows": 0.0152576370164752, "Attractive": 0.0134736942127347, "Bags_Under_Eyes": 0.08236124366521835, "Bald": 0.0011138332774862647, "Bangs": 0.0004540903610177338, "Big_Lips": 0.07259049266576767, "Big_Nose": 0.2747790515422821, "Black_Hair": 0.03264300525188446, "Blond_Hair": 0.0018213572911918163, "Blurry": 0.06603802740573883, "Brown_Hair": 0.006176176480948925, "Bushy_Eyebrows": 0.11259687691926956, "Chubby": 0.6323566436767578, "Double_Chin": 0.23907369375228882, "Eyeglasses": 0.0021947233472019434, "Goatee": 0.0003277661162428558, "Gray_Hair": 0.19482657313346863, "Heavy_Makeup": 0.0017531150951981544, "High_Cheekbones": 0.016591155901551247, "Male": 0.9981926083564758, "Mouth_Slightly_Open": 0.31085118651390076, "Mustache": 0.001969660632312298, "Narrow_Eyes": 0.09030988067388535, "No_Beard": 0.9934542179107666, "Oval_Face": 0.3137770891189575, "Pale_Skin": 0.03196129575371742, "Pointy_Nose": 0.09933246672153473, "Receding_Hairline": 0.009353123605251312, "Rosy_Cheeks": 0.00021427088358905166, "Sideburns": 0.0007313266396522522, "Smiling": 0.003361656330525875, "Straight_Hair": 0.47332504391670227, "Wavy_Hair": 0.026937734335660934, "Wearing_Earrings": 0.000561974011361599, "Wearing_Hat": 0.00034466799115762115, "Wearing_Lipstick": 0.0012655972968786955, "Wearing_Necklace": 0.0007509581046178937, "Wearing_Necktie": 0.5146681070327759, "Young": 0.026632070541381836, "df_race": "latino hispanic", "df_race_prob": 63.45675587654114, "df_gender": "Man", "df_gender_prob": 99.95695948600769, "df_age": 44, "df_emotion": "sad", "df_emotion_prob": 54.44461703300476}