{"name": "Jose_Woldenberg_0001.jpg", "5_o_Clock_Shadow": 0.02153436467051506, "Arched_Eyebrows": 0.016659624874591827, "Attractive": 0.00967123918235302, "Bags_Under_Eyes": 0.010516142472624779, "Bald": 0.0006277301581576467, "Bangs": 0.00834142416715622, "Big_Lips": 0.0569923110306263, "Big_Nose": 0.05348853021860123, "Black_Hair": 0.05935131013393402, "Blond_Hair": 0.0011576826218515635, "Blurry": 0.15213344991207123, "Brown_Hair": 0.0227708350867033, "Bushy_Eyebrows": 0.12265099585056305, "Chubby": 0.018508784472942352, "Double_Chin": 0.021627256646752357, "Eyeglasses": 0.9743196964263916, "Goatee": 0.0010364060290157795, "Gray_Hair": 0.02127768285572529, "Heavy_Makeup": 0.0012952510733157396, "High_Cheekbones": 0.014290979132056236, "Male": 0.9948980212211609, "Mouth_Slightly_Open": 0.6455636024475098, "Mustache": 0.007423026487231255, "Narrow_Eyes": 0.006592144258320332, "No_Beard": 0.9644598960876465, "Oval_Face": 0.2323322892189026, "Pale_Skin": 0.039808835834264755, "Pointy_Nose": 0.033960435539484024, "Receding_Hairline": 0.0006266216514632106, "Rosy_Cheeks": 5.710165714845061e-05, "Sideburns": 0.0004541009257081896, "Smiling": 0.011666919104754925, "Straight_Hair": 0.5607486963272095, "Wavy_Hair": 0.00612243264913559, "Wearing_Earrings": 0.00038317852886393666, "Wearing_Hat": 0.005527340341359377, "Wearing_Lipstick": 0.0025218166410923004, "Wearing_Necklace": 0.0005964896990917623, "Wearing_Necktie": 0.3708265423774719, "Young": 0.09575928002595901, "df_race": "white", "df_race_prob": 74.65039197797871, "df_gender": "Man", "df_gender_prob": 99.72246885299683, "df_age": 32, "df_emotion": "fear", "df_emotion_prob": 73.9228279682603}