{"name": "Joy_Lee_Sadler_0001.jpg", "5_o_Clock_Shadow": 0.0005546075408346951, "Arched_Eyebrows": 0.0035193541552871466, "Attractive": 0.006028005387634039, "Bags_Under_Eyes": 0.003565677208825946, "Bald": 0.0011582854203879833, "Bangs": 0.10378330945968628, "Big_Lips": 0.01563548669219017, "Big_Nose": 0.02144167758524418, "Black_Hair": 0.002810864243656397, "Blond_Hair": 0.019819529727101326, "Blurry": 0.61448073387146, "Brown_Hair": 0.14745362102985382, "Bushy_Eyebrows": 0.0004170206666458398, "Chubby": 0.03174186497926712, "Double_Chin": 0.014708353206515312, "Eyeglasses": 0.9360504746437073, "Goatee": 0.0005478433449752629, "Gray_Hair": 0.05074373260140419, "Heavy_Makeup": 0.001616056775674224, "High_Cheekbones": 0.04222638159990311, "Male": 0.10518243163824081, "Mouth_Slightly_Open": 0.008561653085052967, "Mustache": 0.0013961743097752333, "Narrow_Eyes": 0.01607631891965866, "No_Beard": 0.9932435154914856, "Oval_Face": 0.12361504882574081, "Pale_Skin": 0.07928187400102615, "Pointy_Nose": 0.010284465737640858, "Receding_Hairline": 0.0038112173788249493, "Rosy_Cheeks": 0.00015306155546568334, "Sideburns": 0.0004630420880857855, "Smiling": 0.006188595201820135, "Straight_Hair": 0.24936166405677795, "Wavy_Hair": 0.020137988030910492, "Wearing_Earrings": 0.019864821806550026, "Wearing_Hat": 0.0009036757983267307, "Wearing_Lipstick": 0.0037008249200880527, "Wearing_Necklace": 0.01867697201669216, "Wearing_Necktie": 0.005491435527801514, "Young": 0.041094113141298294, "df_race": "white", "df_race_prob": 29.338297247886658, "df_gender": "Man", "df_gender_prob": 98.55982661247253, "df_age": 55, "df_emotion": "angry", "df_emotion_prob": 99.52806830406189}