{"name": "Juan_Valencia_Osorio_0002.jpg", "5_o_Clock_Shadow": 0.020225301384925842, "Arched_Eyebrows": 0.0005944139556959271, "Attractive": 0.007916719652712345, "Bags_Under_Eyes": 0.015370680019259453, "Bald": 0.000288311333861202, "Bangs": 0.0014725301880389452, "Big_Lips": 0.01203551422804594, "Big_Nose": 0.3560224771499634, "Black_Hair": 0.010742917656898499, "Blond_Hair": 0.0027270177379250526, "Blurry": 0.40663960576057434, "Brown_Hair": 0.064237579703331, "Bushy_Eyebrows": 0.007451285608112812, "Chubby": 0.05792071297764778, "Double_Chin": 0.00826787855476141, "Eyeglasses": 0.4986886978149414, "Goatee": 0.0007064459496177733, "Gray_Hair": 0.08183993399143219, "Heavy_Makeup": 0.00020434922771528363, "High_Cheekbones": 0.015514497645199299, "Male": 0.9905923008918762, "Mouth_Slightly_Open": 0.016961973160505295, "Mustache": 0.0039038495160639286, "Narrow_Eyes": 0.0018284025136381388, "No_Beard": 0.9354211688041687, "Oval_Face": 0.1400802582502365, "Pale_Skin": 0.014703107997775078, "Pointy_Nose": 0.010540930554270744, "Receding_Hairline": 0.0032722963951528072, "Rosy_Cheeks": 5.377441630116664e-05, "Sideburns": 0.001908401376567781, "Smiling": 0.0028365785256028175, "Straight_Hair": 0.2212965339422226, "Wavy_Hair": 0.05812263861298561, "Wearing_Earrings": 0.0013065302046015859, "Wearing_Hat": 0.0004140164237469435, "Wearing_Lipstick": 0.00014032561739441007, "Wearing_Necklace": 0.0009626385290175676, "Wearing_Necktie": 0.008988698944449425, "Young": 0.05439702421426773, "df_race": "latino hispanic", "df_race_prob": 31.8606436252594, "df_gender": "Man", "df_gender_prob": 99.77249503135681, "df_age": 24, "df_emotion": "angry", "df_emotion_prob": 96.1625997826338}