{"name": "Juan_Carlos_Ferrero_0011.jpg", "5_o_Clock_Shadow": 0.056904856115579605, "Arched_Eyebrows": 0.0024172405246645212, "Attractive": 0.01642967201769352, "Bags_Under_Eyes": 0.009377934038639069, "Bald": 0.0005411299644038081, "Bangs": 0.012574962340295315, "Big_Lips": 0.001054806518368423, "Big_Nose": 0.003892880165949464, "Black_Hair": 0.0010129058500751853, "Blond_Hair": 0.385071337223053, "Blurry": 0.37313827872276306, "Brown_Hair": 0.017148034647107124, "Bushy_Eyebrows": 0.0013217894593253732, "Chubby": 0.001966330921277404, "Double_Chin": 0.0009451736113987863, "Eyeglasses": 0.0014622965827584267, "Goatee": 0.0015628767432644963, "Gray_Hair": 0.09526535868644714, "Heavy_Makeup": 0.0005390139413066208, "High_Cheekbones": 0.050071705132722855, "Male": 0.9864371418952942, "Mouth_Slightly_Open": 0.01976238563656807, "Mustache": 0.0009622153011150658, "Narrow_Eyes": 0.13244444131851196, "No_Beard": 0.9559360146522522, "Oval_Face": 0.1793716847896576, "Pale_Skin": 0.010139868594706059, "Pointy_Nose": 0.11643601953983307, "Receding_Hairline": 0.0022930761333554983, "Rosy_Cheeks": 0.00017366000975016505, "Sideburns": 0.0018670682329684496, "Smiling": 0.0014837514609098434, "Straight_Hair": 0.07776616513729095, "Wavy_Hair": 0.12916146218776703, "Wearing_Earrings": 0.0015246020630002022, "Wearing_Hat": 0.0009060415322892368, "Wearing_Lipstick": 0.00014776659372728318, "Wearing_Necklace": 0.0038823108188807964, "Wearing_Necktie": 0.0013178098015487194, "Young": 0.8119890689849854, "df_race": "white", "df_race_prob": 74.06865799836267, "df_gender": "Man", "df_gender_prob": 99.80396628379822, "df_age": 25, "df_emotion": "sad", "df_emotion_prob": 86.79617564655398}