{"name": "Juan_Valencia_Osorio_0001.jpg", "5_o_Clock_Shadow": 0.010253792628645897, "Arched_Eyebrows": 0.0017400415381416678, "Attractive": 0.0008217937429435551, "Bags_Under_Eyes": 0.034637466073036194, "Bald": 0.0033731400035321712, "Bangs": 0.00038300250889733434, "Big_Lips": 0.05798704922199249, "Big_Nose": 0.6452004909515381, "Black_Hair": 0.024347899481654167, "Blond_Hair": 0.0018421121640130877, "Blurry": 0.12273190915584564, "Brown_Hair": 0.0022077334579080343, "Bushy_Eyebrows": 0.0064469329081475735, "Chubby": 0.2589358389377594, "Double_Chin": 0.2441985160112381, "Eyeglasses": 0.9916642904281616, "Goatee": 0.0003687528660520911, "Gray_Hair": 0.275136798620224, "Heavy_Makeup": 0.00017160901916213334, "High_Cheekbones": 0.0149063840508461, "Male": 0.9991777539253235, "Mouth_Slightly_Open": 0.7520323395729065, "Mustache": 0.0024437308311462402, "Narrow_Eyes": 0.014287070371210575, "No_Beard": 0.9897410869598389, "Oval_Face": 0.09670701622962952, "Pale_Skin": 0.009326009079813957, "Pointy_Nose": 0.0036351869348436594, "Receding_Hairline": 0.02505335956811905, "Rosy_Cheeks": 0.00012166352098574862, "Sideburns": 0.0003406565811019391, "Smiling": 0.004205915145576, "Straight_Hair": 0.39254623651504517, "Wavy_Hair": 0.004128672648221254, "Wearing_Earrings": 0.001317728077992797, "Wearing_Hat": 0.001855518319644034, "Wearing_Lipstick": 0.0003101069014519453, "Wearing_Necklace": 0.001038633519783616, "Wearing_Necktie": 0.7156959772109985, "Young": 0.008021295070648193, "df_race": "asian", "df_race_prob": 33.14268488542348, "df_gender": "Man", "df_gender_prob": 99.90271329879761, "df_age": 43, "df_emotion": "fear", "df_emotion_prob": 87.54836916923523}