{"name": "Juan_Carlos_Ferrero_0003.jpg", "5_o_Clock_Shadow": 0.8362987041473389, "Arched_Eyebrows": 0.0006947651272639632, "Attractive": 0.48152315616607666, "Bags_Under_Eyes": 0.023626403883099556, "Bald": 0.0005986359901726246, "Bangs": 0.005330740939825773, "Big_Lips": 0.028047626838088036, "Big_Nose": 0.120810866355896, "Black_Hair": 0.0010392125695943832, "Blond_Hair": 0.42161843180656433, "Blurry": 0.10420680791139603, "Brown_Hair": 0.010784770362079144, "Bushy_Eyebrows": 0.0008471684413962066, "Chubby": 0.0008564754389226437, "Double_Chin": 0.000678977754432708, "Eyeglasses": 0.0019443228375166655, "Goatee": 0.014020123519003391, "Gray_Hair": 0.05290673300623894, "Heavy_Makeup": 0.0002474960929248482, "High_Cheekbones": 0.018069829791784286, "Male": 0.9997324347496033, "Mouth_Slightly_Open": 0.007708740886300802, "Mustache": 0.020487410947680473, "Narrow_Eyes": 0.00874532200396061, "No_Beard": 0.17725282907485962, "Oval_Face": 0.07543077319860458, "Pale_Skin": 0.032632555812597275, "Pointy_Nose": 0.4054914712905884, "Receding_Hairline": 0.0011504911817610264, "Rosy_Cheeks": 0.00016051136481110007, "Sideburns": 0.012285136617720127, "Smiling": 0.04692813754081726, "Straight_Hair": 0.35246706008911133, "Wavy_Hair": 0.029001999646425247, "Wearing_Earrings": 0.0005703195347450674, "Wearing_Hat": 0.0003383370931260288, "Wearing_Lipstick": 0.00034903158666566014, "Wearing_Necklace": 0.002904668217524886, "Wearing_Necktie": 0.0014889395097270608, "Young": 0.8772614002227783, "df_race": "white", "df_race_prob": 48.40010702610016, "df_gender": "Man", "df_gender_prob": 88.83313536643982, "df_age": 27, "df_emotion": "fear", "df_emotion_prob": 53.62756571934019}