{"name": "Judy_Spreckels_0001.jpg", "5_o_Clock_Shadow": 0.0010995535412803292, "Arched_Eyebrows": 0.3627535104751587, "Attractive": 0.22159124910831451, "Bags_Under_Eyes": 0.02868083119392395, "Bald": 0.00036723632365465164, "Bangs": 0.002085689455270767, "Big_Lips": 0.07063522934913635, "Big_Nose": 0.01469617523252964, "Black_Hair": 0.001342803006991744, "Blond_Hair": 0.3763267397880554, "Blurry": 0.18867744505405426, "Brown_Hair": 0.004906695336103439, "Bushy_Eyebrows": 0.0004242607101332396, "Chubby": 0.002857946790754795, "Double_Chin": 0.002441671909764409, "Eyeglasses": 0.00022923223150428385, "Goatee": 0.00014706572983413935, "Gray_Hair": 0.15485191345214844, "Heavy_Makeup": 0.012326634488999844, "High_Cheekbones": 0.44639402627944946, "Male": 0.022599322721362114, "Mouth_Slightly_Open": 0.9276452660560608, "Mustache": 0.00011026029096683487, "Narrow_Eyes": 0.03424539044499397, "No_Beard": 0.9985440969467163, "Oval_Face": 0.18962222337722778, "Pale_Skin": 0.47364312410354614, "Pointy_Nose": 0.22894422709941864, "Receding_Hairline": 0.018194695934653282, "Rosy_Cheeks": 0.00017117591050919145, "Sideburns": 0.0001474348537158221, "Smiling": 0.8378302454948425, "Straight_Hair": 0.04797849804162979, "Wavy_Hair": 0.3309341371059418, "Wearing_Earrings": 0.035379014909267426, "Wearing_Hat": 0.0002504194271750748, "Wearing_Lipstick": 0.05611168593168259, "Wearing_Necklace": 0.011162172071635723, "Wearing_Necktie": 0.0008393039461225271, "Young": 0.03573216497898102, "df_race": "white", "df_race_prob": 52.648890018463135, "df_gender": "Woman", "df_gender_prob": 99.99136924743652, "df_age": 32, "df_emotion": "happy", "df_emotion_prob": 86.79673075675964}