{"name": "Julien_Varlet_0001.jpg", "5_o_Clock_Shadow": 0.1342916339635849, "Arched_Eyebrows": 0.0006618551560677588, "Attractive": 0.035810645669698715, "Bags_Under_Eyes": 0.07596804946660995, "Bald": 0.001380185130983591, "Bangs": 0.0005342710646800697, "Big_Lips": 0.00469329534098506, "Big_Nose": 0.023318346589803696, "Black_Hair": 0.0020491445902734995, "Blond_Hair": 0.05579674616456032, "Blurry": 0.22647316753864288, "Brown_Hair": 0.140108123421669, "Bushy_Eyebrows": 0.00039247615495696664, "Chubby": 0.00430005369707942, "Double_Chin": 0.004122454673051834, "Eyeglasses": 0.0009853363735601306, "Goatee": 0.0025730784982442856, "Gray_Hair": 0.008710691705346107, "Heavy_Makeup": 0.00012769110617227852, "High_Cheekbones": 0.19591999053955078, "Male": 0.9956918358802795, "Mouth_Slightly_Open": 0.9852924942970276, "Mustache": 0.0020398059859871864, "Narrow_Eyes": 0.09807834774255753, "No_Beard": 0.8947080969810486, "Oval_Face": 0.09228022396564484, "Pale_Skin": 0.005375379230827093, "Pointy_Nose": 0.022247204557061195, "Receding_Hairline": 0.06609788537025452, "Rosy_Cheeks": 2.8700487746391445e-05, "Sideburns": 0.002553932834416628, "Smiling": 0.33040618896484375, "Straight_Hair": 0.3645889461040497, "Wavy_Hair": 0.013705459423363209, "Wearing_Earrings": 0.0012472787639126182, "Wearing_Hat": 0.0001799066667445004, "Wearing_Lipstick": 9.871027577901259e-05, "Wearing_Necklace": 0.0009173225844278932, "Wearing_Necktie": 0.0027147543150931597, "Young": 0.9034883379936218, "df_race": "white", "df_race_prob": 43.69268081740623, "df_gender": "Man", "df_gender_prob": 99.97935891151428, "df_age": 27, "df_emotion": "happy", "df_emotion_prob": 89.76361094496315}