{"name": "Julio_Iglesias_Jr_0001.jpg", "5_o_Clock_Shadow": 0.023729680106043816, "Arched_Eyebrows": 0.04317082092165947, "Attractive": 0.11161147803068161, "Bags_Under_Eyes": 0.003964745439589024, "Bald": 0.0002086677122861147, "Bangs": 0.0010840693721547723, "Big_Lips": 0.08763179183006287, "Big_Nose": 0.01958463340997696, "Black_Hair": 0.014470485970377922, "Blond_Hair": 0.017530743032693863, "Blurry": 0.03398270159959793, "Brown_Hair": 0.02714335173368454, "Bushy_Eyebrows": 0.18557220697402954, "Chubby": 0.0028656444046646357, "Double_Chin": 0.0005051494808867574, "Eyeglasses": 0.0003118056047242135, "Goatee": 0.000299373350571841, "Gray_Hair": 0.0012176742311567068, "Heavy_Makeup": 0.030577918514609337, "High_Cheekbones": 0.09855617582798004, "Male": 0.7446110844612122, "Mouth_Slightly_Open": 0.9528611302375793, "Mustache": 0.0003569719847291708, "Narrow_Eyes": 0.5237131714820862, "No_Beard": 0.9826868176460266, "Oval_Face": 0.3522682189941406, "Pale_Skin": 0.04044143855571747, "Pointy_Nose": 0.10841171443462372, "Receding_Hairline": 0.00172629882581532, "Rosy_Cheeks": 0.00026220083236694336, "Sideburns": 0.0002813996688928455, "Smiling": 0.03368385136127472, "Straight_Hair": 0.29359591007232666, "Wavy_Hair": 0.020610807463526726, "Wearing_Earrings": 0.005355814937502146, "Wearing_Hat": 0.0006723034312017262, "Wearing_Lipstick": 0.07778313755989075, "Wearing_Necklace": 0.004132076166570187, "Wearing_Necktie": 0.00024200383631978184, "Young": 0.8312833309173584, "df_race": "white", "df_race_prob": 40.80874567083988, "df_gender": "Man", "df_gender_prob": 99.0888237953186, "df_age": 24, "df_emotion": "neutral", "df_emotion_prob": 72.21547365188599}