{"name": "Julianne_Moore_0015.jpg", "5_o_Clock_Shadow": 0.0009303475962951779, "Arched_Eyebrows": 0.12029826641082764, "Attractive": 0.5475677251815796, "Bags_Under_Eyes": 0.011095162481069565, "Bald": 0.0004715194518212229, "Bangs": 0.0028183949179947376, "Big_Lips": 0.05781412869691849, "Big_Nose": 0.0037565557286143303, "Black_Hair": 0.000514831452164799, "Blond_Hair": 0.6660668849945068, "Blurry": 0.04271094873547554, "Brown_Hair": 0.04042555019259453, "Bushy_Eyebrows": 0.00010448995453771204, "Chubby": 0.0013203582493588328, "Double_Chin": 0.0006709062145091593, "Eyeglasses": 0.0002483501157257706, "Goatee": 0.00022198903025127947, "Gray_Hair": 0.004342926200479269, "Heavy_Makeup": 0.10978858917951584, "High_Cheekbones": 0.4969686269760132, "Male": 0.004599053878337145, "Mouth_Slightly_Open": 0.003008947242051363, "Mustache": 0.00019801572489086539, "Narrow_Eyes": 0.03412850201129913, "No_Beard": 0.9983000159263611, "Oval_Face": 0.20343933999538422, "Pale_Skin": 0.12990275025367737, "Pointy_Nose": 0.35593509674072266, "Receding_Hairline": 0.013704158365726471, "Rosy_Cheeks": 0.0006410747882910073, "Sideburns": 0.00042349216528236866, "Smiling": 0.3014579117298126, "Straight_Hair": 0.249491885304451, "Wavy_Hair": 0.028519006446003914, "Wearing_Earrings": 0.8380464911460876, "Wearing_Hat": 0.00016865339421201497, "Wearing_Lipstick": 0.3462427854537964, "Wearing_Necklace": 0.017171526327729225, "Wearing_Necktie": 0.0006019426509737968, "Young": 0.4709550440311432, "df_race": "white", "df_race_prob": 99.83065128326416, "df_gender": "Woman", "df_gender_prob": 99.99938011169434, "df_age": 34, "df_emotion": "neutral", "df_emotion_prob": 46.51092886924744}