{"name": "Julio_Cesar_Franco_0001.jpg", "5_o_Clock_Shadow": 0.008484055288136005, "Arched_Eyebrows": 0.0011837290367111564, "Attractive": 0.00273984856903553, "Bags_Under_Eyes": 0.6981842517852783, "Bald": 0.0026978293899446726, "Bangs": 0.0019401366589590907, "Big_Lips": 0.029846463352441788, "Big_Nose": 0.689481258392334, "Black_Hair": 0.005669550970196724, "Blond_Hair": 0.005618770606815815, "Blurry": 0.055889397859573364, "Brown_Hair": 0.059073321521282196, "Bushy_Eyebrows": 0.04881106689572334, "Chubby": 0.7732062339782715, "Double_Chin": 0.10406634211540222, "Eyeglasses": 0.0018026736797764897, "Goatee": 0.1732892245054245, "Gray_Hair": 0.09997695684432983, "Heavy_Makeup": 0.0002500226837582886, "High_Cheekbones": 0.7027573585510254, "Male": 0.9989033937454224, "Mouth_Slightly_Open": 0.1270836591720581, "Mustache": 0.03906073421239853, "Narrow_Eyes": 0.17361421883106232, "No_Beard": 0.06333475559949875, "Oval_Face": 0.27741721272468567, "Pale_Skin": 0.003085698466747999, "Pointy_Nose": 0.003621246898546815, "Receding_Hairline": 0.006979981902986765, "Rosy_Cheeks": 0.00023036236234474927, "Sideburns": 0.9067174196243286, "Smiling": 0.4081888496875763, "Straight_Hair": 0.7582181096076965, "Wavy_Hair": 0.004880667198449373, "Wearing_Earrings": 0.0007884124061092734, "Wearing_Hat": 0.0017832000739872456, "Wearing_Lipstick": 9.50846733758226e-05, "Wearing_Necklace": 0.00038534513441845775, "Wearing_Necktie": 0.10697607696056366, "Young": 0.021714165806770325, "df_race": "white", "df_race_prob": 46.11506462097168, "df_gender": "Man", "df_gender_prob": 99.91521835327148, "df_age": 38, "df_emotion": "sad", "df_emotion_prob": 71.41398617112554}