{"name": "Julianne_Moore_0003.jpg", "5_o_Clock_Shadow": 0.0008790920837782323, "Arched_Eyebrows": 0.3589911460876465, "Attractive": 0.6324763894081116, "Bags_Under_Eyes": 0.0015824150759726763, "Bald": 0.00036929993075318635, "Bangs": 0.0011033597402274609, "Big_Lips": 0.04834480211138725, "Big_Nose": 0.007687778677791357, "Black_Hair": 0.0015361272962763906, "Blond_Hair": 0.7358278036117554, "Blurry": 0.23248949646949768, "Brown_Hair": 0.0403679758310318, "Bushy_Eyebrows": 2.7908396077691577e-05, "Chubby": 0.0015701820375397801, "Double_Chin": 0.0023387945257127285, "Eyeglasses": 0.00037920993054285645, "Goatee": 0.0002422072138870135, "Gray_Hair": 0.007024658843874931, "Heavy_Makeup": 0.3858569264411926, "High_Cheekbones": 0.7676421999931335, "Male": 0.0012869297061115503, "Mouth_Slightly_Open": 0.39400213956832886, "Mustache": 0.00019790927763096988, "Narrow_Eyes": 0.007330199237912893, "No_Beard": 0.9981176853179932, "Oval_Face": 0.5089179873466492, "Pale_Skin": 0.09343075752258301, "Pointy_Nose": 0.4365314245223999, "Receding_Hairline": 0.04447874799370766, "Rosy_Cheeks": 0.006723205558955669, "Sideburns": 0.00038018051418475807, "Smiling": 0.9491140842437744, "Straight_Hair": 0.7442700266838074, "Wavy_Hair": 0.017211325466632843, "Wearing_Earrings": 0.6728286147117615, "Wearing_Hat": 0.00013781749294139445, "Wearing_Lipstick": 0.7619614005088806, "Wearing_Necklace": 0.030832678079605103, "Wearing_Necktie": 0.0007564710103906691, "Young": 0.5522670745849609, "df_race": "white", "df_race_prob": 99.9993324280581, "df_gender": "Woman", "df_gender_prob": 99.99949932098389, "df_age": 52, "df_emotion": "happy", "df_emotion_prob": 99.3933618068695}