{"name": "Junichiro_Koizumi_0028.jpg", "5_o_Clock_Shadow": 0.010010895319283009, "Arched_Eyebrows": 0.0022570041473954916, "Attractive": 0.014264733530580997, "Bags_Under_Eyes": 0.48320406675338745, "Bald": 0.0012445190222933888, "Bangs": 0.0008737767930142581, "Big_Lips": 0.0036465413868427277, "Big_Nose": 0.08936388045549393, "Black_Hair": 0.00641548540443182, "Blond_Hair": 0.007443607784807682, "Blurry": 0.11405638605356216, "Brown_Hair": 0.010263500735163689, "Bushy_Eyebrows": 0.0035802838392555714, "Chubby": 0.03849638253450394, "Double_Chin": 0.008012160658836365, "Eyeglasses": 0.002354244003072381, "Goatee": 0.0008392547606490552, "Gray_Hair": 0.544673502445221, "Heavy_Makeup": 0.00010826645302586257, "High_Cheekbones": 0.21573467552661896, "Male": 0.9943284392356873, "Mouth_Slightly_Open": 0.002884278539568186, "Mustache": 0.001579780480824411, "Narrow_Eyes": 0.31156623363494873, "No_Beard": 0.9873837828636169, "Oval_Face": 0.14829786121845245, "Pale_Skin": 0.018218910321593285, "Pointy_Nose": 0.018079986795783043, "Receding_Hairline": 0.03616854175925255, "Rosy_Cheeks": 0.0001929543213918805, "Sideburns": 0.0012442459119483829, "Smiling": 0.122147336602211, "Straight_Hair": 0.07142157107591629, "Wavy_Hair": 0.119685098528862, "Wearing_Earrings": 0.0005267104716040194, "Wearing_Hat": 0.0004338477156125009, "Wearing_Lipstick": 7.256672688527033e-05, "Wearing_Necklace": 0.00042619381565600634, "Wearing_Necktie": 0.4970620572566986, "Young": 0.016137558966875076, "df_race": "asian", "df_race_prob": 99.98897314071655, "df_gender": "Man", "df_gender_prob": 99.92460012435913, "df_age": 48, "df_emotion": "neutral", "df_emotion_prob": 99.78257416382874}