{"name": "Junichiro_Koizumi_0003.jpg", "5_o_Clock_Shadow": 0.005081024952232838, "Arched_Eyebrows": 0.0034686014987528324, "Attractive": 0.013473686762154102, "Bags_Under_Eyes": 0.4970969259738922, "Bald": 0.0007737830164842308, "Bangs": 0.0012161493068560958, "Big_Lips": 0.00326184812001884, "Big_Nose": 0.03903847187757492, "Black_Hair": 0.00386955589056015, "Blond_Hair": 0.012376694940030575, "Blurry": 0.03686559572815895, "Brown_Hair": 0.00480275321751833, "Bushy_Eyebrows": 0.000836614693980664, "Chubby": 0.015019368380308151, "Double_Chin": 0.004533967934548855, "Eyeglasses": 0.004657430574297905, "Goatee": 0.0011142577277496457, "Gray_Hair": 0.6332728862762451, "Heavy_Makeup": 0.00028239190578460693, "High_Cheekbones": 0.08520945906639099, "Male": 0.9931275844573975, "Mouth_Slightly_Open": 0.011909745633602142, "Mustache": 0.0022706976160407066, "Narrow_Eyes": 0.17005740106105804, "No_Beard": 0.9899416565895081, "Oval_Face": 0.15790106356143951, "Pale_Skin": 0.018536005169153214, "Pointy_Nose": 0.013611049391329288, "Receding_Hairline": 0.014743685722351074, "Rosy_Cheeks": 0.00012866288307122886, "Sideburns": 0.0010992540046572685, "Smiling": 0.01038871705532074, "Straight_Hair": 0.017681637778878212, "Wavy_Hair": 0.3691108822822571, "Wearing_Earrings": 0.00039524855674244463, "Wearing_Hat": 0.00022361369337886572, "Wearing_Lipstick": 0.00016183611296582967, "Wearing_Necklace": 0.000419660093029961, "Wearing_Necktie": 0.5954206585884094, "Young": 0.01311512291431427, "df_race": "asian", "df_race_prob": 99.98733401223028, "df_gender": "Man", "df_gender_prob": 99.98852014541626, "df_age": 42, "df_emotion": "neutral", "df_emotion_prob": 78.34865788801406}