{"name": "Junichiro_Koizumi_0048.jpg", "5_o_Clock_Shadow": 0.017927013337612152, "Arched_Eyebrows": 0.003179305698722601, "Attractive": 0.0358101949095726, "Bags_Under_Eyes": 0.13371239602565765, "Bald": 0.0017667177598923445, "Bangs": 0.001783538842573762, "Big_Lips": 0.0037457640282809734, "Big_Nose": 0.059483494609594345, "Black_Hair": 0.00546478945761919, "Blond_Hair": 0.009476851671934128, "Blurry": 0.1842602789402008, "Brown_Hair": 0.002272818237543106, "Bushy_Eyebrows": 0.0005932494532316923, "Chubby": 0.017008477821946144, "Double_Chin": 0.005577769596129656, "Eyeglasses": 0.003495639655739069, "Goatee": 0.0008485564030706882, "Gray_Hair": 0.7292302846908569, "Heavy_Makeup": 0.0002083607396343723, "High_Cheekbones": 0.14621204137802124, "Male": 0.9977669715881348, "Mouth_Slightly_Open": 0.027406202629208565, "Mustache": 0.002173538552597165, "Narrow_Eyes": 0.3944149613380432, "No_Beard": 0.9732949137687683, "Oval_Face": 0.14207123219966888, "Pale_Skin": 0.1357923150062561, "Pointy_Nose": 0.027523644268512726, "Receding_Hairline": 0.023749275133013725, "Rosy_Cheeks": 0.00015102048928383738, "Sideburns": 0.0013830640818923712, "Smiling": 0.2388789802789688, "Straight_Hair": 0.06879264861345291, "Wavy_Hair": 0.108131043612957, "Wearing_Earrings": 0.0005757500766776502, "Wearing_Hat": 0.0005782179650850594, "Wearing_Lipstick": 9.240597137250006e-05, "Wearing_Necklace": 0.0006097752484492958, "Wearing_Necktie": 0.5900713801383972, "Young": 0.03229585662484169, "df_race": "asian", "df_race_prob": 99.79730248451233, "df_gender": "Man", "df_gender_prob": 99.99403953552246, "df_age": 33, "df_emotion": "fear", "df_emotion_prob": 55.48429489135742}