{"name": "Junichiro_Koizumi_0053.jpg", "5_o_Clock_Shadow": 0.015326648950576782, "Arched_Eyebrows": 0.002608410082757473, "Attractive": 0.0373920276761055, "Bags_Under_Eyes": 0.4455222189426422, "Bald": 0.0015619827900081873, "Bangs": 0.002142924815416336, "Big_Lips": 0.0023895157501101494, "Big_Nose": 0.07017369568347931, "Black_Hair": 0.005830085836350918, "Blond_Hair": 0.005434912629425526, "Blurry": 0.03514352813363075, "Brown_Hair": 0.005806478206068277, "Bushy_Eyebrows": 0.0016207372536882758, "Chubby": 0.01052449643611908, "Double_Chin": 0.008233674801886082, "Eyeglasses": 0.002057432197034359, "Goatee": 0.0009325786377303302, "Gray_Hair": 0.7060637474060059, "Heavy_Makeup": 0.00019916945893783122, "High_Cheekbones": 0.5820006728172302, "Male": 0.9987990856170654, "Mouth_Slightly_Open": 0.012303533032536507, "Mustache": 0.001702848938293755, "Narrow_Eyes": 0.3584502935409546, "No_Beard": 0.9853783845901489, "Oval_Face": 0.13726560771465302, "Pale_Skin": 0.008737483993172646, "Pointy_Nose": 0.12629763782024384, "Receding_Hairline": 0.008026297204196453, "Rosy_Cheeks": 0.0004569046141114086, "Sideburns": 0.0016471908893436193, "Smiling": 0.7582926750183105, "Straight_Hair": 0.198825865983963, "Wavy_Hair": 0.06900905072689056, "Wearing_Earrings": 0.00038118724478408694, "Wearing_Hat": 0.00031676472281105816, "Wearing_Lipstick": 9.651099389884621e-05, "Wearing_Necklace": 0.0003972146369051188, "Wearing_Necktie": 0.6924457550048828, "Young": 0.012317969463765621, "df_race": "asian", "df_race_prob": 99.34247724324193, "df_gender": "Man", "df_gender_prob": 99.81892704963684, "df_age": 36, "df_emotion": "happy", "df_emotion_prob": 87.11774945259094}