{"name": "Junichiro_Koizumi_0034.jpg", "5_o_Clock_Shadow": 0.028216371312737465, "Arched_Eyebrows": 0.005943153519183397, "Attractive": 0.022190306335687637, "Bags_Under_Eyes": 0.16727334260940552, "Bald": 0.0016745029715821147, "Bangs": 0.0011907598236575723, "Big_Lips": 0.002076057717204094, "Big_Nose": 0.052050527185201645, "Black_Hair": 0.005137999542057514, "Blond_Hair": 0.005385165102779865, "Blurry": 0.11464256048202515, "Brown_Hair": 0.006743734236806631, "Bushy_Eyebrows": 0.0006442244630306959, "Chubby": 0.021203456446528435, "Double_Chin": 0.009426470845937729, "Eyeglasses": 0.007436512503772974, "Goatee": 0.0013011748669669032, "Gray_Hair": 0.7403395175933838, "Heavy_Makeup": 0.00013639613462146372, "High_Cheekbones": 0.25139325857162476, "Male": 0.9987509250640869, "Mouth_Slightly_Open": 0.028092917054891586, "Mustache": 0.002566378563642502, "Narrow_Eyes": 0.46441972255706787, "No_Beard": 0.9599524736404419, "Oval_Face": 0.1437799036502838, "Pale_Skin": 0.019310731440782547, "Pointy_Nose": 0.05608316883444786, "Receding_Hairline": 0.02774691767990589, "Rosy_Cheeks": 0.0003599354240577668, "Sideburns": 0.0018385121366009116, "Smiling": 0.2963149845600128, "Straight_Hair": 0.06614290922880173, "Wavy_Hair": 0.14070522785186768, "Wearing_Earrings": 0.00031149631831794977, "Wearing_Hat": 0.00028063179343007505, "Wearing_Lipstick": 7.02542020007968e-05, "Wearing_Necklace": 0.0004657930403482169, "Wearing_Necktie": 0.7306248545646667, "Young": 0.02820897102355957, "df_race": "asian", "df_race_prob": 81.19364976882935, "df_gender": "Man", "df_gender_prob": 99.9413251876831, "df_age": 40, "df_emotion": "fear", "df_emotion_prob": 34.72697941821691}