{"name": "Junichiro_Koizumi_0042.jpg", "5_o_Clock_Shadow": 0.010492545552551746, "Arched_Eyebrows": 0.004089877475053072, "Attractive": 0.012120340950787067, "Bags_Under_Eyes": 0.5567564964294434, "Bald": 0.0009950896492227912, "Bangs": 0.0014158963458612561, "Big_Lips": 0.004141040612012148, "Big_Nose": 0.09064086526632309, "Black_Hair": 0.005444185808300972, "Blond_Hair": 0.004369026981294155, "Blurry": 0.042834002524614334, "Brown_Hair": 0.0020325020886957645, "Bushy_Eyebrows": 0.001551141613163054, "Chubby": 0.029340751469135284, "Double_Chin": 0.007156595587730408, "Eyeglasses": 0.004307163879275322, "Goatee": 0.0014460600214079022, "Gray_Hair": 0.7365404367446899, "Heavy_Makeup": 0.00014599281712435186, "High_Cheekbones": 0.05033634230494499, "Male": 0.9975910186767578, "Mouth_Slightly_Open": 0.004252971149981022, "Mustache": 0.005474537145346403, "Narrow_Eyes": 0.25576481223106384, "No_Beard": 0.9800518751144409, "Oval_Face": 0.09625189006328583, "Pale_Skin": 0.03276422992348671, "Pointy_Nose": 0.015696892514824867, "Receding_Hairline": 0.013079730793833733, "Rosy_Cheeks": 0.0001735457917675376, "Sideburns": 0.002332801930606365, "Smiling": 0.005147394258528948, "Straight_Hair": 0.03637135028839111, "Wavy_Hair": 0.22500577569007874, "Wearing_Earrings": 0.00035955695784650743, "Wearing_Hat": 0.0005527705070562661, "Wearing_Lipstick": 9.362734272144735e-05, "Wearing_Necklace": 0.0004094899632036686, "Wearing_Necktie": 0.6797810792922974, "Young": 0.006412543822079897, "df_race": "asian", "df_race_prob": 99.55033659934998, "df_gender": "Man", "df_gender_prob": 99.99164342880249, "df_age": 35, "df_emotion": "sad", "df_emotion_prob": 57.291871309280396}