{"name": "Justin_Wilson_0001.jpg", "5_o_Clock_Shadow": 0.09461984038352966, "Arched_Eyebrows": 0.0008782775839790702, "Attractive": 0.34579479694366455, "Bags_Under_Eyes": 0.16487815976142883, "Bald": 0.00018144975183531642, "Bangs": 0.0009992375271394849, "Big_Lips": 0.013941471464931965, "Big_Nose": 0.14221793413162231, "Black_Hair": 0.07900784909725189, "Blond_Hair": 0.004710194189101458, "Blurry": 0.18060952425003052, "Brown_Hair": 0.24056938290596008, "Bushy_Eyebrows": 0.11638520658016205, "Chubby": 0.002223022049292922, "Double_Chin": 0.0015131925465539098, "Eyeglasses": 0.0004969590227119625, "Goatee": 0.000635882664937526, "Gray_Hair": 0.0008122288272716105, "Heavy_Makeup": 0.0008038189844228327, "High_Cheekbones": 0.6105255484580994, "Male": 0.9979429841041565, "Mouth_Slightly_Open": 0.9931589961051941, "Mustache": 0.0006764360005035996, "Narrow_Eyes": 0.1932905614376068, "No_Beard": 0.9822933077812195, "Oval_Face": 0.48022186756134033, "Pale_Skin": 0.024281278252601624, "Pointy_Nose": 0.013964819721877575, "Receding_Hairline": 0.0021908986382186413, "Rosy_Cheeks": 5.3513471357291564e-05, "Sideburns": 0.0004173923807684332, "Smiling": 0.9898571968078613, "Straight_Hair": 0.6428512930870056, "Wavy_Hair": 0.007586964406073093, "Wearing_Earrings": 0.0016361037269234657, "Wearing_Hat": 0.0005406445125117898, "Wearing_Lipstick": 0.0006216182373464108, "Wearing_Necklace": 0.0007211749907582998, "Wearing_Necktie": 0.000885884219314903, "Young": 0.9725654125213623, "df_race": "middle eastern", "df_race_prob": 75.77150464057922, "df_gender": "Man", "df_gender_prob": 99.9903917312622, "df_age": 22, "df_emotion": "happy", "df_emotion_prob": 31.48894828689715}