{"name": "Kamal_Kharrazi_0004.jpg", "5_o_Clock_Shadow": 0.016871903091669083, "Arched_Eyebrows": 0.00021104980260133743, "Attractive": 0.0032625163439661264, "Bags_Under_Eyes": 0.09498000890016556, "Bald": 0.003699755761772394, "Bangs": 0.00048316922038793564, "Big_Lips": 0.011392510496079922, "Big_Nose": 0.4322402775287628, "Black_Hair": 0.002184294629842043, "Blond_Hair": 0.00498292688280344, "Blurry": 0.14536437392234802, "Brown_Hair": 0.002090534195303917, "Bushy_Eyebrows": 0.004752639215439558, "Chubby": 0.09853340685367584, "Double_Chin": 0.017922505736351013, "Eyeglasses": 0.9284398555755615, "Goatee": 0.04572347179055214, "Gray_Hair": 0.8854831457138062, "Heavy_Makeup": 0.00018576324509922415, "High_Cheekbones": 0.023340843617916107, "Male": 0.9979909658432007, "Mouth_Slightly_Open": 0.005818003788590431, "Mustache": 0.22807252407073975, "Narrow_Eyes": 0.06135120242834091, "No_Beard": 0.0659598708152771, "Oval_Face": 0.09649588167667389, "Pale_Skin": 0.002679406199604273, "Pointy_Nose": 0.06582659482955933, "Receding_Hairline": 0.04566502943634987, "Rosy_Cheeks": 0.00011967249884037301, "Sideburns": 0.3005771338939667, "Smiling": 0.006125474814325571, "Straight_Hair": 0.23796606063842773, "Wavy_Hair": 0.01186094805598259, "Wearing_Earrings": 0.00041476599290035665, "Wearing_Hat": 0.0007047957042232156, "Wearing_Lipstick": 8.420133963227272e-05, "Wearing_Necklace": 0.0008941315463744104, "Wearing_Necktie": 0.03149490803480148, "Young": 0.013548237271606922, "df_race": "white", "df_race_prob": 95.39385410510624, "df_gender": "Man", "df_gender_prob": 99.99773502349854, "df_age": 52, "df_emotion": "angry", "df_emotion_prob": 71.90905307097192}