{"name": "Kate_Capshaw_0001.jpg", "5_o_Clock_Shadow": 0.0008073366479948163, "Arched_Eyebrows": 0.002985332626849413, "Attractive": 0.060838859528303146, "Bags_Under_Eyes": 0.04577958583831787, "Bald": 0.0001934773608809337, "Bangs": 0.07794272899627686, "Big_Lips": 0.03242284432053566, "Big_Nose": 0.08601462841033936, "Black_Hair": 0.0007203790009953082, "Blond_Hair": 0.10165335237979889, "Blurry": 0.41136234998703003, "Brown_Hair": 0.007511732634156942, "Bushy_Eyebrows": 0.0001320394512731582, "Chubby": 0.02317957952618599, "Double_Chin": 0.00788971409201622, "Eyeglasses": 0.0019369869260117412, "Goatee": 0.00021477323025465012, "Gray_Hair": 0.013913889415562153, "Heavy_Makeup": 0.008309740573167801, "High_Cheekbones": 0.16046933829784393, "Male": 0.016926223412156105, "Mouth_Slightly_Open": 0.0055315932258963585, "Mustache": 0.0002268332609673962, "Narrow_Eyes": 0.04017730802297592, "No_Beard": 0.9974918365478516, "Oval_Face": 0.2889103293418884, "Pale_Skin": 0.07269962877035141, "Pointy_Nose": 0.039967555552721024, "Receding_Hairline": 0.0007433599093928933, "Rosy_Cheeks": 0.0003747523878701031, "Sideburns": 0.0004780283779837191, "Smiling": 0.3078191578388214, "Straight_Hair": 0.012860925868153572, "Wavy_Hair": 0.05251644551753998, "Wearing_Earrings": 0.02460326813161373, "Wearing_Hat": 0.8687579035758972, "Wearing_Lipstick": 0.03846363350749016, "Wearing_Necklace": 0.08552231639623642, "Wearing_Necktie": 0.0010647430317476392, "Young": 0.17380109429359436, "df_race": "white", "df_race_prob": 62.981945276260376, "df_gender": "Woman", "df_gender_prob": 99.98278617858887, "df_age": 36, "df_emotion": "fear", "df_emotion_prob": 35.30625017322601}