{"name": "Kate_Hudson_0007.jpg", "5_o_Clock_Shadow": 0.000903951411601156, "Arched_Eyebrows": 0.6194033622741699, "Attractive": 0.38632896542549133, "Bags_Under_Eyes": 0.31830382347106934, "Bald": 0.000784983451012522, "Bangs": 0.0012953800614923239, "Big_Lips": 0.16306667029857635, "Big_Nose": 0.18974514305591583, "Black_Hair": 0.000879049941431731, "Blond_Hair": 0.8553738594055176, "Blurry": 0.11713428050279617, "Brown_Hair": 0.001145445043221116, "Bushy_Eyebrows": 0.00015106872888281941, "Chubby": 0.00421028072014451, "Double_Chin": 0.003266804851591587, "Eyeglasses": 0.00014380896755028516, "Goatee": 0.0003569532709661871, "Gray_Hair": 0.04073801636695862, "Heavy_Makeup": 0.04903435334563255, "High_Cheekbones": 0.9811862707138062, "Male": 0.0030105651821941137, "Mouth_Slightly_Open": 0.8913615345954895, "Mustache": 0.00029732819530181587, "Narrow_Eyes": 0.08889163285493851, "No_Beard": 0.9974707365036011, "Oval_Face": 0.09413941204547882, "Pale_Skin": 0.027328364551067352, "Pointy_Nose": 0.12277723103761673, "Receding_Hairline": 0.10364637523889542, "Rosy_Cheeks": 0.00019444939971435815, "Sideburns": 0.00046052446123212576, "Smiling": 0.996238112449646, "Straight_Hair": 0.02646230161190033, "Wavy_Hair": 0.22090694308280945, "Wearing_Earrings": 0.7600044012069702, "Wearing_Hat": 8.166077896021307e-05, "Wearing_Lipstick": 0.29384082555770874, "Wearing_Necklace": 0.07895034551620483, "Wearing_Necktie": 0.0006964081549085677, "Young": 0.5802621245384216, "df_race": "white", "df_race_prob": 92.96479183225583, "df_gender": "Woman", "df_gender_prob": 99.99994039535522, "df_age": 37, "df_emotion": "happy", "df_emotion_prob": 99.79368448257446}