{"name": "Kate_Hudson_0004.jpg", "5_o_Clock_Shadow": 0.0008680119644850492, "Arched_Eyebrows": 0.10478582233190536, "Attractive": 0.48284825682640076, "Bags_Under_Eyes": 0.1738928109407425, "Bald": 0.00024735074839554727, "Bangs": 0.0023770411498844624, "Big_Lips": 0.058169346302747726, "Big_Nose": 0.0671270489692688, "Black_Hair": 0.0005185982445254922, "Blond_Hair": 0.9416308403015137, "Blurry": 0.12128600478172302, "Brown_Hair": 0.0009997679153457284, "Bushy_Eyebrows": 0.00010112339077750221, "Chubby": 0.0018545788479968905, "Double_Chin": 0.00048788529238663614, "Eyeglasses": 0.00017850346921477467, "Goatee": 0.0001722115557640791, "Gray_Hair": 0.011423636227846146, "Heavy_Makeup": 0.016838913783431053, "High_Cheekbones": 0.12565121054649353, "Male": 0.0080435024574399, "Mouth_Slightly_Open": 0.0027213837020099163, "Mustache": 0.00026933453045785427, "Narrow_Eyes": 0.007704430725425482, "No_Beard": 0.9975211024284363, "Oval_Face": 0.17039233446121216, "Pale_Skin": 0.025645215064287186, "Pointy_Nose": 0.07657837867736816, "Receding_Hairline": 0.04299283027648926, "Rosy_Cheeks": 0.00015321429236792028, "Sideburns": 0.00019679247634485364, "Smiling": 0.17170286178588867, "Straight_Hair": 0.007799122948199511, "Wavy_Hair": 0.3586958646774292, "Wearing_Earrings": 0.03648890182375908, "Wearing_Hat": 0.00015176217129919678, "Wearing_Lipstick": 0.08481916785240173, "Wearing_Necklace": 0.09735268354415894, "Wearing_Necktie": 0.00044441744103096426, "Young": 0.8658002614974976, "df_race": "latino hispanic", "df_race_prob": 40.43312072753906, "df_gender": "Man", "df_gender_prob": 74.97586011886597, "df_age": 31, "df_emotion": "neutral", "df_emotion_prob": 64.23961520195007}