{"name": "Kathleen_Abernathy_0001.jpg", "5_o_Clock_Shadow": 0.0013780836015939713, "Arched_Eyebrows": 0.019363868981599808, "Attractive": 0.051927030086517334, "Bags_Under_Eyes": 0.025372089818120003, "Bald": 0.00016011194384191185, "Bangs": 0.0029699408914893866, "Big_Lips": 0.02420860156416893, "Big_Nose": 0.010086672380566597, "Black_Hair": 0.003803933970630169, "Blond_Hair": 0.014337609522044659, "Blurry": 0.47043201327323914, "Brown_Hair": 0.39450788497924805, "Bushy_Eyebrows": 0.0002379921788815409, "Chubby": 0.009965615347027779, "Double_Chin": 0.0010784345213323832, "Eyeglasses": 0.0003599412739276886, "Goatee": 0.00015964865451678634, "Gray_Hair": 0.005280602257698774, "Heavy_Makeup": 0.004613654222339392, "High_Cheekbones": 0.040518369525671005, "Male": 0.022389451041817665, "Mouth_Slightly_Open": 0.029089486226439476, "Mustache": 0.0005675599095411599, "Narrow_Eyes": 0.024659613147377968, "No_Beard": 0.9936941266059875, "Oval_Face": 0.2689685523509979, "Pale_Skin": 0.022432513535022736, "Pointy_Nose": 0.06785973906517029, "Receding_Hairline": 0.005127456970512867, "Rosy_Cheeks": 0.00010691447096178308, "Sideburns": 0.000987164443358779, "Smiling": 0.003197658807039261, "Straight_Hair": 0.01906619220972061, "Wavy_Hair": 0.4930512309074402, "Wearing_Earrings": 0.23934777081012726, "Wearing_Hat": 0.0013818612787872553, "Wearing_Lipstick": 0.015227105468511581, "Wearing_Necklace": 0.012743784114718437, "Wearing_Necktie": 0.0013170563615858555, "Young": 0.17217248678207397, "df_race": "white", "df_race_prob": 80.05882501602173, "df_gender": "Woman", "df_gender_prob": 91.53794050216675, "df_age": 36, "df_emotion": "fear", "df_emotion_prob": 89.94803368735514}