{"name": "Kathie_Louise_Saunders_0001.jpg", "5_o_Clock_Shadow": 0.0008906187140382826, "Arched_Eyebrows": 0.025469167158007622, "Attractive": 0.6542326807975769, "Bags_Under_Eyes": 0.0013873990392312407, "Bald": 0.0002821946400217712, "Bangs": 0.0008143690065480769, "Big_Lips": 0.22140967845916748, "Big_Nose": 0.0035487741697579622, "Black_Hair": 0.0033988840878009796, "Blond_Hair": 0.0637204498052597, "Blurry": 0.09957501292228699, "Brown_Hair": 0.06754221767187119, "Bushy_Eyebrows": 0.0021887305192649364, "Chubby": 0.0009247409761883318, "Double_Chin": 0.00011411923333071172, "Eyeglasses": 0.00022929563419893384, "Goatee": 0.00016298533591907471, "Gray_Hair": 0.0002977369586005807, "Heavy_Makeup": 0.026900386437773705, "High_Cheekbones": 0.005528352223336697, "Male": 0.003449837677180767, "Mouth_Slightly_Open": 0.007853626273572445, "Mustache": 0.00010521324293222278, "Narrow_Eyes": 0.08487575501203537, "No_Beard": 0.9987087249755859, "Oval_Face": 0.3460537791252136, "Pale_Skin": 0.08818379044532776, "Pointy_Nose": 0.12396795302629471, "Receding_Hairline": 0.0069688064977526665, "Rosy_Cheeks": 0.00015156898007262498, "Sideburns": 0.00018954835832118988, "Smiling": 0.007254974450916052, "Straight_Hair": 0.9543022513389587, "Wavy_Hair": 0.005355184897780418, "Wearing_Earrings": 0.005330000538378954, "Wearing_Hat": 0.000549734802916646, "Wearing_Lipstick": 0.17470568418502808, "Wearing_Necklace": 0.021875154227018356, "Wearing_Necktie": 0.0003135234583169222, "Young": 0.9950127005577087, "df_race": "white", "df_race_prob": 44.17259991168976, "df_gender": "Man", "df_gender_prob": 64.9009644985199, "df_age": 29, "df_emotion": "neutral", "df_emotion_prob": 80.37447929382324}