{"name": "Keith_Van_Horn_0001.jpg", "5_o_Clock_Shadow": 0.013899547979235649, "Arched_Eyebrows": 0.007622173056006432, "Attractive": 0.1756313592195511, "Bags_Under_Eyes": 0.3040444552898407, "Bald": 0.0037516390439122915, "Bangs": 0.00026719350717030466, "Big_Lips": 0.003939506597816944, "Big_Nose": 0.038472730666399, "Black_Hair": 0.002212187275290489, "Blond_Hair": 0.07483495026826859, "Blurry": 0.26163196563720703, "Brown_Hair": 0.07137130200862885, "Bushy_Eyebrows": 0.0007927079568617046, "Chubby": 0.004361284431070089, "Double_Chin": 0.003516112919896841, "Eyeglasses": 0.0006856393301859498, "Goatee": 0.000746176578104496, "Gray_Hair": 0.00999483186751604, "Heavy_Makeup": 0.0004678120603784919, "High_Cheekbones": 0.5882490873336792, "Male": 0.9975907802581787, "Mouth_Slightly_Open": 0.9905666708946228, "Mustache": 0.0007983228424564004, "Narrow_Eyes": 0.05004356428980827, "No_Beard": 0.9854493737220764, "Oval_Face": 0.3902352750301361, "Pale_Skin": 0.009650121442973614, "Pointy_Nose": 0.02584909461438656, "Receding_Hairline": 0.14883306622505188, "Rosy_Cheeks": 4.6723605919396505e-05, "Sideburns": 0.0005201983149163425, "Smiling": 0.987747311592102, "Straight_Hair": 0.12417521327733994, "Wavy_Hair": 0.006789442617446184, "Wearing_Earrings": 0.0010338887805119157, "Wearing_Hat": 0.00016819729353301227, "Wearing_Lipstick": 0.0003787451423704624, "Wearing_Necklace": 0.0002984522725455463, "Wearing_Necktie": 0.18503645062446594, "Young": 0.7850937247276306, "df_race": "white", "df_race_prob": 30.742180347442627, "df_gender": "Man", "df_gender_prob": 99.98359680175781, "df_age": 24, "df_emotion": "happy", "df_emotion_prob": 88.29998900294238}