{"name": "Kelly_Santos_0001.jpg", "5_o_Clock_Shadow": 0.003000466385856271, "Arched_Eyebrows": 0.07576393336057663, "Attractive": 0.016277773305773735, "Bags_Under_Eyes": 0.07346930354833603, "Bald": 0.0006080089951865375, "Bangs": 0.00034678447991609573, "Big_Lips": 0.10158921033143997, "Big_Nose": 0.06027694791555405, "Black_Hair": 0.0037498946767300367, "Blond_Hair": 0.014404145069420338, "Blurry": 0.24392347037792206, "Brown_Hair": 0.035309240221977234, "Bushy_Eyebrows": 0.0004084796237293631, "Chubby": 0.007400243543088436, "Double_Chin": 0.0020638431888073683, "Eyeglasses": 0.00017885171109810472, "Goatee": 0.0005428150179795921, "Gray_Hair": 0.0005558544071391225, "Heavy_Makeup": 0.0033563103061169386, "High_Cheekbones": 0.7026579976081848, "Male": 0.021249953657388687, "Mouth_Slightly_Open": 0.9946685433387756, "Mustache": 0.00036976070259697735, "Narrow_Eyes": 0.050255611538887024, "No_Beard": 0.9887461066246033, "Oval_Face": 0.15261253714561462, "Pale_Skin": 0.002627698238939047, "Pointy_Nose": 0.01270812563598156, "Receding_Hairline": 0.07932572811841965, "Rosy_Cheeks": 4.628928945749067e-05, "Sideburns": 0.000601509353145957, "Smiling": 0.291465699672699, "Straight_Hair": 0.013927915133535862, "Wavy_Hair": 0.039889056235551834, "Wearing_Earrings": 0.35468924045562744, "Wearing_Hat": 0.1575995683670044, "Wearing_Lipstick": 0.011483332142233849, "Wearing_Necklace": 0.021614819765090942, "Wearing_Necktie": 0.00032539950916543603, "Young": 0.9769128561019897, "df_race": "black", "df_race_prob": 76.5645966866372, "df_gender": "Woman", "df_gender_prob": 83.88511538505554, "df_age": 29, "df_emotion": "happy", "df_emotion_prob": 95.68091630935669}