{"name": "Kelly_Clarkson_0003.jpg", "5_o_Clock_Shadow": 0.0006788367172703147, "Arched_Eyebrows": 0.5936635136604309, "Attractive": 0.5221129059791565, "Bags_Under_Eyes": 0.16911204159259796, "Bald": 0.00024952139938250184, "Bangs": 0.004914512857794762, "Big_Lips": 0.4021186828613281, "Big_Nose": 0.12211612612009048, "Black_Hair": 0.004759311210364103, "Blond_Hair": 0.45913833379745483, "Blurry": 0.08837509155273438, "Brown_Hair": 0.05977621674537659, "Bushy_Eyebrows": 0.0010711734648793936, "Chubby": 0.010568568482995033, "Double_Chin": 0.0038089717272669077, "Eyeglasses": 0.0001355763670289889, "Goatee": 0.0003334176435600966, "Gray_Hair": 0.0005305528175085783, "Heavy_Makeup": 0.12340311706066132, "High_Cheekbones": 0.9865266680717468, "Male": 0.00039467026363126934, "Mouth_Slightly_Open": 0.9990949630737305, "Mustache": 0.0001144692869274877, "Narrow_Eyes": 0.7686532139778137, "No_Beard": 0.9991229176521301, "Oval_Face": 0.22938230633735657, "Pale_Skin": 0.047594256699085236, "Pointy_Nose": 0.024232588708400726, "Receding_Hairline": 0.0013088450068607926, "Rosy_Cheeks": 0.0005865884013473988, "Sideburns": 0.00026364345103502274, "Smiling": 0.9996626377105713, "Straight_Hair": 0.9361404776573181, "Wavy_Hair": 0.0240339245647192, "Wearing_Earrings": 0.011641927994787693, "Wearing_Hat": 0.0009086377685889602, "Wearing_Lipstick": 0.5795271396636963, "Wearing_Necklace": 0.1192854791879654, "Wearing_Necktie": 0.00019690525368787348, "Young": 0.9552971720695496, "df_race": "asian", "df_race_prob": 99.72274899482727, "df_gender": "Woman", "df_gender_prob": 91.34330153465271, "df_age": 24, "df_emotion": "happy", "df_emotion_prob": 99.97252821922302}