{"name": "Ken_Watanabe_0002.jpg", "5_o_Clock_Shadow": 0.13003145158290863, "Arched_Eyebrows": 0.03333110734820366, "Attractive": 0.08748530596494675, "Bags_Under_Eyes": 0.5455467104911804, "Bald": 0.058387793600559235, "Bangs": 0.00036197699955664575, "Big_Lips": 0.020057551562786102, "Big_Nose": 0.4291728734970093, "Black_Hair": 0.04729307070374489, "Blond_Hair": 0.0035482696257531643, "Blurry": 0.2810971438884735, "Brown_Hair": 0.008134301751852036, "Bushy_Eyebrows": 0.0037246975116431713, "Chubby": 0.05817475542426109, "Double_Chin": 0.02780589833855629, "Eyeglasses": 0.002612312091514468, "Goatee": 0.011317365802824497, "Gray_Hair": 0.011712444946169853, "Heavy_Makeup": 9.335426875622943e-05, "High_Cheekbones": 0.2472907304763794, "Male": 0.9992663264274597, "Mouth_Slightly_Open": 0.9650487303733826, "Mustache": 0.025454813614487648, "Narrow_Eyes": 0.7415896654129028, "No_Beard": 0.742276132106781, "Oval_Face": 0.10643070191144943, "Pale_Skin": 0.017803039401769638, "Pointy_Nose": 0.09718312323093414, "Receding_Hairline": 0.6569938063621521, "Rosy_Cheeks": 4.318926949054003e-05, "Sideburns": 0.006436059717088938, "Smiling": 0.9931479096412659, "Straight_Hair": 0.196797713637352, "Wavy_Hair": 0.007103164680302143, "Wearing_Earrings": 0.0006673239986412227, "Wearing_Hat": 0.00029143173014745116, "Wearing_Lipstick": 0.0002885943395085633, "Wearing_Necklace": 0.000732546963263303, "Wearing_Necktie": 0.0945335254073143, "Young": 0.10781044512987137, "df_race": "white", "df_race_prob": 78.55370044708252, "df_gender": "Man", "df_gender_prob": 99.99220371246338, "df_age": 42, "df_emotion": "happy", "df_emotion_prob": 98.74868392944336}