{"name": "Kenneth_Dam_0001.jpg", "5_o_Clock_Shadow": 0.007699049077928066, "Arched_Eyebrows": 0.0010188324376940727, "Attractive": 0.003958465065807104, "Bags_Under_Eyes": 0.7440568208694458, "Bald": 0.014288480393588543, "Bangs": 0.0004605358699336648, "Big_Lips": 0.0033268250990659, "Big_Nose": 0.4514119327068329, "Black_Hair": 0.004508403595536947, "Blond_Hair": 0.002028890885412693, "Blurry": 0.04819667339324951, "Brown_Hair": 0.0007789851515553892, "Bushy_Eyebrows": 0.0008891315083019435, "Chubby": 0.054366543889045715, "Double_Chin": 0.03969293832778931, "Eyeglasses": 0.010102673433721066, "Goatee": 0.001232275739312172, "Gray_Hair": 0.9705788493156433, "Heavy_Makeup": 0.00013173035404179245, "High_Cheekbones": 0.03423604741692543, "Male": 0.9987749457359314, "Mouth_Slightly_Open": 0.006269920151680708, "Mustache": 0.002540870336815715, "Narrow_Eyes": 0.020734775811433792, "No_Beard": 0.9838768839836121, "Oval_Face": 0.031427402049303055, "Pale_Skin": 0.03225176781415939, "Pointy_Nose": 0.04211435094475746, "Receding_Hairline": 0.2328997403383255, "Rosy_Cheeks": 9.486495400778949e-05, "Sideburns": 0.0037363339215517044, "Smiling": 0.004301076289266348, "Straight_Hair": 0.2775242328643799, "Wavy_Hair": 0.011455856263637543, "Wearing_Earrings": 0.0005396712222136557, "Wearing_Hat": 0.00029898571665398777, "Wearing_Lipstick": 0.00014169386122375727, "Wearing_Necklace": 0.0003762307751458138, "Wearing_Necktie": 0.23854796588420868, "Young": 0.002334204036742449, "df_race": "white", "df_race_prob": 98.39283227920532, "df_gender": "Man", "df_gender_prob": 99.96381998062134, "df_age": 43, "df_emotion": "neutral", "df_emotion_prob": 85.62243156165701}