{"name": "Kenneth_Reichert_0001.jpg", "5_o_Clock_Shadow": 0.0047898381017148495, "Arched_Eyebrows": 0.0005433489568531513, "Attractive": 0.007931290194392204, "Bags_Under_Eyes": 0.04872177168726921, "Bald": 0.6059980392456055, "Bangs": 0.0007495136233046651, "Big_Lips": 0.01454929355531931, "Big_Nose": 0.25313809514045715, "Black_Hair": 0.001309785875491798, "Blond_Hair": 0.0032291049137711525, "Blurry": 0.028937097638845444, "Brown_Hair": 0.002197099383920431, "Bushy_Eyebrows": 0.00013736943947151303, "Chubby": 0.06457332521677017, "Double_Chin": 0.018381817266345024, "Eyeglasses": 0.995793342590332, "Goatee": 0.002193241147324443, "Gray_Hair": 0.1629333198070526, "Heavy_Makeup": 0.00010831405234057456, "High_Cheekbones": 0.007279137149453163, "Male": 0.9914441704750061, "Mouth_Slightly_Open": 0.05195154249668121, "Mustache": 0.0006076695281080902, "Narrow_Eyes": 0.013574806042015553, "No_Beard": 0.9891093969345093, "Oval_Face": 0.18404366075992584, "Pale_Skin": 0.0384889580309391, "Pointy_Nose": 0.02445676550269127, "Receding_Hairline": 0.038735780864953995, "Rosy_Cheeks": 2.318513361387886e-05, "Sideburns": 0.0009932327084243298, "Smiling": 0.00968259572982788, "Straight_Hair": 0.008463223464787006, "Wavy_Hair": 0.0015330631285905838, "Wearing_Earrings": 0.001725474838167429, "Wearing_Hat": 0.002705987077206373, "Wearing_Lipstick": 0.0003218333295080811, "Wearing_Necklace": 0.0006150355911813676, "Wearing_Necktie": 0.01115505862981081, "Young": 0.06574516743421555, "df_race": "white", "df_race_prob": 43.864303461569754, "df_gender": "Man", "df_gender_prob": 99.96269941329956, "df_age": 34, "df_emotion": "angry", "df_emotion_prob": 42.08780229091644}