{"name": "Kenneth_Bowersox_0002.jpg", "5_o_Clock_Shadow": 0.017097197473049164, "Arched_Eyebrows": 0.0006063570617698133, "Attractive": 0.09525854140520096, "Bags_Under_Eyes": 0.43129080533981323, "Bald": 0.8413674235343933, "Bangs": 0.004751947242766619, "Big_Lips": 0.012029427103698254, "Big_Nose": 0.02232130616903305, "Black_Hair": 0.001736508565954864, "Blond_Hair": 0.014661760069429874, "Blurry": 0.11013670265674591, "Brown_Hair": 0.005065625533461571, "Bushy_Eyebrows": 0.00012077325663994998, "Chubby": 0.043149035423994064, "Double_Chin": 0.04028996825218201, "Eyeglasses": 0.0007834182470105588, "Goatee": 0.018681876361370087, "Gray_Hair": 0.18877321481704712, "Heavy_Makeup": 0.0005270175752229989, "High_Cheekbones": 0.6747193932533264, "Male": 0.9980186223983765, "Mouth_Slightly_Open": 0.9764109253883362, "Mustache": 0.17682668566703796, "Narrow_Eyes": 0.054218873381614685, "No_Beard": 0.40978363156318665, "Oval_Face": 0.6311343908309937, "Pale_Skin": 0.06386729329824448, "Pointy_Nose": 0.2644648253917694, "Receding_Hairline": 0.09428132325410843, "Rosy_Cheeks": 0.0003962524642702192, "Sideburns": 0.010274569503962994, "Smiling": 0.9885927438735962, "Straight_Hair": 0.018217410892248154, "Wavy_Hair": 0.004675263073295355, "Wearing_Earrings": 0.0016450210241600871, "Wearing_Hat": 0.0006878325366415083, "Wearing_Lipstick": 0.0007969592697918415, "Wearing_Necklace": 0.0011654794216156006, "Wearing_Necktie": 0.014063813723623753, "Young": 0.07094714045524597, "df_race": "white", "df_race_prob": 95.96074795489001, "df_gender": "Man", "df_gender_prob": 99.98573064804077, "df_age": 44, "df_emotion": "happy", "df_emotion_prob": 99.99163746783957}