{"name": "Kevin_Hearn_0001.jpg", "5_o_Clock_Shadow": 0.05871673300862312, "Arched_Eyebrows": 0.011217021383345127, "Attractive": 0.040219806134700775, "Bags_Under_Eyes": 0.022701634094119072, "Bald": 0.00034636931377463043, "Bangs": 0.2390841841697693, "Big_Lips": 0.03562360629439354, "Big_Nose": 0.020022056996822357, "Black_Hair": 0.0145700229331851, "Blond_Hair": 0.010943684726953506, "Blurry": 0.3914802670478821, "Brown_Hair": 0.1492178589105606, "Bushy_Eyebrows": 0.007403375115245581, "Chubby": 0.009358454495668411, "Double_Chin": 0.0017878279322758317, "Eyeglasses": 0.00039145787013694644, "Goatee": 0.0008225258789025247, "Gray_Hair": 0.002549063879996538, "Heavy_Makeup": 0.0008206149213947356, "High_Cheekbones": 0.013813977129757404, "Male": 0.9977274537086487, "Mouth_Slightly_Open": 0.9147136807441711, "Mustache": 0.0009719000663608313, "Narrow_Eyes": 0.016485800966620445, "No_Beard": 0.9618479609489441, "Oval_Face": 0.15921896696090698, "Pale_Skin": 0.007196025922894478, "Pointy_Nose": 0.056468140333890915, "Receding_Hairline": 0.0010358350118622184, "Rosy_Cheeks": 0.00019212598272133619, "Sideburns": 0.0011567787732928991, "Smiling": 0.036130137741565704, "Straight_Hair": 0.09738876670598984, "Wavy_Hair": 0.135205939412117, "Wearing_Earrings": 0.0015598507598042488, "Wearing_Hat": 0.0010774005204439163, "Wearing_Lipstick": 0.0016668566968291998, "Wearing_Necklace": 0.0019614738412201405, "Wearing_Necktie": 0.001156564918346703, "Young": 0.818209171295166, "df_race": "white", "df_race_prob": 58.189672231674194, "df_gender": "Man", "df_gender_prob": 99.98812675476074, "df_age": 29, "df_emotion": "neutral", "df_emotion_prob": 88.58659267425537}