{"name": "Kevin_Spacey_0005.jpg", "5_o_Clock_Shadow": 0.036398258060216904, "Arched_Eyebrows": 0.0091763436794281, "Attractive": 0.04225744307041168, "Bags_Under_Eyes": 0.6948904395103455, "Bald": 0.3626300096511841, "Bangs": 0.0005127119366079569, "Big_Lips": 0.0067380452528595924, "Big_Nose": 0.5805943012237549, "Black_Hair": 0.0028391461819410324, "Blond_Hair": 0.00790644995868206, "Blurry": 0.09647851437330246, "Brown_Hair": 0.04505523666739464, "Bushy_Eyebrows": 0.0018081356538459659, "Chubby": 0.19903670251369476, "Double_Chin": 0.21982328593730927, "Eyeglasses": 0.0038418613839894533, "Goatee": 0.0021417089737951756, "Gray_Hair": 0.07357572764158249, "Heavy_Makeup": 0.00010013406426878646, "High_Cheekbones": 0.06794606149196625, "Male": 0.9989973902702332, "Mouth_Slightly_Open": 0.0034116797614842653, "Mustache": 0.0026588100008666515, "Narrow_Eyes": 0.5679259896278381, "No_Beard": 0.9599175453186035, "Oval_Face": 0.1366516798734665, "Pale_Skin": 0.1529657542705536, "Pointy_Nose": 0.06257545202970505, "Receding_Hairline": 0.8944495916366577, "Rosy_Cheeks": 0.00016111154400277883, "Sideburns": 0.0025966267567127943, "Smiling": 0.7275670766830444, "Straight_Hair": 0.10850328952074051, "Wavy_Hair": 0.0028151723090559244, "Wearing_Earrings": 0.0006969801615923643, "Wearing_Hat": 0.0008996697142720222, "Wearing_Lipstick": 0.000248602416832, "Wearing_Necklace": 0.0006774614448659122, "Wearing_Necktie": 0.3632042109966278, "Young": 0.018928920850157738, "df_race": "white", "df_race_prob": 73.0036735534668, "df_gender": "Man", "df_gender_prob": 99.95571970939636, "df_age": 27, "df_emotion": "sad", "df_emotion_prob": 62.97423022831858}