{"name": "Kevin_Nealon_0001.jpg", "5_o_Clock_Shadow": 0.04247813671827316, "Arched_Eyebrows": 0.0018087710486724973, "Attractive": 0.0883101150393486, "Bags_Under_Eyes": 0.03448568284511566, "Bald": 0.0011108075268566608, "Bangs": 0.009946574456989765, "Big_Lips": 0.016663579270243645, "Big_Nose": 0.022740941494703293, "Black_Hair": 0.0011446505086496472, "Blond_Hair": 0.018384838476777077, "Blurry": 0.16230593621730804, "Brown_Hair": 0.09337355941534042, "Bushy_Eyebrows": 0.001311237458139658, "Chubby": 0.004213206470012665, "Double_Chin": 0.0016560014337301254, "Eyeglasses": 0.0002786365512292832, "Goatee": 0.00025510904379189014, "Gray_Hair": 0.005828040651977062, "Heavy_Makeup": 0.0003023121098522097, "High_Cheekbones": 0.013361778110265732, "Male": 0.9991543292999268, "Mouth_Slightly_Open": 0.014279672876000404, "Mustache": 0.0004099643265362829, "Narrow_Eyes": 0.030410317704081535, "No_Beard": 0.9881181120872498, "Oval_Face": 0.27867376804351807, "Pale_Skin": 0.026645364239811897, "Pointy_Nose": 0.12902827560901642, "Receding_Hairline": 0.014169248752295971, "Rosy_Cheeks": 3.804098378168419e-05, "Sideburns": 0.0002896528458222747, "Smiling": 0.010790555737912655, "Straight_Hair": 0.06912532448768616, "Wavy_Hair": 0.032735586166381836, "Wearing_Earrings": 0.0003055737470276654, "Wearing_Hat": 8.510334009770304e-05, "Wearing_Lipstick": 0.0004594035854097456, "Wearing_Necklace": 0.0009930799715220928, "Wearing_Necktie": 0.01420458685606718, "Young": 0.5816284418106079, "df_race": "white", "df_race_prob": 99.32825565338135, "df_gender": "Man", "df_gender_prob": 99.99030828475952, "df_age": 27, "df_emotion": "neutral", "df_emotion_prob": 71.83816693284118}