{"name": "Kevin_Costner_0008.jpg", "5_o_Clock_Shadow": 0.2328176498413086, "Arched_Eyebrows": 0.000771495804656297, "Attractive": 0.09084045886993408, "Bags_Under_Eyes": 0.14933308959007263, "Bald": 0.20265227556228638, "Bangs": 0.0002603668544907123, "Big_Lips": 0.015322058461606503, "Big_Nose": 0.24948334693908691, "Black_Hair": 0.0013058690819889307, "Blond_Hair": 0.012879524379968643, "Blurry": 0.028224123641848564, "Brown_Hair": 0.001132793491706252, "Bushy_Eyebrows": 0.0007486508693546057, "Chubby": 0.03545945882797241, "Double_Chin": 0.07038670778274536, "Eyeglasses": 0.002121714875102043, "Goatee": 0.0006287723081186414, "Gray_Hair": 0.5314890146255493, "Heavy_Makeup": 0.00013073788431938738, "High_Cheekbones": 0.05714653804898262, "Male": 0.99977046251297, "Mouth_Slightly_Open": 0.003450623480603099, "Mustache": 0.00079842668492347, "Narrow_Eyes": 0.23893123865127563, "No_Beard": 0.9516857266426086, "Oval_Face": 0.2566339373588562, "Pale_Skin": 0.04111011326313019, "Pointy_Nose": 0.21432016789913177, "Receding_Hairline": 0.7831875681877136, "Rosy_Cheeks": 0.00026015465846285224, "Sideburns": 0.002220326568931341, "Smiling": 0.2619567811489105, "Straight_Hair": 0.07118119299411774, "Wavy_Hair": 0.002960238140076399, "Wearing_Earrings": 0.0005623206961899996, "Wearing_Hat": 0.0002868833253160119, "Wearing_Lipstick": 0.00026530263130553067, "Wearing_Necklace": 0.0005369080463424325, "Wearing_Necktie": 0.06491919606924057, "Young": 0.07149820029735565, "df_race": "white", "df_race_prob": 99.99669790267944, "df_gender": "Man", "df_gender_prob": 99.99630451202393, "df_age": 36, "df_emotion": "happy", "df_emotion_prob": 94.11616991565586}