{"name": "Kevin_Borseth_0001.jpg", "5_o_Clock_Shadow": 0.027033258229494095, "Arched_Eyebrows": 0.0010127119021490216, "Attractive": 0.0887218788266182, "Bags_Under_Eyes": 0.42212074995040894, "Bald": 0.7522509694099426, "Bangs": 0.0014018553774803877, "Big_Lips": 0.01031872071325779, "Big_Nose": 0.08829165250062943, "Black_Hair": 0.0007103615789674222, "Blond_Hair": 0.0038638347759842873, "Blurry": 0.020850524306297302, "Brown_Hair": 0.003175908699631691, "Bushy_Eyebrows": 0.0003085462667513639, "Chubby": 0.022558053955435753, "Double_Chin": 0.011909975670278072, "Eyeglasses": 0.0005244583589956164, "Goatee": 0.000849841395393014, "Gray_Hair": 0.11652147024869919, "Heavy_Makeup": 0.00014025498239789158, "High_Cheekbones": 0.02522534877061844, "Male": 0.9994055032730103, "Mouth_Slightly_Open": 0.003038426162675023, "Mustache": 0.00045315222814679146, "Narrow_Eyes": 0.041820917278528214, "No_Beard": 0.9909907579421997, "Oval_Face": 0.12034343928098679, "Pale_Skin": 0.010340837761759758, "Pointy_Nose": 0.26064011454582214, "Receding_Hairline": 0.05069992318749428, "Rosy_Cheeks": 8.365455141756684e-05, "Sideburns": 0.001253617345355451, "Smiling": 0.1067960262298584, "Straight_Hair": 0.014045918360352516, "Wavy_Hair": 0.0038848824333399534, "Wearing_Earrings": 0.0021386712323874235, "Wearing_Hat": 0.0012645544484257698, "Wearing_Lipstick": 0.00033080237335525453, "Wearing_Necklace": 0.0005469511961564422, "Wearing_Necktie": 0.009880363941192627, "Young": 0.10827639698982239, "df_race": "white", "df_race_prob": 91.72987341880798, "df_gender": "Man", "df_gender_prob": 99.55013394355774, "df_age": 26, "df_emotion": "happy", "df_emotion_prob": 95.94468426044992}