{"name": "Khaled_Sawalhi_0001.jpg", "5_o_Clock_Shadow": 0.011851483955979347, "Arched_Eyebrows": 0.041974905878305435, "Attractive": 0.18882906436920166, "Bags_Under_Eyes": 0.03293250873684883, "Bald": 0.0003110117104370147, "Bangs": 0.04180106148123741, "Big_Lips": 0.12406088411808014, "Big_Nose": 0.07296520471572876, "Black_Hair": 0.24686084687709808, "Blond_Hair": 0.0009394188527949154, "Blurry": 0.06990796327590942, "Brown_Hair": 0.006566637195646763, "Bushy_Eyebrows": 0.1133628785610199, "Chubby": 0.0014483456034213305, "Double_Chin": 0.00014911548350937665, "Eyeglasses": 0.000508460565470159, "Goatee": 0.0005393230821937323, "Gray_Hair": 0.0004520031507126987, "Heavy_Makeup": 0.0007897387840785086, "High_Cheekbones": 0.004835654515773058, "Male": 0.9629439115524292, "Mouth_Slightly_Open": 0.001723321620374918, "Mustache": 0.0005953188519924879, "Narrow_Eyes": 0.004045951645821333, "No_Beard": 0.995528519153595, "Oval_Face": 0.12813955545425415, "Pale_Skin": 0.028010698035359383, "Pointy_Nose": 0.0811447873711586, "Receding_Hairline": 0.0006327409064397216, "Rosy_Cheeks": 4.760268348036334e-05, "Sideburns": 0.0003571654960978776, "Smiling": 0.0012775382492691278, "Straight_Hair": 0.34049496054649353, "Wavy_Hair": 0.00731366453692317, "Wearing_Earrings": 0.019431887194514275, "Wearing_Hat": 0.012518061324954033, "Wearing_Lipstick": 0.003194026881828904, "Wearing_Necklace": 0.0033947033807635307, "Wearing_Necktie": 0.0005205019260756671, "Young": 0.9745829701423645, "df_race": "latino hispanic", "df_race_prob": 32.00957369861446, "df_gender": "Man", "df_gender_prob": 99.9357283115387, "df_age": 27, "df_emotion": "neutral", "df_emotion_prob": 47.40622341632843}