{"name": "Khatol_Mohammad_Zai_0001.jpg", "5_o_Clock_Shadow": 0.004080080892890692, "Arched_Eyebrows": 0.37162986397743225, "Attractive": 0.2949197292327881, "Bags_Under_Eyes": 0.06687972694635391, "Bald": 0.0001364803028991446, "Bangs": 0.00838299747556448, "Big_Lips": 0.1361483484506607, "Big_Nose": 0.23430289328098297, "Black_Hair": 0.012934351339936256, "Blond_Hair": 0.005608626641333103, "Blurry": 0.037134431302547455, "Brown_Hair": 0.011815776117146015, "Bushy_Eyebrows": 0.05748744308948517, "Chubby": 0.0052870032377541065, "Double_Chin": 0.0009981922339648008, "Eyeglasses": 0.0001972893951460719, "Goatee": 0.00016760734433773905, "Gray_Hair": 0.0003907176433131099, "Heavy_Makeup": 0.06707751005887985, "High_Cheekbones": 0.22103293240070343, "Male": 0.02569693885743618, "Mouth_Slightly_Open": 0.006293118931353092, "Mustache": 0.00021678057964891195, "Narrow_Eyes": 0.008079750463366508, "No_Beard": 0.9957067370414734, "Oval_Face": 0.30334779620170593, "Pale_Skin": 0.08838663250207901, "Pointy_Nose": 0.059742629528045654, "Receding_Hairline": 0.0007524151005782187, "Rosy_Cheeks": 0.0003449251817073673, "Sideburns": 0.0003307084261905402, "Smiling": 0.10603168606758118, "Straight_Hair": 0.006858897861093283, "Wavy_Hair": 0.0390450544655323, "Wearing_Earrings": 0.055564139038324356, "Wearing_Hat": 0.9103719592094421, "Wearing_Lipstick": 0.263711154460907, "Wearing_Necklace": 0.01092126127332449, "Wearing_Necktie": 0.0012503077741712332, "Young": 0.9125169515609741, "df_race": "indian", "df_race_prob": 78.35788468812521, "df_gender": "Woman", "df_gender_prob": 99.88939166069031, "df_age": 33, "df_emotion": "neutral", "df_emotion_prob": 98.98479580879211}