{"name": "Kieran_Prendergast_0002.jpg", "5_o_Clock_Shadow": 0.004372213967144489, "Arched_Eyebrows": 0.0007862295606173575, "Attractive": 0.0019278500694781542, "Bags_Under_Eyes": 0.17123131453990936, "Bald": 0.6640540957450867, "Bangs": 0.003306371858343482, "Big_Lips": 0.0073176538571715355, "Big_Nose": 0.09709068387746811, "Black_Hair": 0.0008413505856879056, "Blond_Hair": 0.003030474530532956, "Blurry": 0.2601225674152374, "Brown_Hair": 0.001602581818588078, "Bushy_Eyebrows": 0.0002757453767117113, "Chubby": 0.06426755338907242, "Double_Chin": 0.006070083938539028, "Eyeglasses": 0.5737357139587402, "Goatee": 0.20705918967723846, "Gray_Hair": 0.2396094799041748, "Heavy_Makeup": 0.00016198369849007577, "High_Cheekbones": 0.013523087836802006, "Male": 0.9954625964164734, "Mouth_Slightly_Open": 0.017321720719337463, "Mustache": 0.030797680839896202, "Narrow_Eyes": 0.04630107805132866, "No_Beard": 0.33184367418289185, "Oval_Face": 0.1547364592552185, "Pale_Skin": 0.013501470908522606, "Pointy_Nose": 0.06396973133087158, "Receding_Hairline": 0.1378910094499588, "Rosy_Cheeks": 8.451611938653514e-05, "Sideburns": 0.18495279550552368, "Smiling": 0.0014444193802773952, "Straight_Hair": 0.004178440663963556, "Wavy_Hair": 0.0032440696377307177, "Wearing_Earrings": 0.001169470720924437, "Wearing_Hat": 0.006507348269224167, "Wearing_Lipstick": 0.00015777289809193462, "Wearing_Necklace": 0.0019270859193056822, "Wearing_Necktie": 0.03231209143996239, "Young": 0.011351857334375381, "df_race": "asian", "df_race_prob": 55.395323038101196, "df_gender": "Man", "df_gender_prob": 99.91587400436401, "df_age": 43, "df_emotion": "neutral", "df_emotion_prob": 36.446930593618085}