{"name": "Kieran_Culkin_0001.jpg", "5_o_Clock_Shadow": 0.006304182577878237, "Arched_Eyebrows": 0.017563624307513237, "Attractive": 0.20233944058418274, "Bags_Under_Eyes": 0.04667253792285919, "Bald": 0.0019385307095944881, "Bangs": 0.0004214252403471619, "Big_Lips": 0.018254654482007027, "Big_Nose": 0.04993179067969322, "Black_Hair": 0.0005857687792740762, "Blond_Hair": 0.23321698606014252, "Blurry": 0.12483996152877808, "Brown_Hair": 0.021878885105252266, "Bushy_Eyebrows": 0.00528403464704752, "Chubby": 0.001890937564894557, "Double_Chin": 0.0004964160034433007, "Eyeglasses": 0.0008317294996231794, "Goatee": 0.00038366156513802707, "Gray_Hair": 0.0034569485578686, "Heavy_Makeup": 0.0016076879110187292, "High_Cheekbones": 0.02081363834440708, "Male": 0.9294198155403137, "Mouth_Slightly_Open": 0.0028439806774258614, "Mustache": 0.00024426469462923706, "Narrow_Eyes": 0.07022126764059067, "No_Beard": 0.9926228523254395, "Oval_Face": 0.13948367536067963, "Pale_Skin": 0.10911578685045242, "Pointy_Nose": 0.06306291371583939, "Receding_Hairline": 0.34441077709198, "Rosy_Cheeks": 3.6818699300056323e-05, "Sideburns": 0.0001841223711380735, "Smiling": 0.03706977516412735, "Straight_Hair": 0.13973532617092133, "Wavy_Hair": 0.00635468540713191, "Wearing_Earrings": 0.01227808091789484, "Wearing_Hat": 0.0003794489603023976, "Wearing_Lipstick": 0.0042511154897511005, "Wearing_Necklace": 0.005184167064726353, "Wearing_Necktie": 0.0016035073203966022, "Young": 0.9661991596221924, "df_race": "white", "df_race_prob": 68.79940032958984, "df_gender": "Man", "df_gender_prob": 99.72559809684753, "df_age": 20, "df_emotion": "neutral", "df_emotion_prob": 35.77664962093239}