{"name": "Kiki_Vandeweghe_0001.jpg", "5_o_Clock_Shadow": 0.2700922191143036, "Arched_Eyebrows": 0.0001687299518380314, "Attractive": 0.08797284215688705, "Bags_Under_Eyes": 0.0440610907971859, "Bald": 0.0007882415084168315, "Bangs": 0.0023739244788885117, "Big_Lips": 0.03033384121954441, "Big_Nose": 0.19179363548755646, "Black_Hair": 0.015044882893562317, "Blond_Hair": 0.0032863877713680267, "Blurry": 0.03535178303718567, "Brown_Hair": 0.13521388173103333, "Bushy_Eyebrows": 0.0005071602063253522, "Chubby": 0.016694149002432823, "Double_Chin": 0.00826004333794117, "Eyeglasses": 0.0007495360914617777, "Goatee": 0.0007819121237844229, "Gray_Hair": 0.004161435645073652, "Heavy_Makeup": 0.00016556086484342813, "High_Cheekbones": 0.17019155621528625, "Male": 0.9992938041687012, "Mouth_Slightly_Open": 0.0020885616540908813, "Mustache": 0.0013855366269126534, "Narrow_Eyes": 0.025718929246068, "No_Beard": 0.9077578186988831, "Oval_Face": 0.13754509389400482, "Pale_Skin": 0.012052332051098347, "Pointy_Nose": 0.029231665655970573, "Receding_Hairline": 0.005034273955971003, "Rosy_Cheeks": 0.00010825612844200805, "Sideburns": 0.001141641172580421, "Smiling": 0.04984372481703758, "Straight_Hair": 0.6350099444389343, "Wavy_Hair": 0.004316829144954681, "Wearing_Earrings": 0.0003947317600250244, "Wearing_Hat": 0.00017315255536232144, "Wearing_Lipstick": 0.0002185369230573997, "Wearing_Necklace": 0.0003279742959421128, "Wearing_Necktie": 0.002781547838822007, "Young": 0.36427512764930725, "df_race": "white", "df_race_prob": 43.89813244342804, "df_gender": "Man", "df_gender_prob": 99.9875545501709, "df_age": 30, "df_emotion": "happy", "df_emotion_prob": 97.09649682044983}