{"name": "Kim_Dong-hwa_0001.jpg", "5_o_Clock_Shadow": 0.00585692236199975, "Arched_Eyebrows": 0.0011139828711748123, "Attractive": 0.04476018622517586, "Bags_Under_Eyes": 0.15623299777507782, "Bald": 0.0013152662431821227, "Bangs": 0.0026886321138590574, "Big_Lips": 0.008353546261787415, "Big_Nose": 0.010722626000642776, "Black_Hair": 0.02664562128484249, "Blond_Hair": 0.016823897138237953, "Blurry": 0.32529687881469727, "Brown_Hair": 0.07660885155200958, "Bushy_Eyebrows": 0.0009912863606587052, "Chubby": 0.005017608869820833, "Double_Chin": 0.004740691278129816, "Eyeglasses": 0.0007444903021678329, "Goatee": 0.0018756695790216327, "Gray_Hair": 0.002852711593732238, "Heavy_Makeup": 0.00039426787407137454, "High_Cheekbones": 0.5580204129219055, "Male": 0.9035875797271729, "Mouth_Slightly_Open": 0.32798656821250916, "Mustache": 0.0012353218626230955, "Narrow_Eyes": 0.1701674461364746, "No_Beard": 0.9930061101913452, "Oval_Face": 0.15184016525745392, "Pale_Skin": 0.0017134551890194416, "Pointy_Nose": 0.010202874429523945, "Receding_Hairline": 0.0021217542234808207, "Rosy_Cheeks": 6.750084139639512e-05, "Sideburns": 0.0005720385233871639, "Smiling": 0.5824663043022156, "Straight_Hair": 0.5785346031188965, "Wavy_Hair": 0.00866860244423151, "Wearing_Earrings": 0.0026067374274134636, "Wearing_Hat": 0.0015824942383915186, "Wearing_Lipstick": 0.00042563476017676294, "Wearing_Necklace": 0.019916720688343048, "Wearing_Necktie": 0.0014283504569903016, "Young": 0.865474283695221, "df_race": "asian", "df_race_prob": 99.89987016917823, "df_gender": "Man", "df_gender_prob": 99.44709539413452, "df_age": 28, "df_emotion": "happy", "df_emotion_prob": 85.91523170471191}