{"name": "Kim_Ryong-sung_0007.jpg", "5_o_Clock_Shadow": 0.0073488554917275906, "Arched_Eyebrows": 0.015540963038802147, "Attractive": 0.019215872511267662, "Bags_Under_Eyes": 0.06830209493637085, "Bald": 0.0023189731873571873, "Bangs": 0.00013391186075750738, "Big_Lips": 0.007932146079838276, "Big_Nose": 0.01984068751335144, "Black_Hair": 0.08231015503406525, "Blond_Hair": 0.010322977788746357, "Blurry": 0.07948318868875504, "Brown_Hair": 0.006283273920416832, "Bushy_Eyebrows": 0.004262249916791916, "Chubby": 0.13430631160736084, "Double_Chin": 0.026099583134055138, "Eyeglasses": 0.003678652225062251, "Goatee": 0.00047877710312604904, "Gray_Hair": 0.03329699859023094, "Heavy_Makeup": 0.0007314685499295592, "High_Cheekbones": 0.41800811886787415, "Male": 0.997258186340332, "Mouth_Slightly_Open": 0.9233475923538208, "Mustache": 0.0009433504892513156, "Narrow_Eyes": 0.3944944441318512, "No_Beard": 0.9912078380584717, "Oval_Face": 0.40241190791130066, "Pale_Skin": 0.02770533412694931, "Pointy_Nose": 0.0387938991189003, "Receding_Hairline": 0.13040515780448914, "Rosy_Cheeks": 0.0004441186902113259, "Sideburns": 0.0006269511650316417, "Smiling": 0.4582204520702362, "Straight_Hair": 0.5552514791488647, "Wavy_Hair": 0.0037684773560613394, "Wearing_Earrings": 0.0012869163183495402, "Wearing_Hat": 0.00027527203201316297, "Wearing_Lipstick": 0.000684520578943193, "Wearing_Necklace": 0.0004929309943690896, "Wearing_Necktie": 0.5313734412193298, "Young": 0.14573301374912262, "df_race": "asian", "df_race_prob": 74.5222806930542, "df_gender": "Man", "df_gender_prob": 99.95015859603882, "df_age": 43, "df_emotion": "sad", "df_emotion_prob": 37.08650767803192}