{"name": "Kim_Dae-jung_0007.jpg", "5_o_Clock_Shadow": 0.004287189804017544, "Arched_Eyebrows": 0.03297620639204979, "Attractive": 0.0025439844466745853, "Bags_Under_Eyes": 0.39322325587272644, "Bald": 0.010964487679302692, "Bangs": 0.0004943698877468705, "Big_Lips": 0.022003844380378723, "Big_Nose": 0.5591292381286621, "Black_Hair": 0.44791194796562195, "Blond_Hair": 0.004720192402601242, "Blurry": 0.07955702394247055, "Brown_Hair": 0.009967295452952385, "Bushy_Eyebrows": 0.005520982667803764, "Chubby": 0.8025597929954529, "Double_Chin": 0.42690587043762207, "Eyeglasses": 0.011437472887337208, "Goatee": 0.0006081121391616762, "Gray_Hair": 0.02560349740087986, "Heavy_Makeup": 0.00034916921867989004, "High_Cheekbones": 0.5802766680717468, "Male": 0.9935391545295715, "Mouth_Slightly_Open": 0.9866586327552795, "Mustache": 0.0019967202097177505, "Narrow_Eyes": 0.35033583641052246, "No_Beard": 0.9954482913017273, "Oval_Face": 0.07069897651672363, "Pale_Skin": 0.10437624901533127, "Pointy_Nose": 0.0011782589135691524, "Receding_Hairline": 0.15481926500797272, "Rosy_Cheeks": 0.00020610858337022364, "Sideburns": 0.0009154925355687737, "Smiling": 0.36060306429862976, "Straight_Hair": 0.9230393171310425, "Wavy_Hair": 0.0010309593053534627, "Wearing_Earrings": 0.0018242275109514594, "Wearing_Hat": 0.0013126481790095568, "Wearing_Lipstick": 0.0010322349844500422, "Wearing_Necklace": 0.0011089969193562865, "Wearing_Necktie": 0.8131260275840759, "Young": 0.014962357468903065, "df_race": "asian", "df_race_prob": 96.36750221252441, "df_gender": "Man", "df_gender_prob": 97.25984334945679, "df_age": 49, "df_emotion": "fear", "df_emotion_prob": 26.81238331647118}