{"name": "Kim_Su_Nam_0001.jpg", "5_o_Clock_Shadow": 0.001712713041342795, "Arched_Eyebrows": 0.0010728058405220509, "Attractive": 0.002778763649985194, "Bags_Under_Eyes": 0.02344474196434021, "Bald": 0.003916560672223568, "Bangs": 0.0006939379381947219, "Big_Lips": 0.004984915256500244, "Big_Nose": 0.017078792676329613, "Black_Hair": 0.160507932305336, "Blond_Hair": 0.0017664546612650156, "Blurry": 0.40063294768333435, "Brown_Hair": 0.00645044632256031, "Bushy_Eyebrows": 0.003953761886805296, "Chubby": 0.014279866591095924, "Double_Chin": 0.004736941773444414, "Eyeglasses": 0.9713426232337952, "Goatee": 0.0010178728261962533, "Gray_Hair": 0.03377581015229225, "Heavy_Makeup": 0.0004076925979461521, "High_Cheekbones": 0.252191960811615, "Male": 0.9831722974777222, "Mouth_Slightly_Open": 0.34092599153518677, "Mustache": 0.0018534810515120625, "Narrow_Eyes": 0.05278138443827629, "No_Beard": 0.9934839606285095, "Oval_Face": 0.13420726358890533, "Pale_Skin": 0.00136106600984931, "Pointy_Nose": 0.019136447459459305, "Receding_Hairline": 0.03658128157258034, "Rosy_Cheeks": 0.0001285929756704718, "Sideburns": 0.0004272394289728254, "Smiling": 0.03011801466345787, "Straight_Hair": 0.5701556205749512, "Wavy_Hair": 0.0019471257692202926, "Wearing_Earrings": 0.0013844603672623634, "Wearing_Hat": 0.0026078717783093452, "Wearing_Lipstick": 0.000310419563902542, "Wearing_Necklace": 0.0007775159901939332, "Wearing_Necktie": 0.13426195085048676, "Young": 0.0250388290733099, "df_race": "asian", "df_race_prob": 53.08048129081726, "df_gender": "Man", "df_gender_prob": 98.81380200386047, "df_age": 26, "df_emotion": "neutral", "df_emotion_prob": 96.99558001730323}