{"name": "King_Abdullah_II_0005.jpg", "5_o_Clock_Shadow": 0.2402905374765396, "Arched_Eyebrows": 0.001577517599798739, "Attractive": 0.07619504630565643, "Bags_Under_Eyes": 0.09118574112653732, "Bald": 0.0012145095970481634, "Bangs": 0.0005147455958649516, "Big_Lips": 0.006971102673560381, "Big_Nose": 0.04360542073845863, "Black_Hair": 0.057834696024656296, "Blond_Hair": 0.0018408395117148757, "Blurry": 0.029146552085876465, "Brown_Hair": 0.07058613002300262, "Bushy_Eyebrows": 0.0003987511736340821, "Chubby": 0.02181110717356205, "Double_Chin": 0.005935864523053169, "Eyeglasses": 0.0009706597193144262, "Goatee": 0.04770389199256897, "Gray_Hair": 0.010730702430009842, "Heavy_Makeup": 0.0001472311414545402, "High_Cheekbones": 0.004852770362049341, "Male": 0.9992823004722595, "Mouth_Slightly_Open": 0.01802382431924343, "Mustache": 0.14255258440971375, "Narrow_Eyes": 0.13015116751194, "No_Beard": 0.2162827104330063, "Oval_Face": 0.16022254526615143, "Pale_Skin": 0.012339686043560505, "Pointy_Nose": 0.13618867099285126, "Receding_Hairline": 0.010575647465884686, "Rosy_Cheeks": 5.931552732363343e-05, "Sideburns": 0.053074393421411514, "Smiling": 0.0009175281156785786, "Straight_Hair": 0.8801169991493225, "Wavy_Hair": 0.002797256223857403, "Wearing_Earrings": 0.0005523933796212077, "Wearing_Hat": 0.00025515040033496916, "Wearing_Lipstick": 0.00011887012078659609, "Wearing_Necklace": 0.00013543694512918591, "Wearing_Necktie": 0.4373479187488556, "Young": 0.3353324830532074, "df_race": "latino hispanic", "df_race_prob": 28.662770986557007, "df_gender": "Man", "df_gender_prob": 99.82085227966309, "df_age": 27, "df_emotion": "sad", "df_emotion_prob": 55.04477024078369}