{"name": "Kirsten_Gilham_0001.jpg", "5_o_Clock_Shadow": 0.0008228851947933435, "Arched_Eyebrows": 0.007277744356542826, "Attractive": 0.012495964765548706, "Bags_Under_Eyes": 0.24505417048931122, "Bald": 0.0010890518315136433, "Bangs": 0.6501341462135315, "Big_Lips": 0.14993934333324432, "Big_Nose": 0.4623253047466278, "Black_Hair": 0.0014591222861781716, "Blond_Hair": 0.1085430234670639, "Blurry": 0.7498151659965515, "Brown_Hair": 0.013506411574780941, "Bushy_Eyebrows": 9.34073468670249e-05, "Chubby": 0.016959453001618385, "Double_Chin": 0.014249077998101711, "Eyeglasses": 0.406990647315979, "Goatee": 0.0007537628407590091, "Gray_Hair": 0.04537461698055267, "Heavy_Makeup": 0.00028371557709760964, "High_Cheekbones": 0.24012553691864014, "Male": 0.38660135865211487, "Mouth_Slightly_Open": 0.8112884163856506, "Mustache": 0.0016067719552665949, "Narrow_Eyes": 0.07393518090248108, "No_Beard": 0.9909105896949768, "Oval_Face": 0.03765981271862984, "Pale_Skin": 0.23705431818962097, "Pointy_Nose": 0.011592711322009563, "Receding_Hairline": 0.0030197317246347666, "Rosy_Cheeks": 0.00024246229440905154, "Sideburns": 0.0003922124451491982, "Smiling": 0.9652795195579529, "Straight_Hair": 0.006180500611662865, "Wavy_Hair": 0.4926981031894684, "Wearing_Earrings": 0.0055527654476463795, "Wearing_Hat": 0.0018791425973176956, "Wearing_Lipstick": 0.0030024838633835316, "Wearing_Necklace": 0.0633416399359703, "Wearing_Necktie": 0.0022968200501054525, "Young": 0.2626791298389435, "df_race": "white", "df_race_prob": 87.46165037155151, "df_gender": "Man", "df_gender_prob": 98.27108979225159, "df_age": 33, "df_emotion": "happy", "df_emotion_prob": 96.90437912940979}