{"name": "Kofi_Annan_0002.jpg", "5_o_Clock_Shadow": 0.021887822076678276, "Arched_Eyebrows": 0.0016453162534162402, "Attractive": 0.0018587923841550946, "Bags_Under_Eyes": 0.6741143465042114, "Bald": 0.017229264602065086, "Bangs": 0.0006702278624288738, "Big_Lips": 0.20236515998840332, "Big_Nose": 0.97139972448349, "Black_Hair": 0.00751038221642375, "Blond_Hair": 0.0008614623220637441, "Blurry": 0.030868375673890114, "Brown_Hair": 0.0003034518158528954, "Bushy_Eyebrows": 0.00042822660179808736, "Chubby": 0.4898521900177002, "Double_Chin": 0.3053024113178253, "Eyeglasses": 0.004214376676827669, "Goatee": 0.3974560797214508, "Gray_Hair": 0.6793110370635986, "Heavy_Makeup": 5.8993868151446804e-05, "High_Cheekbones": 0.547052264213562, "Male": 0.9997833371162415, "Mouth_Slightly_Open": 0.07656191289424896, "Mustache": 0.10350162535905838, "Narrow_Eyes": 0.01619364693760872, "No_Beard": 0.2571605443954468, "Oval_Face": 0.18278884887695312, "Pale_Skin": 0.008420124650001526, "Pointy_Nose": 0.0009011070942506194, "Receding_Hairline": 0.3483172655105591, "Rosy_Cheeks": 7.222603016998619e-05, "Sideburns": 0.02649916335940361, "Smiling": 0.08206664025783539, "Straight_Hair": 0.056847427040338516, "Wavy_Hair": 0.0020148828625679016, "Wearing_Earrings": 0.0019467876991257071, "Wearing_Hat": 0.0008050953038036823, "Wearing_Lipstick": 3.953941268264316e-05, "Wearing_Necklace": 0.00040583949885331094, "Wearing_Necktie": 0.505423367023468, "Young": 0.012973139062523842, "df_race": "black", "df_race_prob": 99.9998688697815, "df_gender": "Man", "df_gender_prob": 99.86763596534729, "df_age": 41, "df_emotion": "sad", "df_emotion_prob": 54.3296754360199}