{"name": "Kofi_Annan_0018.jpg", "5_o_Clock_Shadow": 0.0327170267701149, "Arched_Eyebrows": 0.0005113400402478874, "Attractive": 0.0011523448629304767, "Bags_Under_Eyes": 0.3403557538986206, "Bald": 0.0192673709243536, "Bangs": 0.000445241981651634, "Big_Lips": 0.20620647072792053, "Big_Nose": 0.8688702583312988, "Black_Hair": 0.02122720330953598, "Blond_Hair": 0.0016200909158214927, "Blurry": 0.18156704306602478, "Brown_Hair": 0.0004322989843785763, "Bushy_Eyebrows": 0.0003038565337192267, "Chubby": 0.6042047142982483, "Double_Chin": 0.36732223629951477, "Eyeglasses": 0.010096180252730846, "Goatee": 0.3568843603134155, "Gray_Hair": 0.5615246891975403, "Heavy_Makeup": 0.00018867617473006248, "High_Cheekbones": 0.8051813244819641, "Male": 0.9995747208595276, "Mouth_Slightly_Open": 0.07915375381708145, "Mustache": 0.07683920115232468, "Narrow_Eyes": 0.007650437764823437, "No_Beard": 0.3086669445037842, "Oval_Face": 0.2575836479663849, "Pale_Skin": 0.0016054544830694795, "Pointy_Nose": 0.0030637490563094616, "Receding_Hairline": 0.4008727967739105, "Rosy_Cheeks": 0.00021765459678135812, "Sideburns": 0.015757204964756966, "Smiling": 0.15263697504997253, "Straight_Hair": 0.028605297207832336, "Wavy_Hair": 0.005410683341324329, "Wearing_Earrings": 0.0018880319548770785, "Wearing_Hat": 0.0006352451164275408, "Wearing_Lipstick": 9.033067908603698e-05, "Wearing_Necklace": 0.0004726806946564466, "Wearing_Necktie": 0.5029741525650024, "Young": 0.020030833780765533, "df_race": "black", "df_race_prob": 100.0, "df_gender": "Man", "df_gender_prob": 96.48628234863281, "df_age": 44, "df_emotion": "angry", "df_emotion_prob": 49.98389482498169}