{"name": "Kofi_Annan_0020.jpg", "5_o_Clock_Shadow": 0.022723162546753883, "Arched_Eyebrows": 0.0005277321324683726, "Attractive": 0.0019068142864853144, "Bags_Under_Eyes": 0.500248908996582, "Bald": 0.03766808286309242, "Bangs": 0.00044854707084596157, "Big_Lips": 0.1536986082792282, "Big_Nose": 0.956156313419342, "Black_Hair": 0.004973528906702995, "Blond_Hair": 0.0009110646788030863, "Blurry": 0.1222887635231018, "Brown_Hair": 0.00055047677597031, "Bushy_Eyebrows": 0.00013860322360415012, "Chubby": 0.6165549755096436, "Double_Chin": 0.5058211088180542, "Eyeglasses": 0.0033876895904541016, "Goatee": 0.3014829456806183, "Gray_Hair": 0.5894859433174133, "Heavy_Makeup": 9.999293979490176e-05, "High_Cheekbones": 0.6927826404571533, "Male": 0.9997424483299255, "Mouth_Slightly_Open": 0.06202675774693489, "Mustache": 0.12037421017885208, "Narrow_Eyes": 0.034401968121528625, "No_Beard": 0.2901950776576996, "Oval_Face": 0.22353850305080414, "Pale_Skin": 0.0015045703621581197, "Pointy_Nose": 0.002034467412158847, "Receding_Hairline": 0.5204863548278809, "Rosy_Cheeks": 0.00022807657660450786, "Sideburns": 0.016270682215690613, "Smiling": 0.33250078558921814, "Straight_Hair": 0.031933292746543884, "Wavy_Hair": 0.0028061631601303816, "Wearing_Earrings": 0.0015746699646115303, "Wearing_Hat": 0.0006211503641679883, "Wearing_Lipstick": 7.859220204409212e-05, "Wearing_Necklace": 0.0007961076335050166, "Wearing_Necktie": 0.6644086837768555, "Young": 0.011063924059271812, "df_race": "black", "df_race_prob": 100.0, "df_gender": "Man", "df_gender_prob": 99.90004897117615, "df_age": 44, "df_emotion": "fear", "df_emotion_prob": 43.11794422651002}