{"name": "Kristy_Curry_0001.jpg", "5_o_Clock_Shadow": 0.0011831952724605799, "Arched_Eyebrows": 0.0030545189511030912, "Attractive": 0.03767256438732147, "Bags_Under_Eyes": 0.02928782068192959, "Bald": 0.0005161620792932808, "Bangs": 0.7647950053215027, "Big_Lips": 0.04551336541771889, "Big_Nose": 0.006639678962528706, "Black_Hair": 0.000637028191704303, "Blond_Hair": 0.6902260184288025, "Blurry": 0.4049672484397888, "Brown_Hair": 0.007923549972474575, "Bushy_Eyebrows": 0.00038310911622829735, "Chubby": 0.0019400941673666239, "Double_Chin": 0.0010449836263433099, "Eyeglasses": 0.0010480672353878617, "Goatee": 0.0004032068245578557, "Gray_Hair": 0.042549777776002884, "Heavy_Makeup": 0.007545687258243561, "High_Cheekbones": 0.03194553777575493, "Male": 0.10602299124002457, "Mouth_Slightly_Open": 0.7368578314781189, "Mustache": 0.0003067228535655886, "Narrow_Eyes": 0.020759595558047295, "No_Beard": 0.9966020584106445, "Oval_Face": 0.18149292469024658, "Pale_Skin": 0.10734754055738449, "Pointy_Nose": 0.057245586067438126, "Receding_Hairline": 0.0011531217023730278, "Rosy_Cheeks": 3.694690531119704e-05, "Sideburns": 0.001142274821177125, "Smiling": 0.006147583015263081, "Straight_Hair": 0.045655496418476105, "Wavy_Hair": 0.1576080024242401, "Wearing_Earrings": 0.01943999156355858, "Wearing_Hat": 0.0007652073400095105, "Wearing_Lipstick": 0.015004554763436317, "Wearing_Necklace": 0.03454786539077759, "Wearing_Necktie": 0.0007541497470811009, "Young": 0.3381040692329407, "df_race": "white", "df_race_prob": 99.99994039535522, "df_gender": "Woman", "df_gender_prob": 87.93374300003052, "df_age": 40, "df_emotion": "fear", "df_emotion_prob": 84.75821614265442}