{"name": "Kristin_Davis_0001.jpg", "5_o_Clock_Shadow": 0.0003703050024341792, "Arched_Eyebrows": 0.18043041229248047, "Attractive": 0.9299052357673645, "Bags_Under_Eyes": 0.001487045781686902, "Bald": 5.6251818023156375e-05, "Bangs": 0.001588723505847156, "Big_Lips": 0.05177406594157219, "Big_Nose": 0.0034786222968250513, "Black_Hair": 0.0027808998711407185, "Blond_Hair": 0.26176127791404724, "Blurry": 0.02235313318669796, "Brown_Hair": 0.16107122600078583, "Bushy_Eyebrows": 0.0012251052539795637, "Chubby": 0.0006190617568790913, "Double_Chin": 0.00024278313503600657, "Eyeglasses": 8.959770639194176e-05, "Goatee": 9.140487236436456e-05, "Gray_Hair": 0.0008700784528627992, "Heavy_Makeup": 0.5181348323822021, "High_Cheekbones": 0.5771737694740295, "Male": 0.0002868376614060253, "Mouth_Slightly_Open": 0.002266637282446027, "Mustache": 5.6153898185584694e-05, "Narrow_Eyes": 0.1145227700471878, "No_Beard": 0.9995217323303223, "Oval_Face": 0.5066243410110474, "Pale_Skin": 0.2624990940093994, "Pointy_Nose": 0.3011511564254761, "Receding_Hairline": 0.00552414869889617, "Rosy_Cheeks": 0.002017668215557933, "Sideburns": 9.572632552590221e-05, "Smiling": 0.7031552791595459, "Straight_Hair": 0.007567061111330986, "Wavy_Hair": 0.9081606268882751, "Wearing_Earrings": 0.2419150024652481, "Wearing_Hat": 9.44209168665111e-05, "Wearing_Lipstick": 0.8200560808181763, "Wearing_Necklace": 0.02590232901275158, "Wearing_Necktie": 0.000147650673170574, "Young": 0.8783034086227417, "df_race": "white", "df_race_prob": 99.99977350234985, "df_gender": "Woman", "df_gender_prob": 99.52728152275085, "df_age": 31, "df_emotion": "happy", "df_emotion_prob": 85.77307377893172}