{"name": "Kurt_Warner_0005.jpg", "5_o_Clock_Shadow": 0.596805989742279, "Arched_Eyebrows": 0.008975319564342499, "Attractive": 0.3847251832485199, "Bags_Under_Eyes": 0.010251147672533989, "Bald": 0.00034463053452782333, "Bangs": 5.444884664029814e-05, "Big_Lips": 0.014834659174084663, "Big_Nose": 0.023894885554909706, "Black_Hair": 0.11981438845396042, "Blond_Hair": 0.0025764349848031998, "Blurry": 0.09300274401903152, "Brown_Hair": 0.07144918292760849, "Bushy_Eyebrows": 0.06630777567625046, "Chubby": 0.005909421481192112, "Double_Chin": 0.0033656975720077753, "Eyeglasses": 0.00014855815970804542, "Goatee": 0.002963836072012782, "Gray_Hair": 0.0009168678079731762, "Heavy_Makeup": 0.000747567624785006, "High_Cheekbones": 0.12405307590961456, "Male": 0.9960880279541016, "Mouth_Slightly_Open": 0.9669458270072937, "Mustache": 0.0023232055827975273, "Narrow_Eyes": 0.06637611985206604, "No_Beard": 0.6609501242637634, "Oval_Face": 0.3492296040058136, "Pale_Skin": 0.006584888324141502, "Pointy_Nose": 0.06984518468379974, "Receding_Hairline": 0.0065054623410105705, "Rosy_Cheeks": 0.00014406397531274706, "Sideburns": 0.007384694181382656, "Smiling": 0.7430579662322998, "Straight_Hair": 0.5113217830657959, "Wavy_Hair": 0.007437005639076233, "Wearing_Earrings": 0.0006880583241581917, "Wearing_Hat": 0.0005569059867411852, "Wearing_Lipstick": 0.000643404433503747, "Wearing_Necklace": 0.0005142301670275629, "Wearing_Necktie": 0.0016928496770560741, "Young": 0.837945282459259, "df_race": "middle eastern", "df_race_prob": 63.50421905517578, "df_gender": "Man", "df_gender_prob": 99.99479055404663, "df_age": 25, "df_emotion": "happy", "df_emotion_prob": 31.30001425743103}