{"name": "Kwame_Kilpatrick_0001.jpg", "5_o_Clock_Shadow": 0.024267826229333878, "Arched_Eyebrows": 0.0020721880719065666, "Attractive": 0.0031083521898835897, "Bags_Under_Eyes": 0.04278688132762909, "Bald": 0.08911283314228058, "Bangs": 0.00041705448529683053, "Big_Lips": 0.4940735399723053, "Big_Nose": 0.8218793869018555, "Black_Hair": 0.09231948852539062, "Blond_Hair": 0.0024259304627776146, "Blurry": 0.1721697598695755, "Brown_Hair": 0.0010013631545007229, "Bushy_Eyebrows": 0.008163372986018658, "Chubby": 0.7443564534187317, "Double_Chin": 0.06976290792226791, "Eyeglasses": 0.008398780599236488, "Goatee": 0.010046183131635189, "Gray_Hair": 0.005645751487463713, "Heavy_Makeup": 0.0002629644004628062, "High_Cheekbones": 0.05734674260020256, "Male": 0.9992517828941345, "Mouth_Slightly_Open": 0.014912820421159267, "Mustache": 0.03986369073390961, "Narrow_Eyes": 0.044558074325323105, "No_Beard": 0.6355977058410645, "Oval_Face": 0.48253414034843445, "Pale_Skin": 0.012536688707768917, "Pointy_Nose": 0.0012526654172688723, "Receding_Hairline": 0.6107476353645325, "Rosy_Cheeks": 5.3738946007797495e-05, "Sideburns": 0.0064783850684762, "Smiling": 0.0042468891479074955, "Straight_Hair": 0.007035903632640839, "Wavy_Hair": 0.0014388990821316838, "Wearing_Earrings": 0.022217482328414917, "Wearing_Hat": 0.0006023825262673199, "Wearing_Lipstick": 0.0002243481285404414, "Wearing_Necklace": 0.0019285567104816437, "Wearing_Necktie": 0.46916499733924866, "Young": 0.71702641248703, "df_race": "black", "df_race_prob": 100.0, "df_gender": "Man", "df_gender_prob": 99.9588668346405, "df_age": 25, "df_emotion": "neutral", "df_emotion_prob": 98.64795820141337}