{"name": "Lana_Clarkson_0002.jpg", "5_o_Clock_Shadow": 0.0009744740673340857, "Arched_Eyebrows": 0.10583977401256561, "Attractive": 0.12124839425086975, "Bags_Under_Eyes": 0.10821683704853058, "Bald": 0.0006946076173335314, "Bangs": 0.8844946026802063, "Big_Lips": 0.1738569289445877, "Big_Nose": 0.08681106567382812, "Black_Hair": 0.0003854891692753881, "Blond_Hair": 0.44224587082862854, "Blurry": 0.3949281871318817, "Brown_Hair": 0.007206229493021965, "Bushy_Eyebrows": 0.00016758384299464524, "Chubby": 0.0015857681864872575, "Double_Chin": 0.0023071765899658203, "Eyeglasses": 0.00016647331358399242, "Goatee": 0.0001476776960771531, "Gray_Hair": 0.02020760253071785, "Heavy_Makeup": 0.014580694027245045, "High_Cheekbones": 0.7294433116912842, "Male": 0.022146038711071014, "Mouth_Slightly_Open": 0.9906961917877197, "Mustache": 0.00027952840900979936, "Narrow_Eyes": 0.012292630970478058, "No_Beard": 0.9975341558456421, "Oval_Face": 0.09105176478624344, "Pale_Skin": 0.05019133910536766, "Pointy_Nose": 0.060830119997262955, "Receding_Hairline": 0.0008999997517094016, "Rosy_Cheeks": 0.0010606247233226895, "Sideburns": 0.00039325415855273604, "Smiling": 0.9749311804771423, "Straight_Hair": 0.09693582355976105, "Wavy_Hair": 0.019035836681723595, "Wearing_Earrings": 0.044055476784706116, "Wearing_Hat": 0.0009606914827600121, "Wearing_Lipstick": 0.20646217465400696, "Wearing_Necklace": 0.06503409892320633, "Wearing_Necktie": 0.00022444654314313084, "Young": 0.19296012818813324, "df_race": "white", "df_race_prob": 96.65171504020691, "df_gender": "Woman", "df_gender_prob": 99.99794960021973, "df_age": 36, "df_emotion": "happy", "df_emotion_prob": 97.74824976921082}