{"name": "Lana_Clarkson_0001.jpg", "5_o_Clock_Shadow": 0.0005529386107809842, "Arched_Eyebrows": 0.05854659155011177, "Attractive": 0.6730909943580627, "Bags_Under_Eyes": 0.016951195895671844, "Bald": 0.00011915314826183021, "Bangs": 0.07951715588569641, "Big_Lips": 0.1385490894317627, "Big_Nose": 0.024035241454839706, "Black_Hair": 0.0008477445808239281, "Blond_Hair": 0.9366304278373718, "Blurry": 0.037321362644433975, "Brown_Hair": 0.001135204453021288, "Bushy_Eyebrows": 0.000534966355189681, "Chubby": 0.0007457787287421525, "Double_Chin": 0.0005112749640829861, "Eyeglasses": 0.0002329656417714432, "Goatee": 0.00024319716612808406, "Gray_Hair": 0.010356254875659943, "Heavy_Makeup": 0.2894366383552551, "High_Cheekbones": 0.9588072896003723, "Male": 0.0023141284473240376, "Mouth_Slightly_Open": 0.9974251985549927, "Mustache": 0.00012056120613124222, "Narrow_Eyes": 0.05872415751218796, "No_Beard": 0.9990731477737427, "Oval_Face": 0.320842444896698, "Pale_Skin": 0.35517433285713196, "Pointy_Nose": 0.07642456144094467, "Receding_Hairline": 0.00026944061391986907, "Rosy_Cheeks": 0.0002711965062189847, "Sideburns": 0.0001523007231298834, "Smiling": 0.997021496295929, "Straight_Hair": 0.02226981334388256, "Wavy_Hair": 0.6711899042129517, "Wearing_Earrings": 0.01724560558795929, "Wearing_Hat": 0.00031104462686926126, "Wearing_Lipstick": 0.6540999412536621, "Wearing_Necklace": 0.039092931896448135, "Wearing_Necktie": 0.000141022726893425, "Young": 0.31932589411735535, "df_race": "white", "df_race_prob": 98.59403959477184, "df_gender": "Woman", "df_gender_prob": 100.0, "df_age": 34, "df_emotion": "happy", "df_emotion_prob": 99.97941851615906}