{"name": "Lance_Armstrong_0018.jpg", "5_o_Clock_Shadow": 0.017352834343910217, "Arched_Eyebrows": 0.001220567850396037, "Attractive": 0.11751241981983185, "Bags_Under_Eyes": 0.0243934765458107, "Bald": 0.0033660128246992826, "Bangs": 0.00013798843428958207, "Big_Lips": 0.0017947637243196368, "Big_Nose": 0.041230808943510056, "Black_Hair": 0.004908444359898567, "Blond_Hair": 0.028240038082003593, "Blurry": 0.07426350563764572, "Brown_Hair": 0.025223594158887863, "Bushy_Eyebrows": 6.936734280316159e-05, "Chubby": 0.004246296361088753, "Double_Chin": 0.014317772351205349, "Eyeglasses": 0.0011182432062923908, "Goatee": 0.000972340174484998, "Gray_Hair": 0.09296802431344986, "Heavy_Makeup": 0.00028048467356711626, "High_Cheekbones": 0.029578285291790962, "Male": 0.999519944190979, "Mouth_Slightly_Open": 0.9089301228523254, "Mustache": 0.0010382926557213068, "Narrow_Eyes": 0.010907754302024841, "No_Beard": 0.9781087636947632, "Oval_Face": 0.3451923131942749, "Pale_Skin": 0.005259956233203411, "Pointy_Nose": 0.10730204731225967, "Receding_Hairline": 0.16726621985435486, "Rosy_Cheeks": 0.00027092540403828025, "Sideburns": 0.0006733339396305382, "Smiling": 0.4589589834213257, "Straight_Hair": 0.1363511085510254, "Wavy_Hair": 0.0027933523524552584, "Wearing_Earrings": 0.000415292801335454, "Wearing_Hat": 0.00014601940347347409, "Wearing_Lipstick": 0.00017054137424565852, "Wearing_Necklace": 0.0001278175477636978, "Wearing_Necktie": 0.3942711651325226, "Young": 0.40879184007644653, "df_race": "white", "df_race_prob": 99.79167580604553, "df_gender": "Man", "df_gender_prob": 99.98680353164673, "df_age": 27, "df_emotion": "happy", "df_emotion_prob": 99.67654939610355}