{"name": "Lance_Armstrong_0012.jpg", "5_o_Clock_Shadow": 0.07801412791013718, "Arched_Eyebrows": 0.001405055751092732, "Attractive": 0.17888450622558594, "Bags_Under_Eyes": 0.04737444594502449, "Bald": 0.002338987309485674, "Bangs": 0.00021748157450929284, "Big_Lips": 0.00973433442413807, "Big_Nose": 0.18037475645542145, "Black_Hair": 0.005219046026468277, "Blond_Hair": 0.0267721526324749, "Blurry": 0.09246302396059036, "Brown_Hair": 0.027701854705810547, "Bushy_Eyebrows": 7.059798372210935e-05, "Chubby": 0.004974052309989929, "Double_Chin": 0.007430781610310078, "Eyeglasses": 0.0005325758829712868, "Goatee": 0.0006348516908474267, "Gray_Hair": 0.03891787678003311, "Heavy_Makeup": 0.00021255957835819572, "High_Cheekbones": 0.12388429790735245, "Male": 0.9994975328445435, "Mouth_Slightly_Open": 0.9725207686424255, "Mustache": 0.0011234821286052465, "Narrow_Eyes": 0.007626643404364586, "No_Beard": 0.9669982194900513, "Oval_Face": 0.1546272188425064, "Pale_Skin": 0.008289121091365814, "Pointy_Nose": 0.15442144870758057, "Receding_Hairline": 0.18072587251663208, "Rosy_Cheeks": 0.00021627394016832113, "Sideburns": 0.0004633310600183904, "Smiling": 0.8526029586791992, "Straight_Hair": 0.13781721889972687, "Wavy_Hair": 0.008902753703296185, "Wearing_Earrings": 0.0011368115665391088, "Wearing_Hat": 0.00021629274124279618, "Wearing_Lipstick": 0.0003239682118874043, "Wearing_Necklace": 0.000473351392429322, "Wearing_Necktie": 0.01582488976418972, "Young": 0.7072045207023621, "df_race": "white", "df_race_prob": 63.89434337615967, "df_gender": "Man", "df_gender_prob": 99.9613106250763, "df_age": 28, "df_emotion": "sad", "df_emotion_prob": 43.95677447319031}