{"name": "Lance_Armstrong_0005.jpg", "5_o_Clock_Shadow": 0.0560406818985939, "Arched_Eyebrows": 0.0003243526734877378, "Attractive": 0.024451475590467453, "Bags_Under_Eyes": 0.051566511392593384, "Bald": 0.004091503564268351, "Bangs": 0.0004977756761945784, "Big_Lips": 0.005093434825539589, "Big_Nose": 0.03199499845504761, "Black_Hair": 0.00018063513562083244, "Blond_Hair": 0.012721403501927853, "Blurry": 0.09971554577350616, "Brown_Hair": 0.008174375630915165, "Bushy_Eyebrows": 0.0006775202346034348, "Chubby": 0.004082137253135443, "Double_Chin": 0.012624264694750309, "Eyeglasses": 0.0030930940993130207, "Goatee": 0.0011427347781136632, "Gray_Hair": 0.01047777384519577, "Heavy_Makeup": 0.00016276123642455786, "High_Cheekbones": 0.0562671422958374, "Male": 0.9985657334327698, "Mouth_Slightly_Open": 0.8388530611991882, "Mustache": 0.0011034886119887233, "Narrow_Eyes": 0.04562181606888771, "No_Beard": 0.9745561480522156, "Oval_Face": 0.18594789505004883, "Pale_Skin": 0.010167589411139488, "Pointy_Nose": 0.05429435521364212, "Receding_Hairline": 0.003059772541746497, "Rosy_Cheeks": 0.00012699252692982554, "Sideburns": 0.0013604285195469856, "Smiling": 0.24945423007011414, "Straight_Hair": 0.00394026841968298, "Wavy_Hair": 0.0041692485101521015, "Wearing_Earrings": 0.002617958467453718, "Wearing_Hat": 0.9778372049331665, "Wearing_Lipstick": 0.0002418797230347991, "Wearing_Necklace": 0.001269920147024095, "Wearing_Necktie": 0.0031475916039198637, "Young": 0.7259091734886169, "df_race": "white", "df_race_prob": 47.92855978012085, "df_gender": "Man", "df_gender_prob": 99.98160004615784, "df_age": 29, "df_emotion": "neutral", "df_emotion_prob": 99.60685370009266}