{"name": "Larry_Lindsey_0001.jpg", "5_o_Clock_Shadow": 0.013577588833868504, "Arched_Eyebrows": 0.008059234358370304, "Attractive": 0.0055667986162006855, "Bags_Under_Eyes": 0.31675857305526733, "Bald": 0.00705324113368988, "Bangs": 0.0026226206682622433, "Big_Lips": 0.013524710200726986, "Big_Nose": 0.2995055317878723, "Black_Hair": 0.006745500024408102, "Blond_Hair": 0.07184674590826035, "Blurry": 0.07127998024225235, "Brown_Hair": 0.0017459888476878405, "Bushy_Eyebrows": 0.0023675516713410616, "Chubby": 0.9063687920570374, "Double_Chin": 0.6926752924919128, "Eyeglasses": 0.0013744680909439921, "Goatee": 0.0002288276155013591, "Gray_Hair": 0.29074931144714355, "Heavy_Makeup": 0.0006755547365173697, "High_Cheekbones": 0.8412870764732361, "Male": 0.9938062429428101, "Mouth_Slightly_Open": 0.2662436366081238, "Mustache": 0.0003058179863728583, "Narrow_Eyes": 0.12322232127189636, "No_Beard": 0.9938534498214722, "Oval_Face": 0.2814001142978668, "Pale_Skin": 0.14859220385551453, "Pointy_Nose": 0.00479361554607749, "Receding_Hairline": 0.025556212291121483, "Rosy_Cheeks": 0.000458013906609267, "Sideburns": 0.0013757075648754835, "Smiling": 0.8101307153701782, "Straight_Hair": 0.7342128753662109, "Wavy_Hair": 0.003986007068306208, "Wearing_Earrings": 0.0008924646535888314, "Wearing_Hat": 0.0005136175896041095, "Wearing_Lipstick": 0.0006902611348778009, "Wearing_Necklace": 0.000504008203279227, "Wearing_Necktie": 0.16419556736946106, "Young": 0.02665732428431511, "df_race": "white", "df_race_prob": 99.6701776588175, "df_gender": "Man", "df_gender_prob": 99.77445602416992, "df_age": 33, "df_emotion": "happy", "df_emotion_prob": 90.6792163848877}