{"name": "Larry_Greene_0001.jpg", "5_o_Clock_Shadow": 0.0494367778301239, "Arched_Eyebrows": 0.004907479975372553, "Attractive": 0.22687947750091553, "Bags_Under_Eyes": 0.08378713577985764, "Bald": 0.0031288424506783485, "Bangs": 0.00024488731287419796, "Big_Lips": 0.005194636527448893, "Big_Nose": 0.24983762204647064, "Black_Hair": 0.0006632739678025246, "Blond_Hair": 0.04221056029200554, "Blurry": 0.011731557548046112, "Brown_Hair": 0.019919248297810555, "Bushy_Eyebrows": 0.0001586436410434544, "Chubby": 0.004542960319668055, "Double_Chin": 0.0038170788902789354, "Eyeglasses": 0.001139004365541041, "Goatee": 0.0003731127653736621, "Gray_Hair": 0.2823928892612457, "Heavy_Makeup": 0.0002658822340890765, "High_Cheekbones": 0.014722726307809353, "Male": 0.9991563558578491, "Mouth_Slightly_Open": 0.00294489786028862, "Mustache": 0.0004899804480373859, "Narrow_Eyes": 0.04433072730898857, "No_Beard": 0.9788267612457275, "Oval_Face": 0.12035252898931503, "Pale_Skin": 0.022221900522708893, "Pointy_Nose": 0.38732150197029114, "Receding_Hairline": 0.34203052520751953, "Rosy_Cheeks": 0.00020930214668624103, "Sideburns": 0.0005531051428988576, "Smiling": 0.028709668666124344, "Straight_Hair": 0.19525820016860962, "Wavy_Hair": 0.010772359557449818, "Wearing_Earrings": 0.0016585245030000806, "Wearing_Hat": 0.00011171049118274823, "Wearing_Lipstick": 0.0004875972808804363, "Wearing_Necklace": 0.027964293956756592, "Wearing_Necktie": 0.005051042418926954, "Young": 0.24468496441841125, "df_race": "white", "df_race_prob": 95.33399911725516, "df_gender": "Man", "df_gender_prob": 99.95879530906677, "df_age": 28, "df_emotion": "happy", "df_emotion_prob": 82.31111168861389}