{"name": "Larry_Anderson_0001.jpg", "5_o_Clock_Shadow": 0.00794997438788414, "Arched_Eyebrows": 0.00037103542126715183, "Attractive": 0.0017840313958004117, "Bags_Under_Eyes": 0.04662438482046127, "Bald": 0.0031874431297183037, "Bangs": 0.03026885911822319, "Big_Lips": 0.044766608625650406, "Big_Nose": 0.06613650172948837, "Black_Hair": 0.0005946921883150935, "Blond_Hair": 0.015003709122538567, "Blurry": 0.09611354768276215, "Brown_Hair": 0.01159196812659502, "Bushy_Eyebrows": 0.0050304061733186245, "Chubby": 0.02021772600710392, "Double_Chin": 0.002305000089108944, "Eyeglasses": 0.9879635572433472, "Goatee": 0.29530850052833557, "Gray_Hair": 0.5448957085609436, "Heavy_Makeup": 0.00018227516557089984, "High_Cheekbones": 0.01702791638672352, "Male": 0.9918939471244812, "Mouth_Slightly_Open": 0.05594094097614288, "Mustache": 0.12615863978862762, "Narrow_Eyes": 0.02109382301568985, "No_Beard": 0.1278122067451477, "Oval_Face": 0.033498771488666534, "Pale_Skin": 0.006808789446949959, "Pointy_Nose": 0.043575793504714966, "Receding_Hairline": 0.002080516191199422, "Rosy_Cheeks": 0.00015878422709647566, "Sideburns": 0.24332602322101593, "Smiling": 0.0019545159302651882, "Straight_Hair": 0.312311589717865, "Wavy_Hair": 0.01975865289568901, "Wearing_Earrings": 0.0023084767162799835, "Wearing_Hat": 0.0038984999991953373, "Wearing_Lipstick": 0.0001776763383531943, "Wearing_Necklace": 0.0035508654545992613, "Wearing_Necktie": 0.0042546819895505905, "Young": 0.007901203818619251, "df_race": "white", "df_race_prob": 41.724276542663574, "df_gender": "Man", "df_gender_prob": 99.74071383476257, "df_age": 44, "df_emotion": "sad", "df_emotion_prob": 70.43046951293945}