{"name": "Larry_Johnson_0001.jpg", "5_o_Clock_Shadow": 0.1411251723766327, "Arched_Eyebrows": 0.060542065650224686, "Attractive": 0.07602056860923767, "Bags_Under_Eyes": 0.29141050577163696, "Bald": 0.02847868576645851, "Bangs": 0.00021170501713640988, "Big_Lips": 0.32682234048843384, "Big_Nose": 0.8534166812896729, "Black_Hair": 0.18355394899845123, "Blond_Hair": 0.002771152416244149, "Blurry": 0.12196224182844162, "Brown_Hair": 0.0010351159144192934, "Bushy_Eyebrows": 0.18910126388072968, "Chubby": 0.3198378384113312, "Double_Chin": 0.1413622796535492, "Eyeglasses": 0.0011944604339078069, "Goatee": 0.0059300935827195644, "Gray_Hair": 0.0036412663757801056, "Heavy_Makeup": 0.00020726142975036055, "High_Cheekbones": 0.9546622037887573, "Male": 0.9996260404586792, "Mouth_Slightly_Open": 0.968035876750946, "Mustache": 0.02975042164325714, "Narrow_Eyes": 0.4204466938972473, "No_Beard": 0.6284616589546204, "Oval_Face": 0.8118223547935486, "Pale_Skin": 0.006984038278460503, "Pointy_Nose": 0.0026221692096441984, "Receding_Hairline": 0.2124742567539215, "Rosy_Cheeks": 4.1942410462070256e-05, "Sideburns": 0.0036091976799070835, "Smiling": 0.9996155500411987, "Straight_Hair": 0.017024550586938858, "Wavy_Hair": 0.0007569686276838183, "Wearing_Earrings": 0.004845057148486376, "Wearing_Hat": 0.00042417921940796077, "Wearing_Lipstick": 0.0004296312981750816, "Wearing_Necklace": 0.0005614559631794691, "Wearing_Necktie": 0.35327690839767456, "Young": 0.7830040454864502, "df_race": "black", "df_race_prob": 45.62471263114063, "df_gender": "Man", "df_gender_prob": 99.99786615371704, "df_age": 25, "df_emotion": "happy", "df_emotion_prob": 99.98236298561096}