{"name": "Larry_Ralston_0001.jpg", "5_o_Clock_Shadow": 0.0019247687887400389, "Arched_Eyebrows": 0.00014510485925711691, "Attractive": 0.00859162025153637, "Bags_Under_Eyes": 0.0375109501183033, "Bald": 0.7408403754234314, "Bangs": 0.0014629624783992767, "Big_Lips": 0.02528439275920391, "Big_Nose": 0.04419254511594772, "Black_Hair": 0.0015067525673657656, "Blond_Hair": 0.0034571487922221422, "Blurry": 0.02951226197183132, "Brown_Hair": 0.001723705674521625, "Bushy_Eyebrows": 0.0003481558815110475, "Chubby": 0.037787023931741714, "Double_Chin": 0.03224192559719086, "Eyeglasses": 0.9920005798339844, "Goatee": 0.0017788276309147477, "Gray_Hair": 0.13478988409042358, "Heavy_Makeup": 0.00022422216716222465, "High_Cheekbones": 0.013818634673953056, "Male": 0.9955244064331055, "Mouth_Slightly_Open": 0.7087181806564331, "Mustache": 0.0007850979454815388, "Narrow_Eyes": 0.010144450701773167, "No_Beard": 0.9952516555786133, "Oval_Face": 0.2128133773803711, "Pale_Skin": 0.024186382070183754, "Pointy_Nose": 0.04506378993391991, "Receding_Hairline": 0.02111794427037239, "Rosy_Cheeks": 4.07014085794799e-05, "Sideburns": 0.00045175760169513524, "Smiling": 0.010444115847349167, "Straight_Hair": 0.013359062373638153, "Wavy_Hair": 0.0009688381105661392, "Wearing_Earrings": 0.001731660682708025, "Wearing_Hat": 0.004219689406454563, "Wearing_Lipstick": 0.00039766094414517283, "Wearing_Necklace": 0.0004570357268676162, "Wearing_Necktie": 0.1930471956729889, "Young": 0.09631524980068207, "df_race": "black", "df_race_prob": 53.016793727874756, "df_gender": "Man", "df_gender_prob": 91.41085743904114, "df_age": 24, "df_emotion": "angry", "df_emotion_prob": 73.23071201030683}