{"name": "Laura_Bush_0026.jpg", "5_o_Clock_Shadow": 0.0014555951347574592, "Arched_Eyebrows": 0.043536148965358734, "Attractive": 0.25798577070236206, "Bags_Under_Eyes": 0.06591325998306274, "Bald": 0.00017089069297071546, "Bangs": 0.046485625207424164, "Big_Lips": 0.11216726899147034, "Big_Nose": 0.01926632598042488, "Black_Hair": 0.0013088250998407602, "Blond_Hair": 0.021785255521535873, "Blurry": 0.3455522954463959, "Brown_Hair": 0.1466064602136612, "Bushy_Eyebrows": 0.0013322453014552593, "Chubby": 0.004588241223245859, "Double_Chin": 0.0021267172414809465, "Eyeglasses": 0.00019365323532838374, "Goatee": 0.00019784134929068387, "Gray_Hair": 0.002075293567031622, "Heavy_Makeup": 0.00447307201102376, "High_Cheekbones": 0.5888369083404541, "Male": 0.06851565092802048, "Mouth_Slightly_Open": 0.6409582495689392, "Mustache": 0.000252808298682794, "Narrow_Eyes": 0.34428712725639343, "No_Beard": 0.9974374771118164, "Oval_Face": 0.07363411784172058, "Pale_Skin": 0.1513272523880005, "Pointy_Nose": 0.3288985788822174, "Receding_Hairline": 0.00034331093775108457, "Rosy_Cheeks": 0.00014463519619312137, "Sideburns": 0.0002930195187218487, "Smiling": 0.9761743545532227, "Straight_Hair": 0.12698227167129517, "Wavy_Hair": 0.07118112593889236, "Wearing_Earrings": 0.28761547803878784, "Wearing_Hat": 0.005170680582523346, "Wearing_Lipstick": 0.040900539606809616, "Wearing_Necklace": 0.019880026578903198, "Wearing_Necktie": 0.0017680882010608912, "Young": 0.19665563106536865, "df_race": "white", "df_race_prob": 99.74989295005798, "df_gender": "Woman", "df_gender_prob": 99.79554414749146, "df_age": 29, "df_emotion": "neutral", "df_emotion_prob": 59.552717208862305}