{"name": "Laura_Ziskin_0001.jpg", "5_o_Clock_Shadow": 0.0004625691508408636, "Arched_Eyebrows": 0.029630882665514946, "Attractive": 0.2823098599910736, "Bags_Under_Eyes": 0.015207062475383282, "Bald": 0.0003289321612101048, "Bangs": 0.6838507652282715, "Big_Lips": 0.030870839953422546, "Big_Nose": 0.017288781702518463, "Black_Hair": 0.0007629985339008272, "Blond_Hair": 0.969867467880249, "Blurry": 0.12782102823257446, "Brown_Hair": 0.0019503106595948339, "Bushy_Eyebrows": 0.00014485008432529867, "Chubby": 0.0010796448914334178, "Double_Chin": 0.0023683400359004736, "Eyeglasses": 0.0005207537324167788, "Goatee": 0.00034356964170001447, "Gray_Hair": 0.07042258232831955, "Heavy_Makeup": 0.10150236636400223, "High_Cheekbones": 0.43009623885154724, "Male": 0.003829546272754669, "Mouth_Slightly_Open": 0.1401665359735489, "Mustache": 0.00022658685338683426, "Narrow_Eyes": 0.022982118651270866, "No_Beard": 0.9989110231399536, "Oval_Face": 0.22978271543979645, "Pale_Skin": 0.14825651049613953, "Pointy_Nose": 0.3114573657512665, "Receding_Hairline": 0.0008801873191259801, "Rosy_Cheeks": 0.0009316683863289654, "Sideburns": 0.00034187434357590973, "Smiling": 0.5355523228645325, "Straight_Hair": 0.05968592315912247, "Wavy_Hair": 0.27774885296821594, "Wearing_Earrings": 0.034587562084198, "Wearing_Hat": 0.00013565951667260379, "Wearing_Lipstick": 0.43055790662765503, "Wearing_Necklace": 0.6383642554283142, "Wearing_Necktie": 0.0003010003420058638, "Young": 0.13548332452774048, "df_race": "white", "df_race_prob": 100.0, "df_gender": "Woman", "df_gender_prob": 100.0, "df_age": 46, "df_emotion": "happy", "df_emotion_prob": 43.75129044055939}