{"name": "Laura_Bush_0035.jpg", "5_o_Clock_Shadow": 0.0005301165510900319, "Arched_Eyebrows": 0.06495121866464615, "Attractive": 0.23559407889842987, "Bags_Under_Eyes": 0.03926139697432518, "Bald": 0.0002109757624566555, "Bangs": 0.0031316769309341908, "Big_Lips": 0.04045358672738075, "Big_Nose": 0.036140624433755875, "Black_Hair": 0.0008500239928252995, "Blond_Hair": 0.37740597128868103, "Blurry": 0.09671793133020401, "Brown_Hair": 0.07786576449871063, "Bushy_Eyebrows": 0.00026265770429745317, "Chubby": 0.015585074201226234, "Double_Chin": 0.008265431970357895, "Eyeglasses": 0.00016703219444025308, "Goatee": 9.785732254385948e-05, "Gray_Hair": 0.008956126868724823, "Heavy_Makeup": 0.055528752505779266, "High_Cheekbones": 0.9389811754226685, "Male": 0.006915313191711903, "Mouth_Slightly_Open": 0.9963371753692627, "Mustache": 0.00010372584802098572, "Narrow_Eyes": 0.09852586686611176, "No_Beard": 0.9987205862998962, "Oval_Face": 0.37362900376319885, "Pale_Skin": 0.07185204327106476, "Pointy_Nose": 0.04507140442728996, "Receding_Hairline": 0.0052213165909051895, "Rosy_Cheeks": 0.0002185252378694713, "Sideburns": 0.00032175082014873624, "Smiling": 0.9938650727272034, "Straight_Hair": 0.16486355662345886, "Wavy_Hair": 0.07297384738922119, "Wearing_Earrings": 0.45702341198921204, "Wearing_Hat": 0.00026214131503365934, "Wearing_Lipstick": 0.20329485833644867, "Wearing_Necklace": 0.0121617978438735, "Wearing_Necktie": 0.00047966427518986166, "Young": 0.0895521342754364, "df_race": "white", "df_race_prob": 50.66969982746841, "df_gender": "Woman", "df_gender_prob": 99.99732971191406, "df_age": 48, "df_emotion": "happy", "df_emotion_prob": 99.85194205355299}