{"name": "Laurent_Gbagbo_0002.jpg", "5_o_Clock_Shadow": 0.013558960519731045, "Arched_Eyebrows": 0.0029261682648211718, "Attractive": 0.00072462297976017, "Bags_Under_Eyes": 0.18066105246543884, "Bald": 0.4027951955795288, "Bangs": 0.0005160332075320184, "Big_Lips": 0.7453823685646057, "Big_Nose": 0.954023540019989, "Black_Hair": 0.008180215023458004, "Blond_Hair": 0.002992034889757633, "Blurry": 0.020356174558401108, "Brown_Hair": 0.0005996556137688458, "Bushy_Eyebrows": 0.0006597890751436353, "Chubby": 0.7866885662078857, "Double_Chin": 0.5988414287567139, "Eyeglasses": 0.00690425606444478, "Goatee": 0.0041983462870121, "Gray_Hair": 0.058192312717437744, "Heavy_Makeup": 0.0004972336464561522, "High_Cheekbones": 0.3803693652153015, "Male": 0.9962206482887268, "Mouth_Slightly_Open": 0.0759081318974495, "Mustache": 0.01191091351211071, "Narrow_Eyes": 0.0009340097894892097, "No_Beard": 0.9020512700080872, "Oval_Face": 0.3651767671108246, "Pale_Skin": 0.016081552952528, "Pointy_Nose": 0.002332985168322921, "Receding_Hairline": 0.252981960773468, "Rosy_Cheeks": 9.728205623105168e-05, "Sideburns": 0.001693631405942142, "Smiling": 0.02295076847076416, "Straight_Hair": 0.004506905563175678, "Wavy_Hair": 0.0017760314512997866, "Wearing_Earrings": 0.00644169095903635, "Wearing_Hat": 0.0009171626879833639, "Wearing_Lipstick": 0.001581206452101469, "Wearing_Necklace": 0.0025084572844207287, "Wearing_Necktie": 0.011325760744512081, "Young": 0.20537887513637543, "df_race": "black", "df_race_prob": 100.0, "df_gender": "Man", "df_gender_prob": 99.7385561466217, "df_age": 33, "df_emotion": "angry", "df_emotion_prob": 98.7383782863617}