{"name": "Laura_Bush_0009.jpg", "5_o_Clock_Shadow": 0.0007540171500295401, "Arched_Eyebrows": 0.1106223315000534, "Attractive": 0.10613187402486801, "Bags_Under_Eyes": 0.006716710049659014, "Bald": 0.00042330226278863847, "Bangs": 0.006753610912710428, "Big_Lips": 0.023978322744369507, "Big_Nose": 0.005735255777835846, "Black_Hair": 0.0008202255121432245, "Blond_Hair": 0.07832342386245728, "Blurry": 0.6610943675041199, "Brown_Hair": 0.12910020351409912, "Bushy_Eyebrows": 0.00026792308199219406, "Chubby": 0.007315464783459902, "Double_Chin": 0.0037199887447059155, "Eyeglasses": 0.00036965496838092804, "Goatee": 0.0001455179153708741, "Gray_Hair": 0.016779227182269096, "Heavy_Makeup": 0.011331208981573582, "High_Cheekbones": 0.31125563383102417, "Male": 0.03000008687376976, "Mouth_Slightly_Open": 0.04485592991113663, "Mustache": 0.00021541865135077387, "Narrow_Eyes": 0.0693698525428772, "No_Beard": 0.9975292086601257, "Oval_Face": 0.30404308438301086, "Pale_Skin": 0.1089017316699028, "Pointy_Nose": 0.0761803686618805, "Receding_Hairline": 0.003791324095800519, "Rosy_Cheeks": 0.0002391631860518828, "Sideburns": 0.00018984408234246075, "Smiling": 0.18646077811717987, "Straight_Hair": 0.32927411794662476, "Wavy_Hair": 0.02593054063618183, "Wearing_Earrings": 0.027616051957011223, "Wearing_Hat": 0.0003579544718377292, "Wearing_Lipstick": 0.03873073682188988, "Wearing_Necklace": 0.013743800111114979, "Wearing_Necktie": 0.0010967253474518657, "Young": 0.10370952636003494, "df_race": "white", "df_race_prob": 51.172417402267456, "df_gender": "Man", "df_gender_prob": 57.15829133987427, "df_age": 28, "df_emotion": "fear", "df_emotion_prob": 64.73769545555115}