{"name": "Lawrence_Vito_0001.jpg", "5_o_Clock_Shadow": 0.009812156669795513, "Arched_Eyebrows": 0.0005942657589912415, "Attractive": 0.07853337377309799, "Bags_Under_Eyes": 0.46093034744262695, "Bald": 0.0011844440596178174, "Bangs": 0.045893505215644836, "Big_Lips": 0.039395853877067566, "Big_Nose": 0.11813942342996597, "Black_Hair": 0.0016062833601608872, "Blond_Hair": 0.08454784005880356, "Blurry": 0.3074462115764618, "Brown_Hair": 0.033707715570926666, "Bushy_Eyebrows": 0.00024899333948269486, "Chubby": 0.03505529835820198, "Double_Chin": 0.00877123698592186, "Eyeglasses": 0.0004974848707206547, "Goatee": 0.0006142825586721301, "Gray_Hair": 0.00739130936563015, "Heavy_Makeup": 0.0005462603294290602, "High_Cheekbones": 0.8412413597106934, "Male": 0.9220842719078064, "Mouth_Slightly_Open": 0.9583577513694763, "Mustache": 0.00048674092977307737, "Narrow_Eyes": 0.35362622141838074, "No_Beard": 0.9915030002593994, "Oval_Face": 0.11082683503627777, "Pale_Skin": 0.03992172330617905, "Pointy_Nose": 0.014034980908036232, "Receding_Hairline": 0.005204442422837019, "Rosy_Cheeks": 0.0001092360689654015, "Sideburns": 0.0005011126631870866, "Smiling": 0.9939714074134827, "Straight_Hair": 0.32666468620300293, "Wavy_Hair": 0.005132910329848528, "Wearing_Earrings": 0.004550103563815355, "Wearing_Hat": 0.0005041182157583535, "Wearing_Lipstick": 0.0008089399780146778, "Wearing_Necklace": 0.005012840032577515, "Wearing_Necktie": 0.0012764132115989923, "Young": 0.8473727703094482, "df_race": "white", "df_race_prob": 97.55879044532776, "df_gender": "Man", "df_gender_prob": 74.56931471824646, "df_age": 33, "df_emotion": "happy", "df_emotion_prob": 97.89742206304336}