{"name": "Lawrence_MacAulay_0001.jpg", "5_o_Clock_Shadow": 0.003884033765643835, "Arched_Eyebrows": 0.00026494974736124277, "Attractive": 0.0028416423592716455, "Bags_Under_Eyes": 0.17399530112743378, "Bald": 0.007260013837367296, "Bangs": 0.00177543715108186, "Big_Lips": 0.0028241672553122044, "Big_Nose": 0.16730082035064697, "Black_Hair": 0.0006313102785497904, "Blond_Hair": 0.027193434536457062, "Blurry": 0.08451227098703384, "Brown_Hair": 0.020087381824851036, "Bushy_Eyebrows": 0.00044003772200085223, "Chubby": 0.06113927438855171, "Double_Chin": 0.08178629726171494, "Eyeglasses": 0.8827478289604187, "Goatee": 0.00050737289711833, "Gray_Hair": 0.7182464003562927, "Heavy_Makeup": 8.30674180178903e-05, "High_Cheekbones": 0.06882427632808685, "Male": 0.9971843361854553, "Mouth_Slightly_Open": 0.31124958395957947, "Mustache": 0.0008698297315277159, "Narrow_Eyes": 0.3786895275115967, "No_Beard": 0.9957868456840515, "Oval_Face": 0.10035599768161774, "Pale_Skin": 0.01849108375608921, "Pointy_Nose": 0.0035201236605644226, "Receding_Hairline": 0.04908336326479912, "Rosy_Cheeks": 0.00011131937935715541, "Sideburns": 0.0005729481345042586, "Smiling": 0.10259568691253662, "Straight_Hair": 0.245035320520401, "Wavy_Hair": 0.0035785215441137552, "Wearing_Earrings": 0.0004661276761908084, "Wearing_Hat": 0.0002068979520117864, "Wearing_Lipstick": 6.741554534528404e-05, "Wearing_Necklace": 0.00045598240103572607, "Wearing_Necktie": 0.4126165211200714, "Young": 0.016582047566771507, "df_race": "white", "df_race_prob": 70.18702030181885, "df_gender": "Man", "df_gender_prob": 99.60336089134216, "df_age": 42, "df_emotion": "neutral", "df_emotion_prob": 81.77664875984192}