{"name": "Lawrence_Di_Rita_0001.jpg", "5_o_Clock_Shadow": 0.10638153553009033, "Arched_Eyebrows": 0.009052816778421402, "Attractive": 0.044293470680713654, "Bags_Under_Eyes": 0.018550753593444824, "Bald": 0.0004757762944791466, "Bangs": 0.0011599997524172068, "Big_Lips": 0.03629060089588165, "Big_Nose": 0.021573442965745926, "Black_Hair": 0.00115188118070364, "Blond_Hair": 0.06308591365814209, "Blurry": 0.14986896514892578, "Brown_Hair": 0.03948783501982689, "Bushy_Eyebrows": 0.0011434397893026471, "Chubby": 0.014604075811803341, "Double_Chin": 0.005914283450692892, "Eyeglasses": 0.001785243395715952, "Goatee": 0.0002379851503064856, "Gray_Hair": 0.06767718493938446, "Heavy_Makeup": 0.0003179576888214797, "High_Cheekbones": 0.007075611036270857, "Male": 0.9992433786392212, "Mouth_Slightly_Open": 0.5233383178710938, "Mustache": 0.0015343803679570556, "Narrow_Eyes": 0.016449056565761566, "No_Beard": 0.9768682718276978, "Oval_Face": 0.17168237268924713, "Pale_Skin": 0.0336293987929821, "Pointy_Nose": 0.07781751453876495, "Receding_Hairline": 0.0013356063282117248, "Rosy_Cheeks": 6.68126594973728e-05, "Sideburns": 0.0011630667140707374, "Smiling": 0.0020425363909453154, "Straight_Hair": 0.5423176884651184, "Wavy_Hair": 0.027023231610655785, "Wearing_Earrings": 0.000568785413634032, "Wearing_Hat": 0.00020514786592684686, "Wearing_Lipstick": 0.00038887435221113265, "Wearing_Necklace": 0.000544139591511339, "Wearing_Necktie": 0.4505150020122528, "Young": 0.15483154356479645, "df_race": "white", "df_race_prob": 97.30848653963128, "df_gender": "Man", "df_gender_prob": 99.98492002487183, "df_age": 29, "df_emotion": "fear", "df_emotion_prob": 40.28736891075187}