{"name": "Lea_Fastow_0002.jpg", "5_o_Clock_Shadow": 0.001601389842107892, "Arched_Eyebrows": 0.019126197323203087, "Attractive": 0.13545309007167816, "Bags_Under_Eyes": 0.013249740935862064, "Bald": 0.000476145651191473, "Bangs": 0.000391804933315143, "Big_Lips": 0.015246882103383541, "Big_Nose": 0.011671621352434158, "Black_Hair": 0.003924303222447634, "Blond_Hair": 0.018857600167393684, "Blurry": 0.275325208902359, "Brown_Hair": 0.14475426077842712, "Bushy_Eyebrows": 0.0002207216457463801, "Chubby": 0.0031736253295093775, "Double_Chin": 0.0005983938463032246, "Eyeglasses": 0.0003989221004303545, "Goatee": 0.00017902061517816037, "Gray_Hair": 0.0035924739204347134, "Heavy_Makeup": 0.004961319733411074, "High_Cheekbones": 0.022947026416659355, "Male": 0.030799055472016335, "Mouth_Slightly_Open": 0.004797117784619331, "Mustache": 0.00019811297534033656, "Narrow_Eyes": 0.03206543251872063, "No_Beard": 0.9962295889854431, "Oval_Face": 0.35608211159706116, "Pale_Skin": 0.03884999826550484, "Pointy_Nose": 0.08551707118749619, "Receding_Hairline": 0.17570246756076813, "Rosy_Cheeks": 0.00012451615475583822, "Sideburns": 0.00029601212008856237, "Smiling": 0.005673710722476244, "Straight_Hair": 0.2271927297115326, "Wavy_Hair": 0.009142627939581871, "Wearing_Earrings": 0.021651091054081917, "Wearing_Hat": 0.0003031571686733514, "Wearing_Lipstick": 0.008486522361636162, "Wearing_Necklace": 0.00542832538485527, "Wearing_Necktie": 0.000510889629367739, "Young": 0.8237618803977966, "df_race": "white", "df_race_prob": 97.88700925630386, "df_gender": "Woman", "df_gender_prob": 99.99648332595825, "df_age": 32, "df_emotion": "neutral", "df_emotion_prob": 81.61222229076756}