{"name": "Leah_Remini_0001.jpg", "5_o_Clock_Shadow": 0.00023602417786605656, "Arched_Eyebrows": 0.6109800934791565, "Attractive": 0.7777589559555054, "Bags_Under_Eyes": 0.007455892860889435, "Bald": 5.594800677499734e-05, "Bangs": 0.0011168720666319132, "Big_Lips": 0.06944049894809723, "Big_Nose": 0.005451213102787733, "Black_Hair": 0.0006515680579468608, "Blond_Hair": 0.5468090772628784, "Blurry": 0.048935629427433014, "Brown_Hair": 0.048427507281303406, "Bushy_Eyebrows": 0.00023490950115956366, "Chubby": 0.0013921612408012152, "Double_Chin": 0.0009523264598101377, "Eyeglasses": 7.840603211661801e-05, "Goatee": 0.00011340749188093469, "Gray_Hair": 0.000626992026809603, "Heavy_Makeup": 0.48057886958122253, "High_Cheekbones": 0.8185942769050598, "Male": 8.410641021328047e-05, "Mouth_Slightly_Open": 0.011505582369863987, "Mustache": 4.178395829512738e-05, "Narrow_Eyes": 0.013495064340531826, "No_Beard": 0.9994438290596008, "Oval_Face": 0.5440369844436646, "Pale_Skin": 0.030113738030195236, "Pointy_Nose": 0.07027639448642731, "Receding_Hairline": 0.006837914232164621, "Rosy_Cheeks": 0.0018882134463638067, "Sideburns": 6.160011980682611e-05, "Smiling": 0.878978431224823, "Straight_Hair": 0.03811799734830856, "Wavy_Hair": 0.7493171095848083, "Wearing_Earrings": 0.0486786924302578, "Wearing_Hat": 0.00026845341199077666, "Wearing_Lipstick": 0.7957016229629517, "Wearing_Necklace": 0.11747584491968155, "Wearing_Necktie": 7.034577720332891e-05, "Young": 0.9709370732307434, "df_race": "asian", "df_race_prob": 65.2206379438207, "df_gender": "Woman", "df_gender_prob": 99.98219609260559, "df_age": 32, "df_emotion": "happy", "df_emotion_prob": 85.58760795519399}