{"name": "Lech_Walesa_0001.jpg", "5_o_Clock_Shadow": 0.002866447204723954, "Arched_Eyebrows": 0.0004188974853605032, "Attractive": 0.005052235908806324, "Bags_Under_Eyes": 0.17664304375648499, "Bald": 0.008584483526647091, "Bangs": 0.0006249487050808966, "Big_Lips": 0.002315063262358308, "Big_Nose": 0.33371779322624207, "Black_Hair": 0.0030306174885481596, "Blond_Hair": 0.005897005554288626, "Blurry": 0.08816929906606674, "Brown_Hair": 0.0011232466204091907, "Bushy_Eyebrows": 0.0017195072723552585, "Chubby": 0.23146744072437286, "Double_Chin": 0.05529212951660156, "Eyeglasses": 0.002393093192949891, "Goatee": 0.009191599674522877, "Gray_Hair": 0.885656476020813, "Heavy_Makeup": 0.0002785523247439414, "High_Cheekbones": 0.09373166412115097, "Male": 0.9983950257301331, "Mouth_Slightly_Open": 0.012659936212003231, "Mustache": 0.5098898410797119, "Narrow_Eyes": 0.1263730823993683, "No_Beard": 0.17061775922775269, "Oval_Face": 0.19667686522006989, "Pale_Skin": 0.04025958478450775, "Pointy_Nose": 0.01619734801352024, "Receding_Hairline": 0.3107069730758667, "Rosy_Cheeks": 0.0003262795798946172, "Sideburns": 0.01592179760336876, "Smiling": 0.013596590608358383, "Straight_Hair": 0.308315634727478, "Wavy_Hair": 0.0035879125352948904, "Wearing_Earrings": 0.00077660265378654, "Wearing_Hat": 0.00047078225179575384, "Wearing_Lipstick": 0.00014473908231593668, "Wearing_Necklace": 0.0003380432026460767, "Wearing_Necktie": 0.2661551237106323, "Young": 0.030943479388952255, "df_race": "white", "df_race_prob": 67.22346944948849, "df_gender": "Man", "df_gender_prob": 99.97329115867615, "df_age": 33, "df_emotion": "sad", "df_emotion_prob": 95.98355841440659}