{"name": "Lech_Walesa_0002.jpg", "5_o_Clock_Shadow": 0.003452450269833207, "Arched_Eyebrows": 0.0035116085782647133, "Attractive": 0.0032326290383934975, "Bags_Under_Eyes": 0.15104937553405762, "Bald": 0.014929776079952717, "Bangs": 0.0005104367155581713, "Big_Lips": 0.0054643177427351475, "Big_Nose": 0.2680770754814148, "Black_Hair": 0.006219432223588228, "Blond_Hair": 0.0051326085813343525, "Blurry": 0.08290041983127594, "Brown_Hair": 0.0006522092735394835, "Bushy_Eyebrows": 0.0019066527020186186, "Chubby": 0.640588641166687, "Double_Chin": 0.3221967816352844, "Eyeglasses": 0.0022285031154751778, "Goatee": 0.0011678999289870262, "Gray_Hair": 0.9168883562088013, "Heavy_Makeup": 0.0004505652468651533, "High_Cheekbones": 0.07016251981258392, "Male": 0.9975072741508484, "Mouth_Slightly_Open": 0.24829597771167755, "Mustache": 0.21638339757919312, "Narrow_Eyes": 0.08109298348426819, "No_Beard": 0.5363562703132629, "Oval_Face": 0.16925837099552155, "Pale_Skin": 0.08391201496124268, "Pointy_Nose": 0.06125558912754059, "Receding_Hairline": 0.48189839720726013, "Rosy_Cheeks": 0.0011076503433287144, "Sideburns": 0.0027482572477310896, "Smiling": 0.01448241900652647, "Straight_Hair": 0.2509365379810333, "Wavy_Hair": 0.004534682258963585, "Wearing_Earrings": 0.0005947219324298203, "Wearing_Hat": 0.0006066082278266549, "Wearing_Lipstick": 0.0005141245783306658, "Wearing_Necklace": 0.00039688037941232324, "Wearing_Necktie": 0.3748866021633148, "Young": 0.032607030123472214, "df_race": "asian", "df_race_prob": 100.0, "df_gender": "Man", "df_gender_prob": 99.94029998779297, "df_age": 26, "df_emotion": "neutral", "df_emotion_prob": 42.979996559619494}