{"name": "Lee_Hoi-chang_0004.jpg", "5_o_Clock_Shadow": 0.0019663460552692413, "Arched_Eyebrows": 0.005402321927249432, "Attractive": 0.0047100624069571495, "Bags_Under_Eyes": 0.7097108960151672, "Bald": 0.06018167361617088, "Bangs": 0.0003278323565609753, "Big_Lips": 0.0023583925794810057, "Big_Nose": 0.18002934753894806, "Black_Hair": 0.011326363310217857, "Blond_Hair": 0.008307913318276405, "Blurry": 0.05984748899936676, "Brown_Hair": 0.005229608155786991, "Bushy_Eyebrows": 0.0009620393975637853, "Chubby": 0.08670210093259811, "Double_Chin": 0.03628378361463547, "Eyeglasses": 0.2044050097465515, "Goatee": 0.0008503209101036191, "Gray_Hair": 0.20651835203170776, "Heavy_Makeup": 7.536691555287689e-05, "High_Cheekbones": 0.5823923349380493, "Male": 0.9902521371841431, "Mouth_Slightly_Open": 0.3598565459251404, "Mustache": 0.0016411569667980075, "Narrow_Eyes": 0.46442553400993347, "No_Beard": 0.9974121451377869, "Oval_Face": 0.06766171753406525, "Pale_Skin": 0.043089814484119415, "Pointy_Nose": 0.002533545484766364, "Receding_Hairline": 0.6884297132492065, "Rosy_Cheeks": 8.468238229397684e-05, "Sideburns": 0.0004572621255647391, "Smiling": 0.5876591205596924, "Straight_Hair": 0.380900502204895, "Wavy_Hair": 0.0011751335114240646, "Wearing_Earrings": 0.0014069912722334266, "Wearing_Hat": 0.00039595001726411283, "Wearing_Lipstick": 0.0001835644361563027, "Wearing_Necklace": 0.0009268345893360674, "Wearing_Necktie": 0.096359483897686, "Young": 0.009200950153172016, "df_race": "asian", "df_race_prob": 99.35611494110644, "df_gender": "Man", "df_gender_prob": 99.11596179008484, "df_age": 46, "df_emotion": "neutral", "df_emotion_prob": 49.77324903011322}