{"name": "Lee_Byung-woong_0001.jpg", "5_o_Clock_Shadow": 0.001132082543335855, "Arched_Eyebrows": 0.0016447188099846244, "Attractive": 0.001734567224048078, "Bags_Under_Eyes": 0.035431429743766785, "Bald": 0.011401326395571232, "Bangs": 0.00029154872754588723, "Big_Lips": 0.003971023019403219, "Big_Nose": 0.08891897648572922, "Black_Hair": 0.10532814264297485, "Blond_Hair": 0.0027101943269371986, "Blurry": 0.11439518630504608, "Brown_Hair": 0.008553653955459595, "Bushy_Eyebrows": 0.0002568293421063572, "Chubby": 0.48437216877937317, "Double_Chin": 0.12266204506158829, "Eyeglasses": 0.948010265827179, "Goatee": 0.00042281326022930443, "Gray_Hair": 0.22094355523586273, "Heavy_Makeup": 0.0003522783808875829, "High_Cheekbones": 0.07131838798522949, "Male": 0.9940831065177917, "Mouth_Slightly_Open": 0.3855435848236084, "Mustache": 0.0008506742888130248, "Narrow_Eyes": 0.05348910018801689, "No_Beard": 0.9966748952865601, "Oval_Face": 0.27731820940971375, "Pale_Skin": 0.09139762818813324, "Pointy_Nose": 0.004522848408669233, "Receding_Hairline": 0.12964345514774323, "Rosy_Cheeks": 0.00028775332611985505, "Sideburns": 0.0002314881276106462, "Smiling": 0.008291437290608883, "Straight_Hair": 0.6769957542419434, "Wavy_Hair": 0.001989590236917138, "Wearing_Earrings": 0.000568628718610853, "Wearing_Hat": 0.0006405312451533973, "Wearing_Lipstick": 0.0005491257761605084, "Wearing_Necklace": 0.0007890486158430576, "Wearing_Necktie": 0.2955074906349182, "Young": 0.008980224840342999, "df_race": "asian", "df_race_prob": 99.97081160545349, "df_gender": "Man", "df_gender_prob": 99.97594952583313, "df_age": 36, "df_emotion": "angry", "df_emotion_prob": 41.48966670036316}