{"name": "Lee_Chang-dong_0001.jpg", "5_o_Clock_Shadow": 0.002825748408213258, "Arched_Eyebrows": 0.004929814953356981, "Attractive": 0.025433111935853958, "Bags_Under_Eyes": 0.016896527260541916, "Bald": 0.00038459847564809024, "Bangs": 0.025262905284762383, "Big_Lips": 0.005797307472676039, "Big_Nose": 0.007669946178793907, "Black_Hair": 0.31202688813209534, "Blond_Hair": 0.0012350730830803514, "Blurry": 0.07443423569202423, "Brown_Hair": 0.021066877990961075, "Bushy_Eyebrows": 0.0033906467724591494, "Chubby": 0.05604885518550873, "Double_Chin": 0.007534803822636604, "Eyeglasses": 0.0024282510858029127, "Goatee": 0.00011112794163636863, "Gray_Hair": 0.0010266810422763228, "Heavy_Makeup": 0.0006503022159449756, "High_Cheekbones": 0.3422335684299469, "Male": 0.9390895366668701, "Mouth_Slightly_Open": 0.008097699843347073, "Mustache": 0.00024367155856452882, "Narrow_Eyes": 0.019469842314720154, "No_Beard": 0.998170018196106, "Oval_Face": 0.3312952220439911, "Pale_Skin": 0.013321951031684875, "Pointy_Nose": 0.007766259368509054, "Receding_Hairline": 0.00031006638891994953, "Rosy_Cheeks": 0.0002256759034935385, "Sideburns": 0.0001287468330701813, "Smiling": 0.06339681893587112, "Straight_Hair": 0.7229831218719482, "Wavy_Hair": 0.0035318448208272457, "Wearing_Earrings": 0.0018082959577441216, "Wearing_Hat": 0.019548987969756126, "Wearing_Lipstick": 0.001569050014950335, "Wearing_Necklace": 0.0018385129515081644, "Wearing_Necktie": 0.0023524987045675516, "Young": 0.3910820484161377, "df_race": "asian", "df_race_prob": 86.92995231926157, "df_gender": "Man", "df_gender_prob": 99.69250559806824, "df_age": 30, "df_emotion": "neutral", "df_emotion_prob": 89.85909223556519}