{"name": "Leonardo_DiCaprio_0006.jpg", "5_o_Clock_Shadow": 0.5569974184036255, "Arched_Eyebrows": 0.2941020131111145, "Attractive": 0.41407737135887146, "Bags_Under_Eyes": 0.006419137120246887, "Bald": 0.0023123326245695353, "Bangs": 0.00010223198478342965, "Big_Lips": 0.00987456738948822, "Big_Nose": 0.030551353469491005, "Black_Hair": 0.02217799238860607, "Blond_Hair": 0.004520219285041094, "Blurry": 0.09058581292629242, "Brown_Hair": 0.06450667977333069, "Bushy_Eyebrows": 0.03809567913413048, "Chubby": 0.013211371377110481, "Double_Chin": 0.0034536595921963453, "Eyeglasses": 0.0013491425197571516, "Goatee": 0.017639687284827232, "Gray_Hair": 0.0031567842233926058, "Heavy_Makeup": 0.0011919406242668629, "High_Cheekbones": 0.02235991321504116, "Male": 0.9961270689964294, "Mouth_Slightly_Open": 0.0061973147094249725, "Mustache": 0.006842948496341705, "Narrow_Eyes": 0.03621427342295647, "No_Beard": 0.45412352681159973, "Oval_Face": 0.5547938942909241, "Pale_Skin": 0.12331467121839523, "Pointy_Nose": 0.03353656083345413, "Receding_Hairline": 0.09220226854085922, "Rosy_Cheeks": 4.866754534305073e-05, "Sideburns": 0.006981908809393644, "Smiling": 0.0566030852496624, "Straight_Hair": 0.43483585119247437, "Wavy_Hair": 0.007332989946007729, "Wearing_Earrings": 0.0016717743128538132, "Wearing_Hat": 0.00025877970620058477, "Wearing_Lipstick": 0.0009229027200490236, "Wearing_Necklace": 0.0009150015539489686, "Wearing_Necktie": 0.012227186001837254, "Young": 0.8659040331840515, "df_race": "white", "df_race_prob": 95.98666477362337, "df_gender": "Man", "df_gender_prob": 99.98643398284912, "df_age": 25, "df_emotion": "happy", "df_emotion_prob": 94.36110854148865}