{"name": "Leon_Silver_0001.jpg", "5_o_Clock_Shadow": 0.06744686514139175, "Arched_Eyebrows": 0.00027142101316712797, "Attractive": 0.0432618074119091, "Bags_Under_Eyes": 0.10740307718515396, "Bald": 0.0006001736037433147, "Bangs": 0.0009093783446587622, "Big_Lips": 0.02526092901825905, "Big_Nose": 0.0729566216468811, "Black_Hair": 0.0016738573322072625, "Blond_Hair": 0.017930153757333755, "Blurry": 0.17688621580600739, "Brown_Hair": 0.052417997270822525, "Bushy_Eyebrows": 0.0005368215497583151, "Chubby": 0.00801425613462925, "Double_Chin": 0.0027038645930588245, "Eyeglasses": 0.0015207445248961449, "Goatee": 0.00062680768314749, "Gray_Hair": 0.10299206525087357, "Heavy_Makeup": 0.00013927623513154685, "High_Cheekbones": 0.0030279243364930153, "Male": 0.9992916584014893, "Mouth_Slightly_Open": 0.003958207555115223, "Mustache": 0.0016942345537245274, "Narrow_Eyes": 0.024803726002573967, "No_Beard": 0.9793106913566589, "Oval_Face": 0.08766917884349823, "Pale_Skin": 0.04899350181221962, "Pointy_Nose": 0.09814755618572235, "Receding_Hairline": 0.012292644008994102, "Rosy_Cheeks": 2.2936494133318774e-05, "Sideburns": 0.0018596886657178402, "Smiling": 0.000869099865667522, "Straight_Hair": 0.5415758490562439, "Wavy_Hair": 0.01437569409608841, "Wearing_Earrings": 0.00031646343995817006, "Wearing_Hat": 0.00011913429625565186, "Wearing_Lipstick": 0.00012764301209244877, "Wearing_Necklace": 0.0003449669457040727, "Wearing_Necktie": 0.4453757703304291, "Young": 0.21540242433547974, "df_race": "middle eastern", "df_race_prob": 36.62703335285187, "df_gender": "Man", "df_gender_prob": 99.9974012374878, "df_age": 41, "df_emotion": "sad", "df_emotion_prob": 80.04046678543091}