{"name": "LeRoy_Millette_Jr_0001.jpg", "5_o_Clock_Shadow": 0.05611693486571312, "Arched_Eyebrows": 0.001966476207599044, "Attractive": 0.015128469094634056, "Bags_Under_Eyes": 0.11997832357883453, "Bald": 0.0019812944810837507, "Bangs": 0.0005157002597115934, "Big_Lips": 0.004878532141447067, "Big_Nose": 0.03798452764749527, "Black_Hair": 0.004717167001217604, "Blond_Hair": 0.014308084733784199, "Blurry": 0.1998094916343689, "Brown_Hair": 0.008113070391118526, "Bushy_Eyebrows": 0.0018257474293932319, "Chubby": 0.12396907061338425, "Double_Chin": 0.033984050154685974, "Eyeglasses": 0.0008696216973476112, "Goatee": 0.0065690334886312485, "Gray_Hair": 0.4280036985874176, "Heavy_Makeup": 0.00028623174875974655, "High_Cheekbones": 0.0890672355890274, "Male": 0.9991488456726074, "Mouth_Slightly_Open": 0.017348622903227806, "Mustache": 0.3505294919013977, "Narrow_Eyes": 0.01008896715939045, "No_Beard": 0.17038185894489288, "Oval_Face": 0.2750924527645111, "Pale_Skin": 0.026097917929291725, "Pointy_Nose": 0.22335028648376465, "Receding_Hairline": 0.014522751793265343, "Rosy_Cheeks": 0.00021353991178330034, "Sideburns": 0.011969108134508133, "Smiling": 0.006100174970924854, "Straight_Hair": 0.6511220932006836, "Wavy_Hair": 0.004967333283275366, "Wearing_Earrings": 0.0005588598432950675, "Wearing_Hat": 0.001120309578254819, "Wearing_Lipstick": 0.00012711550516542047, "Wearing_Necklace": 0.00021483527962118387, "Wearing_Necktie": 0.09590037167072296, "Young": 0.04861283302307129, "df_race": "white", "df_race_prob": 92.81736612319946, "df_gender": "Man", "df_gender_prob": 99.88131523132324, "df_age": 35, "df_emotion": "sad", "df_emotion_prob": 36.51916545401031}