{"name": "Leslie_Wiser_Jr_0001.jpg", "5_o_Clock_Shadow": 0.021371830254793167, "Arched_Eyebrows": 0.0005879561649635434, "Attractive": 0.005561922676861286, "Bags_Under_Eyes": 0.009372761473059654, "Bald": 0.0021314166951924562, "Bangs": 0.001096536754630506, "Big_Lips": 0.003302701748907566, "Big_Nose": 0.047580137848854065, "Black_Hair": 0.0031558270566165447, "Blond_Hair": 0.016875265166163445, "Blurry": 0.6503137946128845, "Brown_Hair": 0.010741524398326874, "Bushy_Eyebrows": 0.0033673164434731007, "Chubby": 0.03663359582424164, "Double_Chin": 0.019122740253806114, "Eyeglasses": 0.7029616236686707, "Goatee": 0.0025216268841177225, "Gray_Hair": 0.5037884712219238, "Heavy_Makeup": 0.00024433666840195656, "High_Cheekbones": 0.012798384763300419, "Male": 0.9984861016273499, "Mouth_Slightly_Open": 0.02744262106716633, "Mustache": 0.028342358767986298, "Narrow_Eyes": 0.013313127681612968, "No_Beard": 0.8190454840660095, "Oval_Face": 0.3142763078212738, "Pale_Skin": 0.009053240530192852, "Pointy_Nose": 0.0423455573618412, "Receding_Hairline": 0.009440234862267971, "Rosy_Cheeks": 4.136974530410953e-05, "Sideburns": 0.003461582353338599, "Smiling": 0.0021108987275511026, "Straight_Hair": 0.6934431195259094, "Wavy_Hair": 0.004009472671896219, "Wearing_Earrings": 0.0002500038535799831, "Wearing_Hat": 0.0010166008723899722, "Wearing_Lipstick": 5.866567516932264e-05, "Wearing_Necklace": 0.00027418762329034507, "Wearing_Necktie": 0.5161216855049133, "Young": 0.04014420881867409, "df_race": "middle eastern", "df_race_prob": 44.216594099998474, "df_gender": "Man", "df_gender_prob": 99.95421171188354, "df_age": 41, "df_emotion": "neutral", "df_emotion_prob": 63.599878549575806}