{"name": "Leslie_Moonves_0001.jpg", "5_o_Clock_Shadow": 0.035187896341085434, "Arched_Eyebrows": 0.0002621003659442067, "Attractive": 0.022592654451727867, "Bags_Under_Eyes": 0.2691781222820282, "Bald": 0.001766884233802557, "Bangs": 0.0010097865015268326, "Big_Lips": 0.005713032092899084, "Big_Nose": 0.325371652841568, "Black_Hair": 0.0017763865180313587, "Blond_Hair": 0.009041620418429375, "Blurry": 0.21954047679901123, "Brown_Hair": 0.00820051971822977, "Bushy_Eyebrows": 0.00037096149753779173, "Chubby": 0.09114231169223785, "Double_Chin": 0.06294731795787811, "Eyeglasses": 0.0023673297837376595, "Goatee": 0.0005666047800332308, "Gray_Hair": 0.7151885032653809, "Heavy_Makeup": 0.00010981926607200876, "High_Cheekbones": 0.010286432690918446, "Male": 0.9996471405029297, "Mouth_Slightly_Open": 0.018573397770524025, "Mustache": 0.0013347320491448045, "Narrow_Eyes": 0.2958384156227112, "No_Beard": 0.9819744229316711, "Oval_Face": 0.12220577150583267, "Pale_Skin": 0.13008134067058563, "Pointy_Nose": 0.04700525477528572, "Receding_Hairline": 0.04112910479307175, "Rosy_Cheeks": 0.0001502206432633102, "Sideburns": 0.0014460248639807105, "Smiling": 0.034947242587804794, "Straight_Hair": 0.13718558847904205, "Wavy_Hair": 0.06720096617937088, "Wearing_Earrings": 0.00024269934510812163, "Wearing_Hat": 0.00033077021362259984, "Wearing_Lipstick": 7.755459228064865e-05, "Wearing_Necklace": 0.0002831772726494819, "Wearing_Necktie": 0.6756234765052795, "Young": 0.017049584537744522, "df_race": "white", "df_race_prob": 35.92851376107417, "df_gender": "Man", "df_gender_prob": 99.99797344207764, "df_age": 41, "df_emotion": "happy", "df_emotion_prob": 92.70921349525452}