{"name": "Leslie_Caldwell_0001.jpg", "5_o_Clock_Shadow": 0.0043182396329939365, "Arched_Eyebrows": 0.003323244396597147, "Attractive": 0.0352778360247612, "Bags_Under_Eyes": 0.012798438780009747, "Bald": 0.00017859421495813876, "Bangs": 0.00988828856498003, "Big_Lips": 0.01708233170211315, "Big_Nose": 0.011294159106910229, "Black_Hair": 0.009055983275175095, "Blond_Hair": 0.01080418098717928, "Blurry": 0.6555790305137634, "Brown_Hair": 0.1968173086643219, "Bushy_Eyebrows": 0.0021595447324216366, "Chubby": 0.026814470067620277, "Double_Chin": 0.004463035613298416, "Eyeglasses": 0.0008240218739956617, "Goatee": 0.00019950245041400194, "Gray_Hair": 0.0024961079470813274, "Heavy_Makeup": 0.0011516441591084003, "High_Cheekbones": 0.023824157193303108, "Male": 0.6625288724899292, "Mouth_Slightly_Open": 0.0224378053098917, "Mustache": 0.00031331731588579714, "Narrow_Eyes": 0.017102109268307686, "No_Beard": 0.9944433569908142, "Oval_Face": 0.3155055046081543, "Pale_Skin": 0.012068483978509903, "Pointy_Nose": 0.02927839197218418, "Receding_Hairline": 0.0008161055739037693, "Rosy_Cheeks": 0.0001395503495587036, "Sideburns": 0.00025802262825891376, "Smiling": 0.003052067244425416, "Straight_Hair": 0.20419742166996002, "Wavy_Hair": 0.038375698029994965, "Wearing_Earrings": 0.002628650749102235, "Wearing_Hat": 0.0014894146006554365, "Wearing_Lipstick": 0.0014019220834597945, "Wearing_Necklace": 0.002162809716537595, "Wearing_Necktie": 0.003631899831816554, "Young": 0.7804685831069946, "df_race": "white", "df_race_prob": 44.48072248467475, "df_gender": "Woman", "df_gender_prob": 62.59729266166687, "df_age": 33, "df_emotion": "sad", "df_emotion_prob": 87.54286170005798}