{"name": "Li_Peng_0005.jpg", "5_o_Clock_Shadow": 0.008221815340220928, "Arched_Eyebrows": 0.0039345682598650455, "Attractive": 0.005813496187329292, "Bags_Under_Eyes": 0.1893361359834671, "Bald": 0.007775671314448118, "Bangs": 0.00024361602845601737, "Big_Lips": 0.01195469219237566, "Big_Nose": 0.09789370000362396, "Black_Hair": 0.15856927633285522, "Blond_Hair": 0.0026818260084837675, "Blurry": 0.11368920654058456, "Brown_Hair": 0.0053534298203885555, "Bushy_Eyebrows": 0.02874692715704441, "Chubby": 0.1399248093366623, "Double_Chin": 0.04202905297279358, "Eyeglasses": 0.9982530474662781, "Goatee": 0.0005287438980303705, "Gray_Hair": 0.04512178152799606, "Heavy_Makeup": 9.645073441788554e-05, "High_Cheekbones": 0.7567762732505798, "Male": 0.9972566962242126, "Mouth_Slightly_Open": 0.9592963457107544, "Mustache": 0.0011891983449459076, "Narrow_Eyes": 0.16602832078933716, "No_Beard": 0.9964175224304199, "Oval_Face": 0.09930326789617538, "Pale_Skin": 0.038437411189079285, "Pointy_Nose": 0.006987137254327536, "Receding_Hairline": 0.17170679569244385, "Rosy_Cheeks": 0.00017795441090129316, "Sideburns": 0.00039545493200421333, "Smiling": 0.9787085652351379, "Straight_Hair": 0.586009681224823, "Wavy_Hair": 0.0027531555388122797, "Wearing_Earrings": 0.002989713102579117, "Wearing_Hat": 0.001233464339748025, "Wearing_Lipstick": 0.00038692649104632437, "Wearing_Necklace": 0.0010912629077211022, "Wearing_Necktie": 0.1878269910812378, "Young": 0.012899884954094887, "df_race": "asian", "df_race_prob": 77.2182253339022, "df_gender": "Man", "df_gender_prob": 99.89386200904846, "df_age": 33, "df_emotion": "happy", "df_emotion_prob": 99.99972581863403}