{"name": "Li_Zhaoxing_0001.jpg", "5_o_Clock_Shadow": 0.0025433176197111607, "Arched_Eyebrows": 0.006376551929861307, "Attractive": 0.011510850861668587, "Bags_Under_Eyes": 0.09858733415603638, "Bald": 0.23957759141921997, "Bangs": 0.0005693473503924906, "Big_Lips": 0.003569182474166155, "Big_Nose": 0.007488437928259373, "Black_Hair": 0.028150495141744614, "Blond_Hair": 0.012081914581358433, "Blurry": 0.11801274120807648, "Brown_Hair": 0.0032605379819869995, "Bushy_Eyebrows": 8.420430822297931e-05, "Chubby": 0.01999766193330288, "Double_Chin": 0.005389792378991842, "Eyeglasses": 0.006711071357131004, "Goatee": 0.0025702249258756638, "Gray_Hair": 0.052453745156526566, "Heavy_Makeup": 0.0017858316423371434, "High_Cheekbones": 0.07839852571487427, "Male": 0.9763694405555725, "Mouth_Slightly_Open": 0.0799158439040184, "Mustache": 0.001608575927093625, "Narrow_Eyes": 0.06749943643808365, "No_Beard": 0.9830794334411621, "Oval_Face": 0.286981999874115, "Pale_Skin": 0.024217959493398666, "Pointy_Nose": 0.05427158251404762, "Receding_Hairline": 0.7772887945175171, "Rosy_Cheeks": 0.000268450821749866, "Sideburns": 0.0014520136173814535, "Smiling": 0.008606543764472008, "Straight_Hair": 0.03219263628125191, "Wavy_Hair": 0.0050780922174453735, "Wearing_Earrings": 0.002208141842857003, "Wearing_Hat": 0.0011865925043821335, "Wearing_Lipstick": 0.0038103016559034586, "Wearing_Necklace": 0.0018910077633336186, "Wearing_Necktie": 0.011160592548549175, "Young": 0.03660915791988373, "df_race": "asian", "df_race_prob": 99.52443835284939, "df_gender": "Man", "df_gender_prob": 99.69598054885864, "df_age": 34, "df_emotion": "sad", "df_emotion_prob": 52.7640700340271}