{"name": "Liam_Neeson_0001.jpg", "5_o_Clock_Shadow": 0.056167371571063995, "Arched_Eyebrows": 0.0005739009939134121, "Attractive": 0.05136343091726303, "Bags_Under_Eyes": 0.051778730005025864, "Bald": 0.0014739499893039465, "Bangs": 0.0006575931329280138, "Big_Lips": 0.039301007986068726, "Big_Nose": 0.19639956951141357, "Black_Hair": 0.0017481244867667556, "Blond_Hair": 0.029279593378305435, "Blurry": 0.13061699271202087, "Brown_Hair": 0.0882289856672287, "Bushy_Eyebrows": 9.912521636579186e-05, "Chubby": 0.007797252386808395, "Double_Chin": 0.009915626607835293, "Eyeglasses": 0.0024116968270391226, "Goatee": 0.00027163824415765703, "Gray_Hair": 0.020232928916811943, "Heavy_Makeup": 7.356257265200838e-05, "High_Cheekbones": 0.012446839362382889, "Male": 0.9981482028961182, "Mouth_Slightly_Open": 0.0689801350235939, "Mustache": 0.0005438482039608061, "Narrow_Eyes": 0.019258810207247734, "No_Beard": 0.9831529259681702, "Oval_Face": 0.06434118002653122, "Pale_Skin": 0.20027625560760498, "Pointy_Nose": 0.048990558832883835, "Receding_Hairline": 0.03324879705905914, "Rosy_Cheeks": 3.5509692679625005e-05, "Sideburns": 0.00033474291558377445, "Smiling": 0.004648702684789896, "Straight_Hair": 0.2265424132347107, "Wavy_Hair": 0.016212331131100655, "Wearing_Earrings": 0.0005157784326002002, "Wearing_Hat": 0.0004700972349382937, "Wearing_Lipstick": 0.0005157219129614532, "Wearing_Necklace": 0.0010445172665640712, "Wearing_Necktie": 0.015412412583827972, "Young": 0.26105672121047974, "df_race": "white", "df_race_prob": 99.80996251106262, "df_gender": "Man", "df_gender_prob": 99.98979568481445, "df_age": 37, "df_emotion": "neutral", "df_emotion_prob": 94.8430061340332}