{"name": "Lim_Dong-won_0001.jpg", "5_o_Clock_Shadow": 0.0018611010164022446, "Arched_Eyebrows": 0.003679624292999506, "Attractive": 0.0030326449777930975, "Bags_Under_Eyes": 0.05681435018777847, "Bald": 0.1493050456047058, "Bangs": 0.0006510507082566619, "Big_Lips": 0.005602393765002489, "Big_Nose": 0.13709589838981628, "Black_Hair": 0.010263723321259022, "Blond_Hair": 0.002782183000817895, "Blurry": 0.10580261796712875, "Brown_Hair": 0.002918486250564456, "Bushy_Eyebrows": 0.014385594986379147, "Chubby": 0.07715257257223129, "Double_Chin": 0.03496358543634415, "Eyeglasses": 0.9805866479873657, "Goatee": 0.0006944802007637918, "Gray_Hair": 0.5019893050193787, "Heavy_Makeup": 0.00014930898032616824, "High_Cheekbones": 0.047653310000896454, "Male": 0.9953639507293701, "Mouth_Slightly_Open": 0.007261533290147781, "Mustache": 0.0021509798243641853, "Narrow_Eyes": 0.09063056111335754, "No_Beard": 0.9941551089286804, "Oval_Face": 0.10872192680835724, "Pale_Skin": 0.1285586804151535, "Pointy_Nose": 0.005790369585156441, "Receding_Hairline": 0.5087599158287048, "Rosy_Cheeks": 0.00010215549264103174, "Sideburns": 0.0006887649069540203, "Smiling": 0.013501311652362347, "Straight_Hair": 0.18182137608528137, "Wavy_Hair": 0.0011935862712562084, "Wearing_Earrings": 0.0007941864896565676, "Wearing_Hat": 0.0011855225311592221, "Wearing_Lipstick": 0.00019743412849493325, "Wearing_Necklace": 0.00046033773105591536, "Wearing_Necktie": 0.8739807605743408, "Young": 0.005527235567569733, "df_race": "latino hispanic", "df_race_prob": 29.133987919567577, "df_gender": "Man", "df_gender_prob": 99.95107650756836, "df_age": 47, "df_emotion": "neutral", "df_emotion_prob": 98.98082626094505}