{"name": "Linda_Dano_0001.jpg", "5_o_Clock_Shadow": 0.0003463564207777381, "Arched_Eyebrows": 0.49072447419166565, "Attractive": 0.30918407440185547, "Bags_Under_Eyes": 0.03319767862558365, "Bald": 0.00019426019571255893, "Bangs": 0.8362708687782288, "Big_Lips": 0.19162794947624207, "Big_Nose": 0.0364806205034256, "Black_Hair": 0.059375960379838943, "Blond_Hair": 0.008406095206737518, "Blurry": 0.07658957690000534, "Brown_Hair": 0.05751192942261696, "Bushy_Eyebrows": 0.005634754430502653, "Chubby": 0.003543277969583869, "Double_Chin": 0.005717316176742315, "Eyeglasses": 0.00018438416009303182, "Goatee": 0.0002242476330138743, "Gray_Hair": 0.004176895134150982, "Heavy_Makeup": 0.47527921199798584, "High_Cheekbones": 0.854446530342102, "Male": 0.002380591118708253, "Mouth_Slightly_Open": 0.9894888997077942, "Mustache": 0.00015361409168690443, "Narrow_Eyes": 0.294859379529953, "No_Beard": 0.998938262462616, "Oval_Face": 0.1485908478498459, "Pale_Skin": 0.032902736216783524, "Pointy_Nose": 0.1942911595106125, "Receding_Hairline": 0.00040393759263679385, "Rosy_Cheeks": 0.002586556598544121, "Sideburns": 0.00042957335244864225, "Smiling": 0.9887593984603882, "Straight_Hair": 0.13501939177513123, "Wavy_Hair": 0.06656262278556824, "Wearing_Earrings": 0.5312187075614929, "Wearing_Hat": 0.000928046996705234, "Wearing_Lipstick": 0.8796614408493042, "Wearing_Necklace": 0.7522948980331421, "Wearing_Necktie": 0.00010671249765437096, "Young": 0.12235382944345474, "df_race": "white", "df_race_prob": 56.30821064808496, "df_gender": "Woman", "df_gender_prob": 99.99996423721313, "df_age": 52, "df_emotion": "happy", "df_emotion_prob": 99.98776912689209}