{"name": "Lindsay_Davenport_0012.jpg", "5_o_Clock_Shadow": 0.0007203593850135803, "Arched_Eyebrows": 0.0047928462736308575, "Attractive": 0.0785062238574028, "Bags_Under_Eyes": 0.0186641663312912, "Bald": 0.0005408283323049545, "Bangs": 0.0007184338755905628, "Big_Lips": 0.004548002500087023, "Big_Nose": 0.011893725022673607, "Black_Hair": 0.0009424648014828563, "Blond_Hair": 0.3840012848377228, "Blurry": 0.06491371244192123, "Brown_Hair": 0.13442932069301605, "Bushy_Eyebrows": 0.00017893545737024397, "Chubby": 0.005432909820228815, "Double_Chin": 0.0009073028340935707, "Eyeglasses": 0.000629704853054136, "Goatee": 0.00026449697907082736, "Gray_Hair": 0.004471632651984692, "Heavy_Makeup": 0.005839022342115641, "High_Cheekbones": 0.09617840498685837, "Male": 0.0026768934912979603, "Mouth_Slightly_Open": 0.04799143597483635, "Mustache": 0.00019019721366930753, "Narrow_Eyes": 0.01159275509417057, "No_Beard": 0.9973888993263245, "Oval_Face": 0.2366955280303955, "Pale_Skin": 0.009687242098152637, "Pointy_Nose": 0.016522426158189774, "Receding_Hairline": 0.19090639054775238, "Rosy_Cheeks": 0.00018579229072201997, "Sideburns": 0.0005265432992018759, "Smiling": 0.01355634443461895, "Straight_Hair": 0.2807130515575409, "Wavy_Hair": 0.005597184412181377, "Wearing_Earrings": 0.11993095278739929, "Wearing_Hat": 0.00048555832472629845, "Wearing_Lipstick": 0.007629812695086002, "Wearing_Necklace": 0.016955718398094177, "Wearing_Necktie": 0.0003005380858667195, "Young": 0.966080367565155, "df_race": "white", "df_race_prob": 44.50564980506897, "df_gender": "Woman", "df_gender_prob": 72.98111915588379, "df_age": 34, "df_emotion": "sad", "df_emotion_prob": 40.173059701919556}