{"name": "Lindsay_Davenport_0017.jpg", "5_o_Clock_Shadow": 0.0029176899697631598, "Arched_Eyebrows": 0.0037376070395112038, "Attractive": 0.04914511367678642, "Bags_Under_Eyes": 0.24894069135189056, "Bald": 0.0009309398592449725, "Bangs": 0.00029820200870744884, "Big_Lips": 0.00369742582552135, "Big_Nose": 0.03132766857743263, "Black_Hair": 0.0006063394830562174, "Blond_Hair": 0.5725704431533813, "Blurry": 0.23232199251651764, "Brown_Hair": 0.05028130114078522, "Bushy_Eyebrows": 0.00022971577709540725, "Chubby": 0.013256385922431946, "Double_Chin": 0.004179756157100201, "Eyeglasses": 0.0009298264631070197, "Goatee": 0.0004937527701258659, "Gray_Hair": 0.029343079775571823, "Heavy_Makeup": 0.0005640682065859437, "High_Cheekbones": 0.3005535900592804, "Male": 0.06648162752389908, "Mouth_Slightly_Open": 0.03866565227508545, "Mustache": 0.0004510816070251167, "Narrow_Eyes": 0.07937376201152802, "No_Beard": 0.9915379285812378, "Oval_Face": 0.35794350504875183, "Pale_Skin": 0.03440255671739578, "Pointy_Nose": 0.006038007792085409, "Receding_Hairline": 0.21255965530872345, "Rosy_Cheeks": 0.00013258348917588592, "Sideburns": 0.0011226828210055828, "Smiling": 0.29685547947883606, "Straight_Hair": 0.0619194395840168, "Wavy_Hair": 0.06808294355869293, "Wearing_Earrings": 0.02382074110209942, "Wearing_Hat": 0.00037365168100222945, "Wearing_Lipstick": 0.0006888433708809316, "Wearing_Necklace": 0.004277719184756279, "Wearing_Necktie": 0.0011824527755379677, "Young": 0.8037599325180054, "df_race": "latino hispanic", "df_race_prob": 36.13637387752533, "df_gender": "Man", "df_gender_prob": 60.68374514579773, "df_age": 30, "df_emotion": "fear", "df_emotion_prob": 43.81450488394441}