{"name": "Lisa_Marie_Presley_0001.jpg", "5_o_Clock_Shadow": 0.00023420593061018735, "Arched_Eyebrows": 0.18801817297935486, "Attractive": 0.4541362226009369, "Bags_Under_Eyes": 0.0019138641655445099, "Bald": 0.00014681911852676421, "Bangs": 0.038407884538173676, "Big_Lips": 0.022667888551950455, "Big_Nose": 0.0011389957508072257, "Black_Hair": 0.00045062429853715, "Blond_Hair": 0.8635329604148865, "Blurry": 0.15606504678726196, "Brown_Hair": 0.013145399279892445, "Bushy_Eyebrows": 0.0004711303918156773, "Chubby": 0.0020617640111595392, "Double_Chin": 0.0007671370403841138, "Eyeglasses": 0.00023029341537039727, "Goatee": 0.0001999248197535053, "Gray_Hair": 0.004096906632184982, "Heavy_Makeup": 0.2845352292060852, "High_Cheekbones": 0.07742547243833542, "Male": 0.00027843096177093685, "Mouth_Slightly_Open": 0.014040597714483738, "Mustache": 5.23990202054847e-05, "Narrow_Eyes": 0.41056618094444275, "No_Beard": 0.999143123626709, "Oval_Face": 0.4195075035095215, "Pale_Skin": 0.05116261914372444, "Pointy_Nose": 0.19957254827022552, "Receding_Hairline": 0.0022370151709765196, "Rosy_Cheeks": 0.0004348553193267435, "Sideburns": 0.00022579192591365427, "Smiling": 0.11890844255685806, "Straight_Hair": 0.505682110786438, "Wavy_Hair": 0.11792308837175369, "Wearing_Earrings": 0.012078368104994297, "Wearing_Hat": 0.0002966249012388289, "Wearing_Lipstick": 0.24005348980426788, "Wearing_Necklace": 0.038430459797382355, "Wearing_Necktie": 0.00018105846538674086, "Young": 0.9369716644287109, "df_race": "white", "df_race_prob": 98.92170429229736, "df_gender": "Woman", "df_gender_prob": 99.96528625488281, "df_age": 45, "df_emotion": "happy", "df_emotion_prob": 39.57026538671645}