{"name": "Lleyton_Hewitt_0033.jpg", "5_o_Clock_Shadow": 0.052668072283267975, "Arched_Eyebrows": 0.0035326366778463125, "Attractive": 0.005725255701690912, "Bags_Under_Eyes": 0.01357056014239788, "Bald": 0.004324037116020918, "Bangs": 0.0008377174963243306, "Big_Lips": 0.0021757776848971844, "Big_Nose": 0.002860777545720339, "Black_Hair": 0.0008322563371621072, "Blond_Hair": 0.031844612210989, "Blurry": 0.48802074790000916, "Brown_Hair": 0.010805565863847733, "Bushy_Eyebrows": 0.0046496582217514515, "Chubby": 0.0019886295776814222, "Double_Chin": 0.0009586644009687006, "Eyeglasses": 0.0014381641522049904, "Goatee": 0.003630109364166856, "Gray_Hair": 0.006777996197342873, "Heavy_Makeup": 0.0007143737748265266, "High_Cheekbones": 0.12722423672676086, "Male": 0.9902834296226501, "Mouth_Slightly_Open": 0.46390220522880554, "Mustache": 0.0014190740184858441, "Narrow_Eyes": 0.07463648915290833, "No_Beard": 0.923318088054657, "Oval_Face": 0.09874740988016129, "Pale_Skin": 0.004049713723361492, "Pointy_Nose": 0.11541716009378433, "Receding_Hairline": 0.003536492818966508, "Rosy_Cheeks": 0.0001144399429904297, "Sideburns": 0.0031611956655979156, "Smiling": 0.0009734120103530586, "Straight_Hair": 0.008883622474968433, "Wavy_Hair": 0.012214712798595428, "Wearing_Earrings": 0.007454473990947008, "Wearing_Hat": 0.5176082849502563, "Wearing_Lipstick": 0.00034762010909616947, "Wearing_Necklace": 0.006693704053759575, "Wearing_Necktie": 0.0011684591881930828, "Young": 0.7998791933059692, "df_race": "white", "df_race_prob": 65.04071742538913, "df_gender": "Man", "df_gender_prob": 99.97476935386658, "df_age": 32, "df_emotion": "surprise", "df_emotion_prob": 98.7626850605011}