{"name": "Lleyton_Hewitt_0007.jpg", "5_o_Clock_Shadow": 0.015422503463923931, "Arched_Eyebrows": 0.00015298787911888212, "Attractive": 0.009010710753500462, "Bags_Under_Eyes": 0.09825527667999268, "Bald": 0.011086140759289265, "Bangs": 0.0008463390404358506, "Big_Lips": 0.011400902643799782, "Big_Nose": 0.011004230938851833, "Black_Hair": 0.000278806866845116, "Blond_Hair": 0.0137485321611166, "Blurry": 0.4633711576461792, "Brown_Hair": 0.008187460713088512, "Bushy_Eyebrows": 0.0004187908780295402, "Chubby": 0.005782713182270527, "Double_Chin": 0.002781789982691407, "Eyeglasses": 0.0011591148795560002, "Goatee": 0.001100671710446477, "Gray_Hair": 0.006294272840023041, "Heavy_Makeup": 0.0001450166164431721, "High_Cheekbones": 0.054051462560892105, "Male": 0.9935356378555298, "Mouth_Slightly_Open": 0.43838736414909363, "Mustache": 0.0005901901167817414, "Narrow_Eyes": 0.11766526103019714, "No_Beard": 0.9855079054832458, "Oval_Face": 0.11275488138198853, "Pale_Skin": 0.010264324024319649, "Pointy_Nose": 0.04782088100910187, "Receding_Hairline": 0.0027107009664177895, "Rosy_Cheeks": 4.4935619371244684e-05, "Sideburns": 0.0014398915227502584, "Smiling": 0.005525615997612476, "Straight_Hair": 0.009912504814565182, "Wavy_Hair": 0.004150825552642345, "Wearing_Earrings": 0.003908527083694935, "Wearing_Hat": 0.5006735324859619, "Wearing_Lipstick": 0.00011770911805797368, "Wearing_Necklace": 0.0029374673031270504, "Wearing_Necktie": 0.0027622131165117025, "Young": 0.9287671446800232, "df_race": "white", "df_race_prob": 29.420679807662964, "df_gender": "Man", "df_gender_prob": 99.9281108379364, "df_age": 30, "df_emotion": "sad", "df_emotion_prob": 95.00818222809924}