{"name": "Lleyton_Hewitt_0019.jpg", "5_o_Clock_Shadow": 0.01222946122288704, "Arched_Eyebrows": 0.0013945642858743668, "Attractive": 0.06276588141918182, "Bags_Under_Eyes": 0.02671937458217144, "Bald": 0.002365274354815483, "Bangs": 0.00045686171506531537, "Big_Lips": 0.0042649502865970135, "Big_Nose": 0.005039718002080917, "Black_Hair": 0.0003555209841579199, "Blond_Hair": 0.10442207753658295, "Blurry": 0.3840218782424927, "Brown_Hair": 0.00985256303101778, "Bushy_Eyebrows": 0.002357408870011568, "Chubby": 0.001580286887474358, "Double_Chin": 0.0009977639419957995, "Eyeglasses": 0.0007261832361109555, "Goatee": 0.00043318819371052086, "Gray_Hair": 0.006025037728250027, "Heavy_Makeup": 0.0008037178195081651, "High_Cheekbones": 0.1561705470085144, "Male": 0.981094479560852, "Mouth_Slightly_Open": 0.4973657727241516, "Mustache": 0.00026098493253812194, "Narrow_Eyes": 0.003049633465707302, "No_Beard": 0.9930853843688965, "Oval_Face": 0.349882572889328, "Pale_Skin": 0.03337402269244194, "Pointy_Nose": 0.10101782530546188, "Receding_Hairline": 0.0034407370258122683, "Rosy_Cheeks": 6.973212293814868e-05, "Sideburns": 0.00031875685090199113, "Smiling": 0.16309648752212524, "Straight_Hair": 0.015036151744425297, "Wavy_Hair": 0.006632835138589144, "Wearing_Earrings": 0.004895518533885479, "Wearing_Hat": 0.6169558167457581, "Wearing_Lipstick": 0.000940588943194598, "Wearing_Necklace": 0.0022588486317545176, "Wearing_Necktie": 0.0012823555152863264, "Young": 0.9644054770469666, "df_race": "white", "df_race_prob": 99.96949434644051, "df_gender": "Man", "df_gender_prob": 99.54570531845093, "df_age": 27, "df_emotion": "neutral", "df_emotion_prob": 92.05198287963867}