{"name": "Lloyd_Richards_0001.jpg", "5_o_Clock_Shadow": 0.008044491522014141, "Arched_Eyebrows": 0.0007529021240770817, "Attractive": 0.001980177592486143, "Bags_Under_Eyes": 0.18002541363239288, "Bald": 0.34222933650016785, "Bangs": 0.0031226181890815496, "Big_Lips": 0.019853943958878517, "Big_Nose": 0.34861063957214355, "Black_Hair": 0.0004912554868496954, "Blond_Hair": 0.0008430442539975047, "Blurry": 0.06847699731588364, "Brown_Hair": 0.0009475662373006344, "Bushy_Eyebrows": 0.00012671720469370484, "Chubby": 0.06014964357018471, "Double_Chin": 0.0616079680621624, "Eyeglasses": 0.9201316833496094, "Goatee": 0.14287710189819336, "Gray_Hair": 0.612247109413147, "Heavy_Makeup": 3.725485657923855e-05, "High_Cheekbones": 0.019093457609415054, "Male": 0.9971740245819092, "Mouth_Slightly_Open": 0.007254263386130333, "Mustache": 0.028619980439543724, "Narrow_Eyes": 0.00970643199980259, "No_Beard": 0.31445765495300293, "Oval_Face": 0.162877157330513, "Pale_Skin": 0.008590555749833584, "Pointy_Nose": 0.021826494485139847, "Receding_Hairline": 0.18314050137996674, "Rosy_Cheeks": 9.034713002620265e-05, "Sideburns": 0.029229387640953064, "Smiling": 0.026807796210050583, "Straight_Hair": 0.03535642847418785, "Wavy_Hair": 0.0013899706536903977, "Wearing_Earrings": 0.0011765497038140893, "Wearing_Hat": 0.001284136320464313, "Wearing_Lipstick": 0.00012859763228334486, "Wearing_Necklace": 0.0006396646494977176, "Wearing_Necktie": 0.5852548480033875, "Young": 0.004273346159607172, "df_race": "latino hispanic", "df_race_prob": 38.73932063579559, "df_gender": "Man", "df_gender_prob": 99.67844486236572, "df_age": 53, "df_emotion": "neutral", "df_emotion_prob": 98.30779433250427}