{"name": "Lon_Kruger_0002.jpg", "5_o_Clock_Shadow": 0.0044357627630233765, "Arched_Eyebrows": 0.0019035093719139695, "Attractive": 0.009715883061289787, "Bags_Under_Eyes": 0.06206630542874336, "Bald": 0.011899475939571857, "Bangs": 0.00012784106365870684, "Big_Lips": 0.008070293813943863, "Big_Nose": 0.01876390352845192, "Black_Hair": 0.00635871198028326, "Blond_Hair": 0.02924577333033085, "Blurry": 0.0855608806014061, "Brown_Hair": 0.036612220108509064, "Bushy_Eyebrows": 0.001371725113131106, "Chubby": 0.021641522645950317, "Double_Chin": 0.02306818775832653, "Eyeglasses": 0.007435143459588289, "Goatee": 0.001217871904373169, "Gray_Hair": 0.07171960175037384, "Heavy_Makeup": 0.0008792610024102032, "High_Cheekbones": 0.02679874189198017, "Male": 0.997340977191925, "Mouth_Slightly_Open": 0.9890720844268799, "Mustache": 0.0016018449096009135, "Narrow_Eyes": 0.03638046979904175, "No_Beard": 0.9887056946754456, "Oval_Face": 0.2575090825557709, "Pale_Skin": 0.02332618460059166, "Pointy_Nose": 0.04561566933989525, "Receding_Hairline": 0.4436551332473755, "Rosy_Cheeks": 0.00016765833424869925, "Sideburns": 0.001379255554638803, "Smiling": 0.015853192657232285, "Straight_Hair": 0.6510193347930908, "Wavy_Hair": 0.0012391142081469297, "Wearing_Earrings": 0.0006776939262636006, "Wearing_Hat": 0.0002962857251986861, "Wearing_Lipstick": 0.0006505132769234478, "Wearing_Necklace": 0.00025871460093185306, "Wearing_Necktie": 0.3511793911457062, "Young": 0.20970094203948975, "df_race": "white", "df_race_prob": 71.30719252271608, "df_gender": "Man", "df_gender_prob": 99.98237490653992, "df_age": 29, "df_emotion": "surprise", "df_emotion_prob": 94.7348839360614}