{"name": "Lope_Mendoza_0001.jpg", "5_o_Clock_Shadow": 0.0036024218425154686, "Arched_Eyebrows": 0.0052148024551570415, "Attractive": 0.004596327897161245, "Bags_Under_Eyes": 0.6155400276184082, "Bald": 0.019577937200665474, "Bangs": 0.00035610253689810634, "Big_Lips": 0.005826797802001238, "Big_Nose": 0.1705641746520996, "Black_Hair": 0.002069933107122779, "Blond_Hair": 0.010538001544773579, "Blurry": 0.030061226338148117, "Brown_Hair": 0.003773980773985386, "Bushy_Eyebrows": 0.00014361464127432555, "Chubby": 0.016260480508208275, "Double_Chin": 0.010943029075860977, "Eyeglasses": 0.0016541200457140803, "Goatee": 0.0005980850546620786, "Gray_Hair": 0.32714635133743286, "Heavy_Makeup": 8.73912576935254e-05, "High_Cheekbones": 0.05010479316115379, "Male": 0.9971497654914856, "Mouth_Slightly_Open": 0.47552579641342163, "Mustache": 0.00047521310625597835, "Narrow_Eyes": 0.05753597617149353, "No_Beard": 0.9935747981071472, "Oval_Face": 0.16314399242401123, "Pale_Skin": 0.02359575778245926, "Pointy_Nose": 0.04478972405195236, "Receding_Hairline": 0.7057395577430725, "Rosy_Cheeks": 5.320480340742506e-05, "Sideburns": 0.0008972363430075347, "Smiling": 0.005404438357800245, "Straight_Hair": 0.25047650933265686, "Wavy_Hair": 0.0013583784457296133, "Wearing_Earrings": 0.0036509805358946323, "Wearing_Hat": 0.00017356184253003448, "Wearing_Lipstick": 0.0002011859614867717, "Wearing_Necklace": 0.0003260973608121276, "Wearing_Necktie": 0.18710550665855408, "Young": 0.029645340517163277, "df_race": "asian", "df_race_prob": 37.412625551223755, "df_gender": "Man", "df_gender_prob": 99.95250701904297, "df_age": 33, "df_emotion": "fear", "df_emotion_prob": 37.828049063682556}