{"name": "Lord_Hutton_0002.jpg", "5_o_Clock_Shadow": 0.012042705900967121, "Arched_Eyebrows": 0.00055262929527089, "Attractive": 0.0072386180981993675, "Bags_Under_Eyes": 0.34990590810775757, "Bald": 0.12425882369279861, "Bangs": 0.00038184027653187513, "Big_Lips": 0.004098159726709127, "Big_Nose": 0.4158277213573456, "Black_Hair": 0.0012710370356217027, "Blond_Hair": 0.006659795995801687, "Blurry": 0.06103125214576721, "Brown_Hair": 0.0006824872689321637, "Bushy_Eyebrows": 0.000732914952095598, "Chubby": 0.04622170329093933, "Double_Chin": 0.04040044918656349, "Eyeglasses": 0.008735716342926025, "Goatee": 0.001029915758408606, "Gray_Hair": 0.9649124145507812, "Heavy_Makeup": 0.00013042248610872775, "High_Cheekbones": 0.02405375987291336, "Male": 0.99937903881073, "Mouth_Slightly_Open": 0.0035736202262341976, "Mustache": 0.003084688913077116, "Narrow_Eyes": 0.009945819154381752, "No_Beard": 0.9755182266235352, "Oval_Face": 0.12105874717235565, "Pale_Skin": 0.1277385801076889, "Pointy_Nose": 0.07738804817199707, "Receding_Hairline": 0.8796161413192749, "Rosy_Cheeks": 0.00013124561519362032, "Sideburns": 0.0043797241523861885, "Smiling": 0.0033318044152110815, "Straight_Hair": 0.18023112416267395, "Wavy_Hair": 0.0015612257411703467, "Wearing_Earrings": 0.0005040242685936391, "Wearing_Hat": 0.0006393678486347198, "Wearing_Lipstick": 0.00022024192730896175, "Wearing_Necklace": 0.0002475657092873007, "Wearing_Necktie": 0.8211978077888489, "Young": 0.006999489385634661, "df_race": "white", "df_race_prob": 96.86995782018211, "df_gender": "Man", "df_gender_prob": 99.99771118164062, "df_age": 51, "df_emotion": "neutral", "df_emotion_prob": 67.73422956466675}