{"name": "Lou_Piniella_0002.jpg", "5_o_Clock_Shadow": 0.04388797655701637, "Arched_Eyebrows": 0.0008786282269284129, "Attractive": 0.007387343794107437, "Bags_Under_Eyes": 0.3893926441669464, "Bald": 0.0009318730444647372, "Bangs": 0.0019327325280755758, "Big_Lips": 0.01909668557345867, "Big_Nose": 0.1260976493358612, "Black_Hair": 0.0006715100607834756, "Blond_Hair": 0.064051054418087, "Blurry": 0.12438812851905823, "Brown_Hair": 0.0034219413064420223, "Bushy_Eyebrows": 0.0013664099387824535, "Chubby": 0.31844738125801086, "Double_Chin": 0.22673571109771729, "Eyeglasses": 0.0013692399952560663, "Goatee": 0.0009005964384414256, "Gray_Hair": 0.6551299095153809, "Heavy_Makeup": 0.0004594534693751484, "High_Cheekbones": 0.5056130886077881, "Male": 0.9971515536308289, "Mouth_Slightly_Open": 0.8615185618400574, "Mustache": 0.0004375687858555466, "Narrow_Eyes": 0.5677598118782043, "No_Beard": 0.9844024181365967, "Oval_Face": 0.3087490200996399, "Pale_Skin": 0.054299093782901764, "Pointy_Nose": 0.01181591022759676, "Receding_Hairline": 0.0025658218655735254, "Rosy_Cheeks": 0.0005537413526326418, "Sideburns": 0.0018236717442050576, "Smiling": 0.5136550068855286, "Straight_Hair": 0.07429879903793335, "Wavy_Hair": 0.09443620592355728, "Wearing_Earrings": 0.0006517594447359443, "Wearing_Hat": 0.0010411785915493965, "Wearing_Lipstick": 0.00030094440444372594, "Wearing_Necklace": 0.0007011984707787633, "Wearing_Necktie": 0.006946235429495573, "Young": 0.048387400805950165, "df_race": "white", "df_race_prob": 99.6005118369446, "df_gender": "Man", "df_gender_prob": 99.95337724685669, "df_age": 30, "df_emotion": "sad", "df_emotion_prob": 74.4756087348228}