{"name": "Louis_Van_Gaal_0001.jpg", "5_o_Clock_Shadow": 0.011220050975680351, "Arched_Eyebrows": 0.0025594946928322315, "Attractive": 0.024624325335025787, "Bags_Under_Eyes": 0.08273091912269592, "Bald": 0.001989169977605343, "Bangs": 0.0005988383200019598, "Big_Lips": 0.007759478874504566, "Big_Nose": 0.0910448282957077, "Black_Hair": 0.003636759240180254, "Blond_Hair": 0.05433301627635956, "Blurry": 0.059890635311603546, "Brown_Hair": 0.11039603501558304, "Bushy_Eyebrows": 4.734083995572291e-05, "Chubby": 0.10615275055170059, "Double_Chin": 0.0270832572132349, "Eyeglasses": 0.0030505326576530933, "Goatee": 0.0010101867374032736, "Gray_Hair": 0.0949336588382721, "Heavy_Makeup": 0.00028365798061713576, "High_Cheekbones": 0.013735128566622734, "Male": 0.9989190101623535, "Mouth_Slightly_Open": 0.21488703787326813, "Mustache": 0.001354206120595336, "Narrow_Eyes": 0.003415491431951523, "No_Beard": 0.9897491335868835, "Oval_Face": 0.21756111085414886, "Pale_Skin": 0.0615803562104702, "Pointy_Nose": 0.018220681697130203, "Receding_Hairline": 0.07622187584638596, "Rosy_Cheeks": 0.00019291053467895836, "Sideburns": 0.0004879145708400756, "Smiling": 0.0013503978261724114, "Straight_Hair": 0.45374563336372375, "Wavy_Hair": 0.013174467720091343, "Wearing_Earrings": 0.0008061347180046141, "Wearing_Hat": 0.0002157816634280607, "Wearing_Lipstick": 0.000389194960007444, "Wearing_Necklace": 0.00043670678860507905, "Wearing_Necktie": 0.34665146470069885, "Young": 0.22240500152111053, "df_race": "white", "df_race_prob": 40.79112057632926, "df_gender": "Man", "df_gender_prob": 99.91438388824463, "df_age": 31, "df_emotion": "neutral", "df_emotion_prob": 87.30657025018753}