{"name": "Louisa_Baileche_0001.jpg", "5_o_Clock_Shadow": 0.0010104374960064888, "Arched_Eyebrows": 0.11414778977632523, "Attractive": 0.5680648684501648, "Bags_Under_Eyes": 0.3512628972530365, "Bald": 9.097495785681531e-05, "Bangs": 0.0010225086007267237, "Big_Lips": 0.05866706743836403, "Big_Nose": 0.028309443965554237, "Black_Hair": 0.003745313733816147, "Blond_Hair": 0.04737003520131111, "Blurry": 0.22658683359622955, "Brown_Hair": 0.19147661328315735, "Bushy_Eyebrows": 0.034112442284822464, "Chubby": 0.0009351305780000985, "Double_Chin": 0.0008050480391830206, "Eyeglasses": 0.0003404577437322587, "Goatee": 0.0002488844038452953, "Gray_Hair": 0.002357852878049016, "Heavy_Makeup": 0.013204126618802547, "High_Cheekbones": 0.6532145738601685, "Male": 0.002056295983493328, "Mouth_Slightly_Open": 0.0043302844278514385, "Mustache": 0.0001779337035259232, "Narrow_Eyes": 0.05751713365316391, "No_Beard": 0.9983155727386475, "Oval_Face": 0.4438032805919647, "Pale_Skin": 0.025965165346860886, "Pointy_Nose": 0.09790895879268646, "Receding_Hairline": 0.00909173209220171, "Rosy_Cheeks": 0.0001518163044238463, "Sideburns": 0.0002754513407126069, "Smiling": 0.9150633215904236, "Straight_Hair": 0.026868926361203194, "Wavy_Hair": 0.4669018089771271, "Wearing_Earrings": 0.004793085157871246, "Wearing_Hat": 0.0007472495781257749, "Wearing_Lipstick": 0.07176461070775986, "Wearing_Necklace": 0.025613319128751755, "Wearing_Necktie": 0.0002491070772521198, "Young": 0.9184163212776184, "df_race": "white", "df_race_prob": 87.06517815589905, "df_gender": "Woman", "df_gender_prob": 99.99533891677856, "df_age": 32, "df_emotion": "happy", "df_emotion_prob": 99.25034055109732}