{"name": "Lucio_Gutierrez_0010.jpg", "5_o_Clock_Shadow": 0.022078391164541245, "Arched_Eyebrows": 0.004390960559248924, "Attractive": 0.01073688454926014, "Bags_Under_Eyes": 0.3164307773113251, "Bald": 0.002220983849838376, "Bangs": 0.00036697782343253493, "Big_Lips": 0.01031186617910862, "Big_Nose": 0.5893826484680176, "Black_Hair": 0.044686365872621536, "Blond_Hair": 0.002757052192464471, "Blurry": 0.337993323802948, "Brown_Hair": 0.023208143189549446, "Bushy_Eyebrows": 0.06768828630447388, "Chubby": 0.2541120946407318, "Double_Chin": 0.16785350441932678, "Eyeglasses": 0.0014626954216510057, "Goatee": 0.0008184450562112033, "Gray_Hair": 0.05449818819761276, "Heavy_Makeup": 0.0002157837152481079, "High_Cheekbones": 0.221152201294899, "Male": 0.9981106519699097, "Mouth_Slightly_Open": 0.014670386910438538, "Mustache": 0.0024015503004193306, "Narrow_Eyes": 0.3156704902648926, "No_Beard": 0.9778802394866943, "Oval_Face": 0.25066593289375305, "Pale_Skin": 0.00788831152021885, "Pointy_Nose": 0.009447809308767319, "Receding_Hairline": 0.012017169035971165, "Rosy_Cheeks": 5.313508881954476e-05, "Sideburns": 0.001377047854475677, "Smiling": 0.14346961677074432, "Straight_Hair": 0.6473408341407776, "Wavy_Hair": 0.004885591100901365, "Wearing_Earrings": 0.00058005191385746, "Wearing_Hat": 0.00040923201595433056, "Wearing_Lipstick": 0.00013637894880957901, "Wearing_Necklace": 0.0002732051652856171, "Wearing_Necktie": 0.6707853674888611, "Young": 0.07423795759677887, "df_race": "latino hispanic", "df_race_prob": 53.2963279838953, "df_gender": "Man", "df_gender_prob": 99.97408986091614, "df_age": 41, "df_emotion": "neutral", "df_emotion_prob": 41.922326913157335}