{"name": "Lucio_Gutierrez_0005.jpg", "5_o_Clock_Shadow": 0.01177982334047556, "Arched_Eyebrows": 0.011365549638867378, "Attractive": 0.01908152364194393, "Bags_Under_Eyes": 0.12600664794445038, "Bald": 0.0021007873583585024, "Bangs": 9.634833259042352e-05, "Big_Lips": 0.009170904755592346, "Big_Nose": 0.3809986114501953, "Black_Hair": 0.30834832787513733, "Blond_Hair": 0.0007152951438911259, "Blurry": 0.3271067440509796, "Brown_Hair": 0.0047347149811685085, "Bushy_Eyebrows": 0.020575396716594696, "Chubby": 0.055993031710386276, "Double_Chin": 0.05339859426021576, "Eyeglasses": 0.002147067803889513, "Goatee": 0.0006704802508465946, "Gray_Hair": 0.021944386884570122, "Heavy_Makeup": 0.00012093390978407115, "High_Cheekbones": 0.22370420396327972, "Male": 0.999255359172821, "Mouth_Slightly_Open": 0.8409291505813599, "Mustache": 0.001213126233778894, "Narrow_Eyes": 0.019766848534345627, "No_Beard": 0.9873930811882019, "Oval_Face": 0.33502447605133057, "Pale_Skin": 0.0038022014778107405, "Pointy_Nose": 0.015208705328404903, "Receding_Hairline": 0.09185665845870972, "Rosy_Cheeks": 7.584578997921199e-05, "Sideburns": 0.0005266309017315507, "Smiling": 0.6101018190383911, "Straight_Hair": 0.723988950252533, "Wavy_Hair": 0.0017677095020189881, "Wearing_Earrings": 0.0006099027814343572, "Wearing_Hat": 0.0004595813516061753, "Wearing_Lipstick": 0.0001981883542612195, "Wearing_Necklace": 0.0002451917389407754, "Wearing_Necktie": 0.728435218334198, "Young": 0.10638473927974701, "df_race": "latino hispanic", "df_race_prob": 45.73298692703247, "df_gender": "Man", "df_gender_prob": 99.9891996383667, "df_age": 36, "df_emotion": "happy", "df_emotion_prob": 97.1162734697028}