{"name": "Luis_Horna_0001.jpg", "5_o_Clock_Shadow": 0.11459526419639587, "Arched_Eyebrows": 0.00048803386744111776, "Attractive": 0.028331022709608078, "Bags_Under_Eyes": 0.02387186326086521, "Bald": 0.0012229804415255785, "Bangs": 0.0007007088279351592, "Big_Lips": 0.0012689637951552868, "Big_Nose": 0.031826745718717575, "Black_Hair": 0.0019641921389847994, "Blond_Hair": 0.032552286982536316, "Blurry": 0.10652442276477814, "Brown_Hair": 0.07412226498126984, "Bushy_Eyebrows": 0.001664734911173582, "Chubby": 0.0016938966000452638, "Double_Chin": 0.000451125466497615, "Eyeglasses": 0.0012297647772356868, "Goatee": 0.0010732612572610378, "Gray_Hair": 0.010400708764791489, "Heavy_Makeup": 0.0002841102541424334, "High_Cheekbones": 0.00773748941719532, "Male": 0.9973983764648438, "Mouth_Slightly_Open": 0.0045157973654568195, "Mustache": 0.0007356874994002283, "Narrow_Eyes": 0.011815986596047878, "No_Beard": 0.9470826983451843, "Oval_Face": 0.15291228890419006, "Pale_Skin": 0.0024380937684327364, "Pointy_Nose": 0.0617239885032177, "Receding_Hairline": 0.06050350144505501, "Rosy_Cheeks": 6.56185147818178e-05, "Sideburns": 0.0034942198544740677, "Smiling": 0.00048044859431684017, "Straight_Hair": 0.1852593570947647, "Wavy_Hair": 0.01074278075248003, "Wearing_Earrings": 0.0007989461300894618, "Wearing_Hat": 0.00022094040468800813, "Wearing_Lipstick": 0.00014471326721832156, "Wearing_Necklace": 0.0008181632147170603, "Wearing_Necktie": 0.0018209968693554401, "Young": 0.8216936588287354, "df_race": "middle eastern", "df_race_prob": 49.14182722568512, "df_gender": "Man", "df_gender_prob": 99.99817609786987, "df_age": 45, "df_emotion": "sad", "df_emotion_prob": 97.0809577155684}