{"name": "Luis_Ernesto_Derbez_Bautista_0002.jpg", "5_o_Clock_Shadow": 0.003619265276938677, "Arched_Eyebrows": 0.0017720845062285662, "Attractive": 0.007154759950935841, "Bags_Under_Eyes": 0.10914824157953262, "Bald": 0.0022014062851667404, "Bangs": 0.000276359380222857, "Big_Lips": 0.020699046552181244, "Big_Nose": 0.06976893544197083, "Black_Hair": 0.0022745393216609955, "Blond_Hair": 0.010136879049241543, "Blurry": 0.27983522415161133, "Brown_Hair": 0.010739478282630444, "Bushy_Eyebrows": 0.006272541359066963, "Chubby": 0.048211101442575455, "Double_Chin": 0.08214110136032104, "Eyeglasses": 0.1926015466451645, "Goatee": 0.0002043176646111533, "Gray_Hair": 0.5240185856819153, "Heavy_Makeup": 0.0002855979837477207, "High_Cheekbones": 0.01823478750884533, "Male": 0.9981268048286438, "Mouth_Slightly_Open": 0.613381028175354, "Mustache": 0.0007061030482873321, "Narrow_Eyes": 0.06023422256112099, "No_Beard": 0.9963625073432922, "Oval_Face": 0.17806915938854218, "Pale_Skin": 0.04452977702021599, "Pointy_Nose": 0.03147934004664421, "Receding_Hairline": 0.08459892868995667, "Rosy_Cheeks": 6.841262802481651e-05, "Sideburns": 0.000262047367868945, "Smiling": 0.03302543982863426, "Straight_Hair": 0.5605074167251587, "Wavy_Hair": 0.004922227934002876, "Wearing_Earrings": 0.0003408752381801605, "Wearing_Hat": 0.0002483792486600578, "Wearing_Lipstick": 0.0005076578818261623, "Wearing_Necklace": 0.00045368363498710096, "Wearing_Necktie": 0.6103091835975647, "Young": 0.011907922104001045, "df_race": "latino hispanic", "df_race_prob": 35.343483090400696, "df_gender": "Man", "df_gender_prob": 99.99181032180786, "df_age": 39, "df_emotion": "neutral", "df_emotion_prob": 36.63610517978668}