{"name": "Luis_Berrondo_0001.jpg", "5_o_Clock_Shadow": 0.009768933057785034, "Arched_Eyebrows": 0.0011258631711825728, "Attractive": 0.04765237122774124, "Bags_Under_Eyes": 0.031650006771087646, "Bald": 0.488299697637558, "Bangs": 0.0007613493944518268, "Big_Lips": 0.010007967241108418, "Big_Nose": 0.05038411542773247, "Black_Hair": 0.0023642831947654486, "Blond_Hair": 0.004035749938338995, "Blurry": 0.1021399050951004, "Brown_Hair": 0.0031689044553786516, "Bushy_Eyebrows": 0.002818829147145152, "Chubby": 0.012387074530124664, "Double_Chin": 0.005808576010167599, "Eyeglasses": 0.001981870736926794, "Goatee": 0.0011423929827287793, "Gray_Hair": 0.11717808991670609, "Heavy_Makeup": 0.0007240887498483062, "High_Cheekbones": 0.007282800506800413, "Male": 0.9981163740158081, "Mouth_Slightly_Open": 0.005504040978848934, "Mustache": 0.0007524577667936683, "Narrow_Eyes": 0.022782739251852036, "No_Beard": 0.9947881698608398, "Oval_Face": 0.17178325355052948, "Pale_Skin": 0.030360201373696327, "Pointy_Nose": 0.33031582832336426, "Receding_Hairline": 0.0854196846485138, "Rosy_Cheeks": 0.0001515078474767506, "Sideburns": 0.0008211209205910563, "Smiling": 0.00087973871268332, "Straight_Hair": 0.010705417022109032, "Wavy_Hair": 0.003613167442381382, "Wearing_Earrings": 0.0007182778790593147, "Wearing_Hat": 0.0028330576606094837, "Wearing_Lipstick": 0.0008661905885674059, "Wearing_Necklace": 0.00046215576003305614, "Wearing_Necktie": 0.4277253746986389, "Young": 0.08068297803401947, "df_race": "white", "df_race_prob": 49.51429069042206, "df_gender": "Man", "df_gender_prob": 99.76907968521118, "df_age": 43, "df_emotion": "angry", "df_emotion_prob": 65.022212266922}