{"name": "Luiz_Inacio_Lula_da_Silva_0012.jpg", "5_o_Clock_Shadow": 0.01703590154647827, "Arched_Eyebrows": 0.002038504695519805, "Attractive": 0.002395870164036751, "Bags_Under_Eyes": 0.4502609372138977, "Bald": 0.001840299810282886, "Bangs": 0.0007652561762370169, "Big_Lips": 0.005705344956368208, "Big_Nose": 0.2787809371948242, "Black_Hair": 0.0010170944733545184, "Blond_Hair": 0.004314687568694353, "Blurry": 0.11448918282985687, "Brown_Hair": 0.008094032295048237, "Bushy_Eyebrows": 0.003850579494610429, "Chubby": 0.2540501356124878, "Double_Chin": 0.04479911923408508, "Eyeglasses": 0.006583796814084053, "Goatee": 0.11481664329767227, "Gray_Hair": 0.8726873993873596, "Heavy_Makeup": 0.00017835597100201994, "High_Cheekbones": 0.14896194636821747, "Male": 0.999071478843689, "Mouth_Slightly_Open": 0.264402836561203, "Mustache": 0.011325852014124393, "Narrow_Eyes": 0.1356751173734665, "No_Beard": 0.21709686517715454, "Oval_Face": 0.2862454354763031, "Pale_Skin": 0.006753134075552225, "Pointy_Nose": 0.00987862329930067, "Receding_Hairline": 0.029826411977410316, "Rosy_Cheeks": 0.00020564904843922704, "Sideburns": 0.5730162858963013, "Smiling": 0.050616245716810226, "Straight_Hair": 0.1690794825553894, "Wavy_Hair": 0.05667094141244888, "Wearing_Earrings": 0.00048279654583893716, "Wearing_Hat": 0.0004485686949919909, "Wearing_Lipstick": 5.7033794291783124e-05, "Wearing_Necklace": 0.0002882725966628641, "Wearing_Necktie": 0.2705661356449127, "Young": 0.007243467960506678, "df_race": "white", "df_race_prob": 36.931586265563965, "df_gender": "Man", "df_gender_prob": 99.96893405914307, "df_age": 41, "df_emotion": "neutral", "df_emotion_prob": 99.56817028332772}