{"name": "Luiz_Inacio_Lula_da_Silva_0009.jpg", "5_o_Clock_Shadow": 0.008474173955619335, "Arched_Eyebrows": 0.007183170411735773, "Attractive": 0.007520646788179874, "Bags_Under_Eyes": 0.2949429750442505, "Bald": 0.001956452615559101, "Bangs": 0.0010735589312389493, "Big_Lips": 0.004380959551781416, "Big_Nose": 0.3320099413394928, "Black_Hair": 0.0009601640049368143, "Blond_Hair": 0.010112582705914974, "Blurry": 0.17040729522705078, "Brown_Hair": 0.01983363926410675, "Bushy_Eyebrows": 0.0301133394241333, "Chubby": 0.6199308037757874, "Double_Chin": 0.12704548239707947, "Eyeglasses": 0.0018064917530864477, "Goatee": 0.26147693395614624, "Gray_Hair": 0.7584836483001709, "Heavy_Makeup": 0.0005176401464268565, "High_Cheekbones": 0.2641884386539459, "Male": 0.997763991355896, "Mouth_Slightly_Open": 0.0848916545510292, "Mustache": 0.0273908544331789, "Narrow_Eyes": 0.1690365970134735, "No_Beard": 0.11278993636369705, "Oval_Face": 0.3928941786289215, "Pale_Skin": 0.01285498309880495, "Pointy_Nose": 0.013963021337985992, "Receding_Hairline": 0.021133165806531906, "Rosy_Cheeks": 0.0003453388053458184, "Sideburns": 0.3794572949409485, "Smiling": 0.4835135340690613, "Straight_Hair": 0.2143162190914154, "Wavy_Hair": 0.042990971356630325, "Wearing_Earrings": 0.0006649636197835207, "Wearing_Hat": 0.00038574737845920026, "Wearing_Lipstick": 8.292520215036348e-05, "Wearing_Necklace": 0.0006936031277291477, "Wearing_Necktie": 0.012287392280995846, "Young": 0.01257258839905262, "df_race": "middle eastern", "df_race_prob": 39.54417109489441, "df_gender": "Man", "df_gender_prob": 99.74863529205322, "df_age": 48, "df_emotion": "happy", "df_emotion_prob": 43.98507475852966}