{"name": "Luiz_Inacio_Lula_da_Silva_0038.jpg", "5_o_Clock_Shadow": 0.007896375842392445, "Arched_Eyebrows": 0.0023861343506723642, "Attractive": 0.004912185948342085, "Bags_Under_Eyes": 0.6724672913551331, "Bald": 0.0013361634919419885, "Bangs": 0.0037141863722354174, "Big_Lips": 0.01768728531897068, "Big_Nose": 0.5158458352088928, "Black_Hair": 0.0005019301315769553, "Blond_Hair": 0.012118999846279621, "Blurry": 0.09721595048904419, "Brown_Hair": 0.010726182721555233, "Bushy_Eyebrows": 0.0021715175826102495, "Chubby": 0.2907108962535858, "Double_Chin": 0.07158301770687103, "Eyeglasses": 0.0030407102312892675, "Goatee": 0.20124799013137817, "Gray_Hair": 0.8847538828849792, "Heavy_Makeup": 0.00017300815670751035, "High_Cheekbones": 0.31609463691711426, "Male": 0.9989452958106995, "Mouth_Slightly_Open": 0.05117301270365715, "Mustache": 0.09715760499238968, "Narrow_Eyes": 0.01425175741314888, "No_Beard": 0.0861392617225647, "Oval_Face": 0.31249502301216125, "Pale_Skin": 0.003077487228438258, "Pointy_Nose": 0.02608882635831833, "Receding_Hairline": 0.005625395104289055, "Rosy_Cheeks": 0.0004861237539444119, "Sideburns": 0.4723494052886963, "Smiling": 0.19416379928588867, "Straight_Hair": 0.08749900013208389, "Wavy_Hair": 0.16836751997470856, "Wearing_Earrings": 0.0005415042396634817, "Wearing_Hat": 0.0003935200220439583, "Wearing_Lipstick": 0.00011304180225124583, "Wearing_Necklace": 0.0004990084562450647, "Wearing_Necktie": 0.4964900314807892, "Young": 0.007963132113218307, "df_race": "white", "df_race_prob": 44.74905399972522, "df_gender": "Man", "df_gender_prob": 88.8197124004364, "df_age": 25, "df_emotion": "sad", "df_emotion_prob": 80.86915498192042}