{"name": "Lynne_Cheney_0001.jpg", "5_o_Clock_Shadow": 0.0008887723088264465, "Arched_Eyebrows": 0.2818104922771454, "Attractive": 0.1129615530371666, "Bags_Under_Eyes": 0.08442053943872452, "Bald": 0.00042047377792187035, "Bangs": 0.10232400894165039, "Big_Lips": 0.08246011286973953, "Big_Nose": 0.012810807675123215, "Black_Hair": 0.0008190976805053651, "Blond_Hair": 0.8040162920951843, "Blurry": 0.6604174375534058, "Brown_Hair": 0.008938592858612537, "Bushy_Eyebrows": 0.000556831422727555, "Chubby": 0.0032773020211607218, "Double_Chin": 0.0038532486651092768, "Eyeglasses": 0.0013221740955486894, "Goatee": 0.0004987518768757582, "Gray_Hair": 0.03438987582921982, "Heavy_Makeup": 0.022465895861387253, "High_Cheekbones": 0.8306836485862732, "Male": 0.004403548315167427, "Mouth_Slightly_Open": 0.9926008582115173, "Mustache": 0.0004262974252924323, "Narrow_Eyes": 0.6019241213798523, "No_Beard": 0.9951444268226624, "Oval_Face": 0.20265236496925354, "Pale_Skin": 0.04695617035031319, "Pointy_Nose": 0.15766887366771698, "Receding_Hairline": 0.01045013964176178, "Rosy_Cheeks": 0.0005714077851735055, "Sideburns": 0.0006019877037033439, "Smiling": 0.994669497013092, "Straight_Hair": 0.004615090787410736, "Wavy_Hair": 0.7118149399757385, "Wearing_Earrings": 0.710321307182312, "Wearing_Hat": 0.0006100659375078976, "Wearing_Lipstick": 0.1730753779411316, "Wearing_Necklace": 0.08854113519191742, "Wearing_Necktie": 0.0007971065933816135, "Young": 0.08226238936185837, "df_race": "white", "df_race_prob": 96.08838534881981, "df_gender": "Woman", "df_gender_prob": 99.99984502792358, "df_age": 41, "df_emotion": "happy", "df_emotion_prob": 99.97079968800548}