{"name": "Mahathir_Mohamad_0006.jpg", "5_o_Clock_Shadow": 0.003941718488931656, "Arched_Eyebrows": 0.006191657856106758, "Attractive": 0.0005757001927122474, "Bags_Under_Eyes": 0.22522278130054474, "Bald": 0.0016144918045029044, "Bangs": 0.0005670796963386238, "Big_Lips": 0.009492198005318642, "Big_Nose": 0.44249042868614197, "Black_Hair": 0.02084270492196083, "Blond_Hair": 0.0013988488353788853, "Blurry": 0.03654658421874046, "Brown_Hair": 0.002064987551420927, "Bushy_Eyebrows": 0.0012673222227022052, "Chubby": 0.15041643381118774, "Double_Chin": 0.0550558865070343, "Eyeglasses": 0.9683513641357422, "Goatee": 0.0007421018090099096, "Gray_Hair": 0.7423793077468872, "Heavy_Makeup": 0.00010129932343261316, "High_Cheekbones": 0.07404405623674393, "Male": 0.9968205690383911, "Mouth_Slightly_Open": 0.6458667516708374, "Mustache": 0.003105299547314644, "Narrow_Eyes": 0.001337535330094397, "No_Beard": 0.9877474308013916, "Oval_Face": 0.1046140268445015, "Pale_Skin": 0.0019170858431607485, "Pointy_Nose": 0.005222324747592211, "Receding_Hairline": 0.16200704872608185, "Rosy_Cheeks": 9.185275848722085e-05, "Sideburns": 0.0005278958706185222, "Smiling": 0.005588141735643148, "Straight_Hair": 0.6461126804351807, "Wavy_Hair": 0.001949598896317184, "Wearing_Earrings": 0.0009093530825339258, "Wearing_Hat": 0.00041619938565418124, "Wearing_Lipstick": 0.00027762434910982847, "Wearing_Necklace": 0.0017112047644332051, "Wearing_Necktie": 0.012057987041771412, "Young": 0.00942145474255085, "df_race": "asian", "df_race_prob": 72.62521982192993, "df_gender": "Man", "df_gender_prob": 99.95579123497009, "df_age": 48, "df_emotion": "neutral", "df_emotion_prob": 66.83755915388818}