{"name": "Mahmoud_Abbas_0008.jpg", "5_o_Clock_Shadow": 0.02215707115828991, "Arched_Eyebrows": 0.0012987896334379911, "Attractive": 0.004453293979167938, "Bags_Under_Eyes": 0.1420351266860962, "Bald": 0.0032468263525515795, "Bangs": 0.0008783110533840954, "Big_Lips": 0.0012713446049019694, "Big_Nose": 0.7964664101600647, "Black_Hair": 0.011950029991567135, "Blond_Hair": 0.0033788259606808424, "Blurry": 0.20695017278194427, "Brown_Hair": 0.0017577334074303508, "Bushy_Eyebrows": 0.008077186532318592, "Chubby": 0.310949444770813, "Double_Chin": 0.32670828700065613, "Eyeglasses": 0.9618133306503296, "Goatee": 0.0026689351070672274, "Gray_Hair": 0.9668939113616943, "Heavy_Makeup": 0.00024069059872999787, "High_Cheekbones": 0.2891768217086792, "Male": 0.9984216690063477, "Mouth_Slightly_Open": 0.004666934255510569, "Mustache": 0.06990230083465576, "Narrow_Eyes": 0.05108359083533287, "No_Beard": 0.7982093691825867, "Oval_Face": 0.12305539101362228, "Pale_Skin": 0.019841190427541733, "Pointy_Nose": 0.009090039879083633, "Receding_Hairline": 0.030377520248293877, "Rosy_Cheeks": 0.00019360672740731388, "Sideburns": 0.0034884766209870577, "Smiling": 0.20841270685195923, "Straight_Hair": 0.4690306782722473, "Wavy_Hair": 0.016776498407125473, "Wearing_Earrings": 0.00075401650974527, "Wearing_Hat": 0.0009851575596258044, "Wearing_Lipstick": 7.652506610611454e-05, "Wearing_Necklace": 0.0005840517114847898, "Wearing_Necktie": 0.6349989771842957, "Young": 0.005193226970732212, "df_race": "middle eastern", "df_race_prob": 43.10542941093445, "df_gender": "Man", "df_gender_prob": 99.97368454933167, "df_age": 35, "df_emotion": "angry", "df_emotion_prob": 45.896053314208984}