{"name": "Mahmoud_Abbas_0004.jpg", "5_o_Clock_Shadow": 0.008362633176147938, "Arched_Eyebrows": 0.002082474296912551, "Attractive": 0.0023805380333215, "Bags_Under_Eyes": 0.2541932165622711, "Bald": 0.00521936547011137, "Bangs": 0.0013196127256378531, "Big_Lips": 0.0026245061308145523, "Big_Nose": 0.8418994545936584, "Black_Hair": 0.009148898534476757, "Blond_Hair": 0.0013725509634241462, "Blurry": 0.07527598738670349, "Brown_Hair": 0.0007771030650474131, "Bushy_Eyebrows": 0.012475579977035522, "Chubby": 0.3828108608722687, "Double_Chin": 0.5574630498886108, "Eyeglasses": 0.9864971041679382, "Goatee": 0.001626059878617525, "Gray_Hair": 0.9768672585487366, "Heavy_Makeup": 0.00020424909598659724, "High_Cheekbones": 0.6124330163002014, "Male": 0.9987032413482666, "Mouth_Slightly_Open": 0.00805289763957262, "Mustache": 0.10431571304798126, "Narrow_Eyes": 0.00942878145724535, "No_Beard": 0.8552204966545105, "Oval_Face": 0.10023881494998932, "Pale_Skin": 0.00818343460559845, "Pointy_Nose": 0.03137372061610222, "Receding_Hairline": 0.035325612872838974, "Rosy_Cheeks": 0.0010587092256173491, "Sideburns": 0.001580167911015451, "Smiling": 0.7261418700218201, "Straight_Hair": 0.4755699038505554, "Wavy_Hair": 0.007289177272468805, "Wearing_Earrings": 0.00047112858737818897, "Wearing_Hat": 0.0008426418644376099, "Wearing_Lipstick": 0.00018525841005612165, "Wearing_Necklace": 0.0006646047113463283, "Wearing_Necktie": 0.6542330980300903, "Young": 0.0028372001834213734, "df_race": "middle eastern", "df_race_prob": 64.34513755498676, "df_gender": "Man", "df_gender_prob": 99.99172687530518, "df_age": 36, "df_emotion": "neutral", "df_emotion_prob": 35.62985871016137}