{"name": "Malcolm_Glazer_0001.jpg", "5_o_Clock_Shadow": 0.0432557575404644, "Arched_Eyebrows": 0.0006814288790337741, "Attractive": 0.003068917663767934, "Bags_Under_Eyes": 0.16759003698825836, "Bald": 0.7392072081565857, "Bangs": 0.0014052464393898845, "Big_Lips": 0.023494329303503036, "Big_Nose": 0.26286742091178894, "Black_Hair": 0.004900180734694004, "Blond_Hair": 0.019261371344327927, "Blurry": 0.29835233092308044, "Brown_Hair": 0.011581182479858398, "Bushy_Eyebrows": 0.0002934754884336144, "Chubby": 0.8675113320350647, "Double_Chin": 0.6126009821891785, "Eyeglasses": 0.9870049357414246, "Goatee": 0.025985561311244965, "Gray_Hair": 0.12899072468280792, "Heavy_Makeup": 0.0004897931939922273, "High_Cheekbones": 0.7539080381393433, "Male": 0.9963433146476746, "Mouth_Slightly_Open": 0.9724693298339844, "Mustache": 0.004022298380732536, "Narrow_Eyes": 0.4066998362541199, "No_Beard": 0.7035191059112549, "Oval_Face": 0.45610854029655457, "Pale_Skin": 0.021324921399354935, "Pointy_Nose": 0.06053067371249199, "Receding_Hairline": 0.5775831937789917, "Rosy_Cheeks": 0.0005109483026899397, "Sideburns": 0.09920930862426758, "Smiling": 0.996878981590271, "Straight_Hair": 0.15513145923614502, "Wavy_Hair": 0.0024594012647867203, "Wearing_Earrings": 0.0009357771486975253, "Wearing_Hat": 0.0014539415715262294, "Wearing_Lipstick": 0.0005841232487000525, "Wearing_Necklace": 0.0011386247351765633, "Wearing_Necktie": 0.12425696849822998, "Young": 0.01119835115969181, "df_race": "middle eastern", "df_race_prob": 33.5057039850111, "df_gender": "Man", "df_gender_prob": 99.68005418777466, "df_age": 40, "df_emotion": "happy", "df_emotion_prob": 99.9921083459725}