{"name": "Marcus_Allen_0001.jpg", "5_o_Clock_Shadow": 0.02227836288511753, "Arched_Eyebrows": 0.001524173654615879, "Attractive": 0.005805847700685263, "Bags_Under_Eyes": 0.29831740260124207, "Bald": 0.004205537494271994, "Bangs": 0.00015379025717265904, "Big_Lips": 0.12737417221069336, "Big_Nose": 0.8650258183479309, "Black_Hair": 0.10800715535879135, "Blond_Hair": 0.001858643488958478, "Blurry": 0.14029288291931152, "Brown_Hair": 0.002626539906486869, "Bushy_Eyebrows": 0.02038734033703804, "Chubby": 0.5076606869697571, "Double_Chin": 0.17988598346710205, "Eyeglasses": 0.0018921836744993925, "Goatee": 0.0008292544516734779, "Gray_Hair": 0.007819917052984238, "Heavy_Makeup": 6.879691500216722e-05, "High_Cheekbones": 0.22370609641075134, "Male": 0.9993501305580139, "Mouth_Slightly_Open": 0.031714655458927155, "Mustache": 0.00438316073268652, "Narrow_Eyes": 0.11930310726165771, "No_Beard": 0.9782243967056274, "Oval_Face": 0.31101393699645996, "Pale_Skin": 0.01237484160810709, "Pointy_Nose": 0.0035133156925439835, "Receding_Hairline": 0.20298214256763458, "Rosy_Cheeks": 5.769345079897903e-05, "Sideburns": 0.0009173881262540817, "Smiling": 0.02119552716612816, "Straight_Hair": 0.07552070915699005, "Wavy_Hair": 0.0012708330759778619, "Wearing_Earrings": 0.0015912402886897326, "Wearing_Hat": 0.00033784040715545416, "Wearing_Lipstick": 0.00015004370652604848, "Wearing_Necklace": 0.000466158555354923, "Wearing_Necktie": 0.4626339375972748, "Young": 0.2543560564517975, "df_race": "indian", "df_race_prob": 36.679460206096145, "df_gender": "Man", "df_gender_prob": 99.93984699249268, "df_age": 42, "df_emotion": "neutral", "df_emotion_prob": 36.15178465843201}