{"name": "Marco_Antonio_Barrera_0006.jpg", "5_o_Clock_Shadow": 0.19825230538845062, "Arched_Eyebrows": 0.0032977263908833265, "Attractive": 0.09374511241912842, "Bags_Under_Eyes": 0.14178045094013214, "Bald": 0.0007120014051906765, "Bangs": 0.00035302137257531285, "Big_Lips": 0.040200889110565186, "Big_Nose": 0.4547601640224457, "Black_Hair": 0.13340766727924347, "Blond_Hair": 0.0006380009581334889, "Blurry": 0.16108399629592896, "Brown_Hair": 0.030722014605998993, "Bushy_Eyebrows": 0.028879716992378235, "Chubby": 0.008637757040560246, "Double_Chin": 0.009445132687687874, "Eyeglasses": 0.0006616261671297252, "Goatee": 0.0014375437749549747, "Gray_Hair": 0.0013600573875010014, "Heavy_Makeup": 0.00011514408834045753, "High_Cheekbones": 0.560127317905426, "Male": 0.9993557333946228, "Mouth_Slightly_Open": 0.9981695413589478, "Mustache": 0.0015834153164178133, "Narrow_Eyes": 0.02433183789253235, "No_Beard": 0.9199275970458984, "Oval_Face": 0.13308461010456085, "Pale_Skin": 0.004014237783849239, "Pointy_Nose": 0.006384462583810091, "Receding_Hairline": 0.005014867056161165, "Rosy_Cheeks": 5.341955693438649e-05, "Sideburns": 0.0012019166024401784, "Smiling": 0.9939263463020325, "Straight_Hair": 0.601650059223175, "Wavy_Hair": 0.0011321197962388396, "Wearing_Earrings": 0.0010912456782534719, "Wearing_Hat": 0.002182846190407872, "Wearing_Lipstick": 0.00020443322136998177, "Wearing_Necklace": 0.00047327924403361976, "Wearing_Necktie": 0.004377522971481085, "Young": 0.7021619081497192, "df_race": "white", "df_race_prob": 48.666486303033075, "df_gender": "Man", "df_gender_prob": 99.99982118606567, "df_age": 25, "df_emotion": "happy", "df_emotion_prob": 94.70824567724739}