{"name": "Marcio_de_Souza_0001.jpg", "5_o_Clock_Shadow": 0.023976938799023628, "Arched_Eyebrows": 0.021401135250926018, "Attractive": 0.03522200137376785, "Bags_Under_Eyes": 0.32841044664382935, "Bald": 0.06959673017263412, "Bangs": 0.00018342304974794388, "Big_Lips": 0.10690576583147049, "Big_Nose": 0.29650306701660156, "Black_Hair": 0.033261626958847046, "Blond_Hair": 0.006486775819212198, "Blurry": 0.11269547790288925, "Brown_Hair": 0.002286128932610154, "Bushy_Eyebrows": 0.01903856173157692, "Chubby": 0.01577356457710266, "Double_Chin": 0.005805484484881163, "Eyeglasses": 0.0002446028811391443, "Goatee": 0.012404552660882473, "Gray_Hair": 0.006466170307248831, "Heavy_Makeup": 0.0002451017498970032, "High_Cheekbones": 0.8837171196937561, "Male": 0.9957650899887085, "Mouth_Slightly_Open": 0.9989495873451233, "Mustache": 0.0079445606097579, "Narrow_Eyes": 0.3968530297279358, "No_Beard": 0.8257760405540466, "Oval_Face": 0.4450075626373291, "Pale_Skin": 0.0027554386761039495, "Pointy_Nose": 0.003745052497833967, "Receding_Hairline": 0.1329260915517807, "Rosy_Cheeks": 3.0318222343339585e-05, "Sideburns": 0.0027354182675480843, "Smiling": 0.9834504127502441, "Straight_Hair": 0.016923462972044945, "Wavy_Hair": 0.0016611723694950342, "Wearing_Earrings": 0.009358648210763931, "Wearing_Hat": 0.0007720742141827941, "Wearing_Lipstick": 0.00047763934708200395, "Wearing_Necklace": 0.0014818967320024967, "Wearing_Necktie": 0.0010347117204219103, "Young": 0.9260887503623962, "df_race": "black", "df_race_prob": 73.66118117108121, "df_gender": "Man", "df_gender_prob": 99.97307658195496, "df_age": 27, "df_emotion": "happy", "df_emotion_prob": 99.8854398727417}