{"name": "Marcus_Gronholm_0001.jpg", "5_o_Clock_Shadow": 0.008444424718618393, "Arched_Eyebrows": 0.0005480870022438467, "Attractive": 0.04344814643263817, "Bags_Under_Eyes": 0.004193387925624847, "Bald": 0.0008232511463575065, "Bangs": 0.20604978501796722, "Big_Lips": 0.009540414437651634, "Big_Nose": 0.00979324895888567, "Black_Hair": 0.002457834081724286, "Blond_Hair": 0.1095334142446518, "Blurry": 0.15575985610485077, "Brown_Hair": 0.04343031346797943, "Bushy_Eyebrows": 0.0004476438625715673, "Chubby": 0.005187566392123699, "Double_Chin": 0.002992429072037339, "Eyeglasses": 0.0017878097714856267, "Goatee": 0.0005989347700960934, "Gray_Hair": 0.02882872335612774, "Heavy_Makeup": 0.0023077258374542, "High_Cheekbones": 0.01439663302153349, "Male": 0.9906445741653442, "Mouth_Slightly_Open": 0.005279339849948883, "Mustache": 0.0004333901160862297, "Narrow_Eyes": 0.008685714565217495, "No_Beard": 0.9916983842849731, "Oval_Face": 0.20456562936306, "Pale_Skin": 0.04851371794939041, "Pointy_Nose": 0.028952689841389656, "Receding_Hairline": 0.0009028258500620723, "Rosy_Cheeks": 0.00028545016539283097, "Sideburns": 0.0010273066582158208, "Smiling": 0.0055884672328829765, "Straight_Hair": 0.8278301358222961, "Wavy_Hair": 0.003352334490045905, "Wearing_Earrings": 0.0012882628943771124, "Wearing_Hat": 0.0003305983846075833, "Wearing_Lipstick": 0.001181566622108221, "Wearing_Necklace": 0.0008175981347449124, "Wearing_Necktie": 0.033953871577978134, "Young": 0.4943540692329407, "df_race": "white", "df_race_prob": 99.99912977218628, "df_gender": "Man", "df_gender_prob": 99.99539852142334, "df_age": 32, "df_emotion": "neutral", "df_emotion_prob": 58.6958562550459}