{"name": "Margaret_Okayo_0001.jpg", "5_o_Clock_Shadow": 0.007919506169855595, "Arched_Eyebrows": 0.0022625720594078302, "Attractive": 0.028093399479985237, "Bags_Under_Eyes": 0.16172915697097778, "Bald": 0.011922699399292469, "Bangs": 0.00033338743378408253, "Big_Lips": 0.42708882689476013, "Big_Nose": 0.5787931680679321, "Black_Hair": 0.039826784282922745, "Blond_Hair": 0.011895966716110706, "Blurry": 0.09193867444992065, "Brown_Hair": 0.0025401515886187553, "Bushy_Eyebrows": 0.00018021279538515955, "Chubby": 0.06999123841524124, "Double_Chin": 0.022833751514554024, "Eyeglasses": 0.001045754412189126, "Goatee": 0.003965127747505903, "Gray_Hair": 0.006310608237981796, "Heavy_Makeup": 0.0009512192336842418, "High_Cheekbones": 0.9724791646003723, "Male": 0.8833486437797546, "Mouth_Slightly_Open": 0.9984012246131897, "Mustache": 0.004190415609627962, "Narrow_Eyes": 0.01741321198642254, "No_Beard": 0.9738481044769287, "Oval_Face": 0.4191123843193054, "Pale_Skin": 0.001693586353212595, "Pointy_Nose": 0.004536631051450968, "Receding_Hairline": 0.7564683556556702, "Rosy_Cheeks": 7.456376624759287e-05, "Sideburns": 0.000515212188474834, "Smiling": 0.9952124357223511, "Straight_Hair": 0.028195897117257118, "Wavy_Hair": 0.002008965937420726, "Wearing_Earrings": 0.007929354906082153, "Wearing_Hat": 0.00025709884357638657, "Wearing_Lipstick": 0.0032161998096853495, "Wearing_Necklace": 0.0027128865476697683, "Wearing_Necktie": 0.007048904895782471, "Young": 0.644319474697113, "df_race": "black", "df_race_prob": 99.99998807907104, "df_gender": "Man", "df_gender_prob": 97.018963098526, "df_age": 32, "df_emotion": "happy", "df_emotion_prob": 99.809944618341}