{"name": "Mario_Alfaro-Lopez_0001.jpg", "5_o_Clock_Shadow": 0.0021919882856309414, "Arched_Eyebrows": 0.11173243820667267, "Attractive": 0.04856454208493233, "Bags_Under_Eyes": 0.05794477090239525, "Bald": 0.00022155343322083354, "Bangs": 0.03653744235634804, "Big_Lips": 0.11398521810770035, "Big_Nose": 0.03027610294520855, "Black_Hair": 0.0013310271315276623, "Blond_Hair": 0.013439781963825226, "Blurry": 0.6451407670974731, "Brown_Hair": 0.16622884571552277, "Bushy_Eyebrows": 0.0012641220819205046, "Chubby": 0.0067121717147529125, "Double_Chin": 0.001478512422181666, "Eyeglasses": 0.0012959284940734506, "Goatee": 0.00017185445176437497, "Gray_Hair": 0.007708292920142412, "Heavy_Makeup": 0.0020643165335059166, "High_Cheekbones": 0.03775576502084732, "Male": 0.04565783217549324, "Mouth_Slightly_Open": 0.017241589725017548, "Mustache": 0.0005231198738329113, "Narrow_Eyes": 0.146460622549057, "No_Beard": 0.997140645980835, "Oval_Face": 0.06770683825016022, "Pale_Skin": 0.021402612328529358, "Pointy_Nose": 0.10796228051185608, "Receding_Hairline": 0.004243817180395126, "Rosy_Cheeks": 0.0001284385652979836, "Sideburns": 0.0004436798335518688, "Smiling": 0.009616470895707607, "Straight_Hair": 0.00294622709043324, "Wavy_Hair": 0.6771243810653687, "Wearing_Earrings": 0.033893730491399765, "Wearing_Hat": 0.005216803401708603, "Wearing_Lipstick": 0.014513145200908184, "Wearing_Necklace": 0.2665177285671234, "Wearing_Necktie": 0.0007899748161435127, "Young": 0.19424904882907867, "df_race": "latino hispanic", "df_race_prob": 53.86660099029541, "df_gender": "Woman", "df_gender_prob": 99.81634020805359, "df_age": 30, "df_emotion": "neutral", "df_emotion_prob": 99.6418833732605}