{"name": "Marina_Anissina_0002.jpg", "5_o_Clock_Shadow": 0.000766171608120203, "Arched_Eyebrows": 0.16879107058048248, "Attractive": 0.27498146891593933, "Bags_Under_Eyes": 0.15283089876174927, "Bald": 0.001241411897353828, "Bangs": 0.0008551731007173657, "Big_Lips": 0.07117857784032822, "Big_Nose": 0.023767057806253433, "Black_Hair": 0.0006590738776139915, "Blond_Hair": 0.20747914910316467, "Blurry": 0.28841307759284973, "Brown_Hair": 0.06662427634000778, "Bushy_Eyebrows": 7.761230517644435e-05, "Chubby": 0.003992822021245956, "Double_Chin": 0.0014270017854869366, "Eyeglasses": 0.0005577386473305523, "Goatee": 0.00024855881929397583, "Gray_Hair": 0.004085286986082792, "Heavy_Makeup": 0.008600963279604912, "High_Cheekbones": 0.0982307717204094, "Male": 0.004844591021537781, "Mouth_Slightly_Open": 0.01128327939659357, "Mustache": 0.0003555419680196792, "Narrow_Eyes": 0.02803661674261093, "No_Beard": 0.9974836707115173, "Oval_Face": 0.12945061922073364, "Pale_Skin": 0.30061042308807373, "Pointy_Nose": 0.09070931375026703, "Receding_Hairline": 0.13209599256515503, "Rosy_Cheeks": 9.909734217217192e-05, "Sideburns": 0.0004693559603765607, "Smiling": 0.2109694927930832, "Straight_Hair": 0.4610426425933838, "Wavy_Hair": 0.01247069425880909, "Wearing_Earrings": 0.028995689004659653, "Wearing_Hat": 0.0005327343242242932, "Wearing_Lipstick": 0.05125243961811066, "Wearing_Necklace": 0.09961724281311035, "Wearing_Necktie": 0.0005870140739716589, "Young": 0.8606905937194824, "df_race": "white", "df_race_prob": 99.12780523300171, "df_gender": "Woman", "df_gender_prob": 99.99972581863403, "df_age": 31, "df_emotion": "fear", "df_emotion_prob": 98.05147647857666}