{"name": "Maria_Conchita_Alonso_0001.jpg", "5_o_Clock_Shadow": 0.0006116896984167397, "Arched_Eyebrows": 0.077615886926651, "Attractive": 0.22848157584667206, "Bags_Under_Eyes": 0.012068266980350018, "Bald": 0.00010157334327232093, "Bangs": 0.02598804235458374, "Big_Lips": 0.21158193051815033, "Big_Nose": 0.007236605975776911, "Black_Hair": 0.07397686690092087, "Blond_Hair": 0.009965149685740471, "Blurry": 0.43484535813331604, "Brown_Hair": 0.10375736653804779, "Bushy_Eyebrows": 0.0004229357873555273, "Chubby": 0.0052070035599172115, "Double_Chin": 0.002956510754302144, "Eyeglasses": 0.0005189203657209873, "Goatee": 0.00030746651464141905, "Gray_Hair": 0.0011893598129972816, "Heavy_Makeup": 0.11050079017877579, "High_Cheekbones": 0.8030533194541931, "Male": 0.001532330410555005, "Mouth_Slightly_Open": 0.9991924166679382, "Mustache": 0.0003195781318936497, "Narrow_Eyes": 0.697205662727356, "No_Beard": 0.9979129433631897, "Oval_Face": 0.308366984128952, "Pale_Skin": 0.03088405728340149, "Pointy_Nose": 0.23011159896850586, "Receding_Hairline": 0.001342055737040937, "Rosy_Cheeks": 0.000496544991619885, "Sideburns": 0.0003253260219935328, "Smiling": 0.9937853813171387, "Straight_Hair": 0.01160658709704876, "Wavy_Hair": 0.8096041083335876, "Wearing_Earrings": 0.026250580325722694, "Wearing_Hat": 0.0006304206908680499, "Wearing_Lipstick": 0.5650463700294495, "Wearing_Necklace": 0.05370604619383812, "Wearing_Necktie": 0.00016021319606807083, "Young": 0.4175011217594147, "df_race": "latino hispanic", "df_race_prob": 52.086472511291504, "df_gender": "Woman", "df_gender_prob": 99.07620549201965, "df_age": 47, "df_emotion": "happy", "df_emotion_prob": 99.89308714866638}