{"name": "Marian_Dolan_0001.jpg", "5_o_Clock_Shadow": 0.00854184664785862, "Arched_Eyebrows": 0.0013706112513318658, "Attractive": 0.037985801696777344, "Bags_Under_Eyes": 0.13710902631282806, "Bald": 0.0007109741563908756, "Bangs": 0.0001457425969420001, "Big_Lips": 0.013434686698019505, "Big_Nose": 0.0840064212679863, "Black_Hair": 0.0016137557104229927, "Blond_Hair": 0.09632215648889542, "Blurry": 0.3832169473171234, "Brown_Hair": 0.01824166066944599, "Bushy_Eyebrows": 0.0008893645717762411, "Chubby": 0.08968554437160492, "Double_Chin": 0.028936007991433144, "Eyeglasses": 0.0010421377373859286, "Goatee": 0.00030466701718978584, "Gray_Hair": 0.022274328395724297, "Heavy_Makeup": 0.0004356355348136276, "High_Cheekbones": 0.3558981120586395, "Male": 0.5704653859138489, "Mouth_Slightly_Open": 0.7470241189002991, "Mustache": 0.0002735499874688685, "Narrow_Eyes": 0.3919978439807892, "No_Beard": 0.985532820224762, "Oval_Face": 0.3004602789878845, "Pale_Skin": 0.022547641769051552, "Pointy_Nose": 0.025243574753403664, "Receding_Hairline": 0.11245305091142654, "Rosy_Cheeks": 0.00010766767081804574, "Sideburns": 0.0008815028704702854, "Smiling": 0.8215968608856201, "Straight_Hair": 0.04242222383618355, "Wavy_Hair": 0.02191510982811451, "Wearing_Earrings": 0.008211984299123287, "Wearing_Hat": 0.007820742204785347, "Wearing_Lipstick": 0.0003490114468149841, "Wearing_Necklace": 0.002013905206695199, "Wearing_Necktie": 0.00266302190721035, "Young": 0.5251723527908325, "df_race": "white", "df_race_prob": 46.767520904541016, "df_gender": "Man", "df_gender_prob": 98.46792817115784, "df_age": 28, "df_emotion": "sad", "df_emotion_prob": 65.34189581871033}