{"name": "Maria_Wetterstrand_0001.jpg", "5_o_Clock_Shadow": 0.0009526668000034988, "Arched_Eyebrows": 0.14184065163135529, "Attractive": 0.4540594220161438, "Bags_Under_Eyes": 0.021929938346147537, "Bald": 0.000716736598405987, "Bangs": 9.218963532475755e-05, "Big_Lips": 0.012333283200860023, "Big_Nose": 0.016907967627048492, "Black_Hair": 0.0027476900722831488, "Blond_Hair": 0.11117519438266754, "Blurry": 0.1031014546751976, "Brown_Hair": 0.044422220438718796, "Bushy_Eyebrows": 0.00023756164591759443, "Chubby": 0.0009627802646718919, "Double_Chin": 0.0009232272277586162, "Eyeglasses": 0.00032952820765785873, "Goatee": 0.0001440463965991512, "Gray_Hair": 0.004452232737094164, "Heavy_Makeup": 0.016446927562355995, "High_Cheekbones": 0.7456752061843872, "Male": 0.055133264511823654, "Mouth_Slightly_Open": 0.9859521389007568, "Mustache": 0.00012890911602880806, "Narrow_Eyes": 0.01513814926147461, "No_Beard": 0.9974237680435181, "Oval_Face": 0.6320021152496338, "Pale_Skin": 0.011138219386339188, "Pointy_Nose": 0.03837628662586212, "Receding_Hairline": 0.3976386785507202, "Rosy_Cheeks": 0.0002548333432059735, "Sideburns": 0.00013574608601629734, "Smiling": 0.9976329803466797, "Straight_Hair": 0.45030057430267334, "Wavy_Hair": 0.0032798047177493572, "Wearing_Earrings": 0.026691798120737076, "Wearing_Hat": 4.252587314113043e-05, "Wearing_Lipstick": 0.05998789891600609, "Wearing_Necklace": 0.005471204873174429, "Wearing_Necktie": 0.0004205341392662376, "Young": 0.9443832635879517, "df_race": "white", "df_race_prob": 44.820234179496765, "df_gender": "Man", "df_gender_prob": 85.7816994190216, "df_age": 28, "df_emotion": "happy", "df_emotion_prob": 99.67257378533922}