{"name": "Marieta_Chrousala_0003.jpg", "5_o_Clock_Shadow": 0.001574187888763845, "Arched_Eyebrows": 0.7967329025268555, "Attractive": 0.5263014435768127, "Bags_Under_Eyes": 0.32621145248413086, "Bald": 0.000692500383593142, "Bangs": 0.0007598080555908382, "Big_Lips": 0.3665325343608856, "Big_Nose": 0.31394273042678833, "Black_Hair": 0.004014403559267521, "Blond_Hair": 0.16135470569133759, "Blurry": 0.1513771265745163, "Brown_Hair": 0.04952056705951691, "Bushy_Eyebrows": 0.00034924811916425824, "Chubby": 0.005213488359004259, "Double_Chin": 0.0020092050544917583, "Eyeglasses": 0.00036759028444066644, "Goatee": 0.00031012549879960716, "Gray_Hair": 0.0017574680969119072, "Heavy_Makeup": 0.0772596076130867, "High_Cheekbones": 0.9781343340873718, "Male": 0.0013019994366914034, "Mouth_Slightly_Open": 0.9979879856109619, "Mustache": 0.0002635165583342314, "Narrow_Eyes": 0.08399883657693863, "No_Beard": 0.998431384563446, "Oval_Face": 0.2046320140361786, "Pale_Skin": 0.1989518105983734, "Pointy_Nose": 0.03826074302196503, "Receding_Hairline": 0.2000086009502411, "Rosy_Cheeks": 0.00022470220574177802, "Sideburns": 0.0003535310970619321, "Smiling": 0.9990081191062927, "Straight_Hair": 0.4840593934059143, "Wavy_Hair": 0.013183856382966042, "Wearing_Earrings": 0.9656270742416382, "Wearing_Hat": 0.0002801591472234577, "Wearing_Lipstick": 0.43032896518707275, "Wearing_Necklace": 0.1677609235048294, "Wearing_Necktie": 0.0005464009009301662, "Young": 0.9495366215705872, "df_race": "latino hispanic", "df_race_prob": 29.820343852043152, "df_gender": "Woman", "df_gender_prob": 99.99887943267822, "df_age": 31, "df_emotion": "happy", "df_emotion_prob": 99.98500943094548}