{"name": "Mario_Jardel_0001.jpg", "5_o_Clock_Shadow": 0.02519376203417778, "Arched_Eyebrows": 0.007902530953288078, "Attractive": 0.024272877722978592, "Bags_Under_Eyes": 0.005044858902692795, "Bald": 0.0002192711690440774, "Bangs": 0.000438586255768314, "Big_Lips": 0.06179945170879364, "Big_Nose": 0.05020473152399063, "Black_Hair": 0.08924925327301025, "Blond_Hair": 0.002225625328719616, "Blurry": 0.29062697291374207, "Brown_Hair": 0.03755900263786316, "Bushy_Eyebrows": 0.05683795362710953, "Chubby": 0.005024920217692852, "Double_Chin": 0.00018343668489251286, "Eyeglasses": 0.00022344492026604712, "Goatee": 0.0005788178532384336, "Gray_Hair": 0.0006079087615944445, "Heavy_Makeup": 0.0007742026937194169, "High_Cheekbones": 0.061531390994787216, "Male": 0.9855439066886902, "Mouth_Slightly_Open": 0.5531725287437439, "Mustache": 0.0009540856699459255, "Narrow_Eyes": 0.023549506440758705, "No_Beard": 0.9839259386062622, "Oval_Face": 0.23074395954608917, "Pale_Skin": 0.0018816431984305382, "Pointy_Nose": 0.031550392508506775, "Receding_Hairline": 0.00744897173717618, "Rosy_Cheeks": 6.430874782381579e-05, "Sideburns": 0.0005927514866925776, "Smiling": 0.002244978677481413, "Straight_Hair": 0.11573752760887146, "Wavy_Hair": 0.021741336211562157, "Wearing_Earrings": 0.0018773091724142432, "Wearing_Hat": 0.0010988571448251605, "Wearing_Lipstick": 0.0019530411809682846, "Wearing_Necklace": 0.0013333935057744384, "Wearing_Necktie": 0.00046354730147868395, "Young": 0.8979198336601257, "df_race": "latino hispanic", "df_race_prob": 56.840670108795166, "df_gender": "Man", "df_gender_prob": 99.82908368110657, "df_age": 26, "df_emotion": "neutral", "df_emotion_prob": 74.60327451190061}