{"name": "Marion_Barry_0001.jpg", "5_o_Clock_Shadow": 0.012914417311549187, "Arched_Eyebrows": 0.007955794222652912, "Attractive": 0.0014724383363500237, "Bags_Under_Eyes": 0.49209731817245483, "Bald": 0.7620266675949097, "Bangs": 0.0007108420832082629, "Big_Lips": 0.13214758038520813, "Big_Nose": 0.9055014252662659, "Black_Hair": 0.010878782719373703, "Blond_Hair": 0.0027928422205150127, "Blurry": 0.07313932478427887, "Brown_Hair": 0.00146391277667135, "Bushy_Eyebrows": 0.003553044283762574, "Chubby": 0.44191402196884155, "Double_Chin": 0.40754467248916626, "Eyeglasses": 0.009296111762523651, "Goatee": 0.0029311864636838436, "Gray_Hair": 0.06691013276576996, "Heavy_Makeup": 6.278391811065376e-05, "High_Cheekbones": 0.16343961656093597, "Male": 0.9993391633033752, "Mouth_Slightly_Open": 0.08658862859010696, "Mustache": 0.005767370108515024, "Narrow_Eyes": 0.4894653558731079, "No_Beard": 0.9609771370887756, "Oval_Face": 0.13306869566440582, "Pale_Skin": 0.007769761141389608, "Pointy_Nose": 0.0023656736593693495, "Receding_Hairline": 0.7265836000442505, "Rosy_Cheeks": 7.906404789537191e-05, "Sideburns": 0.0016960300272330642, "Smiling": 0.07710561901330948, "Straight_Hair": 0.01538084540516138, "Wavy_Hair": 0.0006957302102819085, "Wearing_Earrings": 0.002045819303020835, "Wearing_Hat": 0.00038792501436546445, "Wearing_Lipstick": 0.000152195047121495, "Wearing_Necklace": 0.0004998208023607731, "Wearing_Necktie": 0.7624818682670593, "Young": 0.01796693354845047, "df_race": "black", "df_race_prob": 94.70771614221142, "df_gender": "Man", "df_gender_prob": 99.96823072433472, "df_age": 43, "df_emotion": "fear", "df_emotion_prob": 42.683929204940796}