{"name": "Marina_Canetti_0001.jpg", "5_o_Clock_Shadow": 0.0011443933472037315, "Arched_Eyebrows": 0.039521608501672745, "Attractive": 0.04403514042496681, "Bags_Under_Eyes": 0.01436123438179493, "Bald": 0.002087988192215562, "Bangs": 0.00037725199945271015, "Big_Lips": 0.020681209862232208, "Big_Nose": 0.021504398435354233, "Black_Hair": 0.0020185939501971006, "Blond_Hair": 0.008800650015473366, "Blurry": 0.06849821656942368, "Brown_Hair": 0.002036811551079154, "Bushy_Eyebrows": 0.008965582586824894, "Chubby": 0.006586788222193718, "Double_Chin": 0.0012742315884679556, "Eyeglasses": 0.0003566933737602085, "Goatee": 0.00010640055552357808, "Gray_Hair": 0.002313802717253566, "Heavy_Makeup": 0.0041346000507473946, "High_Cheekbones": 0.018445419147610664, "Male": 0.053801462054252625, "Mouth_Slightly_Open": 0.2801426351070404, "Mustache": 0.00015590846305713058, "Narrow_Eyes": 0.01708887331187725, "No_Beard": 0.9983667731285095, "Oval_Face": 0.4194466769695282, "Pale_Skin": 0.009852497838437557, "Pointy_Nose": 0.006654347293078899, "Receding_Hairline": 0.012680289335548878, "Rosy_Cheeks": 9.601100464351475e-05, "Sideburns": 0.0004080733051523566, "Smiling": 0.002728668972849846, "Straight_Hair": 0.010524129495024681, "Wavy_Hair": 0.0030272852163761854, "Wearing_Earrings": 0.035697825253009796, "Wearing_Hat": 0.8493318557739258, "Wearing_Lipstick": 0.012476803734898567, "Wearing_Necklace": 0.0351492278277874, "Wearing_Necktie": 0.00032182966242544353, "Young": 0.981463611125946, "df_race": "asian", "df_race_prob": 28.995616972185193, "df_gender": "Man", "df_gender_prob": 98.1229305267334, "df_age": 26, "df_emotion": "neutral", "df_emotion_prob": 64.6706977290331}