{"name": "Mark_Gangloff_0001.jpg", "5_o_Clock_Shadow": 0.03113577328622341, "Arched_Eyebrows": 0.0020795578602701426, "Attractive": 0.26483163237571716, "Bags_Under_Eyes": 0.48271486163139343, "Bald": 0.001039305585436523, "Bangs": 0.00045967864571139216, "Big_Lips": 0.010850049555301666, "Big_Nose": 0.08910299092531204, "Black_Hair": 0.0006192419677972794, "Blond_Hair": 0.33871132135391235, "Blurry": 0.08179102838039398, "Brown_Hair": 0.040810246020555496, "Bushy_Eyebrows": 0.00037437782157212496, "Chubby": 0.006015342194586992, "Double_Chin": 0.003826649859547615, "Eyeglasses": 0.00015977794828359038, "Goatee": 0.0004607670125551522, "Gray_Hair": 0.035927511751651764, "Heavy_Makeup": 0.0002594358811620623, "High_Cheekbones": 0.7445080280303955, "Male": 0.9962846040725708, "Mouth_Slightly_Open": 0.9845527410507202, "Mustache": 0.00027367781149223447, "Narrow_Eyes": 0.19458091259002686, "No_Beard": 0.9933953881263733, "Oval_Face": 0.22049883008003235, "Pale_Skin": 0.011081280186772346, "Pointy_Nose": 0.0316057987511158, "Receding_Hairline": 0.01956241950392723, "Rosy_Cheeks": 4.849950346397236e-05, "Sideburns": 0.00041818193858489394, "Smiling": 0.9744377136230469, "Straight_Hair": 0.24883568286895752, "Wavy_Hair": 0.023495035246014595, "Wearing_Earrings": 0.002443258883431554, "Wearing_Hat": 0.0003106845251750201, "Wearing_Lipstick": 0.0002006526046898216, "Wearing_Necklace": 0.0014950096374377608, "Wearing_Necktie": 0.0034242623951286077, "Young": 0.9186258912086487, "df_race": "white", "df_race_prob": 94.98327344556293, "df_gender": "Man", "df_gender_prob": 99.95467066764832, "df_age": 24, "df_emotion": "happy", "df_emotion_prob": 99.84847903251648}