{"name": "Mark_Philippoussis_0004.jpg", "5_o_Clock_Shadow": 0.15874849259853363, "Arched_Eyebrows": 0.0006775783258490264, "Attractive": 0.14843958616256714, "Bags_Under_Eyes": 0.5901258587837219, "Bald": 0.0018248396227136254, "Bangs": 0.0002395260235061869, "Big_Lips": 0.04358137398958206, "Big_Nose": 0.048519913107156754, "Black_Hair": 0.0014946089359000325, "Blond_Hair": 0.10050320625305176, "Blurry": 0.14434847235679626, "Brown_Hair": 0.01439379807561636, "Bushy_Eyebrows": 0.002619570353999734, "Chubby": 0.004382351413369179, "Double_Chin": 0.005086381919682026, "Eyeglasses": 0.0005817619385197759, "Goatee": 0.010812322609126568, "Gray_Hair": 0.0094764344394207, "Heavy_Makeup": 0.00043672951869666576, "High_Cheekbones": 0.7624871730804443, "Male": 0.9888939261436462, "Mouth_Slightly_Open": 0.9939197301864624, "Mustache": 0.0009718149667605758, "Narrow_Eyes": 0.03561205789446831, "No_Beard": 0.7835103273391724, "Oval_Face": 0.12528114020824432, "Pale_Skin": 0.038896266371011734, "Pointy_Nose": 0.03034742921590805, "Receding_Hairline": 0.022883009165525436, "Rosy_Cheeks": 2.8592174203367904e-05, "Sideburns": 0.003964732401072979, "Smiling": 0.993619978427887, "Straight_Hair": 0.13121335208415985, "Wavy_Hair": 0.008869288489222527, "Wearing_Earrings": 0.00227521569468081, "Wearing_Hat": 0.0012299914378672838, "Wearing_Lipstick": 0.0004721288860309869, "Wearing_Necklace": 0.0014786319807171822, "Wearing_Necktie": 0.0006367171299643815, "Young": 0.7852895855903625, "df_race": "white", "df_race_prob": 55.45449787920739, "df_gender": "Man", "df_gender_prob": 99.97950196266174, "df_age": 32, "df_emotion": "happy", "df_emotion_prob": 99.85623955726624}