{"name": "Mark_Dacey_0002.jpg", "5_o_Clock_Shadow": 0.04400773346424103, "Arched_Eyebrows": 0.0005494019715115428, "Attractive": 0.08129934966564178, "Bags_Under_Eyes": 0.03261364623904228, "Bald": 0.00023419878561981022, "Bangs": 0.0017419742653146386, "Big_Lips": 0.013935376890003681, "Big_Nose": 0.05528933182358742, "Black_Hair": 0.02034357190132141, "Blond_Hair": 0.007807055488228798, "Blurry": 0.27722668647766113, "Brown_Hair": 0.11078420281410217, "Bushy_Eyebrows": 0.0003750186588149518, "Chubby": 0.006519824266433716, "Double_Chin": 0.0029827593825757504, "Eyeglasses": 0.0015741564566269517, "Goatee": 0.0007167973672039807, "Gray_Hair": 0.0038677756674587727, "Heavy_Makeup": 0.00030724500538781285, "High_Cheekbones": 0.047656189650297165, "Male": 0.993057131767273, "Mouth_Slightly_Open": 0.9891451001167297, "Mustache": 0.0012613738654181361, "Narrow_Eyes": 0.05829019472002983, "No_Beard": 0.9788380861282349, "Oval_Face": 0.13188135623931885, "Pale_Skin": 0.016370322555303574, "Pointy_Nose": 0.026226673275232315, "Receding_Hairline": 0.002137028379365802, "Rosy_Cheeks": 4.9389524065190926e-05, "Sideburns": 0.0009092296240851283, "Smiling": 0.3261089026927948, "Straight_Hair": 0.6827726364135742, "Wavy_Hair": 0.0037926877848803997, "Wearing_Earrings": 0.0009212527656927705, "Wearing_Hat": 0.0008385386317968369, "Wearing_Lipstick": 0.000248186057433486, "Wearing_Necklace": 0.00042377502541057765, "Wearing_Necktie": 0.0025477888993918896, "Young": 0.8692934513092041, "df_race": "white", "df_race_prob": 89.71821008433163, "df_gender": "Man", "df_gender_prob": 99.997878074646, "df_age": 27, "df_emotion": "happy", "df_emotion_prob": 65.87381348737719}