{"name": "Mark_Richt_0003.jpg", "5_o_Clock_Shadow": 0.033671483397483826, "Arched_Eyebrows": 0.0004860130720771849, "Attractive": 0.0591270886361599, "Bags_Under_Eyes": 0.038693249225616455, "Bald": 0.053896017372608185, "Bangs": 0.0006736526265740395, "Big_Lips": 0.023611921817064285, "Big_Nose": 0.09997624903917313, "Black_Hair": 0.0003888050268869847, "Blond_Hair": 0.13659103214740753, "Blurry": 0.031766608357429504, "Brown_Hair": 0.002730111125856638, "Bushy_Eyebrows": 0.00023006931587588042, "Chubby": 0.014420467428863049, "Double_Chin": 0.0036639452446252108, "Eyeglasses": 0.0031813811510801315, "Goatee": 0.000381310295779258, "Gray_Hair": 0.055211398750543594, "Heavy_Makeup": 0.000641333288513124, "High_Cheekbones": 0.013306202366948128, "Male": 0.9971350431442261, "Mouth_Slightly_Open": 0.01804429665207863, "Mustache": 0.0008621237357147038, "Narrow_Eyes": 0.3369158208370209, "No_Beard": 0.9841257333755493, "Oval_Face": 0.03882673382759094, "Pale_Skin": 0.06031627580523491, "Pointy_Nose": 0.1903110295534134, "Receding_Hairline": 0.4508451521396637, "Rosy_Cheeks": 0.00011131863720947877, "Sideburns": 0.0008405732805840671, "Smiling": 0.0022944719530642033, "Straight_Hair": 0.1592550277709961, "Wavy_Hair": 0.0027523033786565065, "Wearing_Earrings": 0.0016336302505806088, "Wearing_Hat": 0.00010077490151161328, "Wearing_Lipstick": 0.0013863570056855679, "Wearing_Necklace": 0.001261850935406983, "Wearing_Necktie": 0.020822793245315552, "Young": 0.28281450271606445, "df_race": "white", "df_race_prob": 86.53527933779709, "df_gender": "Man", "df_gender_prob": 99.99891519546509, "df_age": 30, "df_emotion": "sad", "df_emotion_prob": 62.758225202560425}