{"name": "Marsah_Ambrosius_0001.jpg", "5_o_Clock_Shadow": 0.001056172070093453, "Arched_Eyebrows": 0.5962146520614624, "Attractive": 0.07798904180526733, "Bags_Under_Eyes": 0.07902166247367859, "Bald": 0.0006717040087096393, "Bangs": 0.00035417743492871523, "Big_Lips": 0.28592854738235474, "Big_Nose": 0.3423333764076233, "Black_Hair": 0.04059521108865738, "Blond_Hair": 0.042119238525629044, "Blurry": 0.5249394774436951, "Brown_Hair": 0.00950054544955492, "Bushy_Eyebrows": 0.00033814311609603465, "Chubby": 0.08130552619695663, "Double_Chin": 0.03919212147593498, "Eyeglasses": 0.0007685723248869181, "Goatee": 0.0004108743742108345, "Gray_Hair": 0.0035824363585561514, "Heavy_Makeup": 0.017077825963497162, "High_Cheekbones": 0.9469186067581177, "Male": 0.0021168787498027086, "Mouth_Slightly_Open": 0.9984461665153503, "Mustache": 0.00048280347255058587, "Narrow_Eyes": 0.07258237153291702, "No_Beard": 0.9944907426834106, "Oval_Face": 0.2233288288116455, "Pale_Skin": 0.004809102509170771, "Pointy_Nose": 0.040676843374967575, "Receding_Hairline": 0.6636064648628235, "Rosy_Cheeks": 0.0005121868452988565, "Sideburns": 0.0002758003247436136, "Smiling": 0.9967709183692932, "Straight_Hair": 0.01958916150033474, "Wavy_Hair": 0.06837347149848938, "Wearing_Earrings": 0.4254469871520996, "Wearing_Hat": 0.000513235165271908, "Wearing_Lipstick": 0.18591523170471191, "Wearing_Necklace": 0.16422289609909058, "Wearing_Necktie": 0.0005753524019382894, "Young": 0.8873686194419861, "df_race": "middle eastern", "df_race_prob": 30.195932960995084, "df_gender": "Man", "df_gender_prob": 98.28525185585022, "df_age": 33, "df_emotion": "happy", "df_emotion_prob": 99.98242259025574}