{"name": "Martin_Rodriguez_0001.jpg", "5_o_Clock_Shadow": 0.011587074026465416, "Arched_Eyebrows": 0.0008514178916811943, "Attractive": 0.008967069908976555, "Bags_Under_Eyes": 0.0669068843126297, "Bald": 0.0004908283590339124, "Bangs": 0.004726747050881386, "Big_Lips": 0.03520265594124794, "Big_Nose": 0.014342374168336391, "Black_Hair": 0.01830839365720749, "Blond_Hair": 0.006094863172620535, "Blurry": 0.1361137181520462, "Brown_Hair": 0.14719140529632568, "Bushy_Eyebrows": 0.0003762106643989682, "Chubby": 0.014544261619448662, "Double_Chin": 0.004572661593556404, "Eyeglasses": 0.0016840356402099133, "Goatee": 0.00029786527738906443, "Gray_Hair": 0.002274374710395932, "Heavy_Makeup": 0.0003609852574300021, "High_Cheekbones": 0.23986613750457764, "Male": 0.9363449811935425, "Mouth_Slightly_Open": 0.9924355149269104, "Mustache": 0.00029881930095143616, "Narrow_Eyes": 0.6937819123268127, "No_Beard": 0.9935712814331055, "Oval_Face": 0.17996081709861755, "Pale_Skin": 0.00844118744134903, "Pointy_Nose": 0.010690297931432724, "Receding_Hairline": 0.007302341982722282, "Rosy_Cheeks": 0.00019938548211939633, "Sideburns": 0.0005754735902883112, "Smiling": 0.01951459050178528, "Straight_Hair": 0.017142362892627716, "Wavy_Hair": 0.20713599026203156, "Wearing_Earrings": 0.004513103514909744, "Wearing_Hat": 0.0015774666098877788, "Wearing_Lipstick": 0.0006483658216893673, "Wearing_Necklace": 0.003551587462425232, "Wearing_Necktie": 0.000712224340531975, "Young": 0.859596848487854, "df_race": "asian", "df_race_prob": 32.14753568172455, "df_gender": "Man", "df_gender_prob": 99.79884624481201, "df_age": 34, "df_emotion": "angry", "df_emotion_prob": 89.88123656734984}