{"name": "Martha_Lucia_Ramirez_0004.jpg", "5_o_Clock_Shadow": 0.0003897877468261868, "Arched_Eyebrows": 0.10153753310441971, "Attractive": 0.05467624589800835, "Bags_Under_Eyes": 0.039336178451776505, "Bald": 0.00013854772259946913, "Bangs": 0.14332322776317596, "Big_Lips": 0.09405437111854553, "Big_Nose": 0.006530707702040672, "Black_Hair": 0.00437269126996398, "Blond_Hair": 0.033850304782390594, "Blurry": 0.17671534419059753, "Brown_Hair": 0.102641761302948, "Bushy_Eyebrows": 0.00017201511946041137, "Chubby": 0.0010687817120924592, "Double_Chin": 0.0006247209385037422, "Eyeglasses": 0.0005838477518409491, "Goatee": 0.00012644563685171306, "Gray_Hair": 0.006039733998477459, "Heavy_Makeup": 0.03186501935124397, "High_Cheekbones": 0.4869670867919922, "Male": 0.001711012446321547, "Mouth_Slightly_Open": 0.8796485066413879, "Mustache": 0.0001662864233367145, "Narrow_Eyes": 0.0043770987540483475, "No_Beard": 0.9986650943756104, "Oval_Face": 0.11334823071956635, "Pale_Skin": 0.007974403910338879, "Pointy_Nose": 0.180965855717659, "Receding_Hairline": 0.000532039615791291, "Rosy_Cheeks": 0.000330812472384423, "Sideburns": 0.000376779556972906, "Smiling": 0.04189765825867653, "Straight_Hair": 0.01569473370909691, "Wavy_Hair": 0.5322420597076416, "Wearing_Earrings": 0.5525484085083008, "Wearing_Hat": 0.0005855701165273786, "Wearing_Lipstick": 0.3037675619125366, "Wearing_Necklace": 0.1737411767244339, "Wearing_Necktie": 0.0002942425780929625, "Young": 0.04376239329576492, "df_race": "white", "df_race_prob": 52.22231149673462, "df_gender": "Woman", "df_gender_prob": 99.9758780002594, "df_age": 32, "df_emotion": "fear", "df_emotion_prob": 66.56907994378567}