{"name": "Martina_McBride_0002.jpg", "5_o_Clock_Shadow": 0.0006647329428233206, "Arched_Eyebrows": 0.142998605966568, "Attractive": 0.1793423742055893, "Bags_Under_Eyes": 0.05664850026369095, "Bald": 0.00027352262986823916, "Bangs": 0.4603303372859955, "Big_Lips": 0.10383231937885284, "Big_Nose": 0.02220269851386547, "Black_Hair": 0.0021225055679678917, "Blond_Hair": 0.05815128982067108, "Blurry": 0.375553697347641, "Brown_Hair": 0.17683008313179016, "Bushy_Eyebrows": 0.0004299381689634174, "Chubby": 0.004820528440177441, "Double_Chin": 0.0011789054842665792, "Eyeglasses": 0.000187795638339594, "Goatee": 0.0001827246305765584, "Gray_Hair": 0.0011193169048056006, "Heavy_Makeup": 0.02556796930730343, "High_Cheekbones": 0.5967003703117371, "Male": 0.001381708076223731, "Mouth_Slightly_Open": 0.007232873234897852, "Mustache": 0.00013210684119258076, "Narrow_Eyes": 0.5576459169387817, "No_Beard": 0.9986345171928406, "Oval_Face": 0.19959145784378052, "Pale_Skin": 0.015005090273916721, "Pointy_Nose": 0.10097028315067291, "Receding_Hairline": 0.001348994905129075, "Rosy_Cheeks": 0.00018464523600414395, "Sideburns": 0.00044391147093847394, "Smiling": 0.39967814087867737, "Straight_Hair": 0.38585346937179565, "Wavy_Hair": 0.04504280164837837, "Wearing_Earrings": 0.11087798327207565, "Wearing_Hat": 0.0011720815673470497, "Wearing_Lipstick": 0.0731540396809578, "Wearing_Necklace": 0.037827275693416595, "Wearing_Necktie": 0.0003234925970900804, "Young": 0.6755908727645874, "df_race": "white", "df_race_prob": 77.64028906822205, "df_gender": "Woman", "df_gender_prob": 99.2300033569336, "df_age": 41, "df_emotion": "happy", "df_emotion_prob": 36.6694710653705}