{"name": "Martina_McBride_0005.jpg", "5_o_Clock_Shadow": 0.0006183352670632303, "Arched_Eyebrows": 0.27762314677238464, "Attractive": 0.5688769817352295, "Bags_Under_Eyes": 0.06277184188365936, "Bald": 0.00015458313282579184, "Bangs": 0.5361577868461609, "Big_Lips": 0.18998396396636963, "Big_Nose": 0.02018098160624504, "Black_Hair": 0.004500825423747301, "Blond_Hair": 0.06659314781427383, "Blurry": 0.38638874888420105, "Brown_Hair": 0.19642992317676544, "Bushy_Eyebrows": 0.00030206950032152236, "Chubby": 0.002328480128198862, "Double_Chin": 0.0016477281460538507, "Eyeglasses": 0.000190289894817397, "Goatee": 0.0003453896497376263, "Gray_Hair": 0.0005753724253736436, "Heavy_Makeup": 0.15264488756656647, "High_Cheekbones": 0.9618846774101257, "Male": 0.0020632667001336813, "Mouth_Slightly_Open": 0.998907208442688, "Mustache": 0.00022044108482077718, "Narrow_Eyes": 0.3852379024028778, "No_Beard": 0.9982154369354248, "Oval_Face": 0.20522435009479523, "Pale_Skin": 0.05742160230875015, "Pointy_Nose": 0.15025384724140167, "Receding_Hairline": 0.00023629122006241232, "Rosy_Cheeks": 0.0003105583891738206, "Sideburns": 0.0007002615602687001, "Smiling": 0.9989190101623535, "Straight_Hair": 0.13609297573566437, "Wavy_Hair": 0.18819735944271088, "Wearing_Earrings": 0.5008867979049683, "Wearing_Hat": 0.00044939806684851646, "Wearing_Lipstick": 0.37905803322792053, "Wearing_Necklace": 0.11570274084806442, "Wearing_Necktie": 0.00013956258771941066, "Young": 0.4769190847873688, "df_race": "white", "df_race_prob": 65.02523422241211, "df_gender": "Woman", "df_gender_prob": 99.99953508377075, "df_age": 33, "df_emotion": "happy", "df_emotion_prob": 99.40231442451477}