{"name": "Martin_Kristof_0001.jpg", "5_o_Clock_Shadow": 0.06956125050783157, "Arched_Eyebrows": 0.0015979573363438249, "Attractive": 0.29497572779655457, "Bags_Under_Eyes": 0.3871619701385498, "Bald": 0.0005606060731224716, "Bangs": 0.0008701551705598831, "Big_Lips": 0.010354817844927311, "Big_Nose": 0.07264263182878494, "Black_Hair": 0.013544228859245777, "Blond_Hair": 0.019825052469968796, "Blurry": 0.15704987943172455, "Brown_Hair": 0.33289650082588196, "Bushy_Eyebrows": 0.02079016901552677, "Chubby": 0.0017690772656351328, "Double_Chin": 0.0021753523033112288, "Eyeglasses": 0.00043500683386810124, "Goatee": 0.0009188608382828534, "Gray_Hair": 0.0015612058341503143, "Heavy_Makeup": 0.0006374457152560353, "High_Cheekbones": 0.8993180990219116, "Male": 0.995636522769928, "Mouth_Slightly_Open": 0.9976022839546204, "Mustache": 0.0004779465380124748, "Narrow_Eyes": 0.18203069269657135, "No_Beard": 0.9845557808876038, "Oval_Face": 0.3085644245147705, "Pale_Skin": 0.007676978595554829, "Pointy_Nose": 0.02878461219370365, "Receding_Hairline": 0.004619346931576729, "Rosy_Cheeks": 5.1097329560434446e-05, "Sideburns": 0.0004879034240730107, "Smiling": 0.9977090358734131, "Straight_Hair": 0.5712960958480835, "Wavy_Hair": 0.012282249517738819, "Wearing_Earrings": 0.0018710625590756536, "Wearing_Hat": 0.00040186932892538607, "Wearing_Lipstick": 0.0004098078643437475, "Wearing_Necklace": 0.0011828925926238298, "Wearing_Necktie": 0.0011505488073453307, "Young": 0.9599631428718567, "df_race": "white", "df_race_prob": 88.5306179523468, "df_gender": "Man", "df_gender_prob": 99.63920712471008, "df_age": 23, "df_emotion": "happy", "df_emotion_prob": 100.0}