{"name": "Martha_Burk_0004.jpg", "5_o_Clock_Shadow": 0.0011173364473506808, "Arched_Eyebrows": 0.2236161231994629, "Attractive": 0.013488570228219032, "Bags_Under_Eyes": 0.09612766653299332, "Bald": 0.0005199224688112736, "Bangs": 0.0377272292971611, "Big_Lips": 0.09763024002313614, "Big_Nose": 0.018087610602378845, "Black_Hair": 0.0016445887740701437, "Blond_Hair": 0.018767764791846275, "Blurry": 0.21501462161540985, "Brown_Hair": 0.01834607683122158, "Bushy_Eyebrows": 0.0016223483253270388, "Chubby": 0.008674902841448784, "Double_Chin": 0.008025367744266987, "Eyeglasses": 0.000968984910286963, "Goatee": 0.0002605001791380346, "Gray_Hair": 0.3822765648365021, "Heavy_Makeup": 0.0040439097210764885, "High_Cheekbones": 0.025139635428786278, "Male": 0.19034108519554138, "Mouth_Slightly_Open": 0.7814005017280579, "Mustache": 0.0005368320853449404, "Narrow_Eyes": 0.16837289929389954, "No_Beard": 0.9951996803283691, "Oval_Face": 0.07220475375652313, "Pale_Skin": 0.1638934463262558, "Pointy_Nose": 0.09578590840101242, "Receding_Hairline": 0.005024891346693039, "Rosy_Cheeks": 0.00014680498861707747, "Sideburns": 0.0006667604902759194, "Smiling": 0.0028751667123287916, "Straight_Hair": 0.07409750670194626, "Wavy_Hair": 0.08856990188360214, "Wearing_Earrings": 0.18419583141803741, "Wearing_Hat": 0.00028635814669542015, "Wearing_Lipstick": 0.016986027359962463, "Wearing_Necklace": 0.08511433750391006, "Wearing_Necktie": 0.0015163031639531255, "Young": 0.014183036051690578, "df_race": "white", "df_race_prob": 66.32975534555379, "df_gender": "Man", "df_gender_prob": 98.98219108581543, "df_age": 24, "df_emotion": "sad", "df_emotion_prob": 73.86643134751506}