{"name": "Martha_Bowen_0001.jpg", "5_o_Clock_Shadow": 0.0025923303328454494, "Arched_Eyebrows": 0.03244907036423683, "Attractive": 0.37988412380218506, "Bags_Under_Eyes": 0.34226521849632263, "Bald": 0.0006344189750961959, "Bangs": 0.00029688887298107147, "Big_Lips": 0.01480286568403244, "Big_Nose": 0.048795800656080246, "Black_Hair": 0.03693537414073944, "Blond_Hair": 0.022716009989380836, "Blurry": 0.308940589427948, "Brown_Hair": 0.2134464830160141, "Bushy_Eyebrows": 0.00032559287501499057, "Chubby": 0.0047111306339502335, "Double_Chin": 0.0037020768504589796, "Eyeglasses": 0.0006233401945792139, "Goatee": 0.0004224256845191121, "Gray_Hair": 0.0019758266862481833, "Heavy_Makeup": 0.0047358563169837, "High_Cheekbones": 0.9588068723678589, "Male": 0.012426048517227173, "Mouth_Slightly_Open": 0.9951403141021729, "Mustache": 0.0001718839630484581, "Narrow_Eyes": 0.12114626169204712, "No_Beard": 0.9975797533988953, "Oval_Face": 0.6765235066413879, "Pale_Skin": 0.01837412640452385, "Pointy_Nose": 0.06119610369205475, "Receding_Hairline": 0.2632351517677307, "Rosy_Cheeks": 0.00018106175411958247, "Sideburns": 0.00044738472206518054, "Smiling": 0.9987461566925049, "Straight_Hair": 0.6236539483070374, "Wavy_Hair": 0.024241480976343155, "Wearing_Earrings": 0.04928719624876976, "Wearing_Hat": 0.00036837393417954445, "Wearing_Lipstick": 0.009132098406553268, "Wearing_Necklace": 0.005060355644673109, "Wearing_Necktie": 0.0010323510505259037, "Young": 0.9180753827095032, "df_race": "white", "df_race_prob": 58.57413164223025, "df_gender": "Man", "df_gender_prob": 63.67698311805725, "df_age": 30, "df_emotion": "happy", "df_emotion_prob": 99.9984920023973}