{"name": "Marwan_Barghouthi_0002.jpg", "5_o_Clock_Shadow": 0.0457184761762619, "Arched_Eyebrows": 0.00879285391420126, "Attractive": 0.004079757258296013, "Bags_Under_Eyes": 0.12398375570774078, "Bald": 0.019518868997693062, "Bangs": 0.0007458014879375696, "Big_Lips": 0.06316958367824554, "Big_Nose": 0.27675288915634155, "Black_Hair": 0.17207489907741547, "Blond_Hair": 0.001884047407656908, "Blurry": 0.08688395470380783, "Brown_Hair": 0.004326874855905771, "Bushy_Eyebrows": 0.009718663990497589, "Chubby": 0.26210030913352966, "Double_Chin": 0.03689142316579819, "Eyeglasses": 0.0008841479429975152, "Goatee": 0.32590481638908386, "Gray_Hair": 0.0073600816540420055, "Heavy_Makeup": 0.00029505809652619064, "High_Cheekbones": 0.009279407560825348, "Male": 0.9979395270347595, "Mouth_Slightly_Open": 0.9016619920730591, "Mustache": 0.2050108164548874, "Narrow_Eyes": 0.05251821130514145, "No_Beard": 0.029421938583254814, "Oval_Face": 0.22232462465763092, "Pale_Skin": 0.0022814481053501368, "Pointy_Nose": 0.04340670630335808, "Receding_Hairline": 0.31233781576156616, "Rosy_Cheeks": 8.14975646790117e-05, "Sideburns": 0.5402834415435791, "Smiling": 0.0031815655529499054, "Straight_Hair": 0.09131121635437012, "Wavy_Hair": 0.0037687725853174925, "Wearing_Earrings": 0.0014411116717383265, "Wearing_Hat": 0.0006682191742584109, "Wearing_Lipstick": 0.00035610966733656824, "Wearing_Necklace": 0.001133694313466549, "Wearing_Necktie": 0.006737390533089638, "Young": 0.45967432856559753, "df_race": "middle eastern", "df_race_prob": 44.564655099192564, "df_gender": "Man", "df_gender_prob": 99.9976396560669, "df_age": 46, "df_emotion": "angry", "df_emotion_prob": 85.22455868428246}