{"name": "Mary_Steenburgen_0002.jpg", "5_o_Clock_Shadow": 0.001342132454738021, "Arched_Eyebrows": 0.06972756236791611, "Attractive": 0.13233555853366852, "Bags_Under_Eyes": 0.012787009589374065, "Bald": 8.431679452769458e-05, "Bangs": 0.19083364307880402, "Big_Lips": 0.026988955214619637, "Big_Nose": 0.010871564969420433, "Black_Hair": 0.03782881796360016, "Blond_Hair": 0.011677303351461887, "Blurry": 0.7070770859718323, "Brown_Hair": 0.36696112155914307, "Bushy_Eyebrows": 0.0014559744158759713, "Chubby": 0.002945078769698739, "Double_Chin": 0.0007553631439805031, "Eyeglasses": 0.0005187300266698003, "Goatee": 0.0004894468584097922, "Gray_Hair": 0.0014849168946966529, "Heavy_Makeup": 0.061566248536109924, "High_Cheekbones": 0.3790209889411926, "Male": 0.004552209749817848, "Mouth_Slightly_Open": 0.010329040698707104, "Mustache": 0.000422170473029837, "Narrow_Eyes": 0.024877578020095825, "No_Beard": 0.9973623156547546, "Oval_Face": 0.29087188839912415, "Pale_Skin": 0.01568075269460678, "Pointy_Nose": 0.11235462129116058, "Receding_Hairline": 0.0020792256109416485, "Rosy_Cheeks": 0.00043812074000015855, "Sideburns": 0.0003126921073999256, "Smiling": 0.02068491280078888, "Straight_Hair": 0.0020066164433956146, "Wavy_Hair": 0.9242777228355408, "Wearing_Earrings": 0.016476115211844444, "Wearing_Hat": 0.0011482369154691696, "Wearing_Lipstick": 0.16697467863559723, "Wearing_Necklace": 0.026830855756998062, "Wearing_Necktie": 0.00021612820273730904, "Young": 0.30967190861701965, "df_race": "white", "df_race_prob": 67.33076961865787, "df_gender": "Woman", "df_gender_prob": 99.99493360519409, "df_age": 33, "df_emotion": "neutral", "df_emotion_prob": 85.04413366317749}