{"name": "Mary_Katherine_Smart_0001.jpg", "5_o_Clock_Shadow": 0.0008517960086464882, "Arched_Eyebrows": 0.033629875630140305, "Attractive": 0.6903836727142334, "Bags_Under_Eyes": 0.05473105609416962, "Bald": 0.0004730717628262937, "Bangs": 0.0010742448503151536, "Big_Lips": 0.07523812353610992, "Big_Nose": 0.02801951766014099, "Black_Hair": 0.0008839470101520419, "Blond_Hair": 0.3396848440170288, "Blurry": 0.03579068183898926, "Brown_Hair": 0.007401682436466217, "Bushy_Eyebrows": 0.0004204152792226523, "Chubby": 0.0007515301113016903, "Double_Chin": 0.0002686556545086205, "Eyeglasses": 7.140035449992865e-05, "Goatee": 0.0001282523007830605, "Gray_Hair": 0.0031400613952428102, "Heavy_Makeup": 0.012396439909934998, "High_Cheekbones": 0.5347723364830017, "Male": 0.028315411880612373, "Mouth_Slightly_Open": 0.9738636016845703, "Mustache": 0.00011244201596127823, "Narrow_Eyes": 0.022427998483181, "No_Beard": 0.9986838698387146, "Oval_Face": 0.21090158820152283, "Pale_Skin": 0.12453293055295944, "Pointy_Nose": 0.04836702719330788, "Receding_Hairline": 0.05697610229253769, "Rosy_Cheeks": 0.00013009396207053214, "Sideburns": 0.0001621895789867267, "Smiling": 0.9937586784362793, "Straight_Hair": 0.3936823904514313, "Wavy_Hair": 0.00488941790536046, "Wearing_Earrings": 0.0344151109457016, "Wearing_Hat": 0.00013398159353528172, "Wearing_Lipstick": 0.05519992858171463, "Wearing_Necklace": 0.005164599046111107, "Wearing_Necktie": 0.0005253704730421305, "Young": 0.9594183564186096, "df_race": "white", "df_race_prob": 89.00705575942993, "df_gender": "Woman", "df_gender_prob": 97.95414805412292, "df_age": 26, "df_emotion": "happy", "df_emotion_prob": 99.9738872051239}