{"name": "Mary_Sue_Coleman_0001.jpg", "5_o_Clock_Shadow": 0.0009269185247831047, "Arched_Eyebrows": 0.0013127225684002042, "Attractive": 0.00836197566241026, "Bags_Under_Eyes": 0.029286649078130722, "Bald": 0.0014594064559787512, "Bangs": 0.09994546324014664, "Big_Lips": 0.026115328073501587, "Big_Nose": 0.03314623236656189, "Black_Hair": 0.0004664872831199318, "Blond_Hair": 0.27810999751091003, "Blurry": 0.09737268835306168, "Brown_Hair": 0.011468006297945976, "Bushy_Eyebrows": 0.0008583327871747315, "Chubby": 0.0033980298321694136, "Double_Chin": 0.0019855203572660685, "Eyeglasses": 0.979927659034729, "Goatee": 0.00038602514541707933, "Gray_Hair": 0.44729605317115784, "Heavy_Makeup": 0.0008595817489549518, "High_Cheekbones": 0.04007364436984062, "Male": 0.24055439233779907, "Mouth_Slightly_Open": 0.0030438185203820467, "Mustache": 0.0007108928402885795, "Narrow_Eyes": 0.020616820082068443, "No_Beard": 0.9980993866920471, "Oval_Face": 0.044148266315460205, "Pale_Skin": 0.02797461859881878, "Pointy_Nose": 0.06449869275093079, "Receding_Hairline": 0.006874405313283205, "Rosy_Cheeks": 0.0001963245013030246, "Sideburns": 0.000505925330799073, "Smiling": 0.003012079745531082, "Straight_Hair": 0.18620890378952026, "Wavy_Hair": 0.02774956077337265, "Wearing_Earrings": 0.11897557228803635, "Wearing_Hat": 0.00033819006057456136, "Wearing_Lipstick": 0.0034569846466183662, "Wearing_Necklace": 0.02810521237552166, "Wearing_Necktie": 0.0019248505122959614, "Young": 0.00874659139662981, "df_race": "white", "df_race_prob": 99.9446451729959, "df_gender": "Man", "df_gender_prob": 92.57625937461853, "df_age": 33, "df_emotion": "sad", "df_emotion_prob": 96.48016691207886}