{"name": "Mary_Descenza_0001.jpg", "5_o_Clock_Shadow": 0.002455557929351926, "Arched_Eyebrows": 0.001773531548678875, "Attractive": 0.28303366899490356, "Bags_Under_Eyes": 0.061591822654008865, "Bald": 0.0018966348143294454, "Bangs": 0.001449412782676518, "Big_Lips": 0.006492079235613346, "Big_Nose": 0.03511787950992584, "Black_Hair": 0.0008832166204228997, "Blond_Hair": 0.9479367733001709, "Blurry": 0.22876934707164764, "Brown_Hair": 0.010557819157838821, "Bushy_Eyebrows": 4.540791633189656e-05, "Chubby": 0.004805657546967268, "Double_Chin": 0.002965059597045183, "Eyeglasses": 0.0010260912822559476, "Goatee": 0.00042845139978453517, "Gray_Hair": 0.028359271585941315, "Heavy_Makeup": 0.005440311972051859, "High_Cheekbones": 0.7419688701629639, "Male": 0.12391041219234467, "Mouth_Slightly_Open": 0.9793763160705566, "Mustache": 0.00019441713811829686, "Narrow_Eyes": 0.06789040565490723, "No_Beard": 0.9963384866714478, "Oval_Face": 0.582996129989624, "Pale_Skin": 0.027410214766860008, "Pointy_Nose": 0.08926279842853546, "Receding_Hairline": 0.14380569756031036, "Rosy_Cheeks": 0.00022743703448213637, "Sideburns": 0.00047233098302967846, "Smiling": 0.9884041547775269, "Straight_Hair": 0.34572866559028625, "Wavy_Hair": 0.046627409756183624, "Wearing_Earrings": 0.009835667908191681, "Wearing_Hat": 0.00030843273270875216, "Wearing_Lipstick": 0.005053896922618151, "Wearing_Necklace": 0.01991109549999237, "Wearing_Necktie": 0.0006367101450450718, "Young": 0.9201067686080933, "df_race": "white", "df_race_prob": 100.0, "df_gender": "Woman", "df_gender_prob": 56.86957240104675, "df_age": 30, "df_emotion": "happy", "df_emotion_prob": 99.30704827946712}