{"name": "Massoud_Barzani_0001.jpg", "5_o_Clock_Shadow": 0.020156264305114746, "Arched_Eyebrows": 0.07442446053028107, "Attractive": 0.01799393631517887, "Bags_Under_Eyes": 0.3025612235069275, "Bald": 0.5653700232505798, "Bangs": 0.0008170888177119195, "Big_Lips": 0.020710429176688194, "Big_Nose": 0.4530045688152313, "Black_Hair": 0.008578336797654629, "Blond_Hair": 0.00404392508789897, "Blurry": 0.07312335819005966, "Brown_Hair": 0.004012966528534889, "Bushy_Eyebrows": 0.0007580149103887379, "Chubby": 0.12023589015007019, "Double_Chin": 0.13620209693908691, "Eyeglasses": 0.00240426161326468, "Goatee": 0.018643220886588097, "Gray_Hair": 0.1619962900876999, "Heavy_Makeup": 0.00044085498666390777, "High_Cheekbones": 0.030433351173996925, "Male": 0.9987443685531616, "Mouth_Slightly_Open": 0.004757093731313944, "Mustache": 0.7361199259757996, "Narrow_Eyes": 0.004051958676427603, "No_Beard": 0.11543120443820953, "Oval_Face": 0.2642463743686676, "Pale_Skin": 0.07358773797750473, "Pointy_Nose": 0.21704497933387756, "Receding_Hairline": 0.8001221418380737, "Rosy_Cheeks": 0.0004280910943634808, "Sideburns": 0.007771676871925592, "Smiling": 0.014573324471712112, "Straight_Hair": 0.02767278626561165, "Wavy_Hair": 0.0036550366785377264, "Wearing_Earrings": 0.001649115583859384, "Wearing_Hat": 0.0003724911657627672, "Wearing_Lipstick": 0.0015557315200567245, "Wearing_Necklace": 0.0008785106474533677, "Wearing_Necktie": 0.8642874360084534, "Young": 0.03951731696724892, "df_race": "middle eastern", "df_race_prob": 38.41859858257754, "df_gender": "Man", "df_gender_prob": 99.98787641525269, "df_age": 43, "df_emotion": "fear", "df_emotion_prob": 37.305756646737855}