{"name": "Matthew_Perry_0004.jpg", "5_o_Clock_Shadow": 0.03654540702700615, "Arched_Eyebrows": 0.00272831111215055, "Attractive": 0.07402713596820831, "Bags_Under_Eyes": 0.0660601481795311, "Bald": 0.0011143124429509044, "Bangs": 0.00024749207659624517, "Big_Lips": 0.004750925116240978, "Big_Nose": 0.11171504855155945, "Black_Hair": 0.0028524622321128845, "Blond_Hair": 0.017250018194317818, "Blurry": 0.15440106391906738, "Brown_Hair": 0.016764098778367043, "Bushy_Eyebrows": 0.00028602141537703574, "Chubby": 0.05131281912326813, "Double_Chin": 0.061228010803461075, "Eyeglasses": 0.0027802465483546257, "Goatee": 0.0005306139937601984, "Gray_Hair": 0.26262301206588745, "Heavy_Makeup": 0.00016160034283529967, "High_Cheekbones": 0.06841806322336197, "Male": 0.9993388056755066, "Mouth_Slightly_Open": 0.011829452589154243, "Mustache": 0.0008021038956940174, "Narrow_Eyes": 0.05520397424697876, "No_Beard": 0.9785522818565369, "Oval_Face": 0.2446991205215454, "Pale_Skin": 0.016495313495397568, "Pointy_Nose": 0.1270633339881897, "Receding_Hairline": 0.24547415971755981, "Rosy_Cheeks": 0.0006350556504912674, "Sideburns": 0.0005913233035244048, "Smiling": 0.2455819547176361, "Straight_Hair": 0.11008954048156738, "Wavy_Hair": 0.05355823040008545, "Wearing_Earrings": 0.0003672103921417147, "Wearing_Hat": 9.938181756297126e-05, "Wearing_Lipstick": 8.38353589642793e-05, "Wearing_Necklace": 0.00030152048566378653, "Wearing_Necktie": 0.6113101243972778, "Young": 0.24267354607582092, "df_race": "white", "df_race_prob": 55.26440739631653, "df_gender": "Man", "df_gender_prob": 99.8400866985321, "df_age": 39, "df_emotion": "neutral", "df_emotion_prob": 89.13920521736145}