{"name": "Matthew_Broderick_0004.jpg", "5_o_Clock_Shadow": 0.8345229625701904, "Arched_Eyebrows": 0.009442942216992378, "Attractive": 0.4806029796600342, "Bags_Under_Eyes": 0.0582033134996891, "Bald": 0.001046217861585319, "Bangs": 0.0004273885570000857, "Big_Lips": 0.015253382734954357, "Big_Nose": 0.057619858533144, "Black_Hair": 0.00712595134973526, "Blond_Hair": 0.006369066424667835, "Blurry": 0.12155229598283768, "Brown_Hair": 0.1542116105556488, "Bushy_Eyebrows": 0.005562096834182739, "Chubby": 0.007450297940522432, "Double_Chin": 0.0072854384779930115, "Eyeglasses": 0.0005382800591178238, "Goatee": 0.005899961106479168, "Gray_Hair": 0.0049550458788871765, "Heavy_Makeup": 0.0003123310161754489, "High_Cheekbones": 0.1106221154332161, "Male": 0.9990624785423279, "Mouth_Slightly_Open": 0.004118162207305431, "Mustache": 0.00275805895216763, "Narrow_Eyes": 0.06253031641244888, "No_Beard": 0.3525408208370209, "Oval_Face": 0.23507362604141235, "Pale_Skin": 0.07831963151693344, "Pointy_Nose": 0.42049476504325867, "Receding_Hairline": 0.030685001984238625, "Rosy_Cheeks": 0.00021409668261185288, "Sideburns": 0.023606155067682266, "Smiling": 0.7606812715530396, "Straight_Hair": 0.41640207171440125, "Wavy_Hair": 0.013999925926327705, "Wearing_Earrings": 0.0005651280516758561, "Wearing_Hat": 0.0006151461275294423, "Wearing_Lipstick": 0.0002882225962821394, "Wearing_Necklace": 0.0005865303101018071, "Wearing_Necktie": 0.017346087843179703, "Young": 0.6684811115264893, "df_race": "white", "df_race_prob": 99.47452551430159, "df_gender": "Man", "df_gender_prob": 99.93582367897034, "df_age": 25, "df_emotion": "happy", "df_emotion_prob": 60.39288640022278}