{"name": "Matt_Herden_0001.jpg", "5_o_Clock_Shadow": 0.006133968476206064, "Arched_Eyebrows": 0.01760939694941044, "Attractive": 0.017372017726302147, "Bags_Under_Eyes": 0.3108883500099182, "Bald": 0.8888150453567505, "Bangs": 0.0019234009087085724, "Big_Lips": 0.012189860455691814, "Big_Nose": 0.048616986721754074, "Black_Hair": 0.00225844350643456, "Blond_Hair": 0.0029869969002902508, "Blurry": 0.24301788210868835, "Brown_Hair": 0.0015971936518326402, "Bushy_Eyebrows": 0.003995544742792845, "Chubby": 0.32788071036338806, "Double_Chin": 0.12874427437782288, "Eyeglasses": 0.0018612080020830035, "Goatee": 0.0074935066513717175, "Gray_Hair": 0.12427349388599396, "Heavy_Makeup": 0.0007233218057081103, "High_Cheekbones": 0.01740211993455887, "Male": 0.9960856437683105, "Mouth_Slightly_Open": 0.0037567000836133957, "Mustache": 0.20351000130176544, "Narrow_Eyes": 0.12348731607198715, "No_Beard": 0.5237854719161987, "Oval_Face": 0.42594119906425476, "Pale_Skin": 0.06002127006649971, "Pointy_Nose": 0.10270126163959503, "Receding_Hairline": 0.10026156902313232, "Rosy_Cheeks": 0.00028002055478282273, "Sideburns": 0.0036355135962367058, "Smiling": 0.010465648025274277, "Straight_Hair": 0.004743643570691347, "Wavy_Hair": 0.005979388952255249, "Wearing_Earrings": 0.0013953500892966986, "Wearing_Hat": 0.0019708627369254827, "Wearing_Lipstick": 0.0009024986648000777, "Wearing_Necklace": 0.0010013030841946602, "Wearing_Necktie": 0.05284488573670387, "Young": 0.04853444546461105, "df_race": "white", "df_race_prob": 56.925421953201294, "df_gender": "Man", "df_gender_prob": 99.91706609725952, "df_age": 40, "df_emotion": "neutral", "df_emotion_prob": 82.1351408958435}