{"name": "Matthias_Sammer_0001.jpg", "5_o_Clock_Shadow": 0.013885125517845154, "Arched_Eyebrows": 0.0009218121413141489, "Attractive": 0.00614370871335268, "Bags_Under_Eyes": 0.3383331000804901, "Bald": 0.03221571072936058, "Bangs": 0.0009595521842129529, "Big_Lips": 0.010343643836677074, "Big_Nose": 0.20216016471385956, "Black_Hair": 0.000455790082924068, "Blond_Hair": 0.20352870225906372, "Blurry": 0.08075197041034698, "Brown_Hair": 0.00708536384627223, "Bushy_Eyebrows": 4.9804788432084024e-05, "Chubby": 0.046183206140995026, "Double_Chin": 0.00694750202819705, "Eyeglasses": 0.0006393160438165069, "Goatee": 0.0009763858397491276, "Gray_Hair": 0.14234095811843872, "Heavy_Makeup": 9.905047772917897e-05, "High_Cheekbones": 0.05988123640418053, "Male": 0.9692903757095337, "Mouth_Slightly_Open": 0.006793460808694363, "Mustache": 0.0010888935066759586, "Narrow_Eyes": 0.008779473602771759, "No_Beard": 0.9822410941123962, "Oval_Face": 0.05348709598183632, "Pale_Skin": 0.0435127355158329, "Pointy_Nose": 0.019601473584771156, "Receding_Hairline": 0.25652626156806946, "Rosy_Cheeks": 5.273066199151799e-05, "Sideburns": 0.0027602289337664843, "Smiling": 0.0032854038290679455, "Straight_Hair": 0.14789561927318573, "Wavy_Hair": 0.005348397884517908, "Wearing_Earrings": 0.004521000199019909, "Wearing_Hat": 0.00031607417622581124, "Wearing_Lipstick": 0.0001697436673566699, "Wearing_Necklace": 0.0012628573458641768, "Wearing_Necktie": 0.007488484028726816, "Young": 0.11289650946855545, "df_race": "white", "df_race_prob": 98.4373688697815, "df_gender": "Man", "df_gender_prob": 99.93859529495239, "df_age": 34, "df_emotion": "sad", "df_emotion_prob": 62.50687688507117}