{"name": "Matt_Dillon_0002.jpg", "5_o_Clock_Shadow": 0.09785273671150208, "Arched_Eyebrows": 0.003767535788938403, "Attractive": 0.0781029611825943, "Bags_Under_Eyes": 0.041788797825574875, "Bald": 0.0007083308300934732, "Bangs": 0.04845570772886276, "Big_Lips": 0.00938465166836977, "Big_Nose": 0.04863671585917473, "Black_Hair": 0.013171323575079441, "Blond_Hair": 0.003591412678360939, "Blurry": 0.17524422705173492, "Brown_Hair": 0.1122601255774498, "Bushy_Eyebrows": 0.06408338993787766, "Chubby": 0.005532065872102976, "Double_Chin": 0.002953415969386697, "Eyeglasses": 0.0006725633866153657, "Goatee": 0.00036629976239055395, "Gray_Hair": 0.008478758856654167, "Heavy_Makeup": 0.00020049503655172884, "High_Cheekbones": 0.005378064699470997, "Male": 0.9996637105941772, "Mouth_Slightly_Open": 0.0010564200347289443, "Mustache": 0.000665352214127779, "Narrow_Eyes": 0.05238988995552063, "No_Beard": 0.9922791719436646, "Oval_Face": 0.06457395106554031, "Pale_Skin": 0.029995007440447807, "Pointy_Nose": 0.28122571110725403, "Receding_Hairline": 0.0013061296194791794, "Rosy_Cheeks": 0.00042353192111477256, "Sideburns": 0.00039089255733415484, "Smiling": 0.004960757214576006, "Straight_Hair": 0.13948719203472137, "Wavy_Hair": 0.046728186309337616, "Wearing_Earrings": 0.001043698051944375, "Wearing_Hat": 0.0027010529302060604, "Wearing_Lipstick": 0.0005054546636529267, "Wearing_Necklace": 0.01774740032851696, "Wearing_Necktie": 0.003912977408617735, "Young": 0.5020284652709961, "df_race": "white", "df_race_prob": 99.13139939308167, "df_gender": "Man", "df_gender_prob": 99.94731545448303, "df_age": 28, "df_emotion": "neutral", "df_emotion_prob": 87.4955952167511}