{"name": "Matt_Siebrandt_0001.jpg", "5_o_Clock_Shadow": 0.014681199565529823, "Arched_Eyebrows": 0.008253132924437523, "Attractive": 0.14039507508277893, "Bags_Under_Eyes": 0.09774857014417648, "Bald": 0.023958321660757065, "Bangs": 8.621464075986296e-05, "Big_Lips": 0.026145538315176964, "Big_Nose": 0.027981771156191826, "Black_Hair": 0.008387799374759197, "Blond_Hair": 0.011043626815080643, "Blurry": 0.029364649206399918, "Brown_Hair": 0.010175087489187717, "Bushy_Eyebrows": 0.001285263802856207, "Chubby": 0.011560236103832722, "Double_Chin": 0.001051548752002418, "Eyeglasses": 0.00017859386571217328, "Goatee": 0.0007314970716834068, "Gray_Hair": 0.0024533849209547043, "Heavy_Makeup": 0.0005452935001812875, "High_Cheekbones": 0.1710851490497589, "Male": 0.9942753911018372, "Mouth_Slightly_Open": 0.8843842148780823, "Mustache": 0.00044903266825713217, "Narrow_Eyes": 0.6157779693603516, "No_Beard": 0.9886031150817871, "Oval_Face": 0.17214016616344452, "Pale_Skin": 0.02847742661833763, "Pointy_Nose": 0.050905920565128326, "Receding_Hairline": 0.10454462468624115, "Rosy_Cheeks": 3.7839708966203034e-05, "Sideburns": 0.0005107942270115018, "Smiling": 0.466130793094635, "Straight_Hair": 0.031152119860053062, "Wavy_Hair": 0.003423514077439904, "Wearing_Earrings": 0.013075927272439003, "Wearing_Hat": 0.0009257839410565794, "Wearing_Lipstick": 0.001225352636538446, "Wearing_Necklace": 0.0017087002051994205, "Wearing_Necktie": 0.0008900270331650972, "Young": 0.9106366038322449, "df_race": "white", "df_race_prob": 34.62398946285248, "df_gender": "Man", "df_gender_prob": 99.55374002456665, "df_age": 25, "df_emotion": "happy", "df_emotion_prob": 99.96117353207907}