{"name": "Maura_Tierney_0001.jpg", "5_o_Clock_Shadow": 0.0008740195771679282, "Arched_Eyebrows": 0.02358274720609188, "Attractive": 0.18390154838562012, "Bags_Under_Eyes": 0.06597109138965607, "Bald": 0.0025857093278318644, "Bangs": 0.0006938176229596138, "Big_Lips": 0.041671235114336014, "Big_Nose": 0.018940914422273636, "Black_Hair": 0.0011437034700065851, "Blond_Hair": 0.35117805004119873, "Blurry": 0.1354718953371048, "Brown_Hair": 0.01518258173018694, "Bushy_Eyebrows": 0.00026666035410016775, "Chubby": 0.00862768106162548, "Double_Chin": 0.008520586416125298, "Eyeglasses": 0.0010272562503814697, "Goatee": 0.0002093242947012186, "Gray_Hair": 0.09304511547088623, "Heavy_Makeup": 0.006080783903598785, "High_Cheekbones": 0.928357720375061, "Male": 0.030727552250027657, "Mouth_Slightly_Open": 0.9940996170043945, "Mustache": 0.00013905383821111172, "Narrow_Eyes": 0.3208893835544586, "No_Beard": 0.9987168312072754, "Oval_Face": 0.2125508040189743, "Pale_Skin": 0.025400618091225624, "Pointy_Nose": 0.08489301800727844, "Receding_Hairline": 0.07050257921218872, "Rosy_Cheeks": 0.0006136915180832148, "Sideburns": 0.0002866875729523599, "Smiling": 0.9941685199737549, "Straight_Hair": 0.2603769600391388, "Wavy_Hair": 0.008732319809496403, "Wearing_Earrings": 0.09307581931352615, "Wearing_Hat": 0.00018998731684405357, "Wearing_Lipstick": 0.025025535374879837, "Wearing_Necklace": 0.4710966944694519, "Wearing_Necktie": 0.00040710793109610677, "Young": 0.21145939826965332, "df_race": "white", "df_race_prob": 39.98534083366394, "df_gender": "Woman", "df_gender_prob": 99.92966651916504, "df_age": 31, "df_emotion": "happy", "df_emotion_prob": 96.89280390739441}