{"name": "Mauro_Viza_0001.jpg", "5_o_Clock_Shadow": 0.006744803860783577, "Arched_Eyebrows": 0.0007699544657953084, "Attractive": 0.045794978737831116, "Bags_Under_Eyes": 0.13934656977653503, "Bald": 0.0007216676021926105, "Bangs": 0.00013821545871905982, "Big_Lips": 0.007878551259636879, "Big_Nose": 0.07144470512866974, "Black_Hair": 0.15457282960414886, "Blond_Hair": 0.005352618172764778, "Blurry": 0.166737899184227, "Brown_Hair": 0.017584146931767464, "Bushy_Eyebrows": 0.0006469788495451212, "Chubby": 0.051896195858716965, "Double_Chin": 0.013912769965827465, "Eyeglasses": 0.0008619385189376771, "Goatee": 0.00025378979626111686, "Gray_Hair": 0.0047170016914606094, "Heavy_Makeup": 0.0003216759650968015, "High_Cheekbones": 0.7087245583534241, "Male": 0.9931043982505798, "Mouth_Slightly_Open": 0.9919936656951904, "Mustache": 0.0003584075893741101, "Narrow_Eyes": 0.23242610692977905, "No_Beard": 0.9955620765686035, "Oval_Face": 0.2438991218805313, "Pale_Skin": 0.005616647657006979, "Pointy_Nose": 0.0056419349275529385, "Receding_Hairline": 0.023563940078020096, "Rosy_Cheeks": 0.00012612687714863569, "Sideburns": 0.00021098583238199353, "Smiling": 0.9445025324821472, "Straight_Hair": 0.5775656700134277, "Wavy_Hair": 0.006596761289983988, "Wearing_Earrings": 0.000589577597565949, "Wearing_Hat": 0.00017456446948926896, "Wearing_Lipstick": 0.0002595283731352538, "Wearing_Necklace": 0.000520229572430253, "Wearing_Necktie": 0.02536105550825596, "Young": 0.462205171585083, "df_race": "asian", "df_race_prob": 66.50950312614441, "df_gender": "Man", "df_gender_prob": 99.96249675750732, "df_age": 24, "df_emotion": "happy", "df_emotion_prob": 95.03135055490438}