{"name": "Megawati_Sukarnoputri_0009.jpg", "5_o_Clock_Shadow": 0.0010539848590269685, "Arched_Eyebrows": 0.13197773694992065, "Attractive": 0.023116610944271088, "Bags_Under_Eyes": 0.028014050796628, "Bald": 0.00021994541748426855, "Bangs": 0.00113983906339854, "Big_Lips": 0.006501576863229275, "Big_Nose": 0.07329299300909042, "Black_Hair": 0.22480951249599457, "Blond_Hair": 0.003340116934850812, "Blurry": 0.08174612373113632, "Brown_Hair": 0.007871432229876518, "Bushy_Eyebrows": 0.012675848789513111, "Chubby": 0.07506473362445831, "Double_Chin": 0.01770140789449215, "Eyeglasses": 0.9585858583450317, "Goatee": 0.00020947583834640682, "Gray_Hair": 0.08760953694581985, "Heavy_Makeup": 0.007092874962836504, "High_Cheekbones": 0.07883384823799133, "Male": 0.02381264418363571, "Mouth_Slightly_Open": 0.003987135365605354, "Mustache": 0.0004411225381772965, "Narrow_Eyes": 0.005307537969201803, "No_Beard": 0.9974685907363892, "Oval_Face": 0.4924801290035248, "Pale_Skin": 0.04805026575922966, "Pointy_Nose": 0.0110451215878129, "Receding_Hairline": 0.053428974002599716, "Rosy_Cheeks": 0.00029951866599731147, "Sideburns": 0.0003738351515494287, "Smiling": 0.006969706621021032, "Straight_Hair": 0.03427587077021599, "Wavy_Hair": 0.2228490710258484, "Wearing_Earrings": 0.297726035118103, "Wearing_Hat": 0.001587895443663001, "Wearing_Lipstick": 0.018004823476076126, "Wearing_Necklace": 0.09875668585300446, "Wearing_Necktie": 0.0009419125271961093, "Young": 0.2556043565273285, "df_race": "indian", "df_race_prob": 43.95488202571869, "df_gender": "Man", "df_gender_prob": 81.02211952209473, "df_age": 44, "df_emotion": "neutral", "df_emotion_prob": 94.08166408538818}