{"name": "Mekhi_Phifer_0001.jpg", "5_o_Clock_Shadow": 0.22319917380809784, "Arched_Eyebrows": 0.286668062210083, "Attractive": 0.043028298765420914, "Bags_Under_Eyes": 0.32783418893814087, "Bald": 0.9788246154785156, "Bangs": 0.003376305801793933, "Big_Lips": 0.826797604560852, "Big_Nose": 0.9315164089202881, "Black_Hair": 0.02287188172340393, "Blond_Hair": 0.005542862694710493, "Blurry": 0.13251394033432007, "Brown_Hair": 0.0015629885019734502, "Bushy_Eyebrows": 0.01875072531402111, "Chubby": 0.2358817309141159, "Double_Chin": 0.047306157648563385, "Eyeglasses": 0.003075311193242669, "Goatee": 0.12420827895402908, "Gray_Hair": 0.006315011065453291, "Heavy_Makeup": 0.0006288014119490981, "High_Cheekbones": 0.9329081177711487, "Male": 0.9995929598808289, "Mouth_Slightly_Open": 0.9957594275474548, "Mustache": 0.06325734406709671, "Narrow_Eyes": 0.33629921078681946, "No_Beard": 0.23253028094768524, "Oval_Face": 0.7392786741256714, "Pale_Skin": 0.005871205125004053, "Pointy_Nose": 0.0015858843689784408, "Receding_Hairline": 0.15542156994342804, "Rosy_Cheeks": 5.745044836658053e-05, "Sideburns": 0.010451214388012886, "Smiling": 0.9973722696304321, "Straight_Hair": 0.001158950966782868, "Wavy_Hair": 0.0019583983812481165, "Wearing_Earrings": 0.14934560656547546, "Wearing_Hat": 0.00248001329600811, "Wearing_Lipstick": 0.0018920853035524487, "Wearing_Necklace": 0.011668992228806019, "Wearing_Necktie": 0.007333177607506514, "Young": 0.9073048830032349, "df_race": "black", "df_race_prob": 100.0, "df_gender": "Man", "df_gender_prob": 99.9903678894043, "df_age": 25, "df_emotion": "happy", "df_emotion_prob": 97.27209177876613}