{"name": "Melana_Scantlin_0001.jpg", "5_o_Clock_Shadow": 0.0003040851734112948, "Arched_Eyebrows": 0.3440375328063965, "Attractive": 0.3532894551753998, "Bags_Under_Eyes": 0.003914126195013523, "Bald": 0.00022817379795014858, "Bangs": 0.0013692810898646712, "Big_Lips": 0.04554813727736473, "Big_Nose": 0.002263373229652643, "Black_Hair": 0.0019613290205597878, "Blond_Hair": 0.9338405132293701, "Blurry": 0.12075313180685043, "Brown_Hair": 0.007931020110845566, "Bushy_Eyebrows": 0.0002077705430565402, "Chubby": 0.008342757821083069, "Double_Chin": 0.001801266334950924, "Eyeglasses": 0.00013243110151961446, "Goatee": 0.00010631616896716878, "Gray_Hair": 0.003648898331448436, "Heavy_Makeup": 0.37809672951698303, "High_Cheekbones": 0.318232923746109, "Male": 0.0005120757850818336, "Mouth_Slightly_Open": 0.9647524952888489, "Mustache": 6.829718768130988e-05, "Narrow_Eyes": 0.017042256891727448, "No_Beard": 0.9990492463111877, "Oval_Face": 0.5084627270698547, "Pale_Skin": 0.05003030598163605, "Pointy_Nose": 0.08683723956346512, "Receding_Hairline": 0.01030014455318451, "Rosy_Cheeks": 0.0003498826117720455, "Sideburns": 0.00016654682985972613, "Smiling": 0.3687654137611389, "Straight_Hair": 0.40325766801834106, "Wavy_Hair": 0.14006242156028748, "Wearing_Earrings": 0.018110275268554688, "Wearing_Hat": 0.00027508128550834954, "Wearing_Lipstick": 0.6396216154098511, "Wearing_Necklace": 0.015287407673895359, "Wearing_Necktie": 0.00011875071504618973, "Young": 0.8222639560699463, "df_race": "white", "df_race_prob": 43.07458781306889, "df_gender": "Woman", "df_gender_prob": 52.12966203689575, "df_age": 30, "df_emotion": "fear", "df_emotion_prob": 38.10206651687622}