{"name": "Meryl_Streep_0006.jpg", "5_o_Clock_Shadow": 0.0024471052456647158, "Arched_Eyebrows": 0.09161917865276337, "Attractive": 0.09670035541057587, "Bags_Under_Eyes": 0.1646062731742859, "Bald": 0.0006239479407668114, "Bangs": 0.0006210358114913106, "Big_Lips": 0.010455712676048279, "Big_Nose": 0.04114697128534317, "Black_Hair": 0.0023811066057533026, "Blond_Hair": 0.07425680011510849, "Blurry": 0.39057058095932007, "Brown_Hair": 0.01830153353512287, "Bushy_Eyebrows": 0.00252458150498569, "Chubby": 0.012192587368190289, "Double_Chin": 0.002326855668798089, "Eyeglasses": 0.00039183272747322917, "Goatee": 0.0003589853295125067, "Gray_Hair": 0.03302060440182686, "Heavy_Makeup": 0.0037402785383164883, "High_Cheekbones": 0.44952818751335144, "Male": 0.13263170421123505, "Mouth_Slightly_Open": 0.012547330930829048, "Mustache": 0.00045631243847310543, "Narrow_Eyes": 0.37107470631599426, "No_Beard": 0.9905339479446411, "Oval_Face": 0.23129084706306458, "Pale_Skin": 0.04346518963575363, "Pointy_Nose": 0.1761140376329422, "Receding_Hairline": 0.12114624679088593, "Rosy_Cheeks": 0.00025479888427071273, "Sideburns": 0.0004932553274556994, "Smiling": 0.5902993083000183, "Straight_Hair": 0.022919774055480957, "Wavy_Hair": 0.16154715418815613, "Wearing_Earrings": 0.007872556336224079, "Wearing_Hat": 0.0004404609790071845, "Wearing_Lipstick": 0.007817594334483147, "Wearing_Necklace": 0.0042105745524168015, "Wearing_Necktie": 0.0013693437213078141, "Young": 0.2280433624982834, "df_race": "white", "df_race_prob": 98.71838681211393, "df_gender": "Man", "df_gender_prob": 77.79765129089355, "df_age": 35, "df_emotion": "happy", "df_emotion_prob": 98.04103362804852}