{"name": "Mesut_Yilmaz_0002.jpg", "5_o_Clock_Shadow": 0.006677847821265459, "Arched_Eyebrows": 0.0003216848417650908, "Attractive": 0.0036823430564254522, "Bags_Under_Eyes": 0.33317455649375916, "Bald": 0.0027459526900202036, "Bangs": 0.00024284726532641798, "Big_Lips": 0.009141889400780201, "Big_Nose": 0.38474947214126587, "Black_Hair": 0.014028587378561497, "Blond_Hair": 0.0022024435456842184, "Blurry": 0.05658174678683281, "Brown_Hair": 0.005418168380856514, "Bushy_Eyebrows": 0.00035962776746600866, "Chubby": 0.07574339956045151, "Double_Chin": 0.1323188841342926, "Eyeglasses": 0.33274155855178833, "Goatee": 0.0010416152654215693, "Gray_Hair": 0.5185320973396301, "Heavy_Makeup": 4.5489265176001936e-05, "High_Cheekbones": 0.020381242036819458, "Male": 0.9997180104255676, "Mouth_Slightly_Open": 0.9495905637741089, "Mustache": 0.0019540025386959314, "Narrow_Eyes": 0.006200812757015228, "No_Beard": 0.9891939163208008, "Oval_Face": 0.11414632946252823, "Pale_Skin": 0.007927242666482925, "Pointy_Nose": 0.03779221698641777, "Receding_Hairline": 0.07850237190723419, "Rosy_Cheeks": 0.00017742002091836184, "Sideburns": 0.0009757803636603057, "Smiling": 0.00713361008092761, "Straight_Hair": 0.5472298860549927, "Wavy_Hair": 0.001271396060474217, "Wearing_Earrings": 0.00034486764343455434, "Wearing_Hat": 0.0006442861631512642, "Wearing_Lipstick": 0.00012120625615352765, "Wearing_Necklace": 0.00018581673793960363, "Wearing_Necktie": 0.6495910286903381, "Young": 0.016802417114377022, "df_race": "latino hispanic", "df_race_prob": 36.579795072054274, "df_gender": "Man", "df_gender_prob": 99.99635219573975, "df_age": 44, "df_emotion": "neutral", "df_emotion_prob": 40.22654113453136}