{"name": "Michael_Chang_0005.jpg", "5_o_Clock_Shadow": 0.0022238767705857754, "Arched_Eyebrows": 0.0018074791878461838, "Attractive": 0.003080732421949506, "Bags_Under_Eyes": 0.12699845433235168, "Bald": 0.0004500392242334783, "Bangs": 0.20987604558467865, "Big_Lips": 0.011837017722427845, "Big_Nose": 0.022526156157255173, "Black_Hair": 0.012716108001768589, "Blond_Hair": 0.019722962751984596, "Blurry": 0.14614994823932648, "Brown_Hair": 0.054559700191020966, "Bushy_Eyebrows": 0.0011109350016340613, "Chubby": 0.004685029853135347, "Double_Chin": 0.0012987555237486959, "Eyeglasses": 0.0011559592094272375, "Goatee": 0.0013880915939807892, "Gray_Hair": 0.00908641517162323, "Heavy_Makeup": 0.0003786324814427644, "High_Cheekbones": 0.08365079015493393, "Male": 0.8945403695106506, "Mouth_Slightly_Open": 0.9277212023735046, "Mustache": 0.0007989411824382842, "Narrow_Eyes": 0.09171327203512192, "No_Beard": 0.9948621392250061, "Oval_Face": 0.15219180285930634, "Pale_Skin": 0.0013157642679288983, "Pointy_Nose": 0.005726344417780638, "Receding_Hairline": 0.002532827202230692, "Rosy_Cheeks": 7.23641860531643e-05, "Sideburns": 0.0008822770905680954, "Smiling": 0.002644941210746765, "Straight_Hair": 0.4700554609298706, "Wavy_Hair": 0.009963813237845898, "Wearing_Earrings": 0.003671020967885852, "Wearing_Hat": 0.0007203171844594181, "Wearing_Lipstick": 0.000685516104567796, "Wearing_Necklace": 0.0033944305032491684, "Wearing_Necktie": 0.0006499186856672168, "Young": 0.7064505219459534, "df_race": "asian", "df_race_prob": 95.55844068527222, "df_gender": "Man", "df_gender_prob": 99.27558302879333, "df_age": 31, "df_emotion": "surprise", "df_emotion_prob": 78.07478904724121}