{"name": "Michael_McNeely_0001.jpg", "5_o_Clock_Shadow": 0.01267080008983612, "Arched_Eyebrows": 0.0002615905541460961, "Attractive": 0.014680310152471066, "Bags_Under_Eyes": 0.09344665706157684, "Bald": 0.0009449152275919914, "Bangs": 0.001189620466902852, "Big_Lips": 0.003148601856082678, "Big_Nose": 0.07595518231391907, "Black_Hair": 0.0008510484476573765, "Blond_Hair": 0.14507275819778442, "Blurry": 0.15342846512794495, "Brown_Hair": 0.016652369871735573, "Bushy_Eyebrows": 0.000953264650888741, "Chubby": 0.049080513417720795, "Double_Chin": 0.03153299167752266, "Eyeglasses": 0.003544042119756341, "Goatee": 0.00033190802787430584, "Gray_Hair": 0.3846825063228607, "Heavy_Makeup": 0.00029549049213528633, "High_Cheekbones": 0.05059628188610077, "Male": 0.9940807223320007, "Mouth_Slightly_Open": 0.01931198313832283, "Mustache": 0.0006103817140683532, "Narrow_Eyes": 0.13209933042526245, "No_Beard": 0.993408203125, "Oval_Face": 0.23347081243991852, "Pale_Skin": 0.060843221843242645, "Pointy_Nose": 0.012341580353677273, "Receding_Hairline": 0.004442361183464527, "Rosy_Cheeks": 9.101356408791617e-05, "Sideburns": 0.0011905680876225233, "Smiling": 0.023688042536377907, "Straight_Hair": 0.5539759993553162, "Wavy_Hair": 0.014376037754118443, "Wearing_Earrings": 0.0005138705600984395, "Wearing_Hat": 0.00020471449533943087, "Wearing_Lipstick": 9.298317309003323e-05, "Wearing_Necklace": 0.00042103714076802135, "Wearing_Necktie": 0.26571065187454224, "Young": 0.06204909831285477, "df_race": "white", "df_race_prob": 67.33563347671232, "df_gender": "Man", "df_gender_prob": 99.99727010726929, "df_age": 24, "df_emotion": "neutral", "df_emotion_prob": 93.73154044151306}