{"name": "Michael_Doleac_0001.jpg", "5_o_Clock_Shadow": 0.03261968120932579, "Arched_Eyebrows": 0.0003247812273912132, "Attractive": 0.0076038832776248455, "Bags_Under_Eyes": 0.007612524088472128, "Bald": 0.0027376331854611635, "Bangs": 0.004396623931825161, "Big_Lips": 0.0036817940417677164, "Big_Nose": 0.007623753044754267, "Black_Hair": 0.0020734297577291727, "Blond_Hair": 0.21758200228214264, "Blurry": 0.41675499081611633, "Brown_Hair": 0.010713555850088596, "Bushy_Eyebrows": 0.0002531080972403288, "Chubby": 0.010765680111944675, "Double_Chin": 0.0047929733991622925, "Eyeglasses": 0.0024345116689801216, "Goatee": 0.0026161253917962313, "Gray_Hair": 0.07295667380094528, "Heavy_Makeup": 0.000518948130775243, "High_Cheekbones": 0.014515258371829987, "Male": 0.9931603670120239, "Mouth_Slightly_Open": 0.02949449047446251, "Mustache": 0.0014965756563469768, "Narrow_Eyes": 0.1300688087940216, "No_Beard": 0.9224156141281128, "Oval_Face": 0.19444219768047333, "Pale_Skin": 0.009414060972630978, "Pointy_Nose": 0.03238654136657715, "Receding_Hairline": 0.01339117344468832, "Rosy_Cheeks": 0.00010645515430951491, "Sideburns": 0.003732447512447834, "Smiling": 0.00117961666546762, "Straight_Hair": 0.45182302594184875, "Wavy_Hair": 0.009786168113350868, "Wearing_Earrings": 0.0017651779344305396, "Wearing_Hat": 0.0005024956772103906, "Wearing_Lipstick": 0.00012623480870388448, "Wearing_Necklace": 0.0020360685884952545, "Wearing_Necktie": 0.0018378254026174545, "Young": 0.7839804291725159, "df_race": "white", "df_race_prob": 74.26196932792664, "df_gender": "Man", "df_gender_prob": 99.84468817710876, "df_age": 24, "df_emotion": "sad", "df_emotion_prob": 68.25050929194799}