{"name": "Michael_Phelps_0004.jpg", "5_o_Clock_Shadow": 0.05546143278479576, "Arched_Eyebrows": 0.0007478597690351307, "Attractive": 0.18070481717586517, "Bags_Under_Eyes": 0.36225855350494385, "Bald": 0.0009539052261970937, "Bangs": 0.000789881800301373, "Big_Lips": 0.029973255470395088, "Big_Nose": 0.1604839563369751, "Black_Hair": 0.010497230105102062, "Blond_Hair": 0.019839923828840256, "Blurry": 0.11212663352489471, "Brown_Hair": 0.10683663189411163, "Bushy_Eyebrows": 0.015082428231835365, "Chubby": 0.0020132199861109257, "Double_Chin": 0.0022581524681299925, "Eyeglasses": 0.0003209986025467515, "Goatee": 0.0015523377805948257, "Gray_Hair": 0.002164318924769759, "Heavy_Makeup": 0.00045252894051373005, "High_Cheekbones": 0.8638646602630615, "Male": 0.991969883441925, "Mouth_Slightly_Open": 0.9959838390350342, "Mustache": 0.0014158855192363262, "Narrow_Eyes": 0.4568985402584076, "No_Beard": 0.9760563373565674, "Oval_Face": 0.15116257965564728, "Pale_Skin": 0.0022780662402510643, "Pointy_Nose": 0.014271505177021027, "Receding_Hairline": 0.0017712562112137675, "Rosy_Cheeks": 6.270941958064213e-05, "Sideburns": 0.0009209872223436832, "Smiling": 0.9859954714775085, "Straight_Hair": 0.5523156523704529, "Wavy_Hair": 0.0015518389409407973, "Wearing_Earrings": 0.0020018217619508505, "Wearing_Hat": 0.0009795667137950659, "Wearing_Lipstick": 0.00038426919491030276, "Wearing_Necklace": 0.0009213919402100146, "Wearing_Necktie": 0.0007488849223591387, "Young": 0.9467825293540955, "df_race": "white", "df_race_prob": 89.81608748435974, "df_gender": "Man", "df_gender_prob": 99.9898910522461, "df_age": 24, "df_emotion": "happy", "df_emotion_prob": 99.93785619735718}