{"name": "Michalis_Chrisohoides_0001.jpg", "5_o_Clock_Shadow": 0.1282256692647934, "Arched_Eyebrows": 0.006429080851376057, "Attractive": 0.04206354171037674, "Bags_Under_Eyes": 0.07659721374511719, "Bald": 0.0023479582741856575, "Bangs": 0.0014138859696686268, "Big_Lips": 0.013257022947072983, "Big_Nose": 0.04643022641539574, "Black_Hair": 0.1265994906425476, "Blond_Hair": 0.00092546601081267, "Blurry": 0.26376914978027344, "Brown_Hair": 0.010120791383087635, "Bushy_Eyebrows": 0.08943046629428864, "Chubby": 0.009775499813258648, "Double_Chin": 0.008429521694779396, "Eyeglasses": 0.0033737446647137403, "Goatee": 0.0006022091838531196, "Gray_Hair": 0.014096558094024658, "Heavy_Makeup": 8.387502020923421e-05, "High_Cheekbones": 0.007976983673870564, "Male": 0.9994159936904907, "Mouth_Slightly_Open": 0.0018351287581026554, "Mustache": 0.0037397986743599176, "Narrow_Eyes": 0.008423557505011559, "No_Beard": 0.94161456823349, "Oval_Face": 0.07755323499441147, "Pale_Skin": 0.016103524714708328, "Pointy_Nose": 0.2644716501235962, "Receding_Hairline": 0.005291843321174383, "Rosy_Cheeks": 7.291584915947169e-05, "Sideburns": 0.0023675584234297276, "Smiling": 0.0045745475217700005, "Straight_Hair": 0.42969927191734314, "Wavy_Hair": 0.008674775250256062, "Wearing_Earrings": 0.00020401067740749568, "Wearing_Hat": 0.0006953487172722816, "Wearing_Lipstick": 0.0001228545152116567, "Wearing_Necklace": 0.0001725686015561223, "Wearing_Necktie": 0.7118105292320251, "Young": 0.18394802510738373, "df_race": "middle eastern", "df_race_prob": 57.44507908821106, "df_gender": "Man", "df_gender_prob": 99.99719858169556, "df_age": 43, "df_emotion": "neutral", "df_emotion_prob": 60.86874370984695}