{"name": "Michael_DeMinico_0001.jpg", "5_o_Clock_Shadow": 0.010609138756990433, "Arched_Eyebrows": 0.00031852838583290577, "Attractive": 0.01209461223334074, "Bags_Under_Eyes": 0.14125406742095947, "Bald": 0.001323697972111404, "Bangs": 0.008689731359481812, "Big_Lips": 0.004563517868518829, "Big_Nose": 0.0783754214644432, "Black_Hair": 0.0007714542443864048, "Blond_Hair": 0.1924179047346115, "Blurry": 0.3280356526374817, "Brown_Hair": 0.009911620989441872, "Bushy_Eyebrows": 4.865264781983569e-05, "Chubby": 0.017607349902391434, "Double_Chin": 0.0061045801267027855, "Eyeglasses": 0.004387903492897749, "Goatee": 0.0007265587919391692, "Gray_Hair": 0.28635337948799133, "Heavy_Makeup": 0.00010202523117186502, "High_Cheekbones": 0.008420336060225964, "Male": 0.9948543906211853, "Mouth_Slightly_Open": 0.0026427824050188065, "Mustache": 0.0010616290383040905, "Narrow_Eyes": 0.009672665037214756, "No_Beard": 0.9823734760284424, "Oval_Face": 0.09779971837997437, "Pale_Skin": 0.038463037461042404, "Pointy_Nose": 0.0213615782558918, "Receding_Hairline": 0.021189043298363686, "Rosy_Cheeks": 3.701712194015272e-05, "Sideburns": 0.0016605042619630694, "Smiling": 0.002990961307659745, "Straight_Hair": 0.25985094904899597, "Wavy_Hair": 0.013788877986371517, "Wearing_Earrings": 0.0007313730893656611, "Wearing_Hat": 0.00025610506418161094, "Wearing_Lipstick": 9.203793888445944e-05, "Wearing_Necklace": 0.0010914156446233392, "Wearing_Necktie": 0.005425062030553818, "Young": 0.15997210144996643, "df_race": "white", "df_race_prob": 79.789088951891, "df_gender": "Man", "df_gender_prob": 99.40986633300781, "df_age": 40, "df_emotion": "sad", "df_emotion_prob": 52.696698904037476}