{"name": "Michael_Diekmann_0001.jpg", "5_o_Clock_Shadow": 0.009221394546329975, "Arched_Eyebrows": 0.000143500481499359, "Attractive": 0.01414535753428936, "Bags_Under_Eyes": 0.011916689574718475, "Bald": 0.0019528060220181942, "Bangs": 0.00043969490798190236, "Big_Lips": 0.0027429445181041956, "Big_Nose": 0.07718678563833237, "Black_Hair": 0.0009276500786654651, "Blond_Hair": 0.06557686626911163, "Blurry": 0.0934896394610405, "Brown_Hair": 0.016257522627711296, "Bushy_Eyebrows": 0.0003017451090272516, "Chubby": 0.004087390378117561, "Double_Chin": 0.006093587260693312, "Eyeglasses": 0.8901416659355164, "Goatee": 0.0006522884941659868, "Gray_Hair": 0.3416409194469452, "Heavy_Makeup": 0.00026498158695176244, "High_Cheekbones": 0.012145327404141426, "Male": 0.9981163740158081, "Mouth_Slightly_Open": 0.017584633082151413, "Mustache": 0.001051480183377862, "Narrow_Eyes": 0.003248380497097969, "No_Beard": 0.9934273958206177, "Oval_Face": 0.0880211666226387, "Pale_Skin": 0.004601839929819107, "Pointy_Nose": 0.08142722398042679, "Receding_Hairline": 0.053263816982507706, "Rosy_Cheeks": 0.00011305354564683512, "Sideburns": 0.0004454758600331843, "Smiling": 0.0019294325029477477, "Straight_Hair": 0.5293158888816833, "Wavy_Hair": 0.0024762353859841824, "Wearing_Earrings": 0.0005972340586595237, "Wearing_Hat": 0.0004994833725504577, "Wearing_Lipstick": 0.00011505508155096322, "Wearing_Necklace": 0.00034857518039643764, "Wearing_Necktie": 0.29940265417099, "Young": 0.055662039667367935, "df_race": "white", "df_race_prob": 76.51862502098083, "df_gender": "Man", "df_gender_prob": 99.86844658851624, "df_age": 37, "df_emotion": "sad", "df_emotion_prob": 40.90362597660709}