{"name": "Michelle_Bachelet_0001.jpg", "5_o_Clock_Shadow": 0.00039639812894165516, "Arched_Eyebrows": 0.009386704303324223, "Attractive": 0.017186878249049187, "Bags_Under_Eyes": 0.01115348655730486, "Bald": 0.0005418912041932344, "Bangs": 0.44628769159317017, "Big_Lips": 0.05428003519773483, "Big_Nose": 0.004345060326159, "Black_Hair": 0.0011928247986361384, "Blond_Hair": 0.17433951795101166, "Blurry": 0.7048003077507019, "Brown_Hair": 0.018916664645075798, "Bushy_Eyebrows": 0.0005503923166543245, "Chubby": 0.006369721610099077, "Double_Chin": 0.0044372123666107655, "Eyeglasses": 0.13565857708454132, "Goatee": 0.00038829943514429033, "Gray_Hair": 0.08743853867053986, "Heavy_Makeup": 0.0023829014971852303, "High_Cheekbones": 0.01754710078239441, "Male": 0.031621359288692474, "Mouth_Slightly_Open": 0.5649347901344299, "Mustache": 0.0007501416839659214, "Narrow_Eyes": 0.2761520445346832, "No_Beard": 0.996966540813446, "Oval_Face": 0.13881751894950867, "Pale_Skin": 0.5303717851638794, "Pointy_Nose": 0.04093678295612335, "Receding_Hairline": 0.0017667438369244337, "Rosy_Cheeks": 3.3170006645377725e-05, "Sideburns": 0.0004862069617956877, "Smiling": 0.020471083000302315, "Straight_Hair": 0.2315351366996765, "Wavy_Hair": 0.027554791420698166, "Wearing_Earrings": 0.030331943184137344, "Wearing_Hat": 0.0012134398566558957, "Wearing_Lipstick": 0.00799793004989624, "Wearing_Necklace": 0.0697978213429451, "Wearing_Necktie": 0.001526279840618372, "Young": 0.1796983778476715, "df_race": "white", "df_race_prob": 52.78868989877044, "df_gender": "Man", "df_gender_prob": 68.32435131072998, "df_age": 31, "df_emotion": "fear", "df_emotion_prob": 46.77450954914093}