{"name": "Michael_Dell_0001.jpg", "5_o_Clock_Shadow": 0.019445011392235756, "Arched_Eyebrows": 0.0004109102301299572, "Attractive": 0.013426858931779861, "Bags_Under_Eyes": 0.13556456565856934, "Bald": 0.00034026402863673866, "Bangs": 0.001708806725218892, "Big_Lips": 0.0033910463098436594, "Big_Nose": 0.09631800651550293, "Black_Hair": 0.015608319081366062, "Blond_Hair": 0.0031013507395982742, "Blurry": 0.15227282047271729, "Brown_Hair": 0.13492943346500397, "Bushy_Eyebrows": 0.003918715752661228, "Chubby": 0.086800716817379, "Double_Chin": 0.022309986874461174, "Eyeglasses": 0.0035223637241870165, "Goatee": 0.00013145466800779104, "Gray_Hair": 0.018003420904278755, "Heavy_Makeup": 0.00018529038061387837, "High_Cheekbones": 0.052258800715208054, "Male": 0.9991534948348999, "Mouth_Slightly_Open": 0.19430655241012573, "Mustache": 0.00031844459590502083, "Narrow_Eyes": 0.11542937159538269, "No_Beard": 0.9954301118850708, "Oval_Face": 0.3166332542896271, "Pale_Skin": 0.0031626822892576456, "Pointy_Nose": 0.014986298978328705, "Receding_Hairline": 0.003632236970588565, "Rosy_Cheeks": 6.30871145403944e-05, "Sideburns": 0.0004949701833538711, "Smiling": 0.019386079162359238, "Straight_Hair": 0.41460543870925903, "Wavy_Hair": 0.016455762088298798, "Wearing_Earrings": 0.0002790871658362448, "Wearing_Hat": 0.0002404247788945213, "Wearing_Lipstick": 9.937612048815936e-05, "Wearing_Necklace": 0.00018045111210085452, "Wearing_Necktie": 0.43376216292381287, "Young": 0.19021166861057281, "df_race": "white", "df_race_prob": 38.941580057144165, "df_gender": "Man", "df_gender_prob": 99.99672174453735, "df_age": 24, "df_emotion": "sad", "df_emotion_prob": 71.19814157485962}