{"name": "Michael_Goldrich_0001.jpg", "5_o_Clock_Shadow": 0.03245646506547928, "Arched_Eyebrows": 0.041419800370931625, "Attractive": 0.004816856235265732, "Bags_Under_Eyes": 0.028903519734740257, "Bald": 0.007385253440588713, "Bangs": 0.0004581796529237181, "Big_Lips": 0.01119664590805769, "Big_Nose": 0.1365714967250824, "Black_Hair": 0.01589725911617279, "Blond_Hair": 0.015616153366863728, "Blurry": 0.14033859968185425, "Brown_Hair": 0.006960960105061531, "Bushy_Eyebrows": 0.15242983400821686, "Chubby": 0.5190654397010803, "Double_Chin": 0.13271348178386688, "Eyeglasses": 0.9464728832244873, "Goatee": 0.005084979813545942, "Gray_Hair": 0.10674077272415161, "Heavy_Makeup": 0.0008043519337661564, "High_Cheekbones": 0.02350778877735138, "Male": 0.9990135431289673, "Mouth_Slightly_Open": 0.023489179089665413, "Mustache": 0.5219022035598755, "Narrow_Eyes": 0.05029943957924843, "No_Beard": 0.1049884706735611, "Oval_Face": 0.5381190776824951, "Pale_Skin": 0.05080388858914375, "Pointy_Nose": 0.023680277168750763, "Receding_Hairline": 0.07060964405536652, "Rosy_Cheeks": 5.848815635545179e-05, "Sideburns": 0.0031096467282623053, "Smiling": 0.009076486341655254, "Straight_Hair": 0.12456318736076355, "Wavy_Hair": 0.009726372547447681, "Wearing_Earrings": 0.00035221793223172426, "Wearing_Hat": 0.0002817628555931151, "Wearing_Lipstick": 0.0007311611552722752, "Wearing_Necklace": 0.0004576140199787915, "Wearing_Necktie": 0.2590590715408325, "Young": 0.08452518284320831, "df_race": "white", "df_race_prob": 31.449320912361145, "df_gender": "Man", "df_gender_prob": 99.99990463256836, "df_age": 35, "df_emotion": "neutral", "df_emotion_prob": 82.05004334449768}