{"name": "Michael_Jackson_0012.jpg", "5_o_Clock_Shadow": 0.0029404296074062586, "Arched_Eyebrows": 0.27234724164009094, "Attractive": 0.13058975338935852, "Bags_Under_Eyes": 0.039861343801021576, "Bald": 0.00022014451678842306, "Bangs": 0.0012196818133816123, "Big_Lips": 0.04743484407663345, "Big_Nose": 0.017917009070515633, "Black_Hair": 0.05353238806128502, "Blond_Hair": 0.005828820168972015, "Blurry": 0.30811116099357605, "Brown_Hair": 0.08354067802429199, "Bushy_Eyebrows": 0.01949744112789631, "Chubby": 0.004753539338707924, "Double_Chin": 0.0017847566632553935, "Eyeglasses": 0.0008832553285174072, "Goatee": 0.0006661107181571424, "Gray_Hair": 0.0011727421078830957, "Heavy_Makeup": 0.0434814877808094, "High_Cheekbones": 0.27761194109916687, "Male": 0.04677847772836685, "Mouth_Slightly_Open": 0.01906392350792885, "Mustache": 0.0005126115283928812, "Narrow_Eyes": 0.03387121483683586, "No_Beard": 0.9942489862442017, "Oval_Face": 0.19327305257320404, "Pale_Skin": 0.016965551301836967, "Pointy_Nose": 0.12088222056627274, "Receding_Hairline": 0.017480960115790367, "Rosy_Cheeks": 0.00033564664772711694, "Sideburns": 0.0003609711129684001, "Smiling": 0.021666590124368668, "Straight_Hair": 0.18832029402256012, "Wavy_Hair": 0.14575661718845367, "Wearing_Earrings": 0.009693414904177189, "Wearing_Hat": 0.0006453865789808333, "Wearing_Lipstick": 0.21751119196414948, "Wearing_Necklace": 0.012735814787447453, "Wearing_Necktie": 0.0005462894914671779, "Young": 0.18057245016098022, "df_race": "white", "df_race_prob": 50.02821087837219, "df_gender": "Woman", "df_gender_prob": 75.31083822250366, "df_age": 31, "df_emotion": "sad", "df_emotion_prob": 69.37218904495239}