{"name": "Michael_Chiklis_0004.jpg", "5_o_Clock_Shadow": 0.014563856646418571, "Arched_Eyebrows": 0.008017407730221748, "Attractive": 0.013487397693097591, "Bags_Under_Eyes": 0.8445268273353577, "Bald": 0.8959854245185852, "Bangs": 0.0025809654034674168, "Big_Lips": 0.020555606111884117, "Big_Nose": 0.38698410987854004, "Black_Hair": 0.0010567019926384091, "Blond_Hair": 0.005379324778914452, "Blurry": 0.08188437670469284, "Brown_Hair": 0.0020004361867904663, "Bushy_Eyebrows": 0.00027789868181571364, "Chubby": 0.35182303190231323, "Double_Chin": 0.23440995812416077, "Eyeglasses": 0.001454930636100471, "Goatee": 0.0019584237597882748, "Gray_Hair": 0.15569423139095306, "Heavy_Makeup": 7.351068052230403e-05, "High_Cheekbones": 0.16153235733509064, "Male": 0.9981923699378967, "Mouth_Slightly_Open": 0.005710102152079344, "Mustache": 0.0016903814394026995, "Narrow_Eyes": 0.27178075909614563, "No_Beard": 0.9867385625839233, "Oval_Face": 0.18330833315849304, "Pale_Skin": 0.02873280458152294, "Pointy_Nose": 0.023167574778199196, "Receding_Hairline": 0.03997653350234032, "Rosy_Cheeks": 5.779719867859967e-05, "Sideburns": 0.0020379945635795593, "Smiling": 0.3472064137458801, "Straight_Hair": 0.008932857774198055, "Wavy_Hair": 0.003286882769316435, "Wearing_Earrings": 0.004496046341955662, "Wearing_Hat": 0.0013003856875002384, "Wearing_Lipstick": 0.00015963343321345747, "Wearing_Necklace": 0.000723414879757911, "Wearing_Necktie": 0.46240177750587463, "Young": 0.04971398785710335, "df_race": "white", "df_race_prob": 95.47752141952515, "df_gender": "Man", "df_gender_prob": 99.98714923858643, "df_age": 29, "df_emotion": "happy", "df_emotion_prob": 96.6454565525055}