{"name": "Michel_Therrien_0001.jpg", "5_o_Clock_Shadow": 0.04718293622136116, "Arched_Eyebrows": 0.000714553170837462, "Attractive": 0.02178676426410675, "Bags_Under_Eyes": 0.3258332908153534, "Bald": 0.006889320909976959, "Bangs": 0.00030891713686287403, "Big_Lips": 0.04647026211023331, "Big_Nose": 0.8706260919570923, "Black_Hair": 0.003696303814649582, "Blond_Hair": 0.08765514194965363, "Blurry": 0.09079384058713913, "Brown_Hair": 0.007316434755921364, "Bushy_Eyebrows": 0.0011575017124414444, "Chubby": 0.8207639455795288, "Double_Chin": 0.797860324382782, "Eyeglasses": 0.0014467802830040455, "Goatee": 0.0004904255038127303, "Gray_Hair": 0.17849081754684448, "Heavy_Makeup": 0.00027761931414715946, "High_Cheekbones": 0.8071343898773193, "Male": 0.9989056587219238, "Mouth_Slightly_Open": 0.8997820019721985, "Mustache": 0.0007802979089319706, "Narrow_Eyes": 0.3679482340812683, "No_Beard": 0.9914724826812744, "Oval_Face": 0.2891141474246979, "Pale_Skin": 0.10489600151777267, "Pointy_Nose": 0.009328576736152172, "Receding_Hairline": 0.070510134100914, "Rosy_Cheeks": 0.0009412944782525301, "Sideburns": 0.0011087903985753655, "Smiling": 0.9929730892181396, "Straight_Hair": 0.42707377672195435, "Wavy_Hair": 0.004472297616302967, "Wearing_Earrings": 0.0006235764012672007, "Wearing_Hat": 0.00021923313033767045, "Wearing_Lipstick": 0.0005441925022751093, "Wearing_Necklace": 0.0009373343200422823, "Wearing_Necktie": 0.021772796288132668, "Young": 0.08764752000570297, "df_race": "middle eastern", "df_race_prob": 57.5042188167572, "df_gender": "Man", "df_gender_prob": 99.99394416809082, "df_age": 43, "df_emotion": "happy", "df_emotion_prob": 90.62801487779795}