{"name": "Michael_Jackson_0011.jpg", "5_o_Clock_Shadow": 0.007783415261656046, "Arched_Eyebrows": 0.33967679738998413, "Attractive": 0.18578456342220306, "Bags_Under_Eyes": 0.06567087024450302, "Bald": 0.0005971302161924541, "Bangs": 0.0011315821902826428, "Big_Lips": 0.04038308188319206, "Big_Nose": 0.030216753482818604, "Black_Hair": 0.11619025468826294, "Blond_Hair": 0.004087953362613916, "Blurry": 0.822337806224823, "Brown_Hair": 0.05792630836367607, "Bushy_Eyebrows": 0.05644752457737923, "Chubby": 0.01569715142250061, "Double_Chin": 0.010281132534146309, "Eyeglasses": 0.0026320333126932383, "Goatee": 0.0010227677412331104, "Gray_Hair": 0.001326885656453669, "Heavy_Makeup": 0.010923368856310844, "High_Cheekbones": 0.667395830154419, "Male": 0.3884817063808441, "Mouth_Slightly_Open": 0.024629205465316772, "Mustache": 0.0016868870006874204, "Narrow_Eyes": 0.1625232696533203, "No_Beard": 0.9832487106323242, "Oval_Face": 0.30894991755485535, "Pale_Skin": 0.045209672302007675, "Pointy_Nose": 0.08266730606555939, "Receding_Hairline": 0.02382827177643776, "Rosy_Cheeks": 0.0002923102001659572, "Sideburns": 0.0002741194039117545, "Smiling": 0.8708999752998352, "Straight_Hair": 0.19399353861808777, "Wavy_Hair": 0.11599194258451462, "Wearing_Earrings": 0.002396764000877738, "Wearing_Hat": 0.0009478294523432851, "Wearing_Lipstick": 0.028171977028250694, "Wearing_Necklace": 0.004623889923095703, "Wearing_Necktie": 0.01432956662029028, "Young": 0.19214577972888947, "df_race": "white", "df_race_prob": 41.32610209739817, "df_gender": "Woman", "df_gender_prob": 99.36356544494629, "df_age": 36, "df_emotion": "fear", "df_emotion_prob": 58.01023244857788}