{"name": "Mike_Helton_0002.jpg", "5_o_Clock_Shadow": 0.0038521727547049522, "Arched_Eyebrows": 0.008259421214461327, "Attractive": 0.007479706779122353, "Bags_Under_Eyes": 0.09462091326713562, "Bald": 0.0015269455034285784, "Bangs": 0.0011123456060886383, "Big_Lips": 0.01723523996770382, "Big_Nose": 0.1440090537071228, "Black_Hair": 0.02727692574262619, "Blond_Hair": 0.004715013317763805, "Blurry": 0.058922164142131805, "Brown_Hair": 0.1496831774711609, "Bushy_Eyebrows": 0.025780120864510536, "Chubby": 0.8064929246902466, "Double_Chin": 0.38762006163597107, "Eyeglasses": 0.003230451140552759, "Goatee": 0.006359386723488569, "Gray_Hair": 0.058664724230766296, "Heavy_Makeup": 0.0006817592075094581, "High_Cheekbones": 0.04199150949716568, "Male": 0.9973548650741577, "Mouth_Slightly_Open": 0.04531678557395935, "Mustache": 0.8727495074272156, "Narrow_Eyes": 0.07496426999568939, "No_Beard": 0.04701391980051994, "Oval_Face": 0.2191232591867447, "Pale_Skin": 0.01847722940146923, "Pointy_Nose": 0.07120523601770401, "Receding_Hairline": 0.004422006197273731, "Rosy_Cheeks": 0.0008475689683109522, "Sideburns": 0.003490467555820942, "Smiling": 0.007834636606276035, "Straight_Hair": 0.34894415736198425, "Wavy_Hair": 0.18174980580806732, "Wearing_Earrings": 0.0011150742648169398, "Wearing_Hat": 0.0007697046967223287, "Wearing_Lipstick": 0.0006268253200687468, "Wearing_Necklace": 0.0027176502626389265, "Wearing_Necktie": 0.017918778583407402, "Young": 0.05759599432349205, "df_race": "white", "df_race_prob": 83.25501680374146, "df_gender": "Man", "df_gender_prob": 99.99866485595703, "df_age": 40, "df_emotion": "neutral", "df_emotion_prob": 36.06734871864319}