{"name": "Mike_Smith_0001.jpg", "5_o_Clock_Shadow": 0.07343941181898117, "Arched_Eyebrows": 0.05111861974000931, "Attractive": 0.03853806480765343, "Bags_Under_Eyes": 0.7207157611846924, "Bald": 0.7817631363868713, "Bangs": 0.0012520207092165947, "Big_Lips": 0.02403302490711212, "Big_Nose": 0.12812067568302155, "Black_Hair": 0.005249966401606798, "Blond_Hair": 0.004202543292194605, "Blurry": 0.16107992827892303, "Brown_Hair": 0.002549814758822322, "Bushy_Eyebrows": 0.05157823488116264, "Chubby": 0.01733030192553997, "Double_Chin": 0.03573665767908096, "Eyeglasses": 0.002421000273898244, "Goatee": 0.006360245868563652, "Gray_Hair": 0.027843885123729706, "Heavy_Makeup": 9.471887460676953e-05, "High_Cheekbones": 0.8829386234283447, "Male": 0.9983022212982178, "Mouth_Slightly_Open": 0.9819582104682922, "Mustache": 0.003572816727682948, "Narrow_Eyes": 0.7958932518959045, "No_Beard": 0.9466449618339539, "Oval_Face": 0.18997853994369507, "Pale_Skin": 0.004602999892085791, "Pointy_Nose": 0.04165986552834511, "Receding_Hairline": 0.20355041325092316, "Rosy_Cheeks": 4.1309980588266626e-05, "Sideburns": 0.004137813579291105, "Smiling": 0.9973068237304688, "Straight_Hair": 0.01411269698292017, "Wavy_Hair": 0.0014498759992420673, "Wearing_Earrings": 0.0028968965634703636, "Wearing_Hat": 0.001668844954110682, "Wearing_Lipstick": 0.00020843026868533343, "Wearing_Necklace": 0.00098997016903013, "Wearing_Necktie": 0.2488204687833786, "Young": 0.2302306443452835, "df_race": "middle eastern", "df_race_prob": 25.18145442008972, "df_gender": "Man", "df_gender_prob": 99.94204044342041, "df_age": 31, "df_emotion": "happy", "df_emotion_prob": 99.44494969308975}