{"name": "Mike_Krzyzewski_0004.jpg", "5_o_Clock_Shadow": 0.013560260646045208, "Arched_Eyebrows": 0.004377936478704214, "Attractive": 0.010055182501673698, "Bags_Under_Eyes": 0.07010085135698318, "Bald": 0.016543274745345116, "Bangs": 0.00015649200940970331, "Big_Lips": 0.005803016480058432, "Big_Nose": 0.23306423425674438, "Black_Hair": 0.06408853828907013, "Blond_Hair": 0.0017587670590728521, "Blurry": 0.13039448857307434, "Brown_Hair": 0.011436862871050835, "Bushy_Eyebrows": 0.0029862727969884872, "Chubby": 0.04964794963598251, "Double_Chin": 0.02803696319460869, "Eyeglasses": 0.006762876641005278, "Goatee": 0.000845972157549113, "Gray_Hair": 0.016802795231342316, "Heavy_Makeup": 0.00015596272714901716, "High_Cheekbones": 0.026829810813069344, "Male": 0.9982044696807861, "Mouth_Slightly_Open": 0.0289158895611763, "Mustache": 0.0017533345380797982, "Narrow_Eyes": 0.007095703389495611, "No_Beard": 0.9815505743026733, "Oval_Face": 0.17488136887550354, "Pale_Skin": 0.0421040803194046, "Pointy_Nose": 0.0409112423658371, "Receding_Hairline": 0.34241485595703125, "Rosy_Cheeks": 4.124833503738046e-05, "Sideburns": 0.001961429137736559, "Smiling": 0.002856698352843523, "Straight_Hair": 0.30880552530288696, "Wavy_Hair": 0.0009244745597243309, "Wearing_Earrings": 0.0003334707289468497, "Wearing_Hat": 0.0011218200670555234, "Wearing_Lipstick": 0.00013875079457648098, "Wearing_Necklace": 0.00016198339289985597, "Wearing_Necktie": 0.7856993675231934, "Young": 0.07974632829427719, "df_race": "white", "df_race_prob": 69.90177035331726, "df_gender": "Man", "df_gender_prob": 99.99988079071045, "df_age": 48, "df_emotion": "sad", "df_emotion_prob": 53.99428331817885}