{"name": "Mike_Weir_0001.jpg", "5_o_Clock_Shadow": 0.08620148152112961, "Arched_Eyebrows": 0.0009921981254592538, "Attractive": 0.023026321083307266, "Bags_Under_Eyes": 0.003501596162095666, "Bald": 0.001055814907886088, "Bangs": 0.0007056644535623491, "Big_Lips": 0.003545775543898344, "Big_Nose": 0.0023175482638180256, "Black_Hair": 0.0014878460206091404, "Blond_Hair": 0.004065289162099361, "Blurry": 0.1385117769241333, "Brown_Hair": 0.01654401235282421, "Bushy_Eyebrows": 0.016736792400479317, "Chubby": 0.0018749035662040114, "Double_Chin": 0.0013601472601294518, "Eyeglasses": 0.0023906494025141, "Goatee": 0.0007101138471625745, "Gray_Hair": 0.0014111894415691495, "Heavy_Makeup": 0.0005937175010330975, "High_Cheekbones": 0.15946868062019348, "Male": 0.9904519319534302, "Mouth_Slightly_Open": 0.8578357696533203, "Mustache": 0.00058042659657076, "Narrow_Eyes": 0.017242446541786194, "No_Beard": 0.9723427295684814, "Oval_Face": 0.2509666383266449, "Pale_Skin": 0.0055177947506308556, "Pointy_Nose": 0.05783204361796379, "Receding_Hairline": 0.000700964592397213, "Rosy_Cheeks": 0.0003248846624046564, "Sideburns": 0.0011329903500154614, "Smiling": 0.017250454053282738, "Straight_Hair": 0.009061179123818874, "Wavy_Hair": 0.006853362079709768, "Wearing_Earrings": 0.0042162928730249405, "Wearing_Hat": 0.9726898670196533, "Wearing_Lipstick": 0.0007312545203603804, "Wearing_Necklace": 0.0031386185437440872, "Wearing_Necktie": 0.0005596213159151375, "Young": 0.9677179455757141, "df_race": "white", "df_race_prob": 52.870094776153564, "df_gender": "Man", "df_gender_prob": 99.8450756072998, "df_age": 26, "df_emotion": "neutral", "df_emotion_prob": 85.89789271354675}