{"name": "Mike_Tyson_0001.jpg", "5_o_Clock_Shadow": 0.029479071497917175, "Arched_Eyebrows": 0.0055763572454452515, "Attractive": 0.002670678310096264, "Bags_Under_Eyes": 0.12464333325624466, "Bald": 0.28363385796546936, "Bangs": 0.0004272345395293087, "Big_Lips": 0.6530587673187256, "Big_Nose": 0.9924535155296326, "Black_Hair": 0.018681220710277557, "Blond_Hair": 0.028974352404475212, "Blurry": 0.025924324989318848, "Brown_Hair": 0.0009161552297882736, "Bushy_Eyebrows": 0.003132576122879982, "Chubby": 0.7400763034820557, "Double_Chin": 0.32164672017097473, "Eyeglasses": 0.011324122548103333, "Goatee": 0.009890086017549038, "Gray_Hair": 0.021223386749625206, "Heavy_Makeup": 0.0003028238133993, "High_Cheekbones": 0.6972667574882507, "Male": 0.9972902536392212, "Mouth_Slightly_Open": 0.9770498275756836, "Mustache": 0.04202498495578766, "Narrow_Eyes": 0.5141911506652832, "No_Beard": 0.7650761008262634, "Oval_Face": 0.18555030226707458, "Pale_Skin": 0.012146529741585255, "Pointy_Nose": 0.00030602040351368487, "Receding_Hairline": 0.31674957275390625, "Rosy_Cheeks": 8.137097756844014e-05, "Sideburns": 0.0031451403629034758, "Smiling": 0.18637381494045258, "Straight_Hair": 0.003103310475125909, "Wavy_Hair": 0.0024132300168275833, "Wearing_Earrings": 0.0327487476170063, "Wearing_Hat": 0.00070068339118734, "Wearing_Lipstick": 0.0011131613282486796, "Wearing_Necklace": 0.038656774908304214, "Wearing_Necktie": 0.003903875593096018, "Young": 0.6348571181297302, "df_race": "black", "df_race_prob": 100.0, "df_gender": "Man", "df_gender_prob": 99.99995231628418, "df_age": 24, "df_emotion": "angry", "df_emotion_prob": 86.20045781135559}