{"name": "Mike_Myers_0006.jpg", "5_o_Clock_Shadow": 0.004041340667754412, "Arched_Eyebrows": 0.00374624109826982, "Attractive": 0.03481082245707512, "Bags_Under_Eyes": 0.09569571167230606, "Bald": 0.0005762584623880684, "Bangs": 0.6363657712936401, "Big_Lips": 0.05982273444533348, "Big_Nose": 0.045846663415431976, "Black_Hair": 0.015907587483525276, "Blond_Hair": 0.006691913120448589, "Blurry": 0.09027096629142761, "Brown_Hair": 0.222712904214859, "Bushy_Eyebrows": 0.004592607729136944, "Chubby": 0.06035086512565613, "Double_Chin": 0.020345352590084076, "Eyeglasses": 0.0008046833681873977, "Goatee": 0.00017707237566355616, "Gray_Hair": 0.004114959854632616, "Heavy_Makeup": 0.0013370016822591424, "High_Cheekbones": 0.0241463053971529, "Male": 0.9926059246063232, "Mouth_Slightly_Open": 0.09932491183280945, "Mustache": 0.0002659953315742314, "Narrow_Eyes": 0.05040055513381958, "No_Beard": 0.9988584518432617, "Oval_Face": 0.3512268364429474, "Pale_Skin": 0.049892161041498184, "Pointy_Nose": 0.02238347753882408, "Receding_Hairline": 0.00023459862859454006, "Rosy_Cheeks": 0.00018327339785173535, "Sideburns": 0.0002660199243109673, "Smiling": 0.018790166825056076, "Straight_Hair": 0.6545112729072571, "Wavy_Hair": 0.013207679614424706, "Wearing_Earrings": 0.002151321619749069, "Wearing_Hat": 0.0007282422739081085, "Wearing_Lipstick": 0.0028202850371599197, "Wearing_Necklace": 0.0014047669246792793, "Wearing_Necktie": 0.2032443881034851, "Young": 0.1917794942855835, "df_race": "asian", "df_race_prob": 45.85118840350967, "df_gender": "Man", "df_gender_prob": 99.64526891708374, "df_age": 30, "df_emotion": "neutral", "df_emotion_prob": 92.96590089797974}