{"name": "Mike_Weir_0009.jpg", "5_o_Clock_Shadow": 0.03815595433115959, "Arched_Eyebrows": 0.0005068909958936274, "Attractive": 0.015885699540376663, "Bags_Under_Eyes": 0.006447384599596262, "Bald": 0.001951221376657486, "Bangs": 0.0004838559834752232, "Big_Lips": 0.004007622133940458, "Big_Nose": 0.006511894054710865, "Black_Hair": 0.0008952010539360344, "Blond_Hair": 0.006588617339730263, "Blurry": 0.22103223204612732, "Brown_Hair": 0.009283854626119137, "Bushy_Eyebrows": 0.013165418989956379, "Chubby": 0.0059049553237855434, "Double_Chin": 0.0033076447434723377, "Eyeglasses": 0.0028921966440975666, "Goatee": 0.0004071833973284811, "Gray_Hair": 0.0023547413293272257, "Heavy_Makeup": 0.0004310447839088738, "High_Cheekbones": 0.15277622640132904, "Male": 0.9891862273216248, "Mouth_Slightly_Open": 0.8578061461448669, "Mustache": 0.0008142650476656854, "Narrow_Eyes": 0.03145578131079674, "No_Beard": 0.9837456941604614, "Oval_Face": 0.2618023753166199, "Pale_Skin": 0.009694371372461319, "Pointy_Nose": 0.04066626727581024, "Receding_Hairline": 0.0010426839580759406, "Rosy_Cheeks": 0.0002724303340073675, "Sideburns": 0.000825609895400703, "Smiling": 0.011889640241861343, "Straight_Hair": 0.006375479511916637, "Wavy_Hair": 0.004788840655237436, "Wearing_Earrings": 0.004271869547665119, "Wearing_Hat": 0.9871644973754883, "Wearing_Lipstick": 0.0004265525203663856, "Wearing_Necklace": 0.0021560611203312874, "Wearing_Necktie": 0.0024999764282256365, "Young": 0.9164554476737976, "df_race": "white", "df_race_prob": 37.54611015319824, "df_gender": "Man", "df_gender_prob": 99.99172687530518, "df_age": 26, "df_emotion": "sad", "df_emotion_prob": 31.003227829933167}