{"name": "Mike_Myers_0002.jpg", "5_o_Clock_Shadow": 0.06194564700126648, "Arched_Eyebrows": 0.36584073305130005, "Attractive": 0.015582784079015255, "Bags_Under_Eyes": 0.3173618018627167, "Bald": 0.0015723049873486161, "Bangs": 0.002027445239946246, "Big_Lips": 0.12543538212776184, "Big_Nose": 0.5011821985244751, "Black_Hair": 0.01946430467069149, "Blond_Hair": 0.007907232269644737, "Blurry": 0.10706497728824615, "Brown_Hair": 0.06570932269096375, "Bushy_Eyebrows": 0.0026770096737891436, "Chubby": 0.49450355768203735, "Double_Chin": 0.33363771438598633, "Eyeglasses": 0.0007643899298273027, "Goatee": 0.0003370265185367316, "Gray_Hair": 0.00569162517786026, "Heavy_Makeup": 0.00037726189475506544, "High_Cheekbones": 0.5308873653411865, "Male": 0.9983392953872681, "Mouth_Slightly_Open": 0.007651248946785927, "Mustache": 0.0005959276459179819, "Narrow_Eyes": 0.013837493024766445, "No_Beard": 0.9849477410316467, "Oval_Face": 0.18039031326770782, "Pale_Skin": 0.04241470247507095, "Pointy_Nose": 0.058883510529994965, "Receding_Hairline": 0.006877257488667965, "Rosy_Cheeks": 0.0006411743233911693, "Sideburns": 0.00030488843913190067, "Smiling": 0.22761709988117218, "Straight_Hair": 0.19640079140663147, "Wavy_Hair": 0.06475477665662766, "Wearing_Earrings": 0.0030231026466935873, "Wearing_Hat": 0.0009451276855543256, "Wearing_Lipstick": 0.0020544209983199835, "Wearing_Necklace": 0.0014992186333984137, "Wearing_Necktie": 0.04050128906965256, "Young": 0.16320888698101044, "df_race": "asian", "df_race_prob": 39.500102400779724, "df_gender": "Man", "df_gender_prob": 99.82883334159851, "df_age": 32, "df_emotion": "neutral", "df_emotion_prob": 90.52464253004105}