{"name": "Mike_Tyson_0003.jpg", "5_o_Clock_Shadow": 0.04691522568464279, "Arched_Eyebrows": 0.02618066966533661, "Attractive": 0.002422790275886655, "Bags_Under_Eyes": 0.250448077917099, "Bald": 0.9734566807746887, "Bangs": 0.0025757942348718643, "Big_Lips": 0.8659668564796448, "Big_Nose": 0.9840085506439209, "Black_Hair": 0.010712585411965847, "Blond_Hair": 0.005383877549320459, "Blurry": 0.06328268349170685, "Brown_Hair": 0.0008006548159755766, "Bushy_Eyebrows": 0.0025998607743531466, "Chubby": 0.8540639877319336, "Double_Chin": 0.6424797773361206, "Eyeglasses": 0.007794499862939119, "Goatee": 0.028994044288992882, "Gray_Hair": 0.017964569851756096, "Heavy_Makeup": 0.00034856804995797575, "High_Cheekbones": 0.6601489782333374, "Male": 0.9993661046028137, "Mouth_Slightly_Open": 0.989144504070282, "Mustache": 0.11427709460258484, "Narrow_Eyes": 0.23136040568351746, "No_Beard": 0.38049420714378357, "Oval_Face": 0.5471228361129761, "Pale_Skin": 0.01662387140095234, "Pointy_Nose": 0.0011960772098973393, "Receding_Hairline": 0.051776181906461716, "Rosy_Cheeks": 9.873692033579573e-05, "Sideburns": 0.0030278607737272978, "Smiling": 0.7525553703308105, "Straight_Hair": 0.001127786235883832, "Wavy_Hair": 0.0016864495119079947, "Wearing_Earrings": 0.03950225189328194, "Wearing_Hat": 0.0035915730986744165, "Wearing_Lipstick": 0.0012613270664587617, "Wearing_Necklace": 0.004789617843925953, "Wearing_Necktie": 0.012311137281358242, "Young": 0.4074629545211792, "df_race": "black", "df_race_prob": 100.0, "df_gender": "Man", "df_gender_prob": 99.99369382858276, "df_age": 26, "df_emotion": "neutral", "df_emotion_prob": 85.13118536062153}