{"name": "Mikhail_Wehbe_0002.jpg", "5_o_Clock_Shadow": 0.004585567861795425, "Arched_Eyebrows": 0.05893934145569801, "Attractive": 0.0006835235399194062, "Bags_Under_Eyes": 0.07888662070035934, "Bald": 0.018762312829494476, "Bangs": 0.00027338130166754127, "Big_Lips": 0.013673480600118637, "Big_Nose": 0.4035452902317047, "Black_Hair": 0.011628580279648304, "Blond_Hair": 0.0127848070114851, "Blurry": 0.026786642149090767, "Brown_Hair": 0.0009979516034945846, "Bushy_Eyebrows": 0.014372983947396278, "Chubby": 0.9091035723686218, "Double_Chin": 0.8490153551101685, "Eyeglasses": 0.9879651069641113, "Goatee": 0.0007091806037351489, "Gray_Hair": 0.804047167301178, "Heavy_Makeup": 0.0008099121623672545, "High_Cheekbones": 0.05734073370695114, "Male": 0.9984686970710754, "Mouth_Slightly_Open": 0.8337462544441223, "Mustache": 0.0030396278016269207, "Narrow_Eyes": 0.00788465142250061, "No_Beard": 0.9889639616012573, "Oval_Face": 0.1581657975912094, "Pale_Skin": 0.030755607411265373, "Pointy_Nose": 0.005299709737300873, "Receding_Hairline": 0.5701286196708679, "Rosy_Cheeks": 0.0004903004737570882, "Sideburns": 0.0008259498281404376, "Smiling": 0.01503834780305624, "Straight_Hair": 0.6766077280044556, "Wavy_Hair": 0.0018553988775238395, "Wearing_Earrings": 0.000742083415389061, "Wearing_Hat": 0.0009618591866455972, "Wearing_Lipstick": 0.0013230678159743547, "Wearing_Necklace": 0.000974646711256355, "Wearing_Necktie": 0.7149398922920227, "Young": 0.009840439073741436, "df_race": "middle eastern", "df_race_prob": 60.103702545166016, "df_gender": "Man", "df_gender_prob": 99.77918863296509, "df_age": 47, "df_emotion": "angry", "df_emotion_prob": 62.763129143341885}