{"name": "Mikulas_Dzurinda_0002.jpg", "5_o_Clock_Shadow": 0.007869093678891659, "Arched_Eyebrows": 0.0008464769343845546, "Attractive": 0.07976790517568588, "Bags_Under_Eyes": 0.11845259368419647, "Bald": 0.001497276360169053, "Bangs": 0.009863636456429958, "Big_Lips": 0.0026529747992753983, "Big_Nose": 0.04638587310910225, "Black_Hair": 0.007248311303555965, "Blond_Hair": 0.027326196432113647, "Blurry": 0.1812823861837387, "Brown_Hair": 0.0032231982331722975, "Bushy_Eyebrows": 0.0027761817909777164, "Chubby": 0.01150831114500761, "Double_Chin": 0.014647265896201134, "Eyeglasses": 0.001594659173861146, "Goatee": 0.010036205872893333, "Gray_Hair": 0.7167786359786987, "Heavy_Makeup": 0.000650147267151624, "High_Cheekbones": 0.16496676206588745, "Male": 0.9985564351081848, "Mouth_Slightly_Open": 0.3261638879776001, "Mustache": 0.701622486114502, "Narrow_Eyes": 0.004102716222405434, "No_Beard": 0.14908644556999207, "Oval_Face": 0.23272639513015747, "Pale_Skin": 0.018017757683992386, "Pointy_Nose": 0.1450880467891693, "Receding_Hairline": 0.0030448876786977053, "Rosy_Cheeks": 0.00028451901744119823, "Sideburns": 0.008471481502056122, "Smiling": 0.2888304591178894, "Straight_Hair": 0.23367387056350708, "Wavy_Hair": 0.04077328369021416, "Wearing_Earrings": 0.0004623080021701753, "Wearing_Hat": 0.00044695823453366756, "Wearing_Lipstick": 0.0005136092659085989, "Wearing_Necklace": 0.0005298947799019516, "Wearing_Necktie": 0.41111043095588684, "Young": 0.031296148896217346, "df_race": "white", "df_race_prob": 99.25562739372253, "df_gender": "Man", "df_gender_prob": 99.99936819076538, "df_age": 51, "df_emotion": "happy", "df_emotion_prob": 90.80006966591712}