{"name": "Mitchell_Swartz_0001.jpg", "5_o_Clock_Shadow": 0.0034427994396537542, "Arched_Eyebrows": 0.001994391670450568, "Attractive": 0.12091808766126633, "Bags_Under_Eyes": 0.05573239177465439, "Bald": 0.0006167669780552387, "Bangs": 0.9688975214958191, "Big_Lips": 0.09428011626005173, "Big_Nose": 0.018607133999466896, "Black_Hair": 0.00035588446189649403, "Blond_Hair": 0.234366312623024, "Blurry": 0.22835583984851837, "Brown_Hair": 0.0795840173959732, "Bushy_Eyebrows": 0.0009604746010154486, "Chubby": 0.00207517109811306, "Double_Chin": 0.0005452758632600307, "Eyeglasses": 0.0009070793748833239, "Goatee": 0.0004753844114020467, "Gray_Hair": 0.0054164729081094265, "Heavy_Makeup": 0.0006423628074117005, "High_Cheekbones": 0.002099407371133566, "Male": 0.9354714155197144, "Mouth_Slightly_Open": 0.0023878735955804586, "Mustache": 0.0007170484750531614, "Narrow_Eyes": 0.12911094725131989, "No_Beard": 0.9963723421096802, "Oval_Face": 0.08002738654613495, "Pale_Skin": 0.11950499564409256, "Pointy_Nose": 0.08132139593362808, "Receding_Hairline": 0.00040184170939028263, "Rosy_Cheeks": 0.00015748372243251652, "Sideburns": 0.0004640752449631691, "Smiling": 0.001769106020219624, "Straight_Hair": 0.07938125729560852, "Wavy_Hair": 0.31377071142196655, "Wearing_Earrings": 0.0037052826955914497, "Wearing_Hat": 0.0012860904680565, "Wearing_Lipstick": 0.0035502533428370953, "Wearing_Necklace": 0.030454061925411224, "Wearing_Necktie": 0.0009085689089260995, "Young": 0.9485785365104675, "df_race": "white", "df_race_prob": 99.99932050704956, "df_gender": "Man", "df_gender_prob": 95.92718482017517, "df_age": 29, "df_emotion": "neutral", "df_emotion_prob": 95.74217847082872}