{"name": "Miyako_Miyazaki_0002.jpg", "5_o_Clock_Shadow": 0.0005523625877685845, "Arched_Eyebrows": 0.5086089968681335, "Attractive": 0.729443371295929, "Bags_Under_Eyes": 0.07778871804475784, "Bald": 9.82922938419506e-05, "Bangs": 0.0010017366148531437, "Big_Lips": 0.18447504937648773, "Big_Nose": 0.022933516651391983, "Black_Hair": 0.15706004202365875, "Blond_Hair": 0.01603575237095356, "Blurry": 0.1412048190832138, "Brown_Hair": 0.05010060593485832, "Bushy_Eyebrows": 0.0031939006876200438, "Chubby": 0.0018454372184351087, "Double_Chin": 0.000566988077480346, "Eyeglasses": 0.00011936170631088316, "Goatee": 0.00017350011330563575, "Gray_Hair": 0.00011238231672905385, "Heavy_Makeup": 0.13476185500621796, "High_Cheekbones": 0.972423255443573, "Male": 0.0006044959300197661, "Mouth_Slightly_Open": 0.9797797799110413, "Mustache": 8.34451784612611e-05, "Narrow_Eyes": 0.07115844637155533, "No_Beard": 0.9994375109672546, "Oval_Face": 0.501385509967804, "Pale_Skin": 0.03148516267538071, "Pointy_Nose": 0.03812917321920395, "Receding_Hairline": 0.0025221919640898705, "Rosy_Cheeks": 0.0008351061842404306, "Sideburns": 9.261601371690631e-05, "Smiling": 0.9978849291801453, "Straight_Hair": 0.9338181614875793, "Wavy_Hair": 0.012240299955010414, "Wearing_Earrings": 0.005273486487567425, "Wearing_Hat": 0.00039898540126159787, "Wearing_Lipstick": 0.6631383895874023, "Wearing_Necklace": 0.08074180036783218, "Wearing_Necktie": 0.0001800565078156069, "Young": 0.9906912446022034, "df_race": "asian", "df_race_prob": 85.06769955965275, "df_gender": "Woman", "df_gender_prob": 99.99818801879883, "df_age": 33, "df_emotion": "happy", "df_emotion_prob": 96.16369009017944}