{"name": "Mo_Elleithee_0001.jpg", "5_o_Clock_Shadow": 0.010718140751123428, "Arched_Eyebrows": 0.0030294894240796566, "Attractive": 0.012683023698627949, "Bags_Under_Eyes": 0.019614722579717636, "Bald": 0.3382016122341156, "Bangs": 0.0007561647216789424, "Big_Lips": 0.01710554212331772, "Big_Nose": 0.027348924428224564, "Black_Hair": 0.004812403116375208, "Blond_Hair": 0.006896955892443657, "Blurry": 0.22601573169231415, "Brown_Hair": 0.0033060009591281414, "Bushy_Eyebrows": 0.01666657067835331, "Chubby": 0.14226317405700684, "Double_Chin": 0.02119704708456993, "Eyeglasses": 0.004413173533976078, "Goatee": 0.7904284000396729, "Gray_Hair": 0.06701420992612839, "Heavy_Makeup": 0.0008258117013610899, "High_Cheekbones": 0.005089874379336834, "Male": 0.9988706707954407, "Mouth_Slightly_Open": 0.06046617403626442, "Mustache": 0.13394923508167267, "Narrow_Eyes": 0.06850603967905045, "No_Beard": 0.028977766633033752, "Oval_Face": 0.45603764057159424, "Pale_Skin": 0.009127228520810604, "Pointy_Nose": 0.09763854742050171, "Receding_Hairline": 0.45665282011032104, "Rosy_Cheeks": 7.248615293065086e-05, "Sideburns": 0.10609584301710129, "Smiling": 0.001795354182831943, "Straight_Hair": 0.013034253381192684, "Wavy_Hair": 0.009326414205133915, "Wearing_Earrings": 0.003085882868617773, "Wearing_Hat": 0.0005102056311443448, "Wearing_Lipstick": 0.00035327335353940725, "Wearing_Necklace": 0.0015399283729493618, "Wearing_Necktie": 0.009506510570645332, "Young": 0.30241385102272034, "df_race": "latino hispanic", "df_race_prob": 27.159859368792734, "df_gender": "Man", "df_gender_prob": 99.49706196784973, "df_age": 28, "df_emotion": "neutral", "df_emotion_prob": 82.8542709350586}