{"name": "Mohamed_Benaissa_0001.jpg", "5_o_Clock_Shadow": 0.005759984254837036, "Arched_Eyebrows": 0.002855624072253704, "Attractive": 0.0019315959652885795, "Bags_Under_Eyes": 0.022274618968367577, "Bald": 0.0020513231866061687, "Bangs": 0.0007744638714939356, "Big_Lips": 0.013360797427594662, "Big_Nose": 0.0422116294503212, "Black_Hair": 0.004751953762024641, "Blond_Hair": 0.0025446813087910414, "Blurry": 0.04653136059641838, "Brown_Hair": 0.005984313786029816, "Bushy_Eyebrows": 0.0045226081274449825, "Chubby": 0.09866902977228165, "Double_Chin": 0.08950022608041763, "Eyeglasses": 0.9876085519790649, "Goatee": 0.0006069743540138006, "Gray_Hair": 0.789455771446228, "Heavy_Makeup": 0.00030550119117833674, "High_Cheekbones": 0.013627518899738789, "Male": 0.9985982775688171, "Mouth_Slightly_Open": 0.9361882209777832, "Mustache": 0.001610092120245099, "Narrow_Eyes": 0.006319593638181686, "No_Beard": 0.9912211894989014, "Oval_Face": 0.22133904695510864, "Pale_Skin": 0.008056208491325378, "Pointy_Nose": 0.05587126314640045, "Receding_Hairline": 0.015493528917431831, "Rosy_Cheeks": 0.00022327557962853462, "Sideburns": 0.0009604998049326241, "Smiling": 0.0019826386123895645, "Straight_Hair": 0.5025075078010559, "Wavy_Hair": 0.005708572454750538, "Wearing_Earrings": 0.00041930098086595535, "Wearing_Hat": 0.001029754406772554, "Wearing_Lipstick": 0.00041200630948878825, "Wearing_Necklace": 0.0005539754638448358, "Wearing_Necktie": 0.33086445927619934, "Young": 0.018514664843678474, "df_race": "white", "df_race_prob": 53.52246165275574, "df_gender": "Man", "df_gender_prob": 99.96026158332825, "df_age": 40, "df_emotion": "surprise", "df_emotion_prob": 64.82415795326233}