{"name": "Mohammad_Khatami_0006.jpg", "5_o_Clock_Shadow": 0.018819786608219147, "Arched_Eyebrows": 0.0007523452513851225, "Attractive": 0.0033623750787228346, "Bags_Under_Eyes": 0.02199864201247692, "Bald": 0.11517607420682907, "Bangs": 0.00010835631110239774, "Big_Lips": 0.002929389476776123, "Big_Nose": 0.05750712752342224, "Black_Hair": 0.005118711851537228, "Blond_Hair": 0.0015740628587082028, "Blurry": 0.02671988494694233, "Brown_Hair": 0.0034862542524933815, "Bushy_Eyebrows": 0.020893549546599388, "Chubby": 0.14124706387519836, "Double_Chin": 0.07323703914880753, "Eyeglasses": 0.9779868721961975, "Goatee": 0.10177939385175705, "Gray_Hair": 0.0357600636780262, "Heavy_Makeup": 0.0002774008025880903, "High_Cheekbones": 0.0025357177946716547, "Male": 0.9960585832595825, "Mouth_Slightly_Open": 0.0502084381878376, "Mustache": 0.004889454692602158, "Narrow_Eyes": 0.020437955856323242, "No_Beard": 0.19157852232456207, "Oval_Face": 0.17713716626167297, "Pale_Skin": 0.0065877242013812065, "Pointy_Nose": 0.057720575481653214, "Receding_Hairline": 0.2339361608028412, "Rosy_Cheeks": 7.013144204393029e-05, "Sideburns": 0.18248562514781952, "Smiling": 0.0024451424833387136, "Straight_Hair": 0.01321093738079071, "Wavy_Hair": 0.002052907133474946, "Wearing_Earrings": 0.0007796227582730353, "Wearing_Hat": 0.014829677529633045, "Wearing_Lipstick": 0.0002090592315653339, "Wearing_Necklace": 0.0007413168787024915, "Wearing_Necktie": 0.013144291937351227, "Young": 0.049944233149290085, "df_race": "latino hispanic", "df_race_prob": 35.73303818702698, "df_gender": "Man", "df_gender_prob": 99.99734163284302, "df_age": 50, "df_emotion": "sad", "df_emotion_prob": 59.046781063079834}