{"name": "Mohammed_Abulhasan_0001.jpg", "5_o_Clock_Shadow": 0.005695487838238478, "Arched_Eyebrows": 0.009235127829015255, "Attractive": 0.010821730829775333, "Bags_Under_Eyes": 0.48919668793678284, "Bald": 0.9023938179016113, "Bangs": 0.0023552689235657454, "Big_Lips": 0.0077573680318892, "Big_Nose": 0.4726616442203522, "Black_Hair": 0.0022009790409356356, "Blond_Hair": 0.008473115973174572, "Blurry": 0.07296807318925858, "Brown_Hair": 0.0015605221269652247, "Bushy_Eyebrows": 0.001959189074113965, "Chubby": 0.06798823177814484, "Double_Chin": 0.05856478586792946, "Eyeglasses": 0.0011688175145536661, "Goatee": 0.03945915400981903, "Gray_Hair": 0.28676867485046387, "Heavy_Makeup": 0.0003265805135015398, "High_Cheekbones": 0.22713609039783478, "Male": 0.9994008541107178, "Mouth_Slightly_Open": 0.19144023954868317, "Mustache": 0.8373407125473022, "Narrow_Eyes": 0.018819645047187805, "No_Beard": 0.1411585807800293, "Oval_Face": 0.29831966757774353, "Pale_Skin": 0.004039458464831114, "Pointy_Nose": 0.08853724598884583, "Receding_Hairline": 0.11977021396160126, "Rosy_Cheeks": 0.0003707078576553613, "Sideburns": 0.004360561724752188, "Smiling": 0.027814215049147606, "Straight_Hair": 0.010706417262554169, "Wavy_Hair": 0.001354378298856318, "Wearing_Earrings": 0.0019426728831604123, "Wearing_Hat": 0.0015104861231520772, "Wearing_Lipstick": 0.0006646274705417454, "Wearing_Necklace": 0.00041206032619811594, "Wearing_Necktie": 0.7355837821960449, "Young": 0.03062223084270954, "df_race": "middle eastern", "df_race_prob": 97.36743553682777, "df_gender": "Man", "df_gender_prob": 99.97331500053406, "df_age": 47, "df_emotion": "angry", "df_emotion_prob": 46.5486286013501}