{"name": "Mohamed_ElBaradei_0001.jpg", "5_o_Clock_Shadow": 0.0020292336121201515, "Arched_Eyebrows": 0.0003331631305627525, "Attractive": 0.0038045377004891634, "Bags_Under_Eyes": 0.04859599471092224, "Bald": 0.7034914493560791, "Bangs": 0.001777660334482789, "Big_Lips": 0.08622574061155319, "Big_Nose": 0.38299474120140076, "Black_Hair": 0.0024485280737280846, "Blond_Hair": 0.0017483084229752421, "Blurry": 0.06807510554790497, "Brown_Hair": 0.0011841896921396255, "Bushy_Eyebrows": 0.001527164364233613, "Chubby": 0.13681380450725555, "Double_Chin": 0.08036421239376068, "Eyeglasses": 0.9955525994300842, "Goatee": 0.0014093017671257257, "Gray_Hair": 0.207501620054245, "Heavy_Makeup": 0.00028178919455967844, "High_Cheekbones": 0.008179952390491962, "Male": 0.9971960783004761, "Mouth_Slightly_Open": 0.15025421977043152, "Mustache": 0.003109737066552043, "Narrow_Eyes": 0.04932643473148346, "No_Beard": 0.9938185811042786, "Oval_Face": 0.15793579816818237, "Pale_Skin": 0.018122714012861252, "Pointy_Nose": 0.03641185909509659, "Receding_Hairline": 0.016437998041510582, "Rosy_Cheeks": 3.192412623320706e-05, "Sideburns": 0.0005471313488669693, "Smiling": 0.004960216116160154, "Straight_Hair": 0.00822202954441309, "Wavy_Hair": 0.0021246294490993023, "Wearing_Earrings": 0.00103328179102391, "Wearing_Hat": 0.0016662267735227942, "Wearing_Lipstick": 0.0006690379814244807, "Wearing_Necklace": 0.0006597129977308214, "Wearing_Necktie": 0.31174948811531067, "Young": 0.0318451002240181, "df_race": "middle eastern", "df_race_prob": 68.9076941554364, "df_gender": "Man", "df_gender_prob": 99.98594522476196, "df_age": 38, "df_emotion": "sad", "df_emotion_prob": 94.78423061558836}