{"name": "Mohammed_Al-Douri_0015.jpg", "5_o_Clock_Shadow": 0.004161661025136709, "Arched_Eyebrows": 0.0006363043212331831, "Attractive": 0.001751034171320498, "Bags_Under_Eyes": 0.12179239094257355, "Bald": 0.6951478123664856, "Bangs": 0.001149284071289003, "Big_Lips": 0.013585983775556087, "Big_Nose": 0.17173489928245544, "Black_Hair": 0.002263418398797512, "Blond_Hair": 0.0017373583978042006, "Blurry": 0.050345491617918015, "Brown_Hair": 0.004406883846968412, "Bushy_Eyebrows": 0.00031780675635673106, "Chubby": 0.1169697716832161, "Double_Chin": 0.04393545165657997, "Eyeglasses": 0.9716584086418152, "Goatee": 0.000959338212851435, "Gray_Hair": 0.24415241181850433, "Heavy_Makeup": 6.95362250553444e-05, "High_Cheekbones": 0.0031122155487537384, "Male": 0.9963263869285583, "Mouth_Slightly_Open": 0.005675147287547588, "Mustache": 0.001557318028062582, "Narrow_Eyes": 0.1242164596915245, "No_Beard": 0.9905785918235779, "Oval_Face": 0.09006911516189575, "Pale_Skin": 0.015926923602819443, "Pointy_Nose": 0.024763507768511772, "Receding_Hairline": 0.3469250798225403, "Rosy_Cheeks": 6.196009053383023e-05, "Sideburns": 0.001493254560045898, "Smiling": 0.0006798221729695797, "Straight_Hair": 0.012811741791665554, "Wavy_Hair": 0.0017926831496879458, "Wearing_Earrings": 0.0026299061719328165, "Wearing_Hat": 0.001972860423848033, "Wearing_Lipstick": 0.00018755727796815336, "Wearing_Necklace": 0.0006035023252479732, "Wearing_Necktie": 0.680640459060669, "Young": 0.009338109754025936, "df_race": "asian", "df_race_prob": 31.603330373764038, "df_gender": "Man", "df_gender_prob": 99.96812343597412, "df_age": 35, "df_emotion": "sad", "df_emotion_prob": 75.05534291267395}