{"name": "Mohammed_Al-Douri_0007.jpg", "5_o_Clock_Shadow": 0.006462681572884321, "Arched_Eyebrows": 0.000977599062025547, "Attractive": 0.021743688732385635, "Bags_Under_Eyes": 0.1002139002084732, "Bald": 0.33802565932273865, "Bangs": 0.0005025677965022624, "Big_Lips": 0.016800982877612114, "Big_Nose": 0.058910876512527466, "Black_Hair": 0.004885009489953518, "Blond_Hair": 0.004140748176723719, "Blurry": 0.07633114606142044, "Brown_Hair": 0.017380045726895332, "Bushy_Eyebrows": 0.00014012344763614237, "Chubby": 0.03335396200418472, "Double_Chin": 0.014548705890774727, "Eyeglasses": 0.0037995963357388973, "Goatee": 0.0010946847032755613, "Gray_Hair": 0.057649195194244385, "Heavy_Makeup": 0.00036784843541681767, "High_Cheekbones": 0.006336036138236523, "Male": 0.9946415424346924, "Mouth_Slightly_Open": 0.0018803371349349618, "Mustache": 0.0008293863502331078, "Narrow_Eyes": 0.06633032858371735, "No_Beard": 0.9927992820739746, "Oval_Face": 0.17755022644996643, "Pale_Skin": 0.09810271114110947, "Pointy_Nose": 0.1054190918803215, "Receding_Hairline": 0.7297886610031128, "Rosy_Cheeks": 8.612539386376739e-05, "Sideburns": 0.0017186971381306648, "Smiling": 0.0013883592328056693, "Straight_Hair": 0.03713405504822731, "Wavy_Hair": 0.002252942183986306, "Wearing_Earrings": 0.0011012591421604156, "Wearing_Hat": 0.0006290978053584695, "Wearing_Lipstick": 0.0006613245932385325, "Wearing_Necklace": 0.0004944066749885678, "Wearing_Necktie": 0.5843464732170105, "Young": 0.03234448283910751, "df_race": "latino hispanic", "df_race_prob": 38.21967840194702, "df_gender": "Man", "df_gender_prob": 99.75662231445312, "df_age": 35, "df_emotion": "angry", "df_emotion_prob": 47.6143479347229}