{"name": "Mohammed_Al-Douri_0001.jpg", "5_o_Clock_Shadow": 0.012030180543661118, "Arched_Eyebrows": 0.0009683766984380782, "Attractive": 0.00324482680298388, "Bags_Under_Eyes": 0.144387349486351, "Bald": 0.9092031121253967, "Bangs": 0.0016732413787394762, "Big_Lips": 0.14319132268428802, "Big_Nose": 0.23946399986743927, "Black_Hair": 0.0030337567441165447, "Blond_Hair": 0.0025671804323792458, "Blurry": 0.04320419207215309, "Brown_Hair": 0.002322026528418064, "Bushy_Eyebrows": 0.0003413842059671879, "Chubby": 0.1477036476135254, "Double_Chin": 0.08400438725948334, "Eyeglasses": 0.9909859895706177, "Goatee": 0.0017603004816919565, "Gray_Hair": 0.22568032145500183, "Heavy_Makeup": 6.802769348723814e-05, "High_Cheekbones": 0.0038536700885742903, "Male": 0.9987909197807312, "Mouth_Slightly_Open": 0.004784808494150639, "Mustache": 0.003388328943401575, "Narrow_Eyes": 0.01386081799864769, "No_Beard": 0.9860172867774963, "Oval_Face": 0.07491199672222137, "Pale_Skin": 0.04242069274187088, "Pointy_Nose": 0.13724881410598755, "Receding_Hairline": 0.48007601499557495, "Rosy_Cheeks": 9.306167339673266e-05, "Sideburns": 0.0021247335243970156, "Smiling": 0.0007714942912571132, "Straight_Hair": 0.01500712614506483, "Wavy_Hair": 0.0017828420968726277, "Wearing_Earrings": 0.0011105249868705869, "Wearing_Hat": 0.0021015102975070477, "Wearing_Lipstick": 0.0006073770928196609, "Wearing_Necklace": 0.0011486175935715437, "Wearing_Necktie": 0.8626947402954102, "Young": 0.007230128161609173, "df_race": "latino hispanic", "df_race_prob": 31.24563284192281, "df_gender": "Man", "df_gender_prob": 99.85759258270264, "df_age": 43, "df_emotion": "fear", "df_emotion_prob": 54.26194667816162}