{"name": "Momcilo_Perisic_0001.jpg", "5_o_Clock_Shadow": 0.015015474520623684, "Arched_Eyebrows": 0.000458363356301561, "Attractive": 0.004391179420053959, "Bags_Under_Eyes": 0.6790785789489746, "Bald": 0.005657845176756382, "Bangs": 0.0002978130360133946, "Big_Lips": 0.013219859451055527, "Big_Nose": 0.806140124797821, "Black_Hair": 0.0004795138374902308, "Blond_Hair": 0.003625286975875497, "Blurry": 0.04759981483221054, "Brown_Hair": 0.0010344627080485225, "Bushy_Eyebrows": 0.001990750664845109, "Chubby": 0.08155068010091782, "Double_Chin": 0.16743196547031403, "Eyeglasses": 0.002654707757756114, "Goatee": 0.0010908631375059485, "Gray_Hair": 0.18576392531394958, "Heavy_Makeup": 9.970577957574278e-05, "High_Cheekbones": 0.0697324201464653, "Male": 0.9981348514556885, "Mouth_Slightly_Open": 0.9723243713378906, "Mustache": 0.00668787257745862, "Narrow_Eyes": 0.14959266781806946, "No_Beard": 0.9637643694877625, "Oval_Face": 0.06693680584430695, "Pale_Skin": 0.05174418166279793, "Pointy_Nose": 0.008861553855240345, "Receding_Hairline": 0.009837702848017216, "Rosy_Cheeks": 0.0003091684484388679, "Sideburns": 0.002886647591367364, "Smiling": 0.04366738721728325, "Straight_Hair": 0.006808041129261255, "Wavy_Hair": 0.0017711797263473272, "Wearing_Earrings": 0.0012213197769597173, "Wearing_Hat": 0.942280650138855, "Wearing_Lipstick": 0.00024182323249988258, "Wearing_Necklace": 0.0003645796386990696, "Wearing_Necktie": 0.4492957293987274, "Young": 0.05061288923025131, "df_race": "latino hispanic", "df_race_prob": 22.94584053431991, "df_gender": "Man", "df_gender_prob": 99.97134804725647, "df_age": 48, "df_emotion": "sad", "df_emotion_prob": 37.94539200934124}