{"name": "Mona_Ayoub_0001.jpg", "5_o_Clock_Shadow": 0.0010053497971966863, "Arched_Eyebrows": 0.2025396227836609, "Attractive": 0.027269810438156128, "Bags_Under_Eyes": 0.03901951387524605, "Bald": 0.0013025220250710845, "Bangs": 0.00041740687447600067, "Big_Lips": 0.3059782385826111, "Big_Nose": 0.04878103360533714, "Black_Hair": 0.011500540189445019, "Blond_Hair": 0.0334288589656353, "Blurry": 0.6958611607551575, "Brown_Hair": 0.018148234114050865, "Bushy_Eyebrows": 0.00029021615046076477, "Chubby": 0.014819975942373276, "Double_Chin": 0.0115120280534029, "Eyeglasses": 0.0007197033846750855, "Goatee": 0.0003387209726497531, "Gray_Hair": 0.003399559063836932, "Heavy_Makeup": 0.006251802202314138, "High_Cheekbones": 0.7420042157173157, "Male": 0.014721937477588654, "Mouth_Slightly_Open": 0.9939082860946655, "Mustache": 0.0003959137829951942, "Narrow_Eyes": 0.2187778800725937, "No_Beard": 0.994541585445404, "Oval_Face": 0.034685488790273666, "Pale_Skin": 0.0016123149544000626, "Pointy_Nose": 0.22610929608345032, "Receding_Hairline": 0.38541144132614136, "Rosy_Cheeks": 0.0009473866084590554, "Sideburns": 0.00038468465209007263, "Smiling": 0.9698731303215027, "Straight_Hair": 0.08877377957105637, "Wavy_Hair": 0.042710818350315094, "Wearing_Earrings": 0.484210729598999, "Wearing_Hat": 0.0004590841708704829, "Wearing_Lipstick": 0.10059976577758789, "Wearing_Necklace": 0.07863718271255493, "Wearing_Necktie": 0.0011183790629729629, "Young": 0.3243558704853058, "df_race": "latino hispanic", "df_race_prob": 32.52960741519928, "df_gender": "Woman", "df_gender_prob": 97.63710498809814, "df_age": 35, "df_emotion": "happy", "df_emotion_prob": 99.89492297172546}