{"name": "Monica_Gabrielle_0001.jpg", "5_o_Clock_Shadow": 0.0014655921841040254, "Arched_Eyebrows": 0.007488409522920847, "Attractive": 0.022635674104094505, "Bags_Under_Eyes": 0.22505317628383636, "Bald": 0.0019263350404798985, "Bangs": 0.0018726643174886703, "Big_Lips": 0.015776414424180984, "Big_Nose": 0.03062169812619686, "Black_Hair": 0.0017484207637608051, "Blond_Hair": 0.37868544459342957, "Blurry": 0.16816675662994385, "Brown_Hair": 0.0030143975745886564, "Bushy_Eyebrows": 0.00023350000265054405, "Chubby": 0.007602338679134846, "Double_Chin": 0.002079880563542247, "Eyeglasses": 0.000557658146135509, "Goatee": 0.00041154216160066426, "Gray_Hair": 0.22660796344280243, "Heavy_Makeup": 0.0028790130745619535, "High_Cheekbones": 0.041600681841373444, "Male": 0.05701829493045807, "Mouth_Slightly_Open": 0.0015615952434018254, "Mustache": 0.000280477455817163, "Narrow_Eyes": 0.0035249891225248575, "No_Beard": 0.9951184988021851, "Oval_Face": 0.1420498937368393, "Pale_Skin": 0.06277158856391907, "Pointy_Nose": 0.12075279653072357, "Receding_Hairline": 0.11523474007844925, "Rosy_Cheeks": 8.425104897469282e-05, "Sideburns": 0.0012734539341181517, "Smiling": 0.0014561843127012253, "Straight_Hair": 0.5045152306556702, "Wavy_Hair": 0.015692075714468956, "Wearing_Earrings": 0.014421016909182072, "Wearing_Hat": 0.0005586555926129222, "Wearing_Lipstick": 0.007736680097877979, "Wearing_Necklace": 0.05357052758336067, "Wearing_Necktie": 0.0012408739421516657, "Young": 0.0745670422911644, "df_race": "white", "df_race_prob": 93.86506080627441, "df_gender": "Man", "df_gender_prob": 57.645994424819946, "df_age": 48, "df_emotion": "fear", "df_emotion_prob": 88.8704776763916}