{"name": "Muammar_Gaddafi_0001.jpg", "5_o_Clock_Shadow": 0.009942391887307167, "Arched_Eyebrows": 0.0005997209809720516, "Attractive": 0.003452448407188058, "Bags_Under_Eyes": 0.4127037525177002, "Bald": 0.004995382856577635, "Bangs": 0.003978624939918518, "Big_Lips": 0.029758986085653305, "Big_Nose": 0.3280075490474701, "Black_Hair": 0.0016091265715658665, "Blond_Hair": 0.013332879170775414, "Blurry": 0.8298938870429993, "Brown_Hair": 0.01912616565823555, "Bushy_Eyebrows": 0.0013321730075404048, "Chubby": 0.23930665850639343, "Double_Chin": 0.08985089510679245, "Eyeglasses": 0.004796728026121855, "Goatee": 0.0006234994507394731, "Gray_Hair": 0.02816167287528515, "Heavy_Makeup": 0.00022150928271003067, "High_Cheekbones": 0.02571411430835724, "Male": 0.9775300025939941, "Mouth_Slightly_Open": 0.025759290903806686, "Mustache": 0.0022196494974195957, "Narrow_Eyes": 0.6629854440689087, "No_Beard": 0.9741899967193604, "Oval_Face": 0.08228661864995956, "Pale_Skin": 0.013575399294495583, "Pointy_Nose": 0.007978606969118118, "Receding_Hairline": 0.007565353065729141, "Rosy_Cheeks": 8.93578544491902e-05, "Sideburns": 0.002487670164555311, "Smiling": 0.01873958669602871, "Straight_Hair": 0.006626990623772144, "Wavy_Hair": 0.03774577006697655, "Wearing_Earrings": 0.0029911177698522806, "Wearing_Hat": 0.2539125680923462, "Wearing_Lipstick": 0.0003587166138458997, "Wearing_Necklace": 0.00324581703171134, "Wearing_Necktie": 0.009999403730034828, "Young": 0.031525369733572006, "df_race": "asian", "df_race_prob": 44.8700434124418, "df_gender": "Man", "df_gender_prob": 99.06213283538818, "df_age": 40, "df_emotion": "sad", "df_emotion_prob": 90.72333574295044}