{"name": "Mufti_Mohammad_Syed_0001.jpg", "5_o_Clock_Shadow": 0.012885382398962975, "Arched_Eyebrows": 0.0010182700352743268, "Attractive": 0.0011096969246864319, "Bags_Under_Eyes": 0.226738840341568, "Bald": 0.010789314284920692, "Bangs": 0.0003475006378721446, "Big_Lips": 0.04190796986222267, "Big_Nose": 0.40708407759666443, "Black_Hair": 0.015767326578497887, "Blond_Hair": 0.0012067218776792288, "Blurry": 0.02606753632426262, "Brown_Hair": 0.00031183831742964685, "Bushy_Eyebrows": 0.020555907860398293, "Chubby": 0.461726576089859, "Double_Chin": 0.539600133895874, "Eyeglasses": 0.46838486194610596, "Goatee": 0.0016369178192690015, "Gray_Hair": 0.9634844064712524, "Heavy_Makeup": 0.0003633057640399784, "High_Cheekbones": 0.0058258092030882835, "Male": 0.9996196031570435, "Mouth_Slightly_Open": 0.9394218921661377, "Mustache": 0.01451222412288189, "Narrow_Eyes": 0.0031701414845883846, "No_Beard": 0.9416223168373108, "Oval_Face": 0.11180679500102997, "Pale_Skin": 0.02237384207546711, "Pointy_Nose": 0.10263357311487198, "Receding_Hairline": 0.333171010017395, "Rosy_Cheeks": 0.0002500460541341454, "Sideburns": 0.0038489706348627806, "Smiling": 0.0018574268324300647, "Straight_Hair": 0.44395753741264343, "Wavy_Hair": 0.005714855156838894, "Wearing_Earrings": 0.00040847185300663114, "Wearing_Hat": 0.0008457666262984276, "Wearing_Lipstick": 0.0009395982488058507, "Wearing_Necklace": 0.0009885356994345784, "Wearing_Necktie": 0.22492901980876923, "Young": 0.008267092518508434, "df_race": "middle eastern", "df_race_prob": 66.90492033958435, "df_gender": "Man", "df_gender_prob": 99.99686479568481, "df_age": 39, "df_emotion": "sad", "df_emotion_prob": 35.545530915260315}