{"name": "Muhammad_Ali_0006.jpg", "5_o_Clock_Shadow": 0.039908893406391144, "Arched_Eyebrows": 0.00507761538028717, "Attractive": 0.002850034274160862, "Bags_Under_Eyes": 0.09769272059202194, "Bald": 0.0036220382899045944, "Bangs": 0.0004100972437299788, "Big_Lips": 0.04426363855600357, "Big_Nose": 0.5761469006538391, "Black_Hair": 0.6263455748558044, "Blond_Hair": 0.001821994548663497, "Blurry": 0.041759900748729706, "Brown_Hair": 0.005865361075848341, "Bushy_Eyebrows": 0.02169826440513134, "Chubby": 0.7556020617485046, "Double_Chin": 0.16379250586032867, "Eyeglasses": 0.0032125376164913177, "Goatee": 0.03997615724802017, "Gray_Hair": 0.007797723636031151, "Heavy_Makeup": 0.0003452163655310869, "High_Cheekbones": 0.6088441014289856, "Male": 0.999284565448761, "Mouth_Slightly_Open": 0.9641326665878296, "Mustache": 0.9328017830848694, "Narrow_Eyes": 0.3343767821788788, "No_Beard": 0.017751699313521385, "Oval_Face": 0.36977431178092957, "Pale_Skin": 0.002584627363830805, "Pointy_Nose": 0.0011560318525880575, "Receding_Hairline": 0.17410001158714294, "Rosy_Cheeks": 0.000890611088834703, "Sideburns": 0.0031552433501929045, "Smiling": 0.2115107923746109, "Straight_Hair": 0.29168543219566345, "Wavy_Hair": 0.006977020762860775, "Wearing_Earrings": 0.009596427902579308, "Wearing_Hat": 0.0002566344919614494, "Wearing_Lipstick": 0.0006840350688435137, "Wearing_Necklace": 0.0019611732568591833, "Wearing_Necktie": 0.011633636429905891, "Young": 0.21293914318084717, "df_race": "asian", "df_race_prob": 38.36828927615753, "df_gender": "Man", "df_gender_prob": 99.99557733535767, "df_age": 37, "df_emotion": "happy", "df_emotion_prob": 71.69620990753174}