{"name": "Mukesh_Ambani_0002.jpg", "5_o_Clock_Shadow": 0.008762696757912636, "Arched_Eyebrows": 0.010776350274682045, "Attractive": 0.002751077525317669, "Bags_Under_Eyes": 0.12011086195707321, "Bald": 0.0023316005244851112, "Bangs": 0.002310699550434947, "Big_Lips": 0.023689553141593933, "Big_Nose": 0.041428714990615845, "Black_Hair": 0.5643183588981628, "Blond_Hair": 0.0006673326133750379, "Blurry": 0.40832820534706116, "Brown_Hair": 0.0067907837219536304, "Bushy_Eyebrows": 0.0951501876115799, "Chubby": 0.1338980346918106, "Double_Chin": 0.080480195581913, "Eyeglasses": 0.02769799530506134, "Goatee": 0.0010963106760755181, "Gray_Hair": 0.004321562126278877, "Heavy_Makeup": 0.0009896503761410713, "High_Cheekbones": 0.06773227453231812, "Male": 0.9944260120391846, "Mouth_Slightly_Open": 0.8063412308692932, "Mustache": 0.0030252926517277956, "Narrow_Eyes": 0.007439592853188515, "No_Beard": 0.9813501834869385, "Oval_Face": 0.32286906242370605, "Pale_Skin": 0.0033269294071942568, "Pointy_Nose": 0.017534667626023293, "Receding_Hairline": 0.01170293241739273, "Rosy_Cheeks": 9.782206325326115e-05, "Sideburns": 0.0020942240953445435, "Smiling": 0.00844673253595829, "Straight_Hair": 0.8790316581726074, "Wavy_Hair": 0.0016848606755957007, "Wearing_Earrings": 0.0007859133183956146, "Wearing_Hat": 0.0026220218278467655, "Wearing_Lipstick": 0.001645173062570393, "Wearing_Necklace": 0.0004313826793804765, "Wearing_Necktie": 0.4329463839530945, "Young": 0.1124868392944336, "df_race": "latino hispanic", "df_race_prob": 44.10549700260162, "df_gender": "Man", "df_gender_prob": 99.99804496765137, "df_age": 33, "df_emotion": "surprise", "df_emotion_prob": 99.99639987945557}