{"name": "Nadia_Petrova_0001.jpg", "5_o_Clock_Shadow": 0.003240648191422224, "Arched_Eyebrows": 0.005834741517901421, "Attractive": 0.015398604795336723, "Bags_Under_Eyes": 0.0012088560033589602, "Bald": 0.0029572839848697186, "Bangs": 0.002594857709482312, "Big_Lips": 0.006121580023318529, "Big_Nose": 0.00177867675665766, "Black_Hair": 0.001183766289614141, "Blond_Hair": 0.031139224767684937, "Blurry": 0.1499631553888321, "Brown_Hair": 0.014139380306005478, "Bushy_Eyebrows": 0.0012603134382516146, "Chubby": 0.013197772204875946, "Double_Chin": 0.002795947715640068, "Eyeglasses": 0.005227484740316868, "Goatee": 0.0003419680579099804, "Gray_Hair": 0.002812193939462304, "Heavy_Makeup": 0.005909925792366266, "High_Cheekbones": 0.07480748742818832, "Male": 0.10634209215641022, "Mouth_Slightly_Open": 0.6710714101791382, "Mustache": 0.0006017909036017954, "Narrow_Eyes": 0.004033029079437256, "No_Beard": 0.9939407110214233, "Oval_Face": 0.5244875550270081, "Pale_Skin": 0.006914225872606039, "Pointy_Nose": 0.04311897233128548, "Receding_Hairline": 0.005875255912542343, "Rosy_Cheeks": 0.000579252780880779, "Sideburns": 0.001323040691204369, "Smiling": 0.0010286394972354174, "Straight_Hair": 0.008561632595956326, "Wavy_Hair": 0.0056817191652953625, "Wearing_Earrings": 0.2678316533565521, "Wearing_Hat": 0.9764700531959534, "Wearing_Lipstick": 0.00913219340145588, "Wearing_Necklace": 0.04191949963569641, "Wearing_Necktie": 0.0003816046519204974, "Young": 0.9854992628097534, "df_race": "white", "df_race_prob": 48.904019724843536, "df_gender": "Man", "df_gender_prob": 97.8584349155426, "df_age": 32, "df_emotion": "surprise", "df_emotion_prob": 99.91851449012756}