{"name": "Naji_Sabri_0001.jpg", "5_o_Clock_Shadow": 0.0026078755035996437, "Arched_Eyebrows": 0.002873661695048213, "Attractive": 0.0027979640290141106, "Bags_Under_Eyes": 0.11676012724637985, "Bald": 0.009935962967574596, "Bangs": 0.004099793266505003, "Big_Lips": 0.005486034322530031, "Big_Nose": 0.28679725527763367, "Black_Hair": 0.015149244107306004, "Blond_Hair": 0.002756235422566533, "Blurry": 0.14905966818332672, "Brown_Hair": 0.00196712464094162, "Bushy_Eyebrows": 0.0511755608022213, "Chubby": 0.3710491955280304, "Double_Chin": 0.33010563254356384, "Eyeglasses": 0.9604548811912537, "Goatee": 0.006839814595878124, "Gray_Hair": 0.811092734336853, "Heavy_Makeup": 0.0005125944153405726, "High_Cheekbones": 0.06925342977046967, "Male": 0.9989757537841797, "Mouth_Slightly_Open": 0.13364923000335693, "Mustache": 0.9648513793945312, "Narrow_Eyes": 0.1903853416442871, "No_Beard": 0.026252860203385353, "Oval_Face": 0.18545746803283691, "Pale_Skin": 0.010622777044773102, "Pointy_Nose": 0.08382874727249146, "Receding_Hairline": 0.0353996567428112, "Rosy_Cheeks": 0.0005509568145498633, "Sideburns": 0.011147808283567429, "Smiling": 0.07693704217672348, "Straight_Hair": 0.6242573261260986, "Wavy_Hair": 0.007162564899772406, "Wearing_Earrings": 0.0007110944716259837, "Wearing_Hat": 0.001211735769174993, "Wearing_Lipstick": 0.0004929993883706629, "Wearing_Necklace": 0.0010765334591269493, "Wearing_Necktie": 0.4160372316837311, "Young": 0.004514858592301607, "df_race": "middle eastern", "df_race_prob": 55.20920219531085, "df_gender": "Man", "df_gender_prob": 99.9961256980896, "df_age": 45, "df_emotion": "sad", "df_emotion_prob": 52.14920950825271}