{"name": "Nancy_Pelosi_0006.jpg", "5_o_Clock_Shadow": 0.0004553738690447062, "Arched_Eyebrows": 0.11416419595479965, "Attractive": 0.24347449839115143, "Bags_Under_Eyes": 0.07416805624961853, "Bald": 0.0001475022145314142, "Bangs": 0.004061851650476456, "Big_Lips": 0.059678081423044205, "Big_Nose": 0.012175125069916248, "Black_Hair": 0.0007910968270152807, "Blond_Hair": 0.7385713458061218, "Blurry": 0.37184059619903564, "Brown_Hair": 0.028650585561990738, "Bushy_Eyebrows": 0.0013521004002541304, "Chubby": 0.001983093563467264, "Double_Chin": 0.0018984375055879354, "Eyeglasses": 0.0001028010156005621, "Goatee": 0.00035562858101911843, "Gray_Hair": 0.007707749027758837, "Heavy_Makeup": 0.10571213811635971, "High_Cheekbones": 0.8906189203262329, "Male": 0.001474795863032341, "Mouth_Slightly_Open": 0.9957913160324097, "Mustache": 0.00011699774040607736, "Narrow_Eyes": 0.15942896902561188, "No_Beard": 0.9984228610992432, "Oval_Face": 0.331900417804718, "Pale_Skin": 0.06583085656166077, "Pointy_Nose": 0.11960265785455704, "Receding_Hairline": 0.002766476245597005, "Rosy_Cheeks": 9.915320697473362e-05, "Sideburns": 0.00035170288174413145, "Smiling": 0.9469677805900574, "Straight_Hair": 0.08333185315132141, "Wavy_Hair": 0.19141872227191925, "Wearing_Earrings": 0.048864275217056274, "Wearing_Hat": 0.00036561439628712833, "Wearing_Lipstick": 0.2496408373117447, "Wearing_Necklace": 0.02999534271657467, "Wearing_Necktie": 0.0002768963749986142, "Young": 0.12395001947879791, "df_race": "white", "df_race_prob": 87.892085313797, "df_gender": "Woman", "df_gender_prob": 99.99988079071045, "df_age": 32, "df_emotion": "happy", "df_emotion_prob": 99.96895790100098}