{"name": "Nancy_Pelosi_0009.jpg", "5_o_Clock_Shadow": 0.0003521687467582524, "Arched_Eyebrows": 0.6800756454467773, "Attractive": 0.131896510720253, "Bags_Under_Eyes": 0.043185651302337646, "Bald": 0.00016166429850272834, "Bangs": 0.4822249710559845, "Big_Lips": 0.1082005724310875, "Big_Nose": 0.006917314603924751, "Black_Hair": 0.005600659642368555, "Blond_Hair": 0.026478277519345284, "Blurry": 0.07010312378406525, "Brown_Hair": 0.2464601695537567, "Bushy_Eyebrows": 0.0010851119877770543, "Chubby": 0.0007337154820561409, "Double_Chin": 0.0004495169850997627, "Eyeglasses": 0.0002515016822144389, "Goatee": 0.0001673765800660476, "Gray_Hair": 0.0013091809814795852, "Heavy_Makeup": 0.21690037846565247, "High_Cheekbones": 0.5587635636329651, "Male": 0.0008395167533308268, "Mouth_Slightly_Open": 0.2863815724849701, "Mustache": 0.00016008858801797032, "Narrow_Eyes": 0.005814769770950079, "No_Beard": 0.9990695118904114, "Oval_Face": 0.21987564861774445, "Pale_Skin": 0.04253819212317467, "Pointy_Nose": 0.20297779142856598, "Receding_Hairline": 0.00025744002778083086, "Rosy_Cheeks": 0.0003678456414490938, "Sideburns": 0.0003295611822977662, "Smiling": 0.0070789349265396595, "Straight_Hair": 0.09762472659349442, "Wavy_Hair": 0.08791912347078323, "Wearing_Earrings": 0.2061588317155838, "Wearing_Hat": 0.0011919195530936122, "Wearing_Lipstick": 0.6717897653579712, "Wearing_Necklace": 0.07947167754173279, "Wearing_Necktie": 0.0003469309594947845, "Young": 0.09742351621389389, "df_race": "white", "df_race_prob": 58.680176734924316, "df_gender": "Woman", "df_gender_prob": 100.0, "df_age": 49, "df_emotion": "surprise", "df_emotion_prob": 57.338081915607226}