{"name": "Nancy_Pelosi_0008.jpg", "5_o_Clock_Shadow": 0.000522932386957109, "Arched_Eyebrows": 0.1696779727935791, "Attractive": 0.08332640677690506, "Bags_Under_Eyes": 0.03643558919429779, "Bald": 0.0003224315878469497, "Bangs": 0.0007035807939246297, "Big_Lips": 0.031940117478370667, "Big_Nose": 0.004722114652395248, "Black_Hair": 0.014801467768847942, "Blond_Hair": 0.028232892975211143, "Blurry": 0.4590677320957184, "Brown_Hair": 0.1322072297334671, "Bushy_Eyebrows": 0.0021610003896057606, "Chubby": 0.0015098928706720471, "Double_Chin": 0.0010703534353524446, "Eyeglasses": 0.000206344950129278, "Goatee": 0.00027333362959325314, "Gray_Hair": 0.004078819882124662, "Heavy_Makeup": 0.04955719783902168, "High_Cheekbones": 0.608647882938385, "Male": 0.0018237247131764889, "Mouth_Slightly_Open": 0.47391679883003235, "Mustache": 0.00014037285291124135, "Narrow_Eyes": 0.06662552058696747, "No_Beard": 0.9978932738304138, "Oval_Face": 0.2625579237937927, "Pale_Skin": 0.016578618437051773, "Pointy_Nose": 0.2108881175518036, "Receding_Hairline": 0.01604936085641384, "Rosy_Cheeks": 0.0002923118881881237, "Sideburns": 0.0003297327784821391, "Smiling": 0.04601198434829712, "Straight_Hair": 0.13905702531337738, "Wavy_Hair": 0.056406933814287186, "Wearing_Earrings": 0.12071654200553894, "Wearing_Hat": 0.0008806620026007295, "Wearing_Lipstick": 0.1281176656484604, "Wearing_Necklace": 0.018409116193652153, "Wearing_Necktie": 0.000742536096367985, "Young": 0.07660498470067978, "df_race": "white", "df_race_prob": 91.18176102638245, "df_gender": "Woman", "df_gender_prob": 99.99330043792725, "df_age": 44, "df_emotion": "happy", "df_emotion_prob": 78.88978719711304}