{"name": "Nancy_Pelosi_0007.jpg", "5_o_Clock_Shadow": 0.0008098110556602478, "Arched_Eyebrows": 0.02926730178296566, "Attractive": 0.10781874507665634, "Bags_Under_Eyes": 0.08716561645269394, "Bald": 0.00021589567768387496, "Bangs": 0.0011032825568690896, "Big_Lips": 0.026676621288061142, "Big_Nose": 0.012964734807610512, "Black_Hair": 0.0036534983664751053, "Blond_Hair": 0.07073412090539932, "Blurry": 0.48561832308769226, "Brown_Hair": 0.311720073223114, "Bushy_Eyebrows": 0.0005513989017345011, "Chubby": 0.006134715862572193, "Double_Chin": 0.003926363307982683, "Eyeglasses": 0.00040374454692937434, "Goatee": 0.0004112842434551567, "Gray_Hair": 0.004669014364480972, "Heavy_Makeup": 0.03138154745101929, "High_Cheekbones": 0.9042675495147705, "Male": 0.004693184047937393, "Mouth_Slightly_Open": 0.9903514981269836, "Mustache": 0.0001681530411588028, "Narrow_Eyes": 0.07068151235580444, "No_Beard": 0.9970894455909729, "Oval_Face": 0.4953082501888275, "Pale_Skin": 0.013319656252861023, "Pointy_Nose": 0.10736820101737976, "Receding_Hairline": 0.006918850354850292, "Rosy_Cheeks": 0.0001888257247628644, "Sideburns": 0.0004486475372686982, "Smiling": 0.9587652087211609, "Straight_Hair": 0.2092720866203308, "Wavy_Hair": 0.07518839091062546, "Wearing_Earrings": 0.04292474687099457, "Wearing_Hat": 0.0007853320566937327, "Wearing_Lipstick": 0.13364730775356293, "Wearing_Necklace": 0.039100196212530136, "Wearing_Necktie": 0.0006245310651138425, "Young": 0.080184705555439, "df_race": "white", "df_race_prob": 98.76196384429932, "df_gender": "Woman", "df_gender_prob": 98.78160357475281, "df_age": 49, "df_emotion": "happy", "df_emotion_prob": 97.33309745788574}