{"name": "Nancy_Demme_0001.jpg", "5_o_Clock_Shadow": 0.0016835852293297648, "Arched_Eyebrows": 0.0011514335637912154, "Attractive": 0.030969660729169846, "Bags_Under_Eyes": 0.02034541592001915, "Bald": 0.0007552094175480306, "Bangs": 0.024769289419054985, "Big_Lips": 0.016569843515753746, "Big_Nose": 0.019426314160227776, "Black_Hair": 0.0009618917247280478, "Blond_Hair": 0.2546762526035309, "Blurry": 0.2635529637336731, "Brown_Hair": 0.004290309734642506, "Bushy_Eyebrows": 0.00014209082291927189, "Chubby": 0.005078848917037249, "Double_Chin": 0.0010387893998995423, "Eyeglasses": 0.0013480635825544596, "Goatee": 0.00022633960179518908, "Gray_Hair": 0.14286348223686218, "Heavy_Makeup": 0.0019094378221780062, "High_Cheekbones": 0.013353079557418823, "Male": 0.2726857662200928, "Mouth_Slightly_Open": 0.00519314082339406, "Mustache": 0.00042419155943207443, "Narrow_Eyes": 0.16866502165794373, "No_Beard": 0.9946045279502869, "Oval_Face": 0.10281458497047424, "Pale_Skin": 0.22246965765953064, "Pointy_Nose": 0.06100543215870857, "Receding_Hairline": 0.018564971163868904, "Rosy_Cheeks": 8.574695675633848e-05, "Sideburns": 0.0008356363978236914, "Smiling": 0.0003282739780843258, "Straight_Hair": 0.04039361700415611, "Wavy_Hair": 0.04932437837123871, "Wearing_Earrings": 0.19037765264511108, "Wearing_Hat": 0.00024964657495729625, "Wearing_Lipstick": 0.002264444949105382, "Wearing_Necklace": 0.01439699623733759, "Wearing_Necktie": 0.0013794256374239922, "Young": 0.17783135175704956, "df_race": "white", "df_race_prob": 98.26327541628783, "df_gender": "Man", "df_gender_prob": 70.17046213150024, "df_age": 32, "df_emotion": "sad", "df_emotion_prob": 74.58606362342834}