{"name": "Nanni_Moretti_0002.jpg", "5_o_Clock_Shadow": 0.07254034280776978, "Arched_Eyebrows": 0.002884897170588374, "Attractive": 0.019884100183844566, "Bags_Under_Eyes": 0.1522044837474823, "Bald": 0.00048431995674036443, "Bangs": 0.0014678905718028545, "Big_Lips": 0.0343707874417305, "Big_Nose": 0.04773789644241333, "Black_Hair": 0.012134074233472347, "Blond_Hair": 0.0016400354215875268, "Blurry": 0.08977741748094559, "Brown_Hair": 0.03676467016339302, "Bushy_Eyebrows": 0.022633271291851997, "Chubby": 0.05213290452957153, "Double_Chin": 0.004327378235757351, "Eyeglasses": 0.000926824111957103, "Goatee": 0.17320527136325836, "Gray_Hair": 0.012849931605160236, "Heavy_Makeup": 0.00010016997839557007, "High_Cheekbones": 0.001193478237837553, "Male": 0.9992331266403198, "Mouth_Slightly_Open": 0.020221613347530365, "Mustache": 0.15163785219192505, "Narrow_Eyes": 0.01694531738758087, "No_Beard": 0.03890197351574898, "Oval_Face": 0.06813671439886093, "Pale_Skin": 0.0013140668161213398, "Pointy_Nose": 0.11300525814294815, "Receding_Hairline": 0.001409147516824305, "Rosy_Cheeks": 2.744443372648675e-05, "Sideburns": 0.9320510029792786, "Smiling": 0.0006668166606687009, "Straight_Hair": 0.2914082407951355, "Wavy_Hair": 0.03058639168739319, "Wearing_Earrings": 0.00040876667480915785, "Wearing_Hat": 0.0032824415247887373, "Wearing_Lipstick": 9.990849503083155e-05, "Wearing_Necklace": 0.0005433849873952568, "Wearing_Necktie": 0.0034608503337949514, "Young": 0.5114511847496033, "df_race": "white", "df_race_prob": 50.47674780806873, "df_gender": "Man", "df_gender_prob": 99.9815285205841, "df_age": 42, "df_emotion": "neutral", "df_emotion_prob": 96.23013734817505}