{"name": "Naomi_Watts_0008.jpg", "5_o_Clock_Shadow": 0.0014211836969479918, "Arched_Eyebrows": 0.026215076446533203, "Attractive": 0.10889201611280441, "Bags_Under_Eyes": 0.22710725665092468, "Bald": 0.003981978632509708, "Bangs": 0.029676008969545364, "Big_Lips": 0.04506983235478401, "Big_Nose": 0.024472886696457863, "Black_Hair": 0.0004890455747954547, "Blond_Hair": 0.825767457485199, "Blurry": 0.23012670874595642, "Brown_Hair": 0.0027827583253383636, "Bushy_Eyebrows": 8.623568282928318e-05, "Chubby": 0.008536223322153091, "Double_Chin": 0.005103772971779108, "Eyeglasses": 0.00046251030289568007, "Goatee": 0.00046195866889320314, "Gray_Hair": 0.04421643912792206, "Heavy_Makeup": 0.002174083609133959, "High_Cheekbones": 0.6832911372184753, "Male": 0.05196019634604454, "Mouth_Slightly_Open": 0.9450199007987976, "Mustache": 0.00012260441144462675, "Narrow_Eyes": 0.4253334701061249, "No_Beard": 0.9969289898872375, "Oval_Face": 0.08257218450307846, "Pale_Skin": 0.06627427041530609, "Pointy_Nose": 0.13869896531105042, "Receding_Hairline": 0.017275799065828323, "Rosy_Cheeks": 0.00012670188152696937, "Sideburns": 0.00095702352700755, "Smiling": 0.9713543057441711, "Straight_Hair": 0.3952959179878235, "Wavy_Hair": 0.009508876129984856, "Wearing_Earrings": 0.15722817182540894, "Wearing_Hat": 0.0003681029484141618, "Wearing_Lipstick": 0.006561125162988901, "Wearing_Necklace": 0.05208015441894531, "Wearing_Necktie": 0.0009204301750287414, "Young": 0.5351948142051697, "df_race": "white", "df_race_prob": 99.99958276748657, "df_gender": "Woman", "df_gender_prob": 99.99997615814209, "df_age": 36, "df_emotion": "happy", "df_emotion_prob": 98.65031830372324}