{"name": "Nasser_al-Kidwa_0002.jpg", "5_o_Clock_Shadow": 0.0031958974432200193, "Arched_Eyebrows": 0.0020873364992439747, "Attractive": 0.0017445533303543925, "Bags_Under_Eyes": 0.06782256811857224, "Bald": 0.07160954922437668, "Bangs": 9.143642819253728e-05, "Big_Lips": 0.01633608154952526, "Big_Nose": 0.4527004361152649, "Black_Hair": 0.060023680329322815, "Blond_Hair": 0.0026619506534188986, "Blurry": 0.05030904337763786, "Brown_Hair": 0.0036708377301692963, "Bushy_Eyebrows": 0.011300475336611271, "Chubby": 0.4670397937297821, "Double_Chin": 0.25014424324035645, "Eyeglasses": 0.9863394498825073, "Goatee": 0.0003721106913872063, "Gray_Hair": 0.04318919777870178, "Heavy_Makeup": 0.0004775754059664905, "High_Cheekbones": 0.05395740643143654, "Male": 0.9957520961761475, "Mouth_Slightly_Open": 0.7387884855270386, "Mustache": 0.0009889199864119291, "Narrow_Eyes": 0.055229347199201584, "No_Beard": 0.9946991205215454, "Oval_Face": 0.3460254669189453, "Pale_Skin": 0.03533231467008591, "Pointy_Nose": 0.0030612186528742313, "Receding_Hairline": 0.6960811018943787, "Rosy_Cheeks": 3.69795088772662e-05, "Sideburns": 0.0004179079260211438, "Smiling": 0.027422601357102394, "Straight_Hair": 0.1195133849978447, "Wavy_Hair": 0.0008017504587769508, "Wearing_Earrings": 0.0008588068885728717, "Wearing_Hat": 0.0006981495535001159, "Wearing_Lipstick": 0.0007337637944146991, "Wearing_Necklace": 0.0007979794172570109, "Wearing_Necktie": 0.3213793933391571, "Young": 0.05768897384405136, "df_race": "asian", "df_race_prob": 50.53011178970337, "df_gender": "Man", "df_gender_prob": 99.9776542186737, "df_age": 37, "df_emotion": "sad", "df_emotion_prob": 72.2603440284729}