{"name": "Nathan_Powell_0001.jpg", "5_o_Clock_Shadow": 0.08500586450099945, "Arched_Eyebrows": 0.0018909870414063334, "Attractive": 0.018325503915548325, "Bags_Under_Eyes": 0.06930277496576309, "Bald": 0.0005871998146176338, "Bangs": 0.0011509362375363708, "Big_Lips": 0.012080696411430836, "Big_Nose": 0.05753827840089798, "Black_Hair": 0.004867858719080687, "Blond_Hair": 0.024728473275899887, "Blurry": 0.19370004534721375, "Brown_Hair": 0.09870846569538116, "Bushy_Eyebrows": 0.00022381162852980196, "Chubby": 0.5081618428230286, "Double_Chin": 0.04761320352554321, "Eyeglasses": 0.002027734648436308, "Goatee": 0.10179318487644196, "Gray_Hair": 0.01857428252696991, "Heavy_Makeup": 0.000340773694915697, "High_Cheekbones": 0.017123468220233917, "Male": 0.9961767196655273, "Mouth_Slightly_Open": 0.01822356879711151, "Mustache": 0.014873756095767021, "Narrow_Eyes": 0.12025748193264008, "No_Beard": 0.3178018629550934, "Oval_Face": 0.38160762190818787, "Pale_Skin": 0.08808793127536774, "Pointy_Nose": 0.031893081963062286, "Receding_Hairline": 0.015841132029891014, "Rosy_Cheeks": 0.00010517291229916736, "Sideburns": 0.014496329240500927, "Smiling": 0.0027962576132267714, "Straight_Hair": 0.003093833802267909, "Wavy_Hair": 0.7711576819419861, "Wearing_Earrings": 0.0009463238529860973, "Wearing_Hat": 0.0012221535434946418, "Wearing_Lipstick": 0.00019397606956772506, "Wearing_Necklace": 0.0031619304791092873, "Wearing_Necktie": 0.0031999165657907724, "Young": 0.42626574635505676, "df_race": "white", "df_race_prob": 90.11209607124329, "df_gender": "Man", "df_gender_prob": 99.9859094619751, "df_age": 34, "df_emotion": "fear", "df_emotion_prob": 38.931588657905024}