{"name": "Nebojsa_Pavkovic_0002.jpg", "5_o_Clock_Shadow": 0.022640138864517212, "Arched_Eyebrows": 0.010808314196765423, "Attractive": 0.010136596858501434, "Bags_Under_Eyes": 0.5956568717956543, "Bald": 0.002118657110258937, "Bangs": 0.00025074771838262677, "Big_Lips": 0.012128622271120548, "Big_Nose": 0.4312524199485779, "Black_Hair": 0.002492380328476429, "Blond_Hair": 0.0020808191038668156, "Blurry": 0.07906312495470047, "Brown_Hair": 0.0036496680695563555, "Bushy_Eyebrows": 0.10463529080152512, "Chubby": 0.14860336482524872, "Double_Chin": 0.20167149603366852, "Eyeglasses": 0.0032196613028645515, "Goatee": 0.00033895098022185266, "Gray_Hair": 0.026375427842140198, "Heavy_Makeup": 0.00022157878265716136, "High_Cheekbones": 0.0542062371969223, "Male": 0.9957850575447083, "Mouth_Slightly_Open": 0.011455213651061058, "Mustache": 0.0030441151466220617, "Narrow_Eyes": 0.07232620567083359, "No_Beard": 0.9807542562484741, "Oval_Face": 0.07661861926317215, "Pale_Skin": 0.07686642557382584, "Pointy_Nose": 0.0444018729031086, "Receding_Hairline": 0.0022711276542395353, "Rosy_Cheeks": 0.00023385693202726543, "Sideburns": 0.0010882844217121601, "Smiling": 0.027558496221899986, "Straight_Hair": 0.015153107233345509, "Wavy_Hair": 0.0027529147919267416, "Wearing_Earrings": 0.0012060290900990367, "Wearing_Hat": 0.9551465511322021, "Wearing_Lipstick": 0.0004097270139027387, "Wearing_Necklace": 0.0003431327932048589, "Wearing_Necktie": 0.39203953742980957, "Young": 0.04154869541525841, "df_race": "white", "df_race_prob": 46.271190491772835, "df_gender": "Man", "df_gender_prob": 99.98942613601685, "df_age": 44, "df_emotion": "angry", "df_emotion_prob": 45.67907426828589}