{"name": "Nelson_Mandela_0004.jpg", "5_o_Clock_Shadow": 0.003231765702366829, "Arched_Eyebrows": 0.001183532876893878, "Attractive": 0.0018775397911667824, "Bags_Under_Eyes": 0.4414406418800354, "Bald": 0.014228611253201962, "Bangs": 0.00034784982562996447, "Big_Lips": 0.043125901371240616, "Big_Nose": 0.7906410098075867, "Black_Hair": 0.0158025361597538, "Blond_Hair": 0.0016639473615214229, "Blurry": 0.06794299930334091, "Brown_Hair": 0.00034584879176691175, "Bushy_Eyebrows": 8.62617525854148e-05, "Chubby": 0.3647724688053131, "Double_Chin": 0.26345953345298767, "Eyeglasses": 0.006015670485794544, "Goatee": 0.0025306600145995617, "Gray_Hair": 0.8072382211685181, "Heavy_Makeup": 0.00015633257862646133, "High_Cheekbones": 0.41271600127220154, "Male": 0.9939728379249573, "Mouth_Slightly_Open": 0.5866361856460571, "Mustache": 0.007464628200978041, "Narrow_Eyes": 0.044152118265628815, "No_Beard": 0.97690349817276, "Oval_Face": 0.0752655640244484, "Pale_Skin": 0.026219045743346214, "Pointy_Nose": 0.0008974277880042791, "Receding_Hairline": 0.4790717661380768, "Rosy_Cheeks": 0.0001134664416895248, "Sideburns": 0.0015059219440445304, "Smiling": 0.04006041958928108, "Straight_Hair": 0.13737496733665466, "Wavy_Hair": 0.004794905427843332, "Wearing_Earrings": 0.0014317987952381372, "Wearing_Hat": 0.000755050394218415, "Wearing_Lipstick": 0.00036990491207689047, "Wearing_Necklace": 0.0019195664208382368, "Wearing_Necktie": 0.09697898477315903, "Young": 0.015433519147336483, "df_race": "asian", "df_race_prob": 68.22318434715271, "df_gender": "Man", "df_gender_prob": 98.97449612617493, "df_age": 45, "df_emotion": "neutral", "df_emotion_prob": 89.20920491218567}