{"name": "Neri_Marcore_0002.jpg", "5_o_Clock_Shadow": 0.08492498844861984, "Arched_Eyebrows": 0.003436875529587269, "Attractive": 0.04982927069067955, "Bags_Under_Eyes": 0.8288273215293884, "Bald": 0.007977746427059174, "Bangs": 0.00028399706934578717, "Big_Lips": 0.07426492869853973, "Big_Nose": 0.7147582769393921, "Black_Hair": 0.01835092343389988, "Blond_Hair": 0.0035994413774460554, "Blurry": 0.357329398393631, "Brown_Hair": 0.053744837641716, "Bushy_Eyebrows": 0.044648658484220505, "Chubby": 0.11829346418380737, "Double_Chin": 0.11106943339109421, "Eyeglasses": 0.0023579809349030256, "Goatee": 0.0009288370492868125, "Gray_Hair": 0.012104906141757965, "Heavy_Makeup": 3.8984242564765736e-05, "High_Cheekbones": 0.6546493768692017, "Male": 0.9988614320755005, "Mouth_Slightly_Open": 0.7972311973571777, "Mustache": 0.002566681243479252, "Narrow_Eyes": 0.529522716999054, "No_Beard": 0.9831401705741882, "Oval_Face": 0.06316592544317245, "Pale_Skin": 0.0080452561378479, "Pointy_Nose": 0.055073563009500504, "Receding_Hairline": 0.27845656871795654, "Rosy_Cheeks": 6.717201176797971e-05, "Sideburns": 0.0012724475236609578, "Smiling": 0.9886035919189453, "Straight_Hair": 0.29629459977149963, "Wavy_Hair": 0.01460307277739048, "Wearing_Earrings": 0.0011510036420077085, "Wearing_Hat": 0.00015193969011306763, "Wearing_Lipstick": 0.00016945840616244823, "Wearing_Necklace": 0.0005368039128370583, "Wearing_Necktie": 0.5985828042030334, "Young": 0.13263900578022003, "df_race": "white", "df_race_prob": 53.13116274700609, "df_gender": "Man", "df_gender_prob": 99.98953342437744, "df_age": 30, "df_emotion": "happy", "df_emotion_prob": 93.01996231079102}