{"name": "Nestor_Kirchner_0010.jpg", "5_o_Clock_Shadow": 0.003923865035176277, "Arched_Eyebrows": 0.009653198532760143, "Attractive": 0.019656380638480186, "Bags_Under_Eyes": 0.4424087703227997, "Bald": 0.00810261256992817, "Bangs": 0.00020952617342118174, "Big_Lips": 0.002817769069224596, "Big_Nose": 0.5284188389778137, "Black_Hair": 0.0015922535676509142, "Blond_Hair": 0.025298163294792175, "Blurry": 0.05093308538198471, "Brown_Hair": 0.002099565928801894, "Bushy_Eyebrows": 0.008540659211575985, "Chubby": 0.05253848806023598, "Double_Chin": 0.19487927854061127, "Eyeglasses": 0.0034990946296602488, "Goatee": 0.00028731609927490354, "Gray_Hair": 0.897601842880249, "Heavy_Makeup": 0.0003932757244911045, "High_Cheekbones": 0.45543232560157776, "Male": 0.9989932179450989, "Mouth_Slightly_Open": 0.5827177166938782, "Mustache": 0.0007390793762169778, "Narrow_Eyes": 0.004949768073856831, "No_Beard": 0.9964305758476257, "Oval_Face": 0.29202547669410706, "Pale_Skin": 0.0862002968788147, "Pointy_Nose": 0.08349715173244476, "Receding_Hairline": 0.5393431782722473, "Rosy_Cheeks": 0.0002741580829024315, "Sideburns": 0.000550589058548212, "Smiling": 0.9142757654190063, "Straight_Hair": 0.6580204367637634, "Wavy_Hair": 0.0013456796295940876, "Wearing_Earrings": 0.0003996597370132804, "Wearing_Hat": 0.00019747384067159146, "Wearing_Lipstick": 0.0005946485907770693, "Wearing_Necklace": 0.0002260715264128521, "Wearing_Necktie": 0.8013792634010315, "Young": 0.007022433914244175, "df_race": "white", "df_race_prob": 99.99057054519653, "df_gender": "Man", "df_gender_prob": 99.97383952140808, "df_age": 51, "df_emotion": "happy", "df_emotion_prob": 97.27039933204651}