{"name": "Nestor_Kirchner_0032.jpg", "5_o_Clock_Shadow": 0.009869408793747425, "Arched_Eyebrows": 0.016138693317770958, "Attractive": 0.00827622227370739, "Bags_Under_Eyes": 0.7674092650413513, "Bald": 0.005228142254054546, "Bangs": 0.0007969949510879815, "Big_Lips": 0.007871618494391441, "Big_Nose": 0.6199063062667847, "Black_Hair": 0.00119618303142488, "Blond_Hair": 0.0160807017236948, "Blurry": 0.2056177258491516, "Brown_Hair": 0.002211672719568014, "Bushy_Eyebrows": 0.001326854806393385, "Chubby": 0.06648615747690201, "Double_Chin": 0.22667591273784637, "Eyeglasses": 0.0028031321708112955, "Goatee": 0.0005363694508560002, "Gray_Hair": 0.8144024014472961, "Heavy_Makeup": 8.733644790481776e-05, "High_Cheekbones": 0.7188761234283447, "Male": 0.9977447986602783, "Mouth_Slightly_Open": 0.11238548159599304, "Mustache": 0.002762722782790661, "Narrow_Eyes": 0.011649589985609055, "No_Beard": 0.9878998398780823, "Oval_Face": 0.09400388598442078, "Pale_Skin": 0.013828222639858723, "Pointy_Nose": 0.06532614678144455, "Receding_Hairline": 0.1688399463891983, "Rosy_Cheeks": 0.00021439675765577704, "Sideburns": 0.0013994270702823997, "Smiling": 0.8429179191589355, "Straight_Hair": 0.5895365476608276, "Wavy_Hair": 0.0017267722869291902, "Wearing_Earrings": 0.0006384268053807318, "Wearing_Hat": 0.00025923163047991693, "Wearing_Lipstick": 0.00022369537327904254, "Wearing_Necklace": 0.0003071023675147444, "Wearing_Necktie": 0.8162134885787964, "Young": 0.007375943008810282, "df_race": "white", "df_race_prob": 38.82218466069516, "df_gender": "Man", "df_gender_prob": 99.98499155044556, "df_age": 29, "df_emotion": "sad", "df_emotion_prob": 55.38799166679382}