{"name": "Nicanor_Duarte_Frutos_0007.jpg", "5_o_Clock_Shadow": 0.0092838816344738, "Arched_Eyebrows": 0.009376905858516693, "Attractive": 0.006619204301387072, "Bags_Under_Eyes": 0.16797363758087158, "Bald": 0.0005022129626013339, "Bangs": 0.0008903417037799954, "Big_Lips": 0.009968815371394157, "Big_Nose": 0.4556860625743866, "Black_Hair": 0.09287700802087784, "Blond_Hair": 0.0017777695320546627, "Blurry": 0.2789880931377411, "Brown_Hair": 0.023251604288816452, "Bushy_Eyebrows": 0.03485189005732536, "Chubby": 0.3822422921657562, "Double_Chin": 0.2874823212623596, "Eyeglasses": 0.9310528039932251, "Goatee": 0.00027850718470290303, "Gray_Hair": 0.07761742919683456, "Heavy_Makeup": 0.0003317982191219926, "High_Cheekbones": 0.473543643951416, "Male": 0.9980024695396423, "Mouth_Slightly_Open": 0.9973326921463013, "Mustache": 0.002795544918626547, "Narrow_Eyes": 0.05624421685934067, "No_Beard": 0.9898732900619507, "Oval_Face": 0.1320585012435913, "Pale_Skin": 0.012974677607417107, "Pointy_Nose": 0.011667533777654171, "Receding_Hairline": 0.003987584263086319, "Rosy_Cheeks": 0.00028511942946352065, "Sideburns": 0.00028850793023593724, "Smiling": 0.9672431945800781, "Straight_Hair": 0.5396838784217834, "Wavy_Hair": 0.017570313066244125, "Wearing_Earrings": 0.0008949409238994122, "Wearing_Hat": 0.0006802644929848611, "Wearing_Lipstick": 0.0004312179808039218, "Wearing_Necklace": 0.0005244076019152999, "Wearing_Necktie": 0.525983452796936, "Young": 0.025498777627944946, "df_race": "latino hispanic", "df_race_prob": 32.82980918884277, "df_gender": "Man", "df_gender_prob": 99.76001381874084, "df_age": 30, "df_emotion": "happy", "df_emotion_prob": 87.04305291175842}