{"name": "Nicholas_Tse_0002.jpg", "5_o_Clock_Shadow": 0.0054039363749325275, "Arched_Eyebrows": 0.0054494165815413, "Attractive": 0.24291731417179108, "Bags_Under_Eyes": 0.007454463746398687, "Bald": 0.00013351443340070546, "Bangs": 0.44266167283058167, "Big_Lips": 0.011453291401267052, "Big_Nose": 0.0085423793643713, "Black_Hair": 0.03369714692234993, "Blond_Hair": 0.01119542121887207, "Blurry": 0.07803033292293549, "Brown_Hair": 0.007482797373086214, "Bushy_Eyebrows": 0.007029426749795675, "Chubby": 0.0008814028115011752, "Double_Chin": 0.00015680612705182284, "Eyeglasses": 0.0008731334819458425, "Goatee": 0.00024948190548457205, "Gray_Hair": 0.008145639672875404, "Heavy_Makeup": 0.0026469381991773844, "High_Cheekbones": 0.022120075300335884, "Male": 0.9787190556526184, "Mouth_Slightly_Open": 0.005943750962615013, "Mustache": 0.00027224543737247586, "Narrow_Eyes": 0.013467001728713512, "No_Beard": 0.9964343309402466, "Oval_Face": 0.27590563893318176, "Pale_Skin": 0.015084333717823029, "Pointy_Nose": 0.014173238538205624, "Receding_Hairline": 0.00043007428757846355, "Rosy_Cheeks": 6.901565939188004e-05, "Sideburns": 0.00017269616364501417, "Smiling": 0.008528909645974636, "Straight_Hair": 0.713707685470581, "Wavy_Hair": 0.005065214820206165, "Wearing_Earrings": 0.012352756224572659, "Wearing_Hat": 0.0012750104069709778, "Wearing_Lipstick": 0.0036765658296644688, "Wearing_Necklace": 0.003942009061574936, "Wearing_Necktie": 0.0003529239329509437, "Young": 0.9619424939155579, "df_race": "asian", "df_race_prob": 99.9019920767541, "df_gender": "Man", "df_gender_prob": 99.88356232643127, "df_age": 22, "df_emotion": "neutral", "df_emotion_prob": 83.25936198234558}