{"name": "Nicklas_Lidstrom_0001.jpg", "5_o_Clock_Shadow": 0.017045261338353157, "Arched_Eyebrows": 0.0008464519632980227, "Attractive": 0.09229353815317154, "Bags_Under_Eyes": 0.3045363128185272, "Bald": 0.00664825364947319, "Bangs": 0.0003343710268381983, "Big_Lips": 0.012879149056971073, "Big_Nose": 0.24252432584762573, "Black_Hair": 0.0007481106440536678, "Blond_Hair": 0.18289612233638763, "Blurry": 0.023830775171518326, "Brown_Hair": 0.01812710054218769, "Bushy_Eyebrows": 5.510582195711322e-05, "Chubby": 0.0264282263815403, "Double_Chin": 0.028630971908569336, "Eyeglasses": 0.0008087179739959538, "Goatee": 0.00042918126564472914, "Gray_Hair": 0.0635133683681488, "Heavy_Makeup": 0.00013194518396630883, "High_Cheekbones": 0.732840895652771, "Male": 0.9982611536979675, "Mouth_Slightly_Open": 0.4347742795944214, "Mustache": 0.0003936552966479212, "Narrow_Eyes": 0.13218989968299866, "No_Beard": 0.9953886270523071, "Oval_Face": 0.1635197550058365, "Pale_Skin": 0.08328955620527267, "Pointy_Nose": 0.008473124355077744, "Receding_Hairline": 0.1495978981256485, "Rosy_Cheeks": 7.063765224302188e-05, "Sideburns": 0.00023734905698802322, "Smiling": 0.9606310725212097, "Straight_Hair": 0.4368612468242645, "Wavy_Hair": 0.003148794872686267, "Wearing_Earrings": 0.0004094546311534941, "Wearing_Hat": 8.39991625980474e-05, "Wearing_Lipstick": 0.0002083825966110453, "Wearing_Necklace": 0.0003204662643838674, "Wearing_Necktie": 0.20209942758083344, "Young": 0.18076960742473602, "df_race": "white", "df_race_prob": 99.99871253967285, "df_gender": "Man", "df_gender_prob": 99.98131394386292, "df_age": 28, "df_emotion": "happy", "df_emotion_prob": 99.80192184448242}