{"name": "Nick_Nolte_0001.jpg", "5_o_Clock_Shadow": 0.01657693088054657, "Arched_Eyebrows": 0.0004543555260170251, "Attractive": 0.010741296224296093, "Bags_Under_Eyes": 0.07069573551416397, "Bald": 0.0029127171728760004, "Bangs": 0.00037541677011176944, "Big_Lips": 0.004421124700456858, "Big_Nose": 0.07881570607423782, "Black_Hair": 0.0012439964339137077, "Blond_Hair": 0.0356980636715889, "Blurry": 0.43177327513694763, "Brown_Hair": 0.06080777198076248, "Bushy_Eyebrows": 0.000669577915687114, "Chubby": 0.03396846726536751, "Double_Chin": 0.007957213558256626, "Eyeglasses": 0.007400884293019772, "Goatee": 0.0005277635646052659, "Gray_Hair": 0.1777869015932083, "Heavy_Makeup": 0.00031540985219180584, "High_Cheekbones": 0.022239375859498978, "Male": 0.9807816743850708, "Mouth_Slightly_Open": 0.0036967708729207516, "Mustache": 0.0006975546129979193, "Narrow_Eyes": 0.11687301099300385, "No_Beard": 0.9860803484916687, "Oval_Face": 0.15042303502559662, "Pale_Skin": 0.02688543312251568, "Pointy_Nose": 0.022353731095790863, "Receding_Hairline": 0.4135374128818512, "Rosy_Cheeks": 0.0002646899374667555, "Sideburns": 0.0008946701418608427, "Smiling": 0.0023145677987486124, "Straight_Hair": 0.005824270658195019, "Wavy_Hair": 0.5428327918052673, "Wearing_Earrings": 0.0011004804400727153, "Wearing_Hat": 0.0003950911050196737, "Wearing_Lipstick": 0.0002920653496403247, "Wearing_Necklace": 0.002744600409641862, "Wearing_Necktie": 0.0032980539835989475, "Young": 0.1990882307291031, "df_race": "white", "df_race_prob": 94.7715163230896, "df_gender": "Man", "df_gender_prob": 99.95028972625732, "df_age": 37, "df_emotion": "sad", "df_emotion_prob": 58.38472595123803}