{"name": "Nick_Nolte_0005.jpg", "5_o_Clock_Shadow": 0.012429232709109783, "Arched_Eyebrows": 0.0005663286428898573, "Attractive": 0.0055254013277590275, "Bags_Under_Eyes": 0.32690519094467163, "Bald": 0.002484284806996584, "Bangs": 0.0013790007214993238, "Big_Lips": 0.02232368290424347, "Big_Nose": 0.31459033489227295, "Black_Hair": 0.0003435294784139842, "Blond_Hair": 0.036959193646907806, "Blurry": 0.10993465781211853, "Brown_Hair": 0.003262311452999711, "Bushy_Eyebrows": 0.0002614778350107372, "Chubby": 0.025377148762345314, "Double_Chin": 0.026528669521212578, "Eyeglasses": 0.003075084649026394, "Goatee": 0.0004720508004538715, "Gray_Hair": 0.6975974440574646, "Heavy_Makeup": 6.456209666794166e-05, "High_Cheekbones": 0.013818993233144283, "Male": 0.9995843768119812, "Mouth_Slightly_Open": 0.4344220459461212, "Mustache": 0.000897571153473109, "Narrow_Eyes": 0.1135445311665535, "No_Beard": 0.9889647960662842, "Oval_Face": 0.04792039468884468, "Pale_Skin": 0.05504505708813667, "Pointy_Nose": 0.02284342609345913, "Receding_Hairline": 0.030201714485883713, "Rosy_Cheeks": 9.777654486242682e-05, "Sideburns": 0.0005848180153407156, "Smiling": 0.005970612168312073, "Straight_Hair": 0.07241588830947876, "Wavy_Hair": 0.010061577893793583, "Wearing_Earrings": 0.0003627990954555571, "Wearing_Hat": 0.0011074303183704615, "Wearing_Lipstick": 0.00018199677288066596, "Wearing_Necklace": 0.0006365078152157366, "Wearing_Necktie": 0.010812841355800629, "Young": 0.03952804580330849, "df_race": "white", "df_race_prob": 99.9935507774353, "df_gender": "Man", "df_gender_prob": 99.94627833366394, "df_age": 49, "df_emotion": "sad", "df_emotion_prob": 94.52681508820147}