{"name": "Nicole_Kidman_0014.jpg", "5_o_Clock_Shadow": 0.0010132084134966135, "Arched_Eyebrows": 0.06489668041467667, "Attractive": 0.5272040963172913, "Bags_Under_Eyes": 0.08702447265386581, "Bald": 0.0010685424786061049, "Bangs": 0.007002352736890316, "Big_Lips": 0.22646304965019226, "Big_Nose": 0.03602555766701698, "Black_Hair": 0.0005392162129282951, "Blond_Hair": 0.9724302291870117, "Blurry": 0.1450895369052887, "Brown_Hair": 0.001031734049320221, "Bushy_Eyebrows": 0.0004520509683061391, "Chubby": 0.004558002110570669, "Double_Chin": 0.00238281418569386, "Eyeglasses": 0.0011608806671574712, "Goatee": 0.00042858862434513867, "Gray_Hair": 0.0183449424803257, "Heavy_Makeup": 0.0535244382917881, "High_Cheekbones": 0.8346511721611023, "Male": 0.012079017236828804, "Mouth_Slightly_Open": 0.9510393142700195, "Mustache": 0.000481015449622646, "Narrow_Eyes": 0.13303296267986298, "No_Beard": 0.9974262118339539, "Oval_Face": 0.10790828615427017, "Pale_Skin": 0.3623112440109253, "Pointy_Nose": 0.1641279011964798, "Receding_Hairline": 0.030603356659412384, "Rosy_Cheeks": 0.00034148021950386465, "Sideburns": 0.0002385546686127782, "Smiling": 0.9926268458366394, "Straight_Hair": 0.003931593615561724, "Wavy_Hair": 0.6950366497039795, "Wearing_Earrings": 0.06733584403991699, "Wearing_Hat": 0.00021414118236862123, "Wearing_Lipstick": 0.3889838457107544, "Wearing_Necklace": 0.6391092538833618, "Wearing_Necktie": 0.000554863188881427, "Young": 0.621071457862854, "df_race": "white", "df_race_prob": 99.09105896949768, "df_gender": "Woman", "df_gender_prob": 99.98725652694702, "df_age": 30, "df_emotion": "happy", "df_emotion_prob": 98.11140265072632}