{"name": "Nicole_Kidman_0004.jpg", "5_o_Clock_Shadow": 0.0008895399514585733, "Arched_Eyebrows": 0.1373468041419983, "Attractive": 0.2802276611328125, "Bags_Under_Eyes": 0.001395273138768971, "Bald": 0.00019116592011414468, "Bangs": 0.3284171521663666, "Big_Lips": 0.19403213262557983, "Big_Nose": 0.005119945853948593, "Black_Hair": 0.0008887241128832102, "Blond_Hair": 0.8438639640808105, "Blurry": 0.30991512537002563, "Brown_Hair": 0.005021692719310522, "Bushy_Eyebrows": 0.00023311140830628574, "Chubby": 0.0022463600616902113, "Double_Chin": 0.001655888045206666, "Eyeglasses": 0.001036583329550922, "Goatee": 0.0002183336328016594, "Gray_Hair": 0.013625187799334526, "Heavy_Makeup": 0.17494522035121918, "High_Cheekbones": 0.06450016051530838, "Male": 0.008116442710161209, "Mouth_Slightly_Open": 0.9764843583106995, "Mustache": 0.00032693345565348864, "Narrow_Eyes": 0.10939808189868927, "No_Beard": 0.9978429079055786, "Oval_Face": 0.11951038241386414, "Pale_Skin": 0.2624809741973877, "Pointy_Nose": 0.2416015863418579, "Receding_Hairline": 0.0012485523475334048, "Rosy_Cheeks": 0.000860348402056843, "Sideburns": 0.00018801153055392206, "Smiling": 0.6639960408210754, "Straight_Hair": 0.0007107381243258715, "Wavy_Hair": 0.9475926756858826, "Wearing_Earrings": 0.258277952671051, "Wearing_Hat": 0.0005865218699909747, "Wearing_Lipstick": 0.6248641610145569, "Wearing_Necklace": 0.11091746389865875, "Wearing_Necktie": 0.00020159341511316597, "Young": 0.4734721779823303, "df_race": "white", "df_race_prob": 97.95572757720947, "df_gender": "Woman", "df_gender_prob": 99.36687350273132, "df_age": 43, "df_emotion": "happy", "df_emotion_prob": 63.16388249397278}