{"name": "Nicolas_Macrozonaris_0001.jpg", "5_o_Clock_Shadow": 0.047976914793252945, "Arched_Eyebrows": 0.011358891613781452, "Attractive": 0.017570214346051216, "Bags_Under_Eyes": 0.013273743912577629, "Bald": 0.0004301179724279791, "Bangs": 0.0006345199071802199, "Big_Lips": 0.06493184715509415, "Big_Nose": 0.02975325845181942, "Black_Hair": 0.17928770184516907, "Blond_Hair": 0.007495532743632793, "Blurry": 0.20891547203063965, "Brown_Hair": 0.019099969416856766, "Bushy_Eyebrows": 0.12279409915208817, "Chubby": 0.0021026544272899628, "Double_Chin": 0.00037876408896408975, "Eyeglasses": 0.0007003953796811402, "Goatee": 0.00366218201816082, "Gray_Hair": 0.0009453411330468953, "Heavy_Makeup": 0.0008504671859554946, "High_Cheekbones": 0.10151507705450058, "Male": 0.9935584664344788, "Mouth_Slightly_Open": 0.9271666407585144, "Mustache": 0.003917271737009287, "Narrow_Eyes": 0.009082140401005745, "No_Beard": 0.917227029800415, "Oval_Face": 0.256827175617218, "Pale_Skin": 0.0003819888224825263, "Pointy_Nose": 0.013976296409964561, "Receding_Hairline": 0.01829070970416069, "Rosy_Cheeks": 8.499077375745401e-05, "Sideburns": 0.0012099151499569416, "Smiling": 0.01030249334871769, "Straight_Hair": 0.1755741685628891, "Wavy_Hair": 0.016350800171494484, "Wearing_Earrings": 0.002692126203328371, "Wearing_Hat": 0.00038253472303040326, "Wearing_Lipstick": 0.0024060041178017855, "Wearing_Necklace": 0.0030412073247134686, "Wearing_Necktie": 0.0002525702875573188, "Young": 0.983842134475708, "df_race": "latino hispanic", "df_race_prob": 30.54673671722412, "df_gender": "Man", "df_gender_prob": 99.61109757423401, "df_age": 29, "df_emotion": "surprise", "df_emotion_prob": 56.82755708694458}