{"name": "Nicolas_Cage_0003.jpg", "5_o_Clock_Shadow": 0.01077551580965519, "Arched_Eyebrows": 0.0023869697470217943, "Attractive": 0.2300022542476654, "Bags_Under_Eyes": 0.07669487595558167, "Bald": 0.010412774980068207, "Bangs": 5.508144749910571e-05, "Big_Lips": 0.0045989141799509525, "Big_Nose": 0.11991188675165176, "Black_Hair": 0.010199576616287231, "Blond_Hair": 0.014809953980147839, "Blurry": 0.016280798241496086, "Brown_Hair": 0.016844425350427628, "Bushy_Eyebrows": 0.030873356387019157, "Chubby": 0.004529016558080912, "Double_Chin": 0.013298235833644867, "Eyeglasses": 0.00265341904014349, "Goatee": 0.0005048915045335889, "Gray_Hair": 0.07031859457492828, "Heavy_Makeup": 0.0010022417409345508, "High_Cheekbones": 0.050671469420194626, "Male": 0.9991664886474609, "Mouth_Slightly_Open": 0.9929191470146179, "Mustache": 0.00023578823311254382, "Narrow_Eyes": 0.015234899707138538, "No_Beard": 0.9954374432563782, "Oval_Face": 0.40337949991226196, "Pale_Skin": 0.046796172857284546, "Pointy_Nose": 0.05948823317885399, "Receding_Hairline": 0.534031331539154, "Rosy_Cheeks": 0.00015864483430050313, "Sideburns": 0.0005256101721897721, "Smiling": 0.9319722652435303, "Straight_Hair": 0.1524326652288437, "Wavy_Hair": 0.0022821822203695774, "Wearing_Earrings": 0.0007624512072652578, "Wearing_Hat": 0.00045767895062454045, "Wearing_Lipstick": 0.0007725952891632915, "Wearing_Necklace": 0.0002597640559542924, "Wearing_Necktie": 0.6242902278900146, "Young": 0.24902084469795227, "df_race": "latino hispanic", "df_race_prob": 30.5483341217041, "df_gender": "Man", "df_gender_prob": 99.90422129631042, "df_age": 37, "df_emotion": "happy", "df_emotion_prob": 91.09787940979004}