{"name": "Noel_Niell_0001.jpg", "5_o_Clock_Shadow": 0.0011358503252267838, "Arched_Eyebrows": 0.061185967177152634, "Attractive": 0.016479570418596268, "Bags_Under_Eyes": 0.7587615847587585, "Bald": 0.009841391816735268, "Bangs": 0.0019521911162883043, "Big_Lips": 0.036792054772377014, "Big_Nose": 0.3681933283805847, "Black_Hair": 0.003175497753545642, "Blond_Hair": 0.08782091736793518, "Blurry": 0.44447579979896545, "Brown_Hair": 0.0016936362953856587, "Bushy_Eyebrows": 0.00022766116308048368, "Chubby": 0.15859916806221008, "Double_Chin": 0.11660963296890259, "Eyeglasses": 0.0030596007127314806, "Goatee": 0.0010109309805557132, "Gray_Hair": 0.8918921947479248, "Heavy_Makeup": 0.0012686416739597917, "High_Cheekbones": 0.6323601603507996, "Male": 0.030634870752692223, "Mouth_Slightly_Open": 0.9649707078933716, "Mustache": 0.001426427741535008, "Narrow_Eyes": 0.8411510586738586, "No_Beard": 0.9941562414169312, "Oval_Face": 0.11029078811407089, "Pale_Skin": 0.16345153748989105, "Pointy_Nose": 0.03887138143181801, "Receding_Hairline": 0.5827862620353699, "Rosy_Cheeks": 0.0002565183094702661, "Sideburns": 0.0017936391523107886, "Smiling": 0.9716326594352722, "Straight_Hair": 0.01447213813662529, "Wavy_Hair": 0.4301772713661194, "Wearing_Earrings": 0.03731050342321396, "Wearing_Hat": 0.0004260975692886859, "Wearing_Lipstick": 0.00954121258109808, "Wearing_Necklace": 0.2985270619392395, "Wearing_Necktie": 0.003302311059087515, "Young": 0.01638955995440483, "df_race": "white", "df_race_prob": 40.5793160200119, "df_gender": "Man", "df_gender_prob": 67.72347688674927, "df_age": 36, "df_emotion": "happy", "df_emotion_prob": 99.98747110516177}