{"name": "Norah_Jones_0006.jpg", "5_o_Clock_Shadow": 0.0015042766463011503, "Arched_Eyebrows": 0.4711122512817383, "Attractive": 0.2749808430671692, "Bags_Under_Eyes": 0.04956360161304474, "Bald": 0.000618288351688534, "Bangs": 0.00040952611016109586, "Big_Lips": 0.05826985836029053, "Big_Nose": 0.09225901961326599, "Black_Hair": 0.24924547970294952, "Blond_Hair": 0.003622793359681964, "Blurry": 0.5629324913024902, "Brown_Hair": 0.019124751910567284, "Bushy_Eyebrows": 0.0015726500423625112, "Chubby": 0.009176669642329216, "Double_Chin": 0.0022556912153959274, "Eyeglasses": 0.0002596556150820106, "Goatee": 0.0004241705173626542, "Gray_Hair": 0.0011701722396537662, "Heavy_Makeup": 0.04358045011758804, "High_Cheekbones": 0.8344902396202087, "Male": 0.006250972859561443, "Mouth_Slightly_Open": 0.3721933960914612, "Mustache": 0.00026990214246325195, "Narrow_Eyes": 0.006116621196269989, "No_Beard": 0.9946570992469788, "Oval_Face": 0.4421516954898834, "Pale_Skin": 0.036786999553442, "Pointy_Nose": 0.0641641840338707, "Receding_Hairline": 0.34819909930229187, "Rosy_Cheeks": 0.0005808870773762465, "Sideburns": 0.0003793697396758944, "Smiling": 0.938541829586029, "Straight_Hair": 0.07835941016674042, "Wavy_Hair": 0.18450158834457397, "Wearing_Earrings": 0.1150665357708931, "Wearing_Hat": 0.0005333330482244492, "Wearing_Lipstick": 0.22711129486560822, "Wearing_Necklace": 0.008884387090802193, "Wearing_Necktie": 0.0005976329557597637, "Young": 0.8887923359870911, "df_race": "white", "df_race_prob": 58.68225693702698, "df_gender": "Woman", "df_gender_prob": 99.9997615814209, "df_age": 33, "df_emotion": "happy", "df_emotion_prob": 96.49295169031043}