{"name": "Norah_Jones_0008.jpg", "5_o_Clock_Shadow": 0.001065549673512578, "Arched_Eyebrows": 0.3374621868133545, "Attractive": 0.21226909756660461, "Bags_Under_Eyes": 0.03714180365204811, "Bald": 0.00022306664322968572, "Bangs": 0.0003028056235052645, "Big_Lips": 0.05242917686700821, "Big_Nose": 0.046399764716625214, "Black_Hair": 0.05758849158883095, "Blond_Hair": 0.027862079441547394, "Blurry": 0.5656672120094299, "Brown_Hair": 0.15448758006095886, "Bushy_Eyebrows": 0.003861015196889639, "Chubby": 0.02895141765475273, "Double_Chin": 0.005362954922020435, "Eyeglasses": 0.00030086145852692425, "Goatee": 0.0005855014314875007, "Gray_Hair": 0.0017107591265812516, "Heavy_Makeup": 0.05802394449710846, "High_Cheekbones": 0.49165257811546326, "Male": 0.0026762126944959164, "Mouth_Slightly_Open": 0.9909398555755615, "Mustache": 0.0003782784042414278, "Narrow_Eyes": 0.51762455701828, "No_Beard": 0.9940018057823181, "Oval_Face": 0.5518295168876648, "Pale_Skin": 0.06820683181285858, "Pointy_Nose": 0.02360488846898079, "Receding_Hairline": 0.2605517506599426, "Rosy_Cheeks": 0.00015458240523003042, "Sideburns": 0.0006551260012201965, "Smiling": 0.9320974946022034, "Straight_Hair": 0.02253199927508831, "Wavy_Hair": 0.6160705089569092, "Wearing_Earrings": 0.01968165673315525, "Wearing_Hat": 0.0003538849705364555, "Wearing_Lipstick": 0.17525874078273773, "Wearing_Necklace": 0.01185285858809948, "Wearing_Necktie": 0.0004148616862948984, "Young": 0.9231013655662537, "df_race": "white", "df_race_prob": 44.12088692188263, "df_gender": "Woman", "df_gender_prob": 86.85241341590881, "df_age": 34, "df_emotion": "neutral", "df_emotion_prob": 77.83223986625671}