{"name": "Norman_Jewison_0002.jpg", "5_o_Clock_Shadow": 0.019154731184244156, "Arched_Eyebrows": 0.00023810476704966277, "Attractive": 0.001578911324031651, "Bags_Under_Eyes": 0.24398010969161987, "Bald": 0.4246657192707062, "Bangs": 0.000886748603079468, "Big_Lips": 0.013620252721011639, "Big_Nose": 0.6328139305114746, "Black_Hair": 0.0022203256376087666, "Blond_Hair": 0.008955521509051323, "Blurry": 0.14884525537490845, "Brown_Hair": 0.0012443122686818242, "Bushy_Eyebrows": 0.0033201677724719048, "Chubby": 0.5600777268409729, "Double_Chin": 0.15174441039562225, "Eyeglasses": 0.9963732361793518, "Goatee": 0.3044198155403137, "Gray_Hair": 0.9421697854995728, "Heavy_Makeup": 0.0003186593239661306, "High_Cheekbones": 0.37650376558303833, "Male": 0.9991307854652405, "Mouth_Slightly_Open": 0.7660000920295715, "Mustache": 0.1404581516981125, "Narrow_Eyes": 0.7355506420135498, "No_Beard": 0.05112670361995697, "Oval_Face": 0.4190078675746918, "Pale_Skin": 0.02138935960829258, "Pointy_Nose": 0.033736180514097214, "Receding_Hairline": 0.824675977230072, "Rosy_Cheeks": 0.0006839011330157518, "Sideburns": 0.7068594694137573, "Smiling": 0.9439995884895325, "Straight_Hair": 0.09038540720939636, "Wavy_Hair": 0.004590478725731373, "Wearing_Earrings": 0.0008319387561641634, "Wearing_Hat": 0.0007366043282672763, "Wearing_Lipstick": 0.0002039879182120785, "Wearing_Necklace": 0.000847579853143543, "Wearing_Necktie": 0.4590148329734802, "Young": 0.00844208151102066, "df_race": "white", "df_race_prob": 99.99210834503174, "df_gender": "Man", "df_gender_prob": 99.97617602348328, "df_age": 53, "df_emotion": "neutral", "df_emotion_prob": 60.751191422414266}