{"name": "Norman_Jewison_0001.jpg", "5_o_Clock_Shadow": 0.014157917350530624, "Arched_Eyebrows": 0.0012915467377752066, "Attractive": 0.0016960493521764874, "Bags_Under_Eyes": 0.12260615080595016, "Bald": 0.30718472599983215, "Bangs": 0.00092660280643031, "Big_Lips": 0.0166629608720541, "Big_Nose": 0.36019688844680786, "Black_Hair": 0.0015118560986593366, "Blond_Hair": 0.005098509602248669, "Blurry": 0.3378293514251709, "Brown_Hair": 0.0008956501842476428, "Bushy_Eyebrows": 0.0006252993480302393, "Chubby": 0.3793821632862091, "Double_Chin": 0.1134926825761795, "Eyeglasses": 0.9962255954742432, "Goatee": 0.36999472975730896, "Gray_Hair": 0.8797375559806824, "Heavy_Makeup": 0.00010085162648465484, "High_Cheekbones": 0.06974928081035614, "Male": 0.99864262342453, "Mouth_Slightly_Open": 0.8691704273223877, "Mustache": 0.16100305318832397, "Narrow_Eyes": 0.43119505047798157, "No_Beard": 0.06035879999399185, "Oval_Face": 0.1828593760728836, "Pale_Skin": 0.01585124433040619, "Pointy_Nose": 0.06718110293149948, "Receding_Hairline": 0.7902042865753174, "Rosy_Cheeks": 0.00036661908961832523, "Sideburns": 0.6052502989768982, "Smiling": 0.8578687906265259, "Straight_Hair": 0.10338616371154785, "Wavy_Hair": 0.00519480649381876, "Wearing_Earrings": 0.001013842411339283, "Wearing_Hat": 0.0014656019629910588, "Wearing_Lipstick": 0.00016697503451723605, "Wearing_Necklace": 0.0027094418182969093, "Wearing_Necktie": 0.38035380840301514, "Young": 0.00862002931535244, "df_race": "white", "df_race_prob": 95.61812929890999, "df_gender": "Man", "df_gender_prob": 99.76121187210083, "df_age": 56, "df_emotion": "happy", "df_emotion_prob": 99.99998807907104}