{"name": "OJ_Simpson_0002.jpg", "5_o_Clock_Shadow": 0.05363145470619202, "Arched_Eyebrows": 0.06796421855688095, "Attractive": 0.015953969210386276, "Bags_Under_Eyes": 0.7626700401306152, "Bald": 0.1476099044084549, "Bangs": 0.0013474173611029983, "Big_Lips": 0.3575371503829956, "Big_Nose": 0.7610911130905151, "Black_Hair": 0.43849977850914, "Blond_Hair": 0.001031389576382935, "Blurry": 0.48006007075309753, "Brown_Hair": 0.0042922962456941605, "Bushy_Eyebrows": 0.04242822155356407, "Chubby": 0.14264728128910065, "Double_Chin": 0.0972035676240921, "Eyeglasses": 0.00326753337867558, "Goatee": 0.004125310108065605, "Gray_Hair": 0.0030688403639942408, "Heavy_Makeup": 0.00012969449744559824, "High_Cheekbones": 0.96263188123703, "Male": 0.9976240992546082, "Mouth_Slightly_Open": 0.9961785078048706, "Mustache": 0.016660314053297043, "Narrow_Eyes": 0.5289894342422485, "No_Beard": 0.8931615352630615, "Oval_Face": 0.0713910311460495, "Pale_Skin": 0.006069410592317581, "Pointy_Nose": 0.009144584648311138, "Receding_Hairline": 0.9043782949447632, "Rosy_Cheeks": 0.00015739873924758285, "Sideburns": 0.001977361971512437, "Smiling": 0.9984312653541565, "Straight_Hair": 0.1409832388162613, "Wavy_Hair": 0.004152039997279644, "Wearing_Earrings": 0.00720259640365839, "Wearing_Hat": 0.000747016747482121, "Wearing_Lipstick": 0.0013230659533292055, "Wearing_Necklace": 0.002519805682823062, "Wearing_Necktie": 0.4366878271102905, "Young": 0.1752542406320572, "df_race": "black", "df_race_prob": 97.47620255038707, "df_gender": "Man", "df_gender_prob": 99.99998807907104, "df_age": 29, "df_emotion": "happy", "df_emotion_prob": 81.23133182525635}