{"name": "Olene_Walker_0001.jpg", "5_o_Clock_Shadow": 0.0015045767650008202, "Arched_Eyebrows": 0.01958955079317093, "Attractive": 0.008287200704216957, "Bags_Under_Eyes": 0.17046067118644714, "Bald": 0.0008990693604573607, "Bangs": 0.19386258721351624, "Big_Lips": 0.025727521628141403, "Big_Nose": 0.09623779356479645, "Black_Hair": 0.010504459030926228, "Blond_Hair": 0.006431599613279104, "Blurry": 0.15434494614601135, "Brown_Hair": 0.18412917852401733, "Bushy_Eyebrows": 0.000328716792864725, "Chubby": 0.7294631600379944, "Double_Chin": 0.3615093231201172, "Eyeglasses": 0.0014678604202345014, "Goatee": 0.0002652821422088891, "Gray_Hair": 0.08026690036058426, "Heavy_Makeup": 0.0008281166665256023, "High_Cheekbones": 0.03538833186030388, "Male": 0.4511062800884247, "Mouth_Slightly_Open": 0.009723369032144547, "Mustache": 0.0005651485407724977, "Narrow_Eyes": 0.033880483359098434, "No_Beard": 0.9958683252334595, "Oval_Face": 0.28281018137931824, "Pale_Skin": 0.24106365442276, "Pointy_Nose": 0.013200310990214348, "Receding_Hairline": 0.0018650805577635765, "Rosy_Cheeks": 0.00037258333759382367, "Sideburns": 0.000641881488263607, "Smiling": 0.015020172111690044, "Straight_Hair": 0.1731368899345398, "Wavy_Hair": 0.09942236542701721, "Wearing_Earrings": 0.005327960941940546, "Wearing_Hat": 0.001363322138786316, "Wearing_Lipstick": 0.0024601828772574663, "Wearing_Necklace": 0.009642004035413265, "Wearing_Necktie": 0.006930527277290821, "Young": 0.0387231819331646, "df_race": "white", "df_race_prob": 95.51531672477722, "df_gender": "Man", "df_gender_prob": 70.20269632339478, "df_age": 36, "df_emotion": "happy", "df_emotion_prob": 79.50157997021556}