{"name": "Olesya_Bonabarenko_0001.jpg", "5_o_Clock_Shadow": 0.0005207177600823343, "Arched_Eyebrows": 0.5005608797073364, "Attractive": 0.909025251865387, "Bags_Under_Eyes": 0.0048237391747534275, "Bald": 3.23710119118914e-05, "Bangs": 0.0023045209236443043, "Big_Lips": 0.11877862364053726, "Big_Nose": 0.0027011914644390345, "Black_Hair": 0.07687925547361374, "Blond_Hair": 0.010802472941577435, "Blurry": 0.044340524822473526, "Brown_Hair": 0.0582367368042469, "Bushy_Eyebrows": 0.0016061494825407863, "Chubby": 0.00041844689985737205, "Double_Chin": 0.00013604917330667377, "Eyeglasses": 1.7456866771681234e-05, "Goatee": 0.00010896079038502648, "Gray_Hair": 0.00016104518726933748, "Heavy_Makeup": 0.6623123288154602, "High_Cheekbones": 0.8929787278175354, "Male": 0.000358611810952425, "Mouth_Slightly_Open": 0.9948825836181641, "Mustache": 4.321703818277456e-05, "Narrow_Eyes": 0.013146091252565384, "No_Beard": 0.9994882345199585, "Oval_Face": 0.33845242857933044, "Pale_Skin": 0.032315146178007126, "Pointy_Nose": 0.13224667310714722, "Receding_Hairline": 0.0013962055090814829, "Rosy_Cheeks": 0.0007371591054834425, "Sideburns": 6.299604137893766e-05, "Smiling": 0.9940274953842163, "Straight_Hair": 0.12977440655231476, "Wavy_Hair": 0.1773689240217209, "Wearing_Earrings": 0.07835245132446289, "Wearing_Hat": 0.00022098634508438408, "Wearing_Lipstick": 0.8667011260986328, "Wearing_Necklace": 0.01878778450191021, "Wearing_Necktie": 5.5374373914673924e-05, "Young": 0.9700958728790283, "df_race": "white", "df_race_prob": 75.26506185531616, "df_gender": "Woman", "df_gender_prob": 100.0, "df_age": 32, "df_emotion": "happy", "df_emotion_prob": 99.88386034965515}