{"name": "Olivier_Rochus_0001.jpg", "5_o_Clock_Shadow": 0.03619161248207092, "Arched_Eyebrows": 0.0031200265511870384, "Attractive": 0.0225815586745739, "Bags_Under_Eyes": 0.005463405512273312, "Bald": 0.0015153512358665466, "Bangs": 0.0004746431950479746, "Big_Lips": 0.0014326163800433278, "Big_Nose": 0.002503344090655446, "Black_Hair": 0.0011025292333215475, "Blond_Hair": 0.19617512822151184, "Blurry": 0.12105785310268402, "Brown_Hair": 0.030133960768580437, "Bushy_Eyebrows": 0.001415394013747573, "Chubby": 0.0028849204536527395, "Double_Chin": 0.0011411726009100676, "Eyeglasses": 0.0009566028020344675, "Goatee": 0.00047684894525446, "Gray_Hair": 0.01988241821527481, "Heavy_Makeup": 0.0006078731385059655, "High_Cheekbones": 0.08939527720212936, "Male": 0.987877368927002, "Mouth_Slightly_Open": 0.6516211032867432, "Mustache": 0.0003207162662874907, "Narrow_Eyes": 0.3017955422401428, "No_Beard": 0.9874224662780762, "Oval_Face": 0.16854478418827057, "Pale_Skin": 0.00582555728033185, "Pointy_Nose": 0.06605835258960724, "Receding_Hairline": 0.04778381064534187, "Rosy_Cheeks": 0.00020242972823325545, "Sideburns": 0.0005680715548805892, "Smiling": 0.010357066057622433, "Straight_Hair": 0.2948441207408905, "Wavy_Hair": 0.012849392369389534, "Wearing_Earrings": 0.0027018713299185038, "Wearing_Hat": 0.00021614985598716885, "Wearing_Lipstick": 0.000251175049925223, "Wearing_Necklace": 0.0017710496904328465, "Wearing_Necktie": 0.0014952793717384338, "Young": 0.8705086708068848, "df_race": "white", "df_race_prob": 53.47972512245178, "df_gender": "Man", "df_gender_prob": 99.73468780517578, "df_age": 23, "df_emotion": "neutral", "df_emotion_prob": 92.70360426328207}