{"name": "Omar_Khan_Sharif_0001.jpg", "5_o_Clock_Shadow": 0.050425976514816284, "Arched_Eyebrows": 0.006146399769932032, "Attractive": 0.1713619828224182, "Bags_Under_Eyes": 0.002570289885625243, "Bald": 0.0012014671228826046, "Bangs": 0.00017118212417699397, "Big_Lips": 0.02003682404756546, "Big_Nose": 0.01992499828338623, "Black_Hair": 0.1478944718837738, "Blond_Hair": 0.0014518137322738767, "Blurry": 0.4428728222846985, "Brown_Hair": 0.030370816588401794, "Bushy_Eyebrows": 0.01462729275226593, "Chubby": 0.04370635375380516, "Double_Chin": 0.0016950146527960896, "Eyeglasses": 0.001080010086297989, "Goatee": 0.1777665913105011, "Gray_Hair": 0.0015944935148581862, "Heavy_Makeup": 0.0025050293188542128, "High_Cheekbones": 0.002839769935235381, "Male": 0.9843549728393555, "Mouth_Slightly_Open": 0.008708193898200989, "Mustache": 0.04861362278461456, "Narrow_Eyes": 0.008835416287183762, "No_Beard": 0.06409534811973572, "Oval_Face": 0.5185925364494324, "Pale_Skin": 0.012116527184844017, "Pointy_Nose": 0.18117836117744446, "Receding_Hairline": 0.06795677542686462, "Rosy_Cheeks": 0.00014334035222418606, "Sideburns": 0.6604030132293701, "Smiling": 0.003871532855555415, "Straight_Hair": 0.16666734218597412, "Wavy_Hair": 0.029215911403298378, "Wearing_Earrings": 0.0008995411917567253, "Wearing_Hat": 0.0013803396141156554, "Wearing_Lipstick": 0.0017992346547544003, "Wearing_Necklace": 0.0035981268156319857, "Wearing_Necktie": 0.0014176205731928349, "Young": 0.8376261591911316, "df_race": "white", "df_race_prob": 41.64051959756134, "df_gender": "Man", "df_gender_prob": 99.99161958694458, "df_age": 31, "df_emotion": "neutral", "df_emotion_prob": 87.028695699132}