{"name": "Omar_Vizquel_0001.jpg", "5_o_Clock_Shadow": 0.0345301553606987, "Arched_Eyebrows": 0.001493974239565432, "Attractive": 0.033548276871442795, "Bags_Under_Eyes": 0.03549286723136902, "Bald": 0.007698695641011, "Bangs": 0.0001208366229548119, "Big_Lips": 0.0021017042454332113, "Big_Nose": 0.10662607848644257, "Black_Hair": 0.009197108447551727, "Blond_Hair": 0.009923030622303486, "Blurry": 0.07184474915266037, "Brown_Hair": 0.05663549154996872, "Bushy_Eyebrows": 0.005318558309227228, "Chubby": 0.012676534242928028, "Double_Chin": 0.004819544963538647, "Eyeglasses": 0.0014214686816558242, "Goatee": 0.0004816091386601329, "Gray_Hair": 0.012783555313944817, "Heavy_Makeup": 0.0004360589082352817, "High_Cheekbones": 0.06123241037130356, "Male": 0.9954370856285095, "Mouth_Slightly_Open": 0.035837676376104355, "Mustache": 0.0012125710491091013, "Narrow_Eyes": 0.18722598254680634, "No_Beard": 0.9662786722183228, "Oval_Face": 0.24497482180595398, "Pale_Skin": 0.004251025151461363, "Pointy_Nose": 0.016987444832921028, "Receding_Hairline": 0.689433753490448, "Rosy_Cheeks": 8.108586189337075e-05, "Sideburns": 0.0007272743969224393, "Smiling": 0.021257923915982246, "Straight_Hair": 0.13415566086769104, "Wavy_Hair": 0.006020011380314827, "Wearing_Earrings": 0.00637309905141592, "Wearing_Hat": 0.00013647848390974104, "Wearing_Lipstick": 0.00027567805955186486, "Wearing_Necklace": 0.0009941927855834365, "Wearing_Necktie": 0.00529404915869236, "Young": 0.7731351256370544, "df_race": "middle eastern", "df_race_prob": 40.94145596027374, "df_gender": "Man", "df_gender_prob": 99.99792575836182, "df_age": 27, "df_emotion": "sad", "df_emotion_prob": 80.09910583496094}