{"name": "Omar_Sharif_0001.jpg", "5_o_Clock_Shadow": 0.034344665706157684, "Arched_Eyebrows": 0.00029847590485587716, "Attractive": 0.0024164095520973206, "Bags_Under_Eyes": 0.5467833280563354, "Bald": 0.010650319047272205, "Bangs": 0.0004043766239192337, "Big_Lips": 0.012431024573743343, "Big_Nose": 0.8526689410209656, "Black_Hair": 0.00207735737785697, "Blond_Hair": 0.002721038181334734, "Blurry": 0.052871931344270706, "Brown_Hair": 0.001548660104162991, "Bushy_Eyebrows": 0.010028756223618984, "Chubby": 0.5781298279762268, "Double_Chin": 0.16430743038654327, "Eyeglasses": 0.008503676392138004, "Goatee": 0.12252923101186752, "Gray_Hair": 0.8735014200210571, "Heavy_Makeup": 7.588239532196894e-05, "High_Cheekbones": 0.35161474347114563, "Male": 0.9996623992919922, "Mouth_Slightly_Open": 0.007421863730996847, "Mustache": 0.10230078548192978, "Narrow_Eyes": 0.025300197303295135, "No_Beard": 0.0972856804728508, "Oval_Face": 0.07967610657215118, "Pale_Skin": 0.005721081979572773, "Pointy_Nose": 0.005998518317937851, "Receding_Hairline": 0.2077215164899826, "Rosy_Cheeks": 0.00033132030512206256, "Sideburns": 0.31252309679985046, "Smiling": 0.1952996850013733, "Straight_Hair": 0.1182279884815216, "Wavy_Hair": 0.0374351404607296, "Wearing_Earrings": 0.00019827020878437907, "Wearing_Hat": 0.00035452438169158995, "Wearing_Lipstick": 5.887118459213525e-05, "Wearing_Necklace": 0.0005172446253709495, "Wearing_Necktie": 0.0127394525334239, "Young": 0.006072984542697668, "df_race": "white", "df_race_prob": 34.30611193180084, "df_gender": "Man", "df_gender_prob": 99.84827637672424, "df_age": 49, "df_emotion": "happy", "df_emotion_prob": 99.57290291786194}