{"name": "Oprah_Winfrey_0001.jpg", "5_o_Clock_Shadow": 0.0006624037632718682, "Arched_Eyebrows": 0.018099961802363396, "Attractive": 0.015782570466399193, "Bags_Under_Eyes": 0.008396397344768047, "Bald": 0.0002559846907388419, "Bangs": 0.002375805750489235, "Big_Lips": 0.23299315571784973, "Big_Nose": 0.019346220418810844, "Black_Hair": 0.009288864210247993, "Blond_Hair": 0.03453211486339569, "Blurry": 0.22386370599269867, "Brown_Hair": 0.016406603157520294, "Bushy_Eyebrows": 0.0005525603191927075, "Chubby": 0.010553028434515, "Double_Chin": 0.0071650841273367405, "Eyeglasses": 0.9527326226234436, "Goatee": 0.0007906698738224804, "Gray_Hair": 0.023615248501300812, "Heavy_Makeup": 0.00915590301156044, "High_Cheekbones": 0.10543004423379898, "Male": 0.0190323144197464, "Mouth_Slightly_Open": 0.9684661626815796, "Mustache": 0.000785265932790935, "Narrow_Eyes": 0.04863341152667999, "No_Beard": 0.9956216216087341, "Oval_Face": 0.18467308580875397, "Pale_Skin": 0.028726138174533844, "Pointy_Nose": 0.022604195401072502, "Receding_Hairline": 0.015018055215477943, "Rosy_Cheeks": 2.8771602956112474e-05, "Sideburns": 0.0007603263366036117, "Smiling": 0.05204138904809952, "Straight_Hair": 0.008209514431655407, "Wavy_Hair": 0.5636463761329651, "Wearing_Earrings": 0.6984472274780273, "Wearing_Hat": 0.0011610835790634155, "Wearing_Lipstick": 0.040644776076078415, "Wearing_Necklace": 0.02603898011147976, "Wearing_Necktie": 0.0015458437846973538, "Young": 0.07384223490953445, "df_race": "asian", "df_race_prob": 34.30129289627075, "df_gender": "Man", "df_gender_prob": 92.70309805870056, "df_age": 49, "df_emotion": "surprise", "df_emotion_prob": 69.50438022613525}