{"name": "Orlando_Bloom_0003.jpg", "5_o_Clock_Shadow": 0.06115731969475746, "Arched_Eyebrows": 0.012790771201252937, "Attractive": 0.6718622446060181, "Bags_Under_Eyes": 0.6083543300628662, "Bald": 0.0002635497075971216, "Bangs": 0.001280477736145258, "Big_Lips": 0.027208399027585983, "Big_Nose": 0.1991804987192154, "Black_Hair": 0.013983553275465965, "Blond_Hair": 0.008052955381572247, "Blurry": 0.07475975155830383, "Brown_Hair": 0.24281853437423706, "Bushy_Eyebrows": 0.11866337060928345, "Chubby": 0.0011485004797577858, "Double_Chin": 0.000773110834416002, "Eyeglasses": 0.00035947354626841843, "Goatee": 0.0010233578504994512, "Gray_Hair": 0.0022467297967523336, "Heavy_Makeup": 0.0003366765158716589, "High_Cheekbones": 0.5554582476615906, "Male": 0.9949519634246826, "Mouth_Slightly_Open": 0.9865162372589111, "Mustache": 0.0007364748162217438, "Narrow_Eyes": 0.40050244331359863, "No_Beard": 0.9787721633911133, "Oval_Face": 0.1683814972639084, "Pale_Skin": 0.09567854553461075, "Pointy_Nose": 0.015736784785985947, "Receding_Hairline": 0.0038912021555006504, "Rosy_Cheeks": 6.0352776927175e-05, "Sideburns": 0.0005815723561681807, "Smiling": 0.9802302122116089, "Straight_Hair": 0.016279187053442, "Wavy_Hair": 0.4887537658214569, "Wearing_Earrings": 0.003943278454244137, "Wearing_Hat": 0.0006676049088127911, "Wearing_Lipstick": 0.0007327159401029348, "Wearing_Necklace": 0.08031341433525085, "Wearing_Necktie": 0.000838387873955071, "Young": 0.9788707494735718, "df_race": "white", "df_race_prob": 62.26688027381897, "df_gender": "Man", "df_gender_prob": 99.99465942382812, "df_age": 23, "df_emotion": "happy", "df_emotion_prob": 80.33466935157776}