{"name": "Oscar_Elias_Biscet_0002.jpg", "5_o_Clock_Shadow": 0.04787033423781395, "Arched_Eyebrows": 0.009953668341040611, "Attractive": 0.022652791813015938, "Bags_Under_Eyes": 0.060344599187374115, "Bald": 0.005010521970689297, "Bangs": 6.547056545969099e-05, "Big_Lips": 0.019074875861406326, "Big_Nose": 0.4387192726135254, "Black_Hair": 0.17075291275978088, "Blond_Hair": 0.0005978323169983923, "Blurry": 0.06386387348175049, "Brown_Hair": 0.0037887226790189743, "Bushy_Eyebrows": 0.0724204033613205, "Chubby": 0.14688266813755035, "Double_Chin": 0.05532896891236305, "Eyeglasses": 0.001815473660826683, "Goatee": 0.0005228773225098848, "Gray_Hair": 0.006560593377798796, "Heavy_Makeup": 0.0003391218197066337, "High_Cheekbones": 0.024417240172624588, "Male": 0.9992596507072449, "Mouth_Slightly_Open": 0.00045982349547557533, "Mustache": 0.0010447014356032014, "Narrow_Eyes": 0.002808451186865568, "No_Beard": 0.9688698649406433, "Oval_Face": 0.41727414727211, "Pale_Skin": 0.014217773452401161, "Pointy_Nose": 0.04282188042998314, "Receding_Hairline": 0.18227075040340424, "Rosy_Cheeks": 0.00014961083070375025, "Sideburns": 0.0020196279510855675, "Smiling": 0.0017036490608006716, "Straight_Hair": 0.21999529004096985, "Wavy_Hair": 0.0017527621239423752, "Wearing_Earrings": 0.0007693707011640072, "Wearing_Hat": 0.0006991192931309342, "Wearing_Lipstick": 0.0005890415050089359, "Wearing_Necklace": 0.00019974760652985424, "Wearing_Necktie": 0.6396777629852295, "Young": 0.1875075399875641, "df_race": "indian", "df_race_prob": 33.48516422687003, "df_gender": "Man", "df_gender_prob": 99.9882459640503, "df_age": 32, "df_emotion": "neutral", "df_emotion_prob": 82.89930616608932}