{"name": "Oswaldo_Paya_0004.jpg", "5_o_Clock_Shadow": 0.005216680001467466, "Arched_Eyebrows": 0.006459865253418684, "Attractive": 0.004574131220579147, "Bags_Under_Eyes": 0.028726784512400627, "Bald": 0.00035362463677302003, "Bangs": 0.0011216155253350735, "Big_Lips": 0.004569745622575283, "Big_Nose": 0.05906536057591438, "Black_Hair": 0.020987533032894135, "Blond_Hair": 0.001560199772939086, "Blurry": 0.19672632217407227, "Brown_Hair": 0.08133624494075775, "Bushy_Eyebrows": 0.024703344330191612, "Chubby": 0.0758274495601654, "Double_Chin": 0.05484427884221077, "Eyeglasses": 0.9768310785293579, "Goatee": 0.0003070467500947416, "Gray_Hair": 0.2543328106403351, "Heavy_Makeup": 0.0004026750393677503, "High_Cheekbones": 0.028017418459057808, "Male": 0.9927161335945129, "Mouth_Slightly_Open": 0.12108101695775986, "Mustache": 0.0027012107893824577, "Narrow_Eyes": 0.007237565703690052, "No_Beard": 0.9931113719940186, "Oval_Face": 0.1411626935005188, "Pale_Skin": 0.012468240223824978, "Pointy_Nose": 0.021683648228645325, "Receding_Hairline": 0.002805979223921895, "Rosy_Cheeks": 6.407711043721065e-05, "Sideburns": 0.0004662247665692121, "Smiling": 0.00613030418753624, "Straight_Hair": 0.20199298858642578, "Wavy_Hair": 0.1466463804244995, "Wearing_Earrings": 0.0006103857886046171, "Wearing_Hat": 0.000447842146968469, "Wearing_Lipstick": 0.00030637887539342046, "Wearing_Necklace": 0.0008717734017409384, "Wearing_Necktie": 0.3654782176017761, "Young": 0.018666492775082588, "df_race": "white", "df_race_prob": 55.15241026878357, "df_gender": "Man", "df_gender_prob": 99.97028708457947, "df_age": 43, "df_emotion": "angry", "df_emotion_prob": 54.179006814956665}