{"name": "Otto_Schily_0001.jpg", "5_o_Clock_Shadow": 0.010420776903629303, "Arched_Eyebrows": 0.00048082933062687516, "Attractive": 0.0040745544247329235, "Bags_Under_Eyes": 0.2622135877609253, "Bald": 0.0060327728278934956, "Bangs": 0.00040936743607744575, "Big_Lips": 0.007844795472919941, "Big_Nose": 0.6628755331039429, "Black_Hair": 0.002684367587789893, "Blond_Hair": 0.007983468472957611, "Blurry": 0.05515984818339348, "Brown_Hair": 0.0008616942795924842, "Bushy_Eyebrows": 0.0024431950878351927, "Chubby": 0.2617132067680359, "Double_Chin": 0.23171834647655487, "Eyeglasses": 0.008487232960760593, "Goatee": 0.0003351244959048927, "Gray_Hair": 0.8846539258956909, "Heavy_Makeup": 8.671767864143476e-05, "High_Cheekbones": 0.010774727910757065, "Male": 0.9995980858802795, "Mouth_Slightly_Open": 0.0449894443154335, "Mustache": 0.0026833582669496536, "Narrow_Eyes": 0.003191813826560974, "No_Beard": 0.9821988940238953, "Oval_Face": 0.10643322765827179, "Pale_Skin": 0.11615636199712753, "Pointy_Nose": 0.01339120976626873, "Receding_Hairline": 0.1554291993379593, "Rosy_Cheeks": 0.0001808755478123203, "Sideburns": 0.0021510024089366198, "Smiling": 0.0009345279540866613, "Straight_Hair": 0.21036067605018616, "Wavy_Hair": 0.002488149330019951, "Wearing_Earrings": 0.0002483536663930863, "Wearing_Hat": 0.0007042408687993884, "Wearing_Lipstick": 9.266972483601421e-05, "Wearing_Necklace": 0.00019594113109633327, "Wearing_Necktie": 0.771274209022522, "Young": 0.0156046561896801, "df_race": "white", "df_race_prob": 89.78831768035889, "df_gender": "Man", "df_gender_prob": 99.86374974250793, "df_age": 50, "df_emotion": "neutral", "df_emotion_prob": 40.27146100997925}