{"name": "Ozzy_Osbourne_0001.jpg", "5_o_Clock_Shadow": 0.0018749537412077188, "Arched_Eyebrows": 0.002663773950189352, "Attractive": 0.042523521929979324, "Bags_Under_Eyes": 0.022571491077542305, "Bald": 0.00038311482057906687, "Bangs": 0.0012032607337459922, "Big_Lips": 0.0909918025135994, "Big_Nose": 0.017314182594418526, "Black_Hair": 0.005665310192853212, "Blond_Hair": 0.06422585994005203, "Blurry": 0.16463373601436615, "Brown_Hair": 0.289705753326416, "Bushy_Eyebrows": 0.0006712807225994766, "Chubby": 0.029742874205112457, "Double_Chin": 0.007292100228369236, "Eyeglasses": 0.001161330845206976, "Goatee": 0.00038641452556475997, "Gray_Hair": 0.0028655994683504105, "Heavy_Makeup": 0.03364666923880577, "High_Cheekbones": 0.039197035133838654, "Male": 0.21344541013240814, "Mouth_Slightly_Open": 0.8346847295761108, "Mustache": 0.00025183087564073503, "Narrow_Eyes": 0.17798328399658203, "No_Beard": 0.9955506324768066, "Oval_Face": 0.19039101898670197, "Pale_Skin": 0.2536182105541229, "Pointy_Nose": 0.10161017626523972, "Receding_Hairline": 0.009036153554916382, "Rosy_Cheeks": 0.00024706131080165505, "Sideburns": 0.00038733301335014403, "Smiling": 0.025643348693847656, "Straight_Hair": 0.3633948862552643, "Wavy_Hair": 0.32984596490859985, "Wearing_Earrings": 0.001211934839375317, "Wearing_Hat": 0.00030681557836942375, "Wearing_Lipstick": 0.16025087237358093, "Wearing_Necklace": 0.010204535908997059, "Wearing_Necktie": 0.001088460092432797, "Young": 0.3735218048095703, "df_race": "white", "df_race_prob": 48.93622100353241, "df_gender": "Man", "df_gender_prob": 87.6614511013031, "df_age": 33, "df_emotion": "sad", "df_emotion_prob": 80.2697169941495}