{"name": "Pablo_Khulental_0001.jpg", "5_o_Clock_Shadow": 0.014283786527812481, "Arched_Eyebrows": 0.005090589169412851, "Attractive": 0.015979735180735588, "Bags_Under_Eyes": 0.013522024266421795, "Bald": 0.0013412691187113523, "Bangs": 0.00045214430429041386, "Big_Lips": 0.011154516600072384, "Big_Nose": 0.006968100089579821, "Black_Hair": 0.014374565333127975, "Blond_Hair": 0.011254929937422276, "Blurry": 0.4320865571498871, "Brown_Hair": 0.028764503076672554, "Bushy_Eyebrows": 0.011341812089085579, "Chubby": 0.0017086447915062308, "Double_Chin": 0.0006501066964119673, "Eyeglasses": 0.0009616901515983045, "Goatee": 0.001062235445715487, "Gray_Hair": 0.006434081122279167, "Heavy_Makeup": 0.0009679730865173042, "High_Cheekbones": 0.07643366605043411, "Male": 0.9689540266990662, "Mouth_Slightly_Open": 0.2507712244987488, "Mustache": 0.0015443448210135102, "Narrow_Eyes": 0.03584165498614311, "No_Beard": 0.9706704616546631, "Oval_Face": 0.151191845536232, "Pale_Skin": 0.002273028017953038, "Pointy_Nose": 0.06316394358873367, "Receding_Hairline": 0.23415909707546234, "Rosy_Cheeks": 4.2270425183232874e-05, "Sideburns": 0.0010585347190499306, "Smiling": 0.004407806787639856, "Straight_Hair": 0.41386663913726807, "Wavy_Hair": 0.005483678076416254, "Wearing_Earrings": 0.002737245289608836, "Wearing_Hat": 0.00019009677635040134, "Wearing_Lipstick": 0.0005921504343859851, "Wearing_Necklace": 0.0020407720003277063, "Wearing_Necktie": 0.001323229749687016, "Young": 0.9076194167137146, "df_race": "latino hispanic", "df_race_prob": 28.615915775299072, "df_gender": "Man", "df_gender_prob": 99.86299276351929, "df_age": 26, "df_emotion": "fear", "df_emotion_prob": 88.06715607643127}