{"name": "Paek_Nam_Sun_0001.jpg", "5_o_Clock_Shadow": 0.0012537672882899642, "Arched_Eyebrows": 0.008550836704671383, "Attractive": 0.0012461679289117455, "Bags_Under_Eyes": 0.18599097430706024, "Bald": 0.047239430248737335, "Bangs": 0.00023619098647031933, "Big_Lips": 0.0024824198335409164, "Big_Nose": 0.40179944038391113, "Black_Hair": 0.1871204376220703, "Blond_Hair": 0.0025604311376810074, "Blurry": 0.22086018323898315, "Brown_Hair": 0.004897307604551315, "Bushy_Eyebrows": 0.024906357750296593, "Chubby": 0.6752816438674927, "Double_Chin": 0.2913784980773926, "Eyeglasses": 0.9945387244224548, "Goatee": 0.001139448257163167, "Gray_Hair": 0.18245643377304077, "Heavy_Makeup": 0.00042107186163775623, "High_Cheekbones": 0.5209360718727112, "Male": 0.9895923137664795, "Mouth_Slightly_Open": 0.19193167984485626, "Mustache": 0.003662058850750327, "Narrow_Eyes": 0.2332390397787094, "No_Beard": 0.9919556379318237, "Oval_Face": 0.15613624453544617, "Pale_Skin": 0.04651236534118652, "Pointy_Nose": 0.003033340210095048, "Receding_Hairline": 0.8356633186340332, "Rosy_Cheeks": 0.0002764047239907086, "Sideburns": 0.0006902230670675635, "Smiling": 0.7077950239181519, "Straight_Hair": 0.33319467306137085, "Wavy_Hair": 0.0019764406606554985, "Wearing_Earrings": 0.001705859787762165, "Wearing_Hat": 0.0007065708632580936, "Wearing_Lipstick": 0.0006344510475173593, "Wearing_Necklace": 0.0005931182531639934, "Wearing_Necktie": 0.6968060731887817, "Young": 0.004625797271728516, "df_race": "asian", "df_race_prob": 51.77549102598536, "df_gender": "Man", "df_gender_prob": 99.9815285205841, "df_age": 41, "df_emotion": "neutral", "df_emotion_prob": 89.62422733018073}