{"name": "Paige_Fitzgerald_0001.jpg", "5_o_Clock_Shadow": 0.0034089002292603254, "Arched_Eyebrows": 0.028581732884049416, "Attractive": 0.2066941112279892, "Bags_Under_Eyes": 0.01821027137339115, "Bald": 0.0005163241876289248, "Bangs": 0.0012709074653685093, "Big_Lips": 0.028586776927113533, "Big_Nose": 0.01419836562126875, "Black_Hair": 0.0006133529241196811, "Blond_Hair": 0.30626773834228516, "Blurry": 0.3914283812046051, "Brown_Hair": 0.04724198579788208, "Bushy_Eyebrows": 0.0001078033892554231, "Chubby": 0.0014933589845895767, "Double_Chin": 0.0007200028048828244, "Eyeglasses": 0.0005332540022209287, "Goatee": 0.0002170987136196345, "Gray_Hair": 0.009509644471108913, "Heavy_Makeup": 0.0037420326843857765, "High_Cheekbones": 0.028885604813694954, "Male": 0.04900859296321869, "Mouth_Slightly_Open": 0.002336990786716342, "Mustache": 0.00030283795786090195, "Narrow_Eyes": 0.03187214583158493, "No_Beard": 0.9952113032341003, "Oval_Face": 0.20609793066978455, "Pale_Skin": 0.2463351935148239, "Pointy_Nose": 0.15062248706817627, "Receding_Hairline": 0.021267471835017204, "Rosy_Cheeks": 9.621161734685302e-05, "Sideburns": 0.0003909059741999954, "Smiling": 0.007010461296886206, "Straight_Hair": 0.3660902976989746, "Wavy_Hair": 0.029278242960572243, "Wearing_Earrings": 0.03387939929962158, "Wearing_Hat": 0.0003471940290182829, "Wearing_Lipstick": 0.009497269988059998, "Wearing_Necklace": 0.008563785813748837, "Wearing_Necktie": 0.0022988137789070606, "Young": 0.5777490139007568, "df_race": "white", "df_race_prob": 67.27213653658193, "df_gender": "Man", "df_gender_prob": 81.42911195755005, "df_age": 34, "df_emotion": "neutral", "df_emotion_prob": 47.48117014653505}