{"name": "Pamela_Melroy_0001.jpg", "5_o_Clock_Shadow": 0.0032930716406553984, "Arched_Eyebrows": 0.03106119856238365, "Attractive": 0.03889100253582001, "Bags_Under_Eyes": 0.6060025095939636, "Bald": 0.001404143520630896, "Bangs": 0.0007378049194812775, "Big_Lips": 0.010375380516052246, "Big_Nose": 0.10677056759595871, "Black_Hair": 0.0014972056960687041, "Blond_Hair": 0.021752934902906418, "Blurry": 0.164515420794487, "Brown_Hair": 0.026770057156682014, "Bushy_Eyebrows": 0.001742339227348566, "Chubby": 0.00868567731231451, "Double_Chin": 0.0017122101271525025, "Eyeglasses": 0.0003785825101658702, "Goatee": 0.00022653609630651772, "Gray_Hair": 0.050483159720897675, "Heavy_Makeup": 0.0002598076534923166, "High_Cheekbones": 0.046390894800424576, "Male": 0.4153832495212555, "Mouth_Slightly_Open": 0.0018017971888184547, "Mustache": 0.00036820085369981825, "Narrow_Eyes": 0.007086154073476791, "No_Beard": 0.9949672818183899, "Oval_Face": 0.11540264636278152, "Pale_Skin": 0.05391784384846687, "Pointy_Nose": 0.029892267659306526, "Receding_Hairline": 0.19481241703033447, "Rosy_Cheeks": 4.4019107008352876e-05, "Sideburns": 0.00046879882575012743, "Smiling": 0.008733619935810566, "Straight_Hair": 0.115460604429245, "Wavy_Hair": 0.011725720949470997, "Wearing_Earrings": 0.007000595796853304, "Wearing_Hat": 0.00020896016212645918, "Wearing_Lipstick": 0.0005410453886725008, "Wearing_Necklace": 0.0012684175744652748, "Wearing_Necktie": 0.0029892227612435818, "Young": 0.3423503041267395, "df_race": "white", "df_race_prob": 43.65181624889374, "df_gender": "Woman", "df_gender_prob": 99.16210174560547, "df_age": 32, "df_emotion": "happy", "df_emotion_prob": 76.00187659263611}