{"name": "Pamela_Anderson_0005.jpg", "5_o_Clock_Shadow": 0.0008450025925412774, "Arched_Eyebrows": 0.653660774230957, "Attractive": 0.3182385265827179, "Bags_Under_Eyes": 0.012454713694751263, "Bald": 0.001181662897579372, "Bangs": 0.0009985208744183183, "Big_Lips": 0.3469982147216797, "Big_Nose": 0.01332435104995966, "Black_Hair": 0.001074172672815621, "Blond_Hair": 0.7321003675460815, "Blurry": 0.26167377829551697, "Brown_Hair": 0.005023397039622068, "Bushy_Eyebrows": 7.543428364442661e-05, "Chubby": 0.0031021202448755503, "Double_Chin": 0.000847919553052634, "Eyeglasses": 0.0001289375068154186, "Goatee": 0.00038216382381506264, "Gray_Hair": 0.004439087118953466, "Heavy_Makeup": 0.22292108833789825, "High_Cheekbones": 0.6640951633453369, "Male": 0.0011325156083330512, "Mouth_Slightly_Open": 0.5505610704421997, "Mustache": 0.00028538296464830637, "Narrow_Eyes": 0.11676307767629623, "No_Beard": 0.9956985712051392, "Oval_Face": 0.05044424161314964, "Pale_Skin": 0.019326265901327133, "Pointy_Nose": 0.24273166060447693, "Receding_Hairline": 0.29200172424316406, "Rosy_Cheeks": 0.00035509534063749015, "Sideburns": 0.00033549993531778455, "Smiling": 0.716884970664978, "Straight_Hair": 0.03329367935657501, "Wavy_Hair": 0.15033270418643951, "Wearing_Earrings": 0.7702481150627136, "Wearing_Hat": 0.00020896656496915966, "Wearing_Lipstick": 0.48398131132125854, "Wearing_Necklace": 0.03520186245441437, "Wearing_Necktie": 0.0003588068939279765, "Young": 0.5478246212005615, "df_race": "white", "df_race_prob": 36.35226488113403, "df_gender": "Woman", "df_gender_prob": 99.99974966049194, "df_age": 32, "df_emotion": "happy", "df_emotion_prob": 96.93933129310608}