{"name": "Paradorn_Srichaphan_0003.jpg", "5_o_Clock_Shadow": 0.006984110921621323, "Arched_Eyebrows": 0.0014620536239817739, "Attractive": 0.012926732189953327, "Bags_Under_Eyes": 0.01906789094209671, "Bald": 0.0006961686303839087, "Bangs": 0.001277672708965838, "Big_Lips": 0.010892479680478573, "Big_Nose": 0.015677668154239655, "Black_Hair": 0.02825649455189705, "Blond_Hair": 0.007013203110545874, "Blurry": 0.14658582210540771, "Brown_Hair": 0.0986148864030838, "Bushy_Eyebrows": 0.0008240854367613792, "Chubby": 0.003062912728637457, "Double_Chin": 0.0005907616578042507, "Eyeglasses": 0.0009055492118932307, "Goatee": 0.0003692270547617227, "Gray_Hair": 0.0011896906653419137, "Heavy_Makeup": 0.0003734244965016842, "High_Cheekbones": 0.17810189723968506, "Male": 0.986395001411438, "Mouth_Slightly_Open": 0.9041162729263306, "Mustache": 0.0011697213631123304, "Narrow_Eyes": 0.11932673305273056, "No_Beard": 0.9908573031425476, "Oval_Face": 0.05975497514009476, "Pale_Skin": 0.002026172121986747, "Pointy_Nose": 0.007784177083522081, "Receding_Hairline": 0.008278578519821167, "Rosy_Cheeks": 7.38706803531386e-05, "Sideburns": 0.00030232706922106445, "Smiling": 0.004102486651390791, "Straight_Hair": 0.5760794878005981, "Wavy_Hair": 0.01169025432318449, "Wearing_Earrings": 0.0012844346929341555, "Wearing_Hat": 0.00043539455509744585, "Wearing_Lipstick": 0.0003653717285487801, "Wearing_Necklace": 0.0016072371508926153, "Wearing_Necktie": 0.001209924928843975, "Young": 0.8574967980384827, "df_race": "asian", "df_race_prob": 99.97149109840393, "df_gender": "Man", "df_gender_prob": 99.96654987335205, "df_age": 28, "df_emotion": "angry", "df_emotion_prob": 51.98439359664917}