{"name": "Paradorn_Srichaphan_0001.jpg", "5_o_Clock_Shadow": 0.014848331920802593, "Arched_Eyebrows": 0.0031275206711143255, "Attractive": 0.03555262088775635, "Bags_Under_Eyes": 0.07845974713563919, "Bald": 0.00016692648932803422, "Bangs": 0.001111237215809524, "Big_Lips": 0.01729431562125683, "Big_Nose": 0.08264648169279099, "Black_Hair": 0.0712818056344986, "Blond_Hair": 0.0035373098216950893, "Blurry": 0.13328881561756134, "Brown_Hair": 0.09430879354476929, "Bushy_Eyebrows": 0.009803968481719494, "Chubby": 0.0018808472668752074, "Double_Chin": 0.00029605813324451447, "Eyeglasses": 0.0005162984016351402, "Goatee": 0.0005397970089688897, "Gray_Hair": 0.000991331646218896, "Heavy_Makeup": 0.00041966146090999246, "High_Cheekbones": 0.3383026421070099, "Male": 0.9815900921821594, "Mouth_Slightly_Open": 0.7758694887161255, "Mustache": 0.0011913867201656103, "Narrow_Eyes": 0.015034711919724941, "No_Beard": 0.9908509850502014, "Oval_Face": 0.09094879776239395, "Pale_Skin": 0.0015505931805819273, "Pointy_Nose": 0.0028881013859063387, "Receding_Hairline": 0.0037688834127038717, "Rosy_Cheeks": 2.2916425223229453e-05, "Sideburns": 0.00022307003382593393, "Smiling": 0.10921889543533325, "Straight_Hair": 0.7060660123825073, "Wavy_Hair": 0.011533062905073166, "Wearing_Earrings": 0.0027552656829357147, "Wearing_Hat": 0.0007730736397206783, "Wearing_Lipstick": 0.00048143722233362496, "Wearing_Necklace": 0.0009561139740981162, "Wearing_Necktie": 0.0004809670499525964, "Young": 0.9579914212226868, "df_race": "asian", "df_race_prob": 99.73477719633443, "df_gender": "Man", "df_gender_prob": 99.997878074646, "df_age": 23, "df_emotion": "neutral", "df_emotion_prob": 94.41850185394287}