{"name": "Pascal_Quignard_0002.jpg", "5_o_Clock_Shadow": 0.023534346371889114, "Arched_Eyebrows": 0.0011974319349974394, "Attractive": 0.0036394570488482714, "Bags_Under_Eyes": 0.8162948489189148, "Bald": 0.9570184946060181, "Bangs": 0.0023395868483930826, "Big_Lips": 0.056125421077013016, "Big_Nose": 0.620701014995575, "Black_Hair": 0.0006311321631073952, "Blond_Hair": 0.00807929877191782, "Blurry": 0.05507972836494446, "Brown_Hair": 0.0006472276872955263, "Bushy_Eyebrows": 0.00022344446915667504, "Chubby": 0.1604924350976944, "Double_Chin": 0.17172591388225555, "Eyeglasses": 0.013024897314608097, "Goatee": 0.0026898523792624474, "Gray_Hair": 0.7005208134651184, "Heavy_Makeup": 2.8953571018064395e-05, "High_Cheekbones": 0.015543581917881966, "Male": 0.9996644258499146, "Mouth_Slightly_Open": 0.00892032403498888, "Mustache": 0.0040138717740774155, "Narrow_Eyes": 0.006975745782256126, "No_Beard": 0.9741390943527222, "Oval_Face": 0.05201561003923416, "Pale_Skin": 0.049474626779556274, "Pointy_Nose": 0.03551569581031799, "Receding_Hairline": 0.2893056571483612, "Rosy_Cheeks": 6.88175787217915e-05, "Sideburns": 0.005058221984654665, "Smiling": 0.004096834920346737, "Straight_Hair": 0.006687752436846495, "Wavy_Hair": 0.002235911786556244, "Wearing_Earrings": 0.0007898227195255458, "Wearing_Hat": 0.003756423480808735, "Wearing_Lipstick": 0.00019044200598727912, "Wearing_Necklace": 0.0010237765964120626, "Wearing_Necktie": 0.1083865836262703, "Young": 0.0066406880505383015, "df_race": "white", "df_race_prob": 63.64679932594299, "df_gender": "Man", "df_gender_prob": 99.95811581611633, "df_age": 46, "df_emotion": "angry", "df_emotion_prob": 67.94949769973755}