{"name": "Pat_Summerall_0001.jpg", "5_o_Clock_Shadow": 0.006689177360385656, "Arched_Eyebrows": 0.0009721719543449581, "Attractive": 0.008441617712378502, "Bags_Under_Eyes": 0.36658650636672974, "Bald": 0.005857447627931833, "Bangs": 0.0013555577024817467, "Big_Lips": 0.0073205530643463135, "Big_Nose": 0.292137086391449, "Black_Hair": 0.00042477785609662533, "Blond_Hair": 0.016286619007587433, "Blurry": 0.3365016579627991, "Brown_Hair": 0.003322105621919036, "Bushy_Eyebrows": 0.0009480601293034852, "Chubby": 0.3288501799106598, "Double_Chin": 0.3116016089916229, "Eyeglasses": 0.009296011179685593, "Goatee": 0.0006615107995457947, "Gray_Hair": 0.2114942967891693, "Heavy_Makeup": 0.0003124081704299897, "High_Cheekbones": 0.7085240483283997, "Male": 0.9298881888389587, "Mouth_Slightly_Open": 0.9970458149909973, "Mustache": 0.0013681130949407816, "Narrow_Eyes": 0.3182978332042694, "No_Beard": 0.9912393689155579, "Oval_Face": 0.3417983055114746, "Pale_Skin": 0.12039120495319366, "Pointy_Nose": 0.012895648367702961, "Receding_Hairline": 0.006344230845570564, "Rosy_Cheeks": 0.0003055956040043384, "Sideburns": 0.0013529035495594144, "Smiling": 0.9903226494789124, "Straight_Hair": 0.008549300022423267, "Wavy_Hair": 0.004181199707090855, "Wearing_Earrings": 0.004354715347290039, "Wearing_Hat": 0.9221680760383606, "Wearing_Lipstick": 0.0004351507523097098, "Wearing_Necklace": 0.014313989318907261, "Wearing_Necktie": 0.004128776956349611, "Young": 0.03701333329081535, "df_race": "white", "df_race_prob": 92.0741617679596, "df_gender": "Man", "df_gender_prob": 97.64285683631897, "df_age": 39, "df_emotion": "happy", "df_emotion_prob": 99.1990804194856}