{"name": "Patricia_Heaton_0002.jpg", "5_o_Clock_Shadow": 0.00034336542012169957, "Arched_Eyebrows": 0.5430796146392822, "Attractive": 0.9020652770996094, "Bags_Under_Eyes": 0.004548418801277876, "Bald": 5.912932465435006e-05, "Bangs": 0.9336778521537781, "Big_Lips": 0.1015305146574974, "Big_Nose": 0.01772819273173809, "Black_Hair": 0.0032236056867986917, "Blond_Hair": 0.1457388550043106, "Blurry": 0.020455732941627502, "Brown_Hair": 0.14237235486507416, "Bushy_Eyebrows": 0.0015191561542451382, "Chubby": 0.00023887013958301395, "Double_Chin": 0.0001711371005512774, "Eyeglasses": 9.269632573705167e-05, "Goatee": 0.00018782104598358274, "Gray_Hair": 0.0009539950988255441, "Heavy_Makeup": 0.806449294090271, "High_Cheekbones": 0.9035005569458008, "Male": 0.00022895200527273118, "Mouth_Slightly_Open": 0.9801181554794312, "Mustache": 6.36979821138084e-05, "Narrow_Eyes": 0.007932104170322418, "No_Beard": 0.9995121955871582, "Oval_Face": 0.5744594931602478, "Pale_Skin": 0.26038312911987305, "Pointy_Nose": 0.1060524433851242, "Receding_Hairline": 0.0001359241723548621, "Rosy_Cheeks": 0.0008532724459655583, "Sideburns": 0.00016041667549870908, "Smiling": 0.99712735414505, "Straight_Hair": 0.35576286911964417, "Wavy_Hair": 0.0797191932797432, "Wearing_Earrings": 0.2340368777513504, "Wearing_Hat": 0.0005174936377443373, "Wearing_Lipstick": 0.9694417715072632, "Wearing_Necklace": 0.4481583833694458, "Wearing_Necktie": 4.450149572221562e-05, "Young": 0.8834465742111206, "df_race": "white", "df_race_prob": 76.20488405227661, "df_gender": "Woman", "df_gender_prob": 99.99982118606567, "df_age": 32, "df_emotion": "happy", "df_emotion_prob": 99.36856627464294}