{"name": "Patrick_Clawsen_0001.jpg", "5_o_Clock_Shadow": 0.022783221676945686, "Arched_Eyebrows": 0.000642010010778904, "Attractive": 0.0038740530144423246, "Bags_Under_Eyes": 0.2139042317867279, "Bald": 0.001803313149139285, "Bangs": 0.0006651075091212988, "Big_Lips": 0.013920163735747337, "Big_Nose": 0.3694795072078705, "Black_Hair": 0.002942275255918503, "Blond_Hair": 0.06301064044237137, "Blurry": 0.4966500401496887, "Brown_Hair": 0.0296236090362072, "Bushy_Eyebrows": 0.0007894427399151027, "Chubby": 0.8285534381866455, "Double_Chin": 0.39443203806877136, "Eyeglasses": 0.011264214292168617, "Goatee": 0.002134156646206975, "Gray_Hair": 0.4038255214691162, "Heavy_Makeup": 0.00039662758354097605, "High_Cheekbones": 0.06274383515119553, "Male": 0.9899880290031433, "Mouth_Slightly_Open": 0.020054135471582413, "Mustache": 0.004735683556646109, "Narrow_Eyes": 0.4262866675853729, "No_Beard": 0.9531921148300171, "Oval_Face": 0.16435153782367706, "Pale_Skin": 0.06329617649316788, "Pointy_Nose": 0.0074713039211928844, "Receding_Hairline": 0.012166627682745457, "Rosy_Cheeks": 0.00016870356921572238, "Sideburns": 0.005652495659887791, "Smiling": 0.02593599073588848, "Straight_Hair": 0.275216281414032, "Wavy_Hair": 0.05933041125535965, "Wearing_Earrings": 0.0011261097388342023, "Wearing_Hat": 0.0012734642950817943, "Wearing_Lipstick": 0.00022212050680536777, "Wearing_Necklace": 0.001405973918735981, "Wearing_Necktie": 0.019251784309744835, "Young": 0.03678775206208229, "df_race": "white", "df_race_prob": 99.96353387832642, "df_gender": "Man", "df_gender_prob": 99.97749924659729, "df_age": 42, "df_emotion": "angry", "df_emotion_prob": 66.2038266658783}