{"name": "Patricia_Heaton_0001.jpg", "5_o_Clock_Shadow": 0.0013110515428707004, "Arched_Eyebrows": 0.6464556455612183, "Attractive": 0.4752219319343567, "Bags_Under_Eyes": 0.06236325949430466, "Bald": 0.0005795760662294924, "Bangs": 0.0002634738339111209, "Big_Lips": 0.08747795224189758, "Big_Nose": 0.06874722242355347, "Black_Hair": 0.0014707280788570642, "Blond_Hair": 0.06647384911775589, "Blurry": 0.1993260234594345, "Brown_Hair": 0.08997829258441925, "Bushy_Eyebrows": 0.0002937352692242712, "Chubby": 0.0037853207904845476, "Double_Chin": 0.0039432053454220295, "Eyeglasses": 0.00021824079158250242, "Goatee": 0.00017214096442330629, "Gray_Hair": 0.005278721451759338, "Heavy_Makeup": 0.021195655688643456, "High_Cheekbones": 0.933745265007019, "Male": 0.0049036904238164425, "Mouth_Slightly_Open": 0.9946671724319458, "Mustache": 0.00015412482025567442, "Narrow_Eyes": 0.15347664058208466, "No_Beard": 0.998008668422699, "Oval_Face": 0.20996350049972534, "Pale_Skin": 0.14896449446678162, "Pointy_Nose": 0.07190617173910141, "Receding_Hairline": 0.0979611724615097, "Rosy_Cheeks": 0.0002894342178478837, "Sideburns": 0.00016427109949290752, "Smiling": 0.9984320998191833, "Straight_Hair": 0.11826171725988388, "Wavy_Hair": 0.021533038467168808, "Wearing_Earrings": 0.052291154861450195, "Wearing_Hat": 0.00031055809813551605, "Wearing_Lipstick": 0.17223888635635376, "Wearing_Necklace": 0.025175610557198524, "Wearing_Necktie": 0.00029414609889499843, "Young": 0.4914311468601227, "df_race": "white", "df_race_prob": 46.491539478302, "df_gender": "Woman", "df_gender_prob": 99.99998807907104, "df_age": 44, "df_emotion": "happy", "df_emotion_prob": 91.12473726272583}