{"name": "Patricia_Hearst_0001.jpg", "5_o_Clock_Shadow": 0.0004963301471434534, "Arched_Eyebrows": 0.05606482923030853, "Attractive": 0.4806434214115143, "Bags_Under_Eyes": 0.032068587839603424, "Bald": 0.000400070333853364, "Bangs": 0.0016855819849297404, "Big_Lips": 0.0411582887172699, "Big_Nose": 0.01677701622247696, "Black_Hair": 0.001095131621696055, "Blond_Hair": 0.8636647462844849, "Blurry": 0.35756781697273254, "Brown_Hair": 0.02135927602648735, "Bushy_Eyebrows": 0.000611697556450963, "Chubby": 0.005733806639909744, "Double_Chin": 0.001697921077720821, "Eyeglasses": 0.0003245552652515471, "Goatee": 0.00038255585241131485, "Gray_Hair": 0.003134044585749507, "Heavy_Makeup": 0.1655271351337433, "High_Cheekbones": 0.9152711033821106, "Male": 0.0014101449633017182, "Mouth_Slightly_Open": 0.991718053817749, "Mustache": 0.00014537338574882597, "Narrow_Eyes": 0.29493552446365356, "No_Beard": 0.9979304075241089, "Oval_Face": 0.48049601912498474, "Pale_Skin": 0.11473426967859268, "Pointy_Nose": 0.11044899374246597, "Receding_Hairline": 0.025681400671601295, "Rosy_Cheeks": 0.00026140231057070196, "Sideburns": 0.0002707578241825104, "Smiling": 0.996893048286438, "Straight_Hair": 0.12254366278648376, "Wavy_Hair": 0.29527366161346436, "Wearing_Earrings": 0.005783307831734419, "Wearing_Hat": 0.00024115577980410308, "Wearing_Lipstick": 0.36686283349990845, "Wearing_Necklace": 0.014973990619182587, "Wearing_Necktie": 0.00022433057893067598, "Young": 0.6852474808692932, "df_race": "white", "df_race_prob": 100.0, "df_gender": "Woman", "df_gender_prob": 100.0, "df_age": 39, "df_emotion": "happy", "df_emotion_prob": 96.4874804019928}