{"name": "Paul_Bremer_0008.jpg", "5_o_Clock_Shadow": 0.015987444669008255, "Arched_Eyebrows": 0.0003836271644104272, "Attractive": 0.022010087966918945, "Bags_Under_Eyes": 0.20121534168720245, "Bald": 0.0004851081466767937, "Bangs": 0.0016914333682507277, "Big_Lips": 0.01816497929394245, "Big_Nose": 0.05291661620140076, "Black_Hair": 0.0012727446155622602, "Blond_Hair": 0.011399703100323677, "Blurry": 0.09598151594400406, "Brown_Hair": 0.12541748583316803, "Bushy_Eyebrows": 0.0007804422057233751, "Chubby": 0.006120642647147179, "Double_Chin": 0.006849156692624092, "Eyeglasses": 0.00297458004206419, "Goatee": 0.00023167890321929008, "Gray_Hair": 0.045826997607946396, "Heavy_Makeup": 0.00015929936489555985, "High_Cheekbones": 0.012621722184121609, "Male": 0.9973580241203308, "Mouth_Slightly_Open": 0.5105058550834656, "Mustache": 0.0006290258606895804, "Narrow_Eyes": 0.07831733673810959, "No_Beard": 0.9940871000289917, "Oval_Face": 0.07168316096067429, "Pale_Skin": 0.014053184539079666, "Pointy_Nose": 0.043479640036821365, "Receding_Hairline": 0.0021344206761568785, "Rosy_Cheeks": 1.95324591913959e-05, "Sideburns": 0.0011708467500284314, "Smiling": 0.005282606463879347, "Straight_Hair": 0.5160914063453674, "Wavy_Hair": 0.019633915275335312, "Wearing_Earrings": 0.000477248162496835, "Wearing_Hat": 0.0003545558138284832, "Wearing_Lipstick": 0.0001517352502560243, "Wearing_Necklace": 0.00045023125130683184, "Wearing_Necktie": 0.04629170149564743, "Young": 0.09236281365156174, "df_race": "white", "df_race_prob": 90.13545454355804, "df_gender": "Man", "df_gender_prob": 99.99078512191772, "df_age": 45, "df_emotion": "sad", "df_emotion_prob": 64.0917181968689}