{"name": "Paul_McCartney_0007.jpg", "5_o_Clock_Shadow": 0.0073077501729130745, "Arched_Eyebrows": 0.0014466686407104135, "Attractive": 0.010324668139219284, "Bags_Under_Eyes": 0.13636763393878937, "Bald": 0.0005593379028141499, "Bangs": 0.020668938755989075, "Big_Lips": 0.02912016399204731, "Big_Nose": 0.014398857951164246, "Black_Hair": 0.0007922057411633432, "Blond_Hair": 0.1121198758482933, "Blurry": 0.20225650072097778, "Brown_Hair": 0.04760317504405975, "Bushy_Eyebrows": 0.0005121509893797338, "Chubby": 0.02004094608128071, "Double_Chin": 0.02602110244333744, "Eyeglasses": 0.0009083918994292617, "Goatee": 0.0005090691847726703, "Gray_Hair": 0.17079727351665497, "Heavy_Makeup": 0.00030922386213205755, "High_Cheekbones": 0.037250593304634094, "Male": 0.9920051693916321, "Mouth_Slightly_Open": 0.32709944248199463, "Mustache": 0.0005228715599514544, "Narrow_Eyes": 0.441925972700119, "No_Beard": 0.9965612292289734, "Oval_Face": 0.14184372127056122, "Pale_Skin": 0.051845766603946686, "Pointy_Nose": 0.05058712139725685, "Receding_Hairline": 0.004427003674209118, "Rosy_Cheeks": 7.767531496938318e-05, "Sideburns": 0.0005604446632787585, "Smiling": 0.00595901207998395, "Straight_Hair": 0.35944443941116333, "Wavy_Hair": 0.017339082434773445, "Wearing_Earrings": 0.0019782022573053837, "Wearing_Hat": 0.00013692295760847628, "Wearing_Lipstick": 0.00040780147537589073, "Wearing_Necklace": 0.001992210978642106, "Wearing_Necktie": 0.025136401876807213, "Young": 0.05853556469082832, "df_race": "white", "df_race_prob": 41.39629304409027, "df_gender": "Man", "df_gender_prob": 99.73018169403076, "df_age": 37, "df_emotion": "fear", "df_emotion_prob": 59.00282156433802}