{"name": "Paul_Tagliabue_0004.jpg", "5_o_Clock_Shadow": 0.006666594184935093, "Arched_Eyebrows": 0.00014055676001589745, "Attractive": 0.0018972279503941536, "Bags_Under_Eyes": 0.07632307708263397, "Bald": 0.0026698680594563484, "Bangs": 0.0007236441015265882, "Big_Lips": 0.0067574274726212025, "Big_Nose": 0.22406154870986938, "Black_Hair": 0.008515541441738605, "Blond_Hair": 0.0020611314103007317, "Blurry": 0.09202662110328674, "Brown_Hair": 0.021323954686522484, "Bushy_Eyebrows": 0.0015188069082796574, "Chubby": 0.04851364344358444, "Double_Chin": 0.04816855117678642, "Eyeglasses": 0.9970462918281555, "Goatee": 0.0007329760701395571, "Gray_Hair": 0.5120079517364502, "Heavy_Makeup": 9.736372157931328e-05, "High_Cheekbones": 0.023367157205939293, "Male": 0.9989192485809326, "Mouth_Slightly_Open": 0.27202707529067993, "Mustache": 0.002408510772511363, "Narrow_Eyes": 0.00798086728900671, "No_Beard": 0.9914498925209045, "Oval_Face": 0.06770537793636322, "Pale_Skin": 0.021105991676449776, "Pointy_Nose": 0.014183877035975456, "Receding_Hairline": 0.021481072530150414, "Rosy_Cheeks": 7.929554703878239e-05, "Sideburns": 0.0010600544046610594, "Smiling": 0.0026359176263213158, "Straight_Hair": 0.6018757224082947, "Wavy_Hair": 0.005344791803508997, "Wearing_Earrings": 0.00043948812526650727, "Wearing_Hat": 0.0005891164182685316, "Wearing_Lipstick": 0.00015235562750604004, "Wearing_Necklace": 0.00030111343949101865, "Wearing_Necktie": 0.7916096448898315, "Young": 0.010101662017405033, "df_race": "middle eastern", "df_race_prob": 47.345924377441406, "df_gender": "Man", "df_gender_prob": 99.99134540557861, "df_age": 49, "df_emotion": "fear", "df_emotion_prob": 54.08148765563965}