{"name": "Paul_Bremer_0016.jpg", "5_o_Clock_Shadow": 0.014364934526383877, "Arched_Eyebrows": 0.0006343793356791139, "Attractive": 0.008053998462855816, "Bags_Under_Eyes": 0.2819693982601166, "Bald": 0.0005092824576422572, "Bangs": 0.0033033043146133423, "Big_Lips": 0.008966502733528614, "Big_Nose": 0.1699502319097519, "Black_Hair": 0.0021951370872557163, "Blond_Hair": 0.029750466346740723, "Blurry": 0.1277613788843155, "Brown_Hair": 0.034606922417879105, "Bushy_Eyebrows": 0.003983755130320787, "Chubby": 0.021167268976569176, "Double_Chin": 0.0210016630589962, "Eyeglasses": 0.004162542521953583, "Goatee": 0.0002703675127122551, "Gray_Hair": 0.15994971990585327, "Heavy_Makeup": 0.00020272914844099432, "High_Cheekbones": 0.01109019760042429, "Male": 0.9978427886962891, "Mouth_Slightly_Open": 0.0891030877828598, "Mustache": 0.0010295846732333302, "Narrow_Eyes": 0.0399969220161438, "No_Beard": 0.9919434785842896, "Oval_Face": 0.09981923550367355, "Pale_Skin": 0.01269525196403265, "Pointy_Nose": 0.015697510913014412, "Receding_Hairline": 0.0013211783953011036, "Rosy_Cheeks": 3.9401384128723294e-05, "Sideburns": 0.002320353640243411, "Smiling": 0.0037325751036405563, "Straight_Hair": 0.7423335909843445, "Wavy_Hair": 0.009526574052870274, "Wearing_Earrings": 0.0003928568330593407, "Wearing_Hat": 0.0004919436178170145, "Wearing_Lipstick": 0.00012527288345154375, "Wearing_Necklace": 0.00029184212326072156, "Wearing_Necktie": 0.44802409410476685, "Young": 0.03240539878606796, "df_race": "white", "df_race_prob": 82.85436034202576, "df_gender": "Man", "df_gender_prob": 99.98268485069275, "df_age": 37, "df_emotion": "sad", "df_emotion_prob": 74.38514828681946}