{"name": "Paul_Tagliabue_0001.jpg", "5_o_Clock_Shadow": 0.004584779962897301, "Arched_Eyebrows": 0.00021791768085677177, "Attractive": 0.014427952468395233, "Bags_Under_Eyes": 0.01956777833402157, "Bald": 0.0015224259113892913, "Bangs": 0.000365156534826383, "Big_Lips": 0.004698905162513256, "Big_Nose": 0.062440987676382065, "Black_Hair": 0.0014989167684689164, "Blond_Hair": 0.07875075191259384, "Blurry": 0.3615298867225647, "Brown_Hair": 0.015801245346665382, "Bushy_Eyebrows": 0.0005697161541320384, "Chubby": 0.030621523037552834, "Double_Chin": 0.03715056553483009, "Eyeglasses": 0.985186755657196, "Goatee": 0.0006902736495248973, "Gray_Hair": 0.4034295678138733, "Heavy_Makeup": 0.0004310733056627214, "High_Cheekbones": 0.19142024219036102, "Male": 0.9958001971244812, "Mouth_Slightly_Open": 0.9884982705116272, "Mustache": 0.0017152153886854649, "Narrow_Eyes": 0.009364206343889236, "No_Beard": 0.9859068393707275, "Oval_Face": 0.24006380140781403, "Pale_Skin": 0.024707453325390816, "Pointy_Nose": 0.04378519579768181, "Receding_Hairline": 0.06790387630462646, "Rosy_Cheeks": 0.0001469380222260952, "Sideburns": 0.0006559294415637851, "Smiling": 0.9518857002258301, "Straight_Hair": 0.23042820394039154, "Wavy_Hair": 0.0139158321544528, "Wearing_Earrings": 0.0008825495606288314, "Wearing_Hat": 0.00044433504808694124, "Wearing_Lipstick": 0.0001908109843498096, "Wearing_Necklace": 0.0007521394873037934, "Wearing_Necktie": 0.3127362132072449, "Young": 0.06377829611301422, "df_race": "white", "df_race_prob": 69.06021464588817, "df_gender": "Man", "df_gender_prob": 99.93371367454529, "df_age": 39, "df_emotion": "happy", "df_emotion_prob": 99.99295473182741}