{"name": "Paul_Brandt_0001.jpg", "5_o_Clock_Shadow": 0.0030995069537311792, "Arched_Eyebrows": 0.0008930664043873549, "Attractive": 0.1509791612625122, "Bags_Under_Eyes": 0.027104951441287994, "Bald": 0.0011736797168850899, "Bangs": 0.0016542973462492228, "Big_Lips": 0.014366783201694489, "Big_Nose": 0.02413776144385338, "Black_Hair": 0.008555304259061813, "Blond_Hair": 0.003336169756948948, "Blurry": 0.15175870060920715, "Brown_Hair": 0.004811788909137249, "Bushy_Eyebrows": 0.0017917805816978216, "Chubby": 0.016656994819641113, "Double_Chin": 0.0020961440168321133, "Eyeglasses": 0.003635772503912449, "Goatee": 0.0007499433122575283, "Gray_Hair": 0.0015946462517604232, "Heavy_Makeup": 0.002710618544369936, "High_Cheekbones": 0.019547706469893456, "Male": 0.9019110798835754, "Mouth_Slightly_Open": 0.5337957143783569, "Mustache": 0.0008348774863407016, "Narrow_Eyes": 0.6616014838218689, "No_Beard": 0.9865313172340393, "Oval_Face": 0.2616136074066162, "Pale_Skin": 0.15717178583145142, "Pointy_Nose": 0.02301928400993347, "Receding_Hairline": 0.0020503385458141565, "Rosy_Cheeks": 0.00012068634532624856, "Sideburns": 0.0010694869561120868, "Smiling": 0.04708400368690491, "Straight_Hair": 0.009889132343232632, "Wavy_Hair": 0.005661585368216038, "Wearing_Earrings": 0.023037949576973915, "Wearing_Hat": 0.987001895904541, "Wearing_Lipstick": 0.0038156139198690653, "Wearing_Necklace": 0.0023810553830116987, "Wearing_Necktie": 0.0025571624282747507, "Young": 0.8321985602378845, "df_race": "asian", "df_race_prob": 46.69494032859802, "df_gender": "Man", "df_gender_prob": 93.35989952087402, "df_age": 37, "df_emotion": "neutral", "df_emotion_prob": 74.56565499305725}