{"name": "Paul_Martin_0007.jpg", "5_o_Clock_Shadow": 0.024533327668905258, "Arched_Eyebrows": 0.004279274959117174, "Attractive": 0.005352505948394537, "Bags_Under_Eyes": 0.3910824656486511, "Bald": 0.14897239208221436, "Bangs": 0.00015711263404227793, "Big_Lips": 0.012748447246849537, "Big_Nose": 0.31735751032829285, "Black_Hair": 0.003249845700338483, "Blond_Hair": 0.032226450741291046, "Blurry": 0.046153828501701355, "Brown_Hair": 0.0019983372185379267, "Bushy_Eyebrows": 0.01588798128068447, "Chubby": 0.7031230330467224, "Double_Chin": 0.5303385257720947, "Eyeglasses": 0.004607463721185923, "Goatee": 0.0023208826314657927, "Gray_Hair": 0.6248620748519897, "Heavy_Makeup": 0.0009530067327432334, "High_Cheekbones": 0.5768579244613647, "Male": 0.9935047626495361, "Mouth_Slightly_Open": 0.9988197684288025, "Mustache": 0.002129873726516962, "Narrow_Eyes": 0.9016231298446655, "No_Beard": 0.9682543277740479, "Oval_Face": 0.5732753872871399, "Pale_Skin": 0.08227080851793289, "Pointy_Nose": 0.007245759014040232, "Receding_Hairline": 0.8736194372177124, "Rosy_Cheeks": 0.0004386924556456506, "Sideburns": 0.0035970034077763557, "Smiling": 0.9366063475608826, "Straight_Hair": 0.04643665999174118, "Wavy_Hair": 0.004301578737795353, "Wearing_Earrings": 0.0014141391729936004, "Wearing_Hat": 0.00026753509882837534, "Wearing_Lipstick": 0.0012070449301972985, "Wearing_Necklace": 0.000633853895124048, "Wearing_Necktie": 0.01001642644405365, "Young": 0.041912004351615906, "df_race": "white", "df_race_prob": 48.065185546875, "df_gender": "Man", "df_gender_prob": 99.98359680175781, "df_age": 39, "df_emotion": "happy", "df_emotion_prob": 94.88996863365173}