{"name": "Pauley_Perrette_0001.jpg", "5_o_Clock_Shadow": 0.0007928971317596734, "Arched_Eyebrows": 0.057463858276605606, "Attractive": 0.0880775898694992, "Bags_Under_Eyes": 0.10991235822439194, "Bald": 0.0002881728287320584, "Bangs": 0.9645736813545227, "Big_Lips": 0.2507973313331604, "Big_Nose": 0.16217826306819916, "Black_Hair": 0.008534088730812073, "Blond_Hair": 0.028466038405895233, "Blurry": 0.4765028655529022, "Brown_Hair": 0.029830478131771088, "Bushy_Eyebrows": 0.00015461895964108407, "Chubby": 0.009177605621516705, "Double_Chin": 0.0034226258285343647, "Eyeglasses": 0.000563291076105088, "Goatee": 0.0003371128113940358, "Gray_Hair": 0.004171188920736313, "Heavy_Makeup": 0.09163214266300201, "High_Cheekbones": 0.43696191906929016, "Male": 0.018987970426678658, "Mouth_Slightly_Open": 0.08450768142938614, "Mustache": 0.0009688754798844457, "Narrow_Eyes": 0.05337308719754219, "No_Beard": 0.995587944984436, "Oval_Face": 0.0411040261387825, "Pale_Skin": 0.04117484763264656, "Pointy_Nose": 0.18033933639526367, "Receding_Hairline": 0.0007001937483437359, "Rosy_Cheeks": 0.0034038801677525043, "Sideburns": 0.0002171794476453215, "Smiling": 0.7624093890190125, "Straight_Hair": 0.0236265417188406, "Wavy_Hair": 0.1945953220129013, "Wearing_Earrings": 0.013536540791392326, "Wearing_Hat": 0.0019464597571641207, "Wearing_Lipstick": 0.6929010152816772, "Wearing_Necklace": 0.041135065257549286, "Wearing_Necktie": 0.00028402116731740534, "Young": 0.3210301697254181, "df_race": "white", "df_race_prob": 99.99144077301025, "df_gender": "Woman", "df_gender_prob": 99.85841512680054, "df_age": 34, "df_emotion": "happy", "df_emotion_prob": 99.557602458286}