{"name": "Paul_Bremer_0009.jpg", "5_o_Clock_Shadow": 0.022777002304792404, "Arched_Eyebrows": 0.00038179202238097787, "Attractive": 0.016786308959126472, "Bags_Under_Eyes": 0.3161066174507141, "Bald": 0.0013912698486819863, "Bangs": 0.0012395537924021482, "Big_Lips": 0.02526172809302807, "Big_Nose": 0.07223464548587799, "Black_Hair": 0.0021781963296234608, "Blond_Hair": 0.020331166684627533, "Blurry": 0.1664641797542572, "Brown_Hair": 0.06788656860589981, "Bushy_Eyebrows": 0.00396013492718339, "Chubby": 0.04294649511575699, "Double_Chin": 0.02706066332757473, "Eyeglasses": 0.0025226871948689222, "Goatee": 0.0004174088826403022, "Gray_Hair": 0.08452339470386505, "Heavy_Makeup": 0.0002445100690238178, "High_Cheekbones": 0.017576437443494797, "Male": 0.9990456700325012, "Mouth_Slightly_Open": 0.3336181342601776, "Mustache": 0.000546230177860707, "Narrow_Eyes": 0.4020027816295624, "No_Beard": 0.9958096742630005, "Oval_Face": 0.10159441083669662, "Pale_Skin": 0.029860712587833405, "Pointy_Nose": 0.029356345534324646, "Receding_Hairline": 0.004183527082204819, "Rosy_Cheeks": 0.0001052076113410294, "Sideburns": 0.0013537162449210882, "Smiling": 0.009651889093220234, "Straight_Hair": 0.6893282532691956, "Wavy_Hair": 0.015236168168485165, "Wearing_Earrings": 0.0004424307553563267, "Wearing_Hat": 0.0005872507463209331, "Wearing_Lipstick": 0.00021576276049017906, "Wearing_Necklace": 0.00031195752671919763, "Wearing_Necktie": 0.695710301399231, "Young": 0.06532605737447739, "df_race": "white", "df_race_prob": 91.21946096420288, "df_gender": "Man", "df_gender_prob": 99.92499947547913, "df_age": 34, "df_emotion": "sad", "df_emotion_prob": 85.24498763620706}