{"name": "Paul_ONeill_0007.jpg", "5_o_Clock_Shadow": 0.002462209202349186, "Arched_Eyebrows": 0.0013453266583383083, "Attractive": 0.0019454455468803644, "Bags_Under_Eyes": 0.07886676490306854, "Bald": 0.011288191191852093, "Bangs": 0.0010332429083064198, "Big_Lips": 0.0034671614412218332, "Big_Nose": 0.28827351331710815, "Black_Hair": 0.008998358622193336, "Blond_Hair": 0.0035937544889748096, "Blurry": 0.19877305626869202, "Brown_Hair": 0.0007933000451885164, "Bushy_Eyebrows": 0.0006780860712751746, "Chubby": 0.06715714931488037, "Double_Chin": 0.0898103266954422, "Eyeglasses": 0.9777482748031616, "Goatee": 0.000710824504494667, "Gray_Hair": 0.8789041042327881, "Heavy_Makeup": 0.00036449951585382223, "High_Cheekbones": 0.07652317732572556, "Male": 0.9961525797843933, "Mouth_Slightly_Open": 0.08998658508062363, "Mustache": 0.001811891095712781, "Narrow_Eyes": 0.021399468183517456, "No_Beard": 0.9933941960334778, "Oval_Face": 0.10066091269254684, "Pale_Skin": 0.03885519877076149, "Pointy_Nose": 0.00784838106483221, "Receding_Hairline": 0.25044000148773193, "Rosy_Cheeks": 0.0001327073114225641, "Sideburns": 0.0005306056118570268, "Smiling": 0.030380960553884506, "Straight_Hair": 0.6599634289741516, "Wavy_Hair": 0.0010723189916461706, "Wearing_Earrings": 0.0005893834750168025, "Wearing_Hat": 0.0003007811901625246, "Wearing_Lipstick": 0.00040350540075451136, "Wearing_Necklace": 0.0004909076960757375, "Wearing_Necktie": 0.6777499914169312, "Young": 0.007874985225498676, "df_race": "middle eastern", "df_race_prob": 35.977792739868164, "df_gender": "Man", "df_gender_prob": 99.7923731803894, "df_age": 47, "df_emotion": "angry", "df_emotion_prob": 64.93860483169556}