{"name": "Paul_Martin_0004.jpg", "5_o_Clock_Shadow": 0.0037503864150494337, "Arched_Eyebrows": 0.002911312971264124, "Attractive": 0.004149485379457474, "Bags_Under_Eyes": 0.11761467903852463, "Bald": 0.19115757942199707, "Bangs": 0.00014892395120114088, "Big_Lips": 0.0059778159484267235, "Big_Nose": 0.09011058509349823, "Black_Hair": 0.0021712013985961676, "Blond_Hair": 0.006734803318977356, "Blurry": 0.050566501915454865, "Brown_Hair": 0.001077278284355998, "Bushy_Eyebrows": 0.0016102531226351857, "Chubby": 0.12225168943405151, "Double_Chin": 0.10895853489637375, "Eyeglasses": 0.0028752500656992197, "Goatee": 0.0008724523358978331, "Gray_Hair": 0.8288355469703674, "Heavy_Makeup": 0.0003043781325686723, "High_Cheekbones": 0.010253038257360458, "Male": 0.9985774755477905, "Mouth_Slightly_Open": 0.039688605815172195, "Mustache": 0.0007950105937197804, "Narrow_Eyes": 0.019378596916794777, "No_Beard": 0.9914632439613342, "Oval_Face": 0.22196486592292786, "Pale_Skin": 0.034680578857660294, "Pointy_Nose": 0.0850321501493454, "Receding_Hairline": 0.9232422709465027, "Rosy_Cheeks": 0.00029357848688960075, "Sideburns": 0.0010291237849742174, "Smiling": 0.003114465158432722, "Straight_Hair": 0.05208472162485123, "Wavy_Hair": 0.0021119245793670416, "Wearing_Earrings": 0.0007856371230445802, "Wearing_Hat": 0.0002833514881785959, "Wearing_Lipstick": 0.0006752833724021912, "Wearing_Necklace": 0.0005814969772472978, "Wearing_Necktie": 0.0311886016279459, "Young": 0.00912263710051775, "df_race": "white", "df_race_prob": 44.4773405790329, "df_gender": "Man", "df_gender_prob": 99.43163990974426, "df_age": 43, "df_emotion": "neutral", "df_emotion_prob": 95.2070241919727}