{"name": "Paul_Otellini_0001.jpg", "5_o_Clock_Shadow": 0.0054082488641142845, "Arched_Eyebrows": 0.010520361363887787, "Attractive": 0.004431654699146748, "Bags_Under_Eyes": 0.034974344074726105, "Bald": 0.039331160485744476, "Bangs": 0.0001495520700700581, "Big_Lips": 0.005862333346158266, "Big_Nose": 0.03448451682925224, "Black_Hair": 0.0026519971434026957, "Blond_Hair": 0.004143244121223688, "Blurry": 0.24613119661808014, "Brown_Hair": 0.0017576479585841298, "Bushy_Eyebrows": 0.009187962859869003, "Chubby": 0.028786897659301758, "Double_Chin": 0.031861480325460434, "Eyeglasses": 0.9669814705848694, "Goatee": 0.000717831018846482, "Gray_Hair": 0.3622569739818573, "Heavy_Makeup": 0.0002374887262703851, "High_Cheekbones": 0.00834851898252964, "Male": 0.9969347715377808, "Mouth_Slightly_Open": 0.11951932311058044, "Mustache": 0.001996964681893587, "Narrow_Eyes": 0.02165714092552662, "No_Beard": 0.9849275350570679, "Oval_Face": 0.3006131947040558, "Pale_Skin": 0.02295578271150589, "Pointy_Nose": 0.1154811754822731, "Receding_Hairline": 0.47889575362205505, "Rosy_Cheeks": 6.653005402768031e-05, "Sideburns": 0.0006794859655201435, "Smiling": 0.0050565279088914394, "Straight_Hair": 0.05220521613955498, "Wavy_Hair": 0.0014337531756609678, "Wearing_Earrings": 0.000227348820772022, "Wearing_Hat": 0.0010994786862283945, "Wearing_Lipstick": 0.00018986147188115865, "Wearing_Necklace": 0.00028098197071813047, "Wearing_Necktie": 0.6669435501098633, "Young": 0.04189785569906235, "df_race": "white", "df_race_prob": 54.39584255218506, "df_gender": "Man", "df_gender_prob": 99.78035092353821, "df_age": 45, "df_emotion": "sad", "df_emotion_prob": 62.94644474983215}