{"name": "Paul_Murphy_0001.jpg", "5_o_Clock_Shadow": 0.010894077830016613, "Arched_Eyebrows": 0.00027935978141613305, "Attractive": 0.013073140755295753, "Bags_Under_Eyes": 0.24693240225315094, "Bald": 0.003482427913695574, "Bangs": 0.0006595366867259145, "Big_Lips": 0.010295956395566463, "Big_Nose": 0.25971293449401855, "Black_Hair": 0.0011053455527871847, "Blond_Hair": 0.11425169557332993, "Blurry": 0.3283557593822479, "Brown_Hair": 0.007518113125115633, "Bushy_Eyebrows": 0.00038274904363788664, "Chubby": 0.22365140914916992, "Double_Chin": 0.22460122406482697, "Eyeglasses": 0.005800480023026466, "Goatee": 0.000398132047848776, "Gray_Hair": 0.646060585975647, "Heavy_Makeup": 0.0002832720638252795, "High_Cheekbones": 0.2962210476398468, "Male": 0.9978552460670471, "Mouth_Slightly_Open": 0.5327146053314209, "Mustache": 0.0006441977457143366, "Narrow_Eyes": 0.11391324549913406, "No_Beard": 0.9908106327056885, "Oval_Face": 0.29306256771087646, "Pale_Skin": 0.15682433545589447, "Pointy_Nose": 0.017119592055678368, "Receding_Hairline": 0.026595113798975945, "Rosy_Cheeks": 0.00016786291962489486, "Sideburns": 0.0008315079612657428, "Smiling": 0.6492037177085876, "Straight_Hair": 0.40688711404800415, "Wavy_Hair": 0.014048421755433083, "Wearing_Earrings": 0.0004449555417522788, "Wearing_Hat": 0.0002836293133441359, "Wearing_Lipstick": 0.00017742849013302475, "Wearing_Necklace": 0.00024663322255946696, "Wearing_Necktie": 0.5886920094490051, "Young": 0.020221054553985596, "df_race": "white", "df_race_prob": 67.1771228313446, "df_gender": "Man", "df_gender_prob": 99.9903917312622, "df_age": 38, "df_emotion": "neutral", "df_emotion_prob": 84.2023253440857}