{"name": "Paul_Ebert_0001.jpg", "5_o_Clock_Shadow": 0.00825134851038456, "Arched_Eyebrows": 6.25679167569615e-05, "Attractive": 0.001276613213121891, "Bags_Under_Eyes": 0.1616438776254654, "Bald": 0.05933903157711029, "Bangs": 0.0013863826170563698, "Big_Lips": 0.011644545942544937, "Big_Nose": 0.38340356945991516, "Black_Hair": 0.0024919630959630013, "Blond_Hair": 0.005962105933576822, "Blurry": 0.12300662696361542, "Brown_Hair": 0.0008750169654376805, "Bushy_Eyebrows": 0.0002832985483109951, "Chubby": 0.13779689371585846, "Double_Chin": 0.11259107291698456, "Eyeglasses": 0.9393300414085388, "Goatee": 0.001383886905387044, "Gray_Hair": 0.90584397315979, "Heavy_Makeup": 5.5879172577988356e-05, "High_Cheekbones": 0.00580059876665473, "Male": 0.9993579983711243, "Mouth_Slightly_Open": 0.09584841132164001, "Mustache": 0.0037561613135039806, "Narrow_Eyes": 0.08788195997476578, "No_Beard": 0.9841528534889221, "Oval_Face": 0.05940208211541176, "Pale_Skin": 0.03279814496636391, "Pointy_Nose": 0.012870804406702518, "Receding_Hairline": 0.24244685471057892, "Rosy_Cheeks": 5.245381544227712e-05, "Sideburns": 0.0033692726865410805, "Smiling": 0.00117983459495008, "Straight_Hair": 0.2709113657474518, "Wavy_Hair": 0.0013604090781882405, "Wearing_Earrings": 0.00035662009031511843, "Wearing_Hat": 0.0006087984656915069, "Wearing_Lipstick": 0.00010023505456047133, "Wearing_Necklace": 0.0005032933549955487, "Wearing_Necktie": 0.7316246032714844, "Young": 0.005254639778286219, "df_race": "white", "df_race_prob": 51.00075906519646, "df_gender": "Man", "df_gender_prob": 99.99412298202515, "df_age": 42, "df_emotion": "neutral", "df_emotion_prob": 54.12636721887393}