{"name": "Paul_Gannon_0001.jpg", "5_o_Clock_Shadow": 0.04345973953604698, "Arched_Eyebrows": 0.0003372299834154546, "Attractive": 0.049900464713573456, "Bags_Under_Eyes": 0.24637183547019958, "Bald": 0.001305658370256424, "Bangs": 0.0013677548849955201, "Big_Lips": 0.014528068713843822, "Big_Nose": 0.059421807527542114, "Black_Hair": 0.0007237693062052131, "Blond_Hair": 0.22273442149162292, "Blurry": 0.1051998883485794, "Brown_Hair": 0.019853342324495316, "Bushy_Eyebrows": 0.00014636498235631734, "Chubby": 0.0375538170337677, "Double_Chin": 0.03245856240391731, "Eyeglasses": 0.001188655965961516, "Goatee": 0.0003943699412047863, "Gray_Hair": 0.32643184065818787, "Heavy_Makeup": 0.00038671301444992423, "High_Cheekbones": 0.8547621965408325, "Male": 0.9966647028923035, "Mouth_Slightly_Open": 0.9980766773223877, "Mustache": 0.0003376483218744397, "Narrow_Eyes": 0.23625880479812622, "No_Beard": 0.9886681437492371, "Oval_Face": 0.29461172223091125, "Pale_Skin": 0.01793081685900688, "Pointy_Nose": 0.03935486078262329, "Receding_Hairline": 0.006071697920560837, "Rosy_Cheeks": 0.00018530400120653212, "Sideburns": 0.001270814216695726, "Smiling": 0.9962601661682129, "Straight_Hair": 0.6488237977027893, "Wavy_Hair": 0.01146708894520998, "Wearing_Earrings": 0.0018828578758984804, "Wearing_Hat": 0.0003964822390116751, "Wearing_Lipstick": 0.0002488362370058894, "Wearing_Necklace": 0.001241744146682322, "Wearing_Necktie": 0.0036716924514621496, "Young": 0.18082423508167267, "df_race": "white", "df_race_prob": 97.66112565994263, "df_gender": "Man", "df_gender_prob": 99.7189462184906, "df_age": 31, "df_emotion": "happy", "df_emotion_prob": 99.22241563930605}