{"name": "Paulo_Cesar_Pinheiro_0002.jpg", "5_o_Clock_Shadow": 0.0024373019114136696, "Arched_Eyebrows": 0.0018372656777501106, "Attractive": 0.002354209078475833, "Bags_Under_Eyes": 0.24597570300102234, "Bald": 0.004511036444455385, "Bangs": 0.004630935378372669, "Big_Lips": 0.003986769821494818, "Big_Nose": 0.7791375517845154, "Black_Hair": 0.0033886495511978865, "Blond_Hair": 0.004999975673854351, "Blurry": 0.03230989724397659, "Brown_Hair": 0.001713641220703721, "Bushy_Eyebrows": 0.007944376207888126, "Chubby": 0.5580329298973083, "Double_Chin": 0.3378504514694214, "Eyeglasses": 0.01452686544507742, "Goatee": 0.002740424359217286, "Gray_Hair": 0.9044457077980042, "Heavy_Makeup": 0.0005318002658896148, "High_Cheekbones": 0.11541642248630524, "Male": 0.9984678626060486, "Mouth_Slightly_Open": 0.016772959381341934, "Mustache": 0.7374712228775024, "Narrow_Eyes": 0.22312405705451965, "No_Beard": 0.11381395906209946, "Oval_Face": 0.12928763031959534, "Pale_Skin": 0.00902749877423048, "Pointy_Nose": 0.009283946827054024, "Receding_Hairline": 0.009646526537835598, "Rosy_Cheeks": 0.001446449663490057, "Sideburns": 0.011943461373448372, "Smiling": 0.04756803810596466, "Straight_Hair": 0.29115593433380127, "Wavy_Hair": 0.03196869045495987, "Wearing_Earrings": 0.0006608872790820897, "Wearing_Hat": 0.0010826524812728167, "Wearing_Lipstick": 0.00046658405335620046, "Wearing_Necklace": 0.00037269966560415924, "Wearing_Necktie": 0.49617403745651245, "Young": 0.008403189480304718, "df_race": "middle eastern", "df_race_prob": 54.7617668197433, "df_gender": "Man", "df_gender_prob": 99.99974966049194, "df_age": 50, "df_emotion": "neutral", "df_emotion_prob": 66.49362444877625}