{"name": "Pedro_Almodovar_0007.jpg", "5_o_Clock_Shadow": 0.015806689858436584, "Arched_Eyebrows": 0.0020034676417708397, "Attractive": 0.0013139628572389483, "Bags_Under_Eyes": 0.4945431351661682, "Bald": 0.0015215505845844746, "Bangs": 0.020784614607691765, "Big_Lips": 0.03083723410964012, "Big_Nose": 0.5323227643966675, "Black_Hair": 0.004376126453280449, "Blond_Hair": 0.005439535714685917, "Blurry": 0.2503317594528198, "Brown_Hair": 0.017913226038217545, "Bushy_Eyebrows": 0.020695513114333153, "Chubby": 0.7936305999755859, "Double_Chin": 0.4033186137676239, "Eyeglasses": 0.004096521530300379, "Goatee": 0.0004390003450680524, "Gray_Hair": 0.393684983253479, "Heavy_Makeup": 0.00016010538092814386, "High_Cheekbones": 0.0327448733150959, "Male": 0.9981003403663635, "Mouth_Slightly_Open": 0.0416390597820282, "Mustache": 0.002362629398703575, "Narrow_Eyes": 0.02922554314136505, "No_Beard": 0.985270082950592, "Oval_Face": 0.11036957800388336, "Pale_Skin": 0.01102287694811821, "Pointy_Nose": 0.0043686204589903355, "Receding_Hairline": 0.003614601446315646, "Rosy_Cheeks": 0.00011326991079840809, "Sideburns": 0.0022724031005054712, "Smiling": 0.002349637681618333, "Straight_Hair": 0.03949195146560669, "Wavy_Hair": 0.2322910875082016, "Wearing_Earrings": 0.0008102502906695008, "Wearing_Hat": 0.0011698540765792131, "Wearing_Lipstick": 0.00020535552175715566, "Wearing_Necklace": 0.0028051789849996567, "Wearing_Necktie": 0.008300652727484703, "Young": 0.011450700461864471, "df_race": "latino hispanic", "df_race_prob": 53.98556315812845, "df_gender": "Man", "df_gender_prob": 99.9221682548523, "df_age": 26, "df_emotion": "fear", "df_emotion_prob": 65.89616333819409}