{"name": "Pedro_Malan_0003.jpg", "5_o_Clock_Shadow": 0.0027991016395390034, "Arched_Eyebrows": 0.000574351055547595, "Attractive": 0.0023739596363157034, "Bags_Under_Eyes": 0.039718158543109894, "Bald": 0.06032639369368553, "Bangs": 0.00026036982308141887, "Big_Lips": 0.025913961231708527, "Big_Nose": 0.10465618222951889, "Black_Hair": 0.005101749207824469, "Blond_Hair": 0.0011280751787126064, "Blurry": 0.03764032572507858, "Brown_Hair": 0.0023537646047770977, "Bushy_Eyebrows": 0.00028761947760358453, "Chubby": 0.0508522167801857, "Double_Chin": 0.01471148431301117, "Eyeglasses": 0.9843147397041321, "Goatee": 0.0007773807737976313, "Gray_Hair": 0.23832543194293976, "Heavy_Makeup": 0.00010271117207594216, "High_Cheekbones": 0.0064253476448357105, "Male": 0.9958827495574951, "Mouth_Slightly_Open": 0.07330910861492157, "Mustache": 0.0007406205986626446, "Narrow_Eyes": 0.026348790153861046, "No_Beard": 0.9930670261383057, "Oval_Face": 0.07450555264949799, "Pale_Skin": 0.0065875244326889515, "Pointy_Nose": 0.07313515990972519, "Receding_Hairline": 0.4733336269855499, "Rosy_Cheeks": 7.122327224351466e-05, "Sideburns": 0.0005605801125057042, "Smiling": 0.0034633097238838673, "Straight_Hair": 0.1553715467453003, "Wavy_Hair": 0.0012532258406281471, "Wearing_Earrings": 0.0007366015342995524, "Wearing_Hat": 0.0010764515027403831, "Wearing_Lipstick": 0.00028934728470630944, "Wearing_Necklace": 0.00045968720223754644, "Wearing_Necktie": 0.3786660134792328, "Young": 0.007566731423139572, "df_race": "asian", "df_race_prob": 45.149290561676025, "df_gender": "Man", "df_gender_prob": 99.86465573310852, "df_age": 34, "df_emotion": "angry", "df_emotion_prob": 99.99151229757217}