{"name": "Pedro_Malan_0005.jpg", "5_o_Clock_Shadow": 0.0038687423802912235, "Arched_Eyebrows": 0.010908340103924274, "Attractive": 0.00484327832236886, "Bags_Under_Eyes": 0.08902335166931152, "Bald": 0.085943803191185, "Bangs": 0.00028873031260445714, "Big_Lips": 0.007855736650526524, "Big_Nose": 0.33641549944877625, "Black_Hair": 0.018388327211141586, "Blond_Hair": 0.0021516697015613317, "Blurry": 0.27896010875701904, "Brown_Hair": 0.0017283790512010455, "Bushy_Eyebrows": 0.0005793960299342871, "Chubby": 0.0863277018070221, "Double_Chin": 0.07626160234212875, "Eyeglasses": 0.9919445514678955, "Goatee": 0.0007028217660263181, "Gray_Hair": 0.3517371118068695, "Heavy_Makeup": 8.279104076791555e-05, "High_Cheekbones": 0.16247844696044922, "Male": 0.9972600936889648, "Mouth_Slightly_Open": 0.26844120025634766, "Mustache": 0.002287785755470395, "Narrow_Eyes": 0.07995634526014328, "No_Beard": 0.985760509967804, "Oval_Face": 0.17241230607032776, "Pale_Skin": 0.023221159353852272, "Pointy_Nose": 0.01802906207740307, "Receding_Hairline": 0.8055544495582581, "Rosy_Cheeks": 0.00015703774988651276, "Sideburns": 0.0005844538100063801, "Smiling": 0.7434974312782288, "Straight_Hair": 0.18975132703781128, "Wavy_Hair": 0.0014177921693772078, "Wearing_Earrings": 0.0007446503732353449, "Wearing_Hat": 0.0003179364721290767, "Wearing_Lipstick": 0.00029825459932908416, "Wearing_Necklace": 0.0005926932790316641, "Wearing_Necktie": 0.9133373498916626, "Young": 0.00934231374412775, "df_race": "white", "df_race_prob": 31.028148531913757, "df_gender": "Man", "df_gender_prob": 99.99123811721802, "df_age": 44, "df_emotion": "neutral", "df_emotion_prob": 70.11300921440125}