{"name": "Pedro_Solbes_0001.jpg", "5_o_Clock_Shadow": 0.08047259598970413, "Arched_Eyebrows": 0.002088794019073248, "Attractive": 0.002076712902635336, "Bags_Under_Eyes": 0.18536220490932465, "Bald": 0.3356122076511383, "Bangs": 0.00067061313893646, "Big_Lips": 0.029982790350914, "Big_Nose": 0.47529032826423645, "Black_Hair": 0.0023684033658355474, "Blond_Hair": 0.02285475842654705, "Blurry": 0.2118241786956787, "Brown_Hair": 0.002291695447638631, "Bushy_Eyebrows": 0.016453253105282784, "Chubby": 0.8160911798477173, "Double_Chin": 0.506151020526886, "Eyeglasses": 0.7748832106590271, "Goatee": 0.09958542883396149, "Gray_Hair": 0.4363490343093872, "Heavy_Makeup": 0.00016728515038266778, "High_Cheekbones": 0.40926116704940796, "Male": 0.9992979764938354, "Mouth_Slightly_Open": 0.9904431700706482, "Mustache": 0.06460186839103699, "Narrow_Eyes": 0.8651478886604309, "No_Beard": 0.13235293328762054, "Oval_Face": 0.21789391338825226, "Pale_Skin": 0.027849312871694565, "Pointy_Nose": 0.018034832552075386, "Receding_Hairline": 0.5684579014778137, "Rosy_Cheeks": 0.0003259752120357007, "Sideburns": 0.14036065340042114, "Smiling": 0.9909003973007202, "Straight_Hair": 0.19395044445991516, "Wavy_Hair": 0.002453896217048168, "Wearing_Earrings": 0.00043629284482449293, "Wearing_Hat": 0.0005383844836615026, "Wearing_Lipstick": 0.0001603175769560039, "Wearing_Necklace": 0.0012689800933003426, "Wearing_Necktie": 0.19780513644218445, "Young": 0.008906958624720573, "df_race": "white", "df_race_prob": 38.64766061306, "df_gender": "Man", "df_gender_prob": 99.73326921463013, "df_age": 36, "df_emotion": "happy", "df_emotion_prob": 82.88037776947021}