{"name": "Pedro_Pauleta_0001.jpg", "5_o_Clock_Shadow": 0.08365403115749359, "Arched_Eyebrows": 0.0028756449464708567, "Attractive": 0.46249639987945557, "Bags_Under_Eyes": 0.03745711222290993, "Bald": 0.00030904822051525116, "Bangs": 0.0002571716613601893, "Big_Lips": 0.022263649851083755, "Big_Nose": 0.1085713803768158, "Black_Hair": 0.0015726224519312382, "Blond_Hair": 0.11862685531377792, "Blurry": 0.04209186136722565, "Brown_Hair": 0.054281990975141525, "Bushy_Eyebrows": 0.007351444102823734, "Chubby": 0.0012882272712886333, "Double_Chin": 0.0017567035974934697, "Eyeglasses": 0.0002045328583335504, "Goatee": 0.000180481729330495, "Gray_Hair": 0.0062597026117146015, "Heavy_Makeup": 0.0002861337852664292, "High_Cheekbones": 0.23795798420906067, "Male": 0.9988321661949158, "Mouth_Slightly_Open": 0.9858191013336182, "Mustache": 0.0002799100475385785, "Narrow_Eyes": 0.0011618579737842083, "No_Beard": 0.9867515563964844, "Oval_Face": 0.3032394349575043, "Pale_Skin": 0.041700199246406555, "Pointy_Nose": 0.05044160783290863, "Receding_Hairline": 0.007539198733866215, "Rosy_Cheeks": 5.940445771557279e-05, "Sideburns": 0.00035230827052146196, "Smiling": 0.9817097783088684, "Straight_Hair": 0.51629638671875, "Wavy_Hair": 0.004683495499193668, "Wearing_Earrings": 0.0012144800275564194, "Wearing_Hat": 0.00012328884622547776, "Wearing_Lipstick": 0.0009535353165119886, "Wearing_Necklace": 0.0018376135267317295, "Wearing_Necktie": 0.0019066855311393738, "Young": 0.9197976589202881, "df_race": "white", "df_race_prob": 62.38074751129776, "df_gender": "Man", "df_gender_prob": 99.99836683273315, "df_age": 27, "df_emotion": "happy", "df_emotion_prob": 99.96616840362549}