{"name": "Penny_Dupuie_0001.jpg", "5_o_Clock_Shadow": 0.0017938781529664993, "Arched_Eyebrows": 0.0069571249186992645, "Attractive": 0.06789856404066086, "Bags_Under_Eyes": 0.140766903758049, "Bald": 0.0008108516340143979, "Bangs": 0.0012366410810500383, "Big_Lips": 0.02764972485601902, "Big_Nose": 0.00771138584241271, "Black_Hair": 0.0009330497123301029, "Blond_Hair": 0.24498139321804047, "Blurry": 0.21554212272167206, "Brown_Hair": 0.05959131941199303, "Bushy_Eyebrows": 0.0013210594188421965, "Chubby": 0.0021589314565062523, "Double_Chin": 0.00042219445458613336, "Eyeglasses": 0.0005292244604788721, "Goatee": 0.0004368452646303922, "Gray_Hair": 0.005640191491693258, "Heavy_Makeup": 0.0023928461596369743, "High_Cheekbones": 0.06307176500558853, "Male": 0.021806485950946808, "Mouth_Slightly_Open": 0.0028943317010998726, "Mustache": 0.0004054052697028965, "Narrow_Eyes": 0.0342484712600708, "No_Beard": 0.9960185885429382, "Oval_Face": 0.11673357337713242, "Pale_Skin": 0.058995041996240616, "Pointy_Nose": 0.13155478239059448, "Receding_Hairline": 0.10981287062168121, "Rosy_Cheeks": 0.00012983445776626468, "Sideburns": 0.0005278186872601509, "Smiling": 0.005052707623690367, "Straight_Hair": 0.05105350539088249, "Wavy_Hair": 0.13271357119083405, "Wearing_Earrings": 0.008296786807477474, "Wearing_Hat": 0.0004412913986016065, "Wearing_Lipstick": 0.0120716392993927, "Wearing_Necklace": 0.00892525352537632, "Wearing_Necktie": 0.0006563171627931297, "Young": 0.4778825044631958, "df_race": "white", "df_race_prob": 65.62629155799252, "df_gender": "Man", "df_gender_prob": 98.48229885101318, "df_age": 47, "df_emotion": "angry", "df_emotion_prob": 50.94313621520996}