{"name": "Pervez_Musharraf_0008.jpg", "5_o_Clock_Shadow": 0.03741433471441269, "Arched_Eyebrows": 0.00017480982933193445, "Attractive": 0.0038633395452052355, "Bags_Under_Eyes": 0.03722311183810234, "Bald": 0.007473701611161232, "Bangs": 0.00040918210288509727, "Big_Lips": 0.009496879763901234, "Big_Nose": 0.5016009211540222, "Black_Hair": 0.01309120375663042, "Blond_Hair": 0.004366646520793438, "Blurry": 0.2055584192276001, "Brown_Hair": 0.0046268668957054615, "Bushy_Eyebrows": 0.0009525787318125367, "Chubby": 0.21886643767356873, "Double_Chin": 0.1864311248064041, "Eyeglasses": 0.8849786520004272, "Goatee": 0.0059037464670836926, "Gray_Hair": 0.43686315417289734, "Heavy_Makeup": 5.7317585742566735e-05, "High_Cheekbones": 0.019278498366475105, "Male": 0.999657392501831, "Mouth_Slightly_Open": 0.08431640267372131, "Mustache": 0.2137032002210617, "Narrow_Eyes": 0.028510551899671555, "No_Beard": 0.44903337955474854, "Oval_Face": 0.24276722967624664, "Pale_Skin": 0.0060370867140591145, "Pointy_Nose": 0.018363766372203827, "Receding_Hairline": 0.17252667248249054, "Rosy_Cheeks": 0.0001443757355445996, "Sideburns": 0.0035391184501349926, "Smiling": 0.009300079196691513, "Straight_Hair": 0.27361688017845154, "Wavy_Hair": 0.007670250255614519, "Wearing_Earrings": 0.00024992498219944537, "Wearing_Hat": 0.0001338060392299667, "Wearing_Lipstick": 6.997124728513882e-05, "Wearing_Necklace": 0.0004752931126859039, "Wearing_Necktie": 0.8550301790237427, "Young": 0.036513473838567734, "df_race": "indian", "df_race_prob": 70.10927440038614, "df_gender": "Man", "df_gender_prob": 99.92361068725586, "df_age": 49, "df_emotion": "neutral", "df_emotion_prob": 82.34724297209043}