{"name": "Peter_Harrison_0001.jpg", "5_o_Clock_Shadow": 0.029778217896819115, "Arched_Eyebrows": 0.0022566809784621, "Attractive": 0.005900953896343708, "Bags_Under_Eyes": 0.3472795784473419, "Bald": 0.0018854206427931786, "Bangs": 0.004761701449751854, "Big_Lips": 0.010587837547063828, "Big_Nose": 0.3526805341243744, "Black_Hair": 0.0014736306620761752, "Blond_Hair": 0.05314472317695618, "Blurry": 0.15983903408050537, "Brown_Hair": 0.009423199109733105, "Bushy_Eyebrows": 0.005160382017493248, "Chubby": 0.873313844203949, "Double_Chin": 0.6641774773597717, "Eyeglasses": 0.0021405464503914118, "Goatee": 0.00045385686098597944, "Gray_Hair": 0.6424307823181152, "Heavy_Makeup": 0.0002875336795113981, "High_Cheekbones": 0.6799627542495728, "Male": 0.996032178401947, "Mouth_Slightly_Open": 0.9796976447105408, "Mustache": 0.0005605036858469248, "Narrow_Eyes": 0.7157188057899475, "No_Beard": 0.9795197248458862, "Oval_Face": 0.41462257504463196, "Pale_Skin": 0.038978394120931625, "Pointy_Nose": 0.015937719494104385, "Receding_Hairline": 0.004230432212352753, "Rosy_Cheeks": 0.0009152931743301451, "Sideburns": 0.0025521309580653906, "Smiling": 0.9377223253250122, "Straight_Hair": 0.21435236930847168, "Wavy_Hair": 0.02747502364218235, "Wearing_Earrings": 0.0011076133232563734, "Wearing_Hat": 0.001186736044473946, "Wearing_Lipstick": 0.00018150599498767406, "Wearing_Necklace": 0.0015807909658178687, "Wearing_Necktie": 0.010245279408991337, "Young": 0.02860727533698082, "df_race": "white", "df_race_prob": 58.99134278297424, "df_gender": "Man", "df_gender_prob": 99.92788434028625, "df_age": 50, "df_emotion": "happy", "df_emotion_prob": 70.94408869743347}