{"name": "Pete_Sampras_0022.jpg", "5_o_Clock_Shadow": 0.07468662410974503, "Arched_Eyebrows": 0.009936010465025902, "Attractive": 0.16435854136943817, "Bags_Under_Eyes": 0.16436542570590973, "Bald": 0.0010571868624538183, "Bangs": 0.0005010002059862018, "Big_Lips": 0.012456045486032963, "Big_Nose": 0.12392113357782364, "Black_Hair": 0.012999807484447956, "Blond_Hair": 0.001778273843228817, "Blurry": 0.0235129501670599, "Brown_Hair": 0.1196460947394371, "Bushy_Eyebrows": 0.5152667760848999, "Chubby": 0.0038989351596683264, "Double_Chin": 0.006588581949472427, "Eyeglasses": 0.00039408280281350017, "Goatee": 0.00010059613850899041, "Gray_Hair": 0.005190981086343527, "Heavy_Makeup": 0.00023200274154078215, "High_Cheekbones": 0.34493544697761536, "Male": 0.998981773853302, "Mouth_Slightly_Open": 0.9047056436538696, "Mustache": 0.00012545134813990444, "Narrow_Eyes": 0.01285447459667921, "No_Beard": 0.9952794313430786, "Oval_Face": 0.31867581605911255, "Pale_Skin": 0.006449138280004263, "Pointy_Nose": 0.012808178551495075, "Receding_Hairline": 0.00914645567536354, "Rosy_Cheeks": 6.489503721240908e-05, "Sideburns": 0.00030645541846752167, "Smiling": 0.8922926187515259, "Straight_Hair": 0.34812361001968384, "Wavy_Hair": 0.005569941364228725, "Wearing_Earrings": 0.0007505613612011075, "Wearing_Hat": 0.00021332522737793624, "Wearing_Lipstick": 0.0004328315262682736, "Wearing_Necklace": 0.0007065745303407311, "Wearing_Necktie": 0.001972921658307314, "Young": 0.2020450234413147, "df_race": "middle eastern", "df_race_prob": 59.136191555034614, "df_gender": "Man", "df_gender_prob": 99.99549388885498, "df_age": 25, "df_emotion": "neutral", "df_emotion_prob": 67.75232553482056}