{"name": "Peter_Harvey_0001.jpg", "5_o_Clock_Shadow": 0.009330498985946178, "Arched_Eyebrows": 0.0294505525380373, "Attractive": 0.012659299187362194, "Bags_Under_Eyes": 0.008392318151891232, "Bald": 0.004466672893613577, "Bangs": 0.00023509704624302685, "Big_Lips": 0.21054288744926453, "Big_Nose": 0.10478384047746658, "Black_Hair": 0.24763506650924683, "Blond_Hair": 0.0014314450090751052, "Blurry": 0.6486455798149109, "Brown_Hair": 0.005614824127405882, "Bushy_Eyebrows": 0.0015059550059959292, "Chubby": 0.042492520064115524, "Double_Chin": 0.008753200061619282, "Eyeglasses": 0.3467758297920227, "Goatee": 0.01492074504494667, "Gray_Hair": 0.011323465034365654, "Heavy_Makeup": 0.00040537610766477883, "High_Cheekbones": 0.025747446343302727, "Male": 0.9889020919799805, "Mouth_Slightly_Open": 0.033437058329582214, "Mustache": 0.5607655048370361, "Narrow_Eyes": 0.010387451387941837, "No_Beard": 0.2604290246963501, "Oval_Face": 0.35699236392974854, "Pale_Skin": 0.01157789770513773, "Pointy_Nose": 0.0058841947466135025, "Receding_Hairline": 0.3483174741268158, "Rosy_Cheeks": 3.4486405638745055e-05, "Sideburns": 0.003815039061009884, "Smiling": 0.003818304743617773, "Straight_Hair": 0.08475672453641891, "Wavy_Hair": 0.020340433344244957, "Wearing_Earrings": 0.0016696888487786055, "Wearing_Hat": 0.00028776348335668445, "Wearing_Lipstick": 0.0011372669832780957, "Wearing_Necklace": 0.0015897402772679925, "Wearing_Necktie": 0.5668100118637085, "Young": 0.41505923867225647, "df_race": "black", "df_race_prob": 75.73638558387756, "df_gender": "Man", "df_gender_prob": 99.83422756195068, "df_age": 29, "df_emotion": "neutral", "df_emotion_prob": 99.65106844902039}