{"name": "Peter_Arnett_0003.jpg", "5_o_Clock_Shadow": 0.00449592899531126, "Arched_Eyebrows": 0.0018628271063789725, "Attractive": 0.004044347442686558, "Bags_Under_Eyes": 0.6351754069328308, "Bald": 0.8882176280021667, "Bangs": 0.00048445657012052834, "Big_Lips": 0.025453530251979828, "Big_Nose": 0.5258162617683411, "Black_Hair": 0.0023601322900503874, "Blond_Hair": 0.0050778561271727085, "Blurry": 0.2044716626405716, "Brown_Hair": 0.002165571553632617, "Bushy_Eyebrows": 0.0017984778387472034, "Chubby": 0.4877949655056, "Double_Chin": 0.21169355511665344, "Eyeglasses": 0.0030548584181815386, "Goatee": 0.0016361753223463893, "Gray_Hair": 0.2528930902481079, "Heavy_Makeup": 0.000301635212963447, "High_Cheekbones": 0.031512077897787094, "Male": 0.9960612654685974, "Mouth_Slightly_Open": 0.6763613224029541, "Mustache": 0.0014523896388709545, "Narrow_Eyes": 0.32554709911346436, "No_Beard": 0.974560558795929, "Oval_Face": 0.27933841943740845, "Pale_Skin": 0.09451936185359955, "Pointy_Nose": 0.010210678912699223, "Receding_Hairline": 0.5384540557861328, "Rosy_Cheeks": 9.773171768756583e-05, "Sideburns": 0.0034572063013911247, "Smiling": 0.01648928038775921, "Straight_Hair": 0.005594722460955381, "Wavy_Hair": 0.002180468989536166, "Wearing_Earrings": 0.007277882657945156, "Wearing_Hat": 0.0015107637736946344, "Wearing_Lipstick": 0.0005957522080279887, "Wearing_Necklace": 0.0020685899071395397, "Wearing_Necktie": 0.01935269869863987, "Young": 0.037890903651714325, "df_race": "white", "df_race_prob": 73.47944098956096, "df_gender": "Man", "df_gender_prob": 99.98432397842407, "df_age": 47, "df_emotion": "neutral", "df_emotion_prob": 97.92518044409985}