{"name": "Peter_Greenaway_0002.jpg", "5_o_Clock_Shadow": 0.007797365542501211, "Arched_Eyebrows": 0.0006557291490025818, "Attractive": 0.003214408876374364, "Bags_Under_Eyes": 0.44557344913482666, "Bald": 0.057078246027231216, "Bangs": 0.00018483072926755995, "Big_Lips": 0.0024057477712631226, "Big_Nose": 0.5911334753036499, "Black_Hair": 0.0009489693911746144, "Blond_Hair": 0.00629360182210803, "Blurry": 0.02108345367014408, "Brown_Hair": 0.0005526263848878443, "Bushy_Eyebrows": 0.00012511553359217942, "Chubby": 0.46119409799575806, "Double_Chin": 0.3712299168109894, "Eyeglasses": 0.0038546528667211533, "Goatee": 0.001111488207243383, "Gray_Hair": 0.9203380346298218, "Heavy_Makeup": 0.00010599932284094393, "High_Cheekbones": 0.21383030712604523, "Male": 0.9990720748901367, "Mouth_Slightly_Open": 0.007074334658682346, "Mustache": 0.001064604613929987, "Narrow_Eyes": 0.022494832053780556, "No_Beard": 0.9847874045372009, "Oval_Face": 0.22067327797412872, "Pale_Skin": 0.027767779305577278, "Pointy_Nose": 0.03069111332297325, "Receding_Hairline": 0.6072087287902832, "Rosy_Cheeks": 0.00030629796674475074, "Sideburns": 0.001950720907188952, "Smiling": 0.09352926909923553, "Straight_Hair": 0.1094663217663765, "Wavy_Hair": 0.0013569062575697899, "Wearing_Earrings": 0.000832549761980772, "Wearing_Hat": 0.0007007982349023223, "Wearing_Lipstick": 0.00013903422222938389, "Wearing_Necklace": 0.0003270400920882821, "Wearing_Necktie": 0.1858660876750946, "Young": 0.015246164985001087, "df_race": "white", "df_race_prob": 45.92980742454529, "df_gender": "Man", "df_gender_prob": 99.63504076004028, "df_age": 51, "df_emotion": "happy", "df_emotion_prob": 45.1943576335907}