{"name": "Peter_Chan_0001.jpg", "5_o_Clock_Shadow": 0.0021701552905142307, "Arched_Eyebrows": 0.008527341298758984, "Attractive": 0.015886377543210983, "Bags_Under_Eyes": 0.08855600655078888, "Bald": 0.0008708987152203918, "Bangs": 0.0002670707763172686, "Big_Lips": 0.006037261337041855, "Big_Nose": 0.1635650247335434, "Black_Hair": 0.16508619487285614, "Blond_Hair": 0.009935480542480946, "Blurry": 0.044119469821453094, "Brown_Hair": 0.028073154389858246, "Bushy_Eyebrows": 0.00025514091248624027, "Chubby": 0.10098400712013245, "Double_Chin": 0.026477117091417313, "Eyeglasses": 0.8850574493408203, "Goatee": 0.0004219294642098248, "Gray_Hair": 0.00863206572830677, "Heavy_Makeup": 0.00035644895979203284, "High_Cheekbones": 0.9140309691429138, "Male": 0.4626184105873108, "Mouth_Slightly_Open": 0.02413339912891388, "Mustache": 0.0004649162874557078, "Narrow_Eyes": 0.06920302659273148, "No_Beard": 0.9978964328765869, "Oval_Face": 0.3613811731338501, "Pale_Skin": 0.03747926279902458, "Pointy_Nose": 0.001612464664503932, "Receding_Hairline": 0.02560345083475113, "Rosy_Cheeks": 0.0001045065073412843, "Sideburns": 0.00031561197829432786, "Smiling": 0.7534998059272766, "Straight_Hair": 0.8972342014312744, "Wavy_Hair": 0.004636438097804785, "Wearing_Earrings": 0.00505201518535614, "Wearing_Hat": 0.0005448295851238072, "Wearing_Lipstick": 0.0011404125252738595, "Wearing_Necklace": 0.0034291117917746305, "Wearing_Necktie": 0.02323412522673607, "Young": 0.29707637429237366, "df_race": "asian", "df_race_prob": 91.0491943359375, "df_gender": "Woman", "df_gender_prob": 98.05818200111389, "df_age": 43, "df_emotion": "happy", "df_emotion_prob": 96.00883722305298}