{"name": "Peter_Shaw_0001.jpg", "5_o_Clock_Shadow": 0.0026818490587174892, "Arched_Eyebrows": 0.0034763619769364595, "Attractive": 0.003106107236817479, "Bags_Under_Eyes": 0.3631856441497803, "Bald": 0.055858299136161804, "Bangs": 0.00013541214866563678, "Big_Lips": 0.011335162445902824, "Big_Nose": 0.5580378770828247, "Black_Hair": 0.0015041277511045337, "Blond_Hair": 0.005264529027044773, "Blurry": 0.1334039717912674, "Brown_Hair": 0.003702207002788782, "Bushy_Eyebrows": 0.048359088599681854, "Chubby": 0.4294627010822296, "Double_Chin": 0.23717010021209717, "Eyeglasses": 0.002955150557681918, "Goatee": 0.00023392651928588748, "Gray_Hair": 0.7354692816734314, "Heavy_Makeup": 0.0001067685880116187, "High_Cheekbones": 0.14035838842391968, "Male": 0.9953042268753052, "Mouth_Slightly_Open": 0.9256165027618408, "Mustache": 0.0003998390748165548, "Narrow_Eyes": 0.06618935614824295, "No_Beard": 0.9963967204093933, "Oval_Face": 0.24750150740146637, "Pale_Skin": 0.018503917381167412, "Pointy_Nose": 0.02429654262959957, "Receding_Hairline": 0.6800777316093445, "Rosy_Cheeks": 0.00047412494313903153, "Sideburns": 0.0006762700504623353, "Smiling": 0.44101837277412415, "Straight_Hair": 0.03696814179420471, "Wavy_Hair": 0.019444093108177185, "Wearing_Earrings": 0.0007075421162880957, "Wearing_Hat": 0.0008015098865143955, "Wearing_Lipstick": 0.0004392065166030079, "Wearing_Necklace": 0.0008276563021354377, "Wearing_Necktie": 0.054134201258420944, "Young": 0.0040434240363538265, "df_race": "middle eastern", "df_race_prob": 46.5040922164917, "df_gender": "Man", "df_gender_prob": 99.94691014289856, "df_age": 48, "df_emotion": "sad", "df_emotion_prob": 70.24324536323547}