{"name": "Peter_Struck_0001.jpg", "5_o_Clock_Shadow": 0.008915326558053493, "Arched_Eyebrows": 0.0006512769032269716, "Attractive": 0.01739850826561451, "Bags_Under_Eyes": 0.033365748822689056, "Bald": 0.7829549312591553, "Bangs": 0.001986268674954772, "Big_Lips": 0.006393947172909975, "Big_Nose": 0.05847233161330223, "Black_Hair": 0.0013809995725750923, "Blond_Hair": 0.005018129944801331, "Blurry": 0.1721082627773285, "Brown_Hair": 0.001809577108360827, "Bushy_Eyebrows": 0.00015160236216615885, "Chubby": 0.029226113110780716, "Double_Chin": 0.016726624220609665, "Eyeglasses": 0.6458685398101807, "Goatee": 0.006955827120691538, "Gray_Hair": 0.2927159368991852, "Heavy_Makeup": 0.00024884738377295434, "High_Cheekbones": 0.007348852232098579, "Male": 0.9979426264762878, "Mouth_Slightly_Open": 0.0011171390069648623, "Mustache": 0.02661530300974846, "Narrow_Eyes": 0.02311490848660469, "No_Beard": 0.9042685031890869, "Oval_Face": 0.2167482078075409, "Pale_Skin": 0.03224799409508705, "Pointy_Nose": 0.17586179077625275, "Receding_Hairline": 0.04118948057293892, "Rosy_Cheeks": 0.00016823899932205677, "Sideburns": 0.0026412708684802055, "Smiling": 0.0007388603989966214, "Straight_Hair": 0.010802998207509518, "Wavy_Hair": 0.002113119699060917, "Wearing_Earrings": 0.0007658788235858083, "Wearing_Hat": 0.001329986727796495, "Wearing_Lipstick": 0.00029401376377791166, "Wearing_Necklace": 0.00044333445839583874, "Wearing_Necktie": 0.5649421215057373, "Young": 0.04602905362844467, "df_race": "white", "df_race_prob": 99.98283386230469, "df_gender": "Man", "df_gender_prob": 99.75478053092957, "df_age": 34, "df_emotion": "neutral", "df_emotion_prob": 59.589266777038574}