{"name": "Peter_Hartz_0001.jpg", "5_o_Clock_Shadow": 0.004526813514530659, "Arched_Eyebrows": 0.002095662523061037, "Attractive": 0.0034957160241901875, "Bags_Under_Eyes": 0.05079063028097153, "Bald": 0.06606531143188477, "Bangs": 0.00021233351435512304, "Big_Lips": 0.0033390801399946213, "Big_Nose": 0.05535535514354706, "Black_Hair": 0.0035911924205720425, "Blond_Hair": 0.004502939060330391, "Blurry": 0.03477511927485466, "Brown_Hair": 0.000515980995260179, "Bushy_Eyebrows": 0.005764827597886324, "Chubby": 0.0522284135222435, "Double_Chin": 0.17511381208896637, "Eyeglasses": 0.9046197533607483, "Goatee": 0.0012493196409195662, "Gray_Hair": 0.9566845297813416, "Heavy_Makeup": 0.0005206356290727854, "High_Cheekbones": 0.010264798067510128, "Male": 0.9989644289016724, "Mouth_Slightly_Open": 0.5890513062477112, "Mustache": 0.0033428450115025043, "Narrow_Eyes": 0.0021203584037721157, "No_Beard": 0.9823930263519287, "Oval_Face": 0.1967705488204956, "Pale_Skin": 0.02164963074028492, "Pointy_Nose": 0.19021740555763245, "Receding_Hairline": 0.838750422000885, "Rosy_Cheeks": 0.00021809186728205532, "Sideburns": 0.0014929971657693386, "Smiling": 0.003922549542039633, "Straight_Hair": 0.2569129765033722, "Wavy_Hair": 0.0015567117370665073, "Wearing_Earrings": 0.00041530627640895545, "Wearing_Hat": 0.0006213075830601156, "Wearing_Lipstick": 0.0006350311450660229, "Wearing_Necklace": 0.00048511417116969824, "Wearing_Necktie": 0.5644558668136597, "Young": 0.009489692747592926, "df_race": "middle eastern", "df_race_prob": 52.35634446144104, "df_gender": "Man", "df_gender_prob": 99.99911785125732, "df_age": 47, "df_emotion": "angry", "df_emotion_prob": 59.4121515750885}