{"name": "Pete_Sampras_0002.jpg", "5_o_Clock_Shadow": 0.029650811105966568, "Arched_Eyebrows": 0.0013153627514839172, "Attractive": 0.08204201608896255, "Bags_Under_Eyes": 0.2645133435726166, "Bald": 0.0005171208758838475, "Bangs": 0.002148872707039118, "Big_Lips": 0.02584695629775524, "Big_Nose": 0.04945654422044754, "Black_Hair": 0.004715642426162958, "Blond_Hair": 0.008098255842924118, "Blurry": 0.13821694254875183, "Brown_Hair": 0.24026064574718475, "Bushy_Eyebrows": 0.022544238716363907, "Chubby": 0.005727853626012802, "Double_Chin": 0.004938170313835144, "Eyeglasses": 0.0004909956478513777, "Goatee": 0.00022007377992849797, "Gray_Hair": 0.001389334793202579, "Heavy_Makeup": 0.0002868480805773288, "High_Cheekbones": 0.8525139689445496, "Male": 0.9733458757400513, "Mouth_Slightly_Open": 0.859157383441925, "Mustache": 0.00027215565205551684, "Narrow_Eyes": 0.013086306862533092, "No_Beard": 0.991915762424469, "Oval_Face": 0.11882013082504272, "Pale_Skin": 0.0017412877641618252, "Pointy_Nose": 0.010815029963850975, "Receding_Hairline": 0.0019475958542898297, "Rosy_Cheeks": 3.3879667171277106e-05, "Sideburns": 0.0003233504539821297, "Smiling": 0.9401019811630249, "Straight_Hair": 0.12955500185489655, "Wavy_Hair": 0.03212316706776619, "Wearing_Earrings": 0.0020060655660927296, "Wearing_Hat": 0.00040364661253988743, "Wearing_Lipstick": 0.0008445127750746906, "Wearing_Necklace": 0.0013902904465794563, "Wearing_Necktie": 0.000709631887730211, "Young": 0.7459183931350708, "df_race": "latino hispanic", "df_race_prob": 32.04775154590607, "df_gender": "Man", "df_gender_prob": 99.68517422676086, "df_age": 31, "df_emotion": "happy", "df_emotion_prob": 93.60434970881639}