{"name": "Peter_Costello_0001.jpg", "5_o_Clock_Shadow": 0.008317437954246998, "Arched_Eyebrows": 0.0004187353770248592, "Attractive": 0.020688164979219437, "Bags_Under_Eyes": 0.1421593874692917, "Bald": 0.004229345824569464, "Bangs": 0.002027872484177351, "Big_Lips": 0.0028690199833363295, "Big_Nose": 0.04001824930310249, "Black_Hair": 0.0016469517722725868, "Blond_Hair": 0.13941504061222076, "Blurry": 0.1932133287191391, "Brown_Hair": 0.02529408223927021, "Bushy_Eyebrows": 9.2196227342356e-05, "Chubby": 0.049511197954416275, "Double_Chin": 0.027392510324716568, "Eyeglasses": 0.0060212924145162106, "Goatee": 0.0008299038745462894, "Gray_Hair": 0.3404437005519867, "Heavy_Makeup": 0.0006349848117679358, "High_Cheekbones": 0.00807797722518444, "Male": 0.9979380965232849, "Mouth_Slightly_Open": 0.054882220923900604, "Mustache": 0.0008211588719859719, "Narrow_Eyes": 0.14891013503074646, "No_Beard": 0.9946755170822144, "Oval_Face": 0.2742679715156555, "Pale_Skin": 0.22201280295848846, "Pointy_Nose": 0.026290975511074066, "Receding_Hairline": 0.01929551176726818, "Rosy_Cheeks": 9.360539115732536e-05, "Sideburns": 0.0009756432264111936, "Smiling": 0.0038910654839128256, "Straight_Hair": 0.6027077436447144, "Wavy_Hair": 0.0049774497747421265, "Wearing_Earrings": 0.0004511177248787135, "Wearing_Hat": 0.0001810605317587033, "Wearing_Lipstick": 0.0002632523828651756, "Wearing_Necklace": 0.00035992515040561557, "Wearing_Necktie": 0.4931078553199768, "Young": 0.05827794224023819, "df_race": "white", "df_race_prob": 100.0, "df_gender": "Man", "df_gender_prob": 99.9951958656311, "df_age": 51, "df_emotion": "sad", "df_emotion_prob": 62.13023662567139}