{"name": "Phan_Van_Khai_0002.jpg", "5_o_Clock_Shadow": 0.004235193599015474, "Arched_Eyebrows": 0.0011226796777918935, "Attractive": 0.004382609389722347, "Bags_Under_Eyes": 0.12439463287591934, "Bald": 0.014415040612220764, "Bangs": 0.00021198316244408488, "Big_Lips": 0.004663537722080946, "Big_Nose": 0.05493224784731865, "Black_Hair": 0.1760789155960083, "Blond_Hair": 0.0038963824044913054, "Blurry": 0.2013048380613327, "Brown_Hair": 0.005357362329959869, "Bushy_Eyebrows": 0.05843707174062729, "Chubby": 0.10682990401983261, "Double_Chin": 0.04567329213023186, "Eyeglasses": 0.9864169359207153, "Goatee": 0.0043259779922664165, "Gray_Hair": 0.03272291645407677, "Heavy_Makeup": 0.00021290661243256181, "High_Cheekbones": 0.32666251063346863, "Male": 0.9966762065887451, "Mouth_Slightly_Open": 0.864801287651062, "Mustache": 0.03858935832977295, "Narrow_Eyes": 0.49322882294654846, "No_Beard": 0.9053322076797485, "Oval_Face": 0.24939243495464325, "Pale_Skin": 0.02008563093841076, "Pointy_Nose": 0.01088871993124485, "Receding_Hairline": 0.2987769842147827, "Rosy_Cheeks": 0.00010181268589803949, "Sideburns": 0.001083077397197485, "Smiling": 0.6660314798355103, "Straight_Hair": 0.6410349607467651, "Wavy_Hair": 0.0020513779018074274, "Wearing_Earrings": 0.0007198152015917003, "Wearing_Hat": 0.0007570876041427255, "Wearing_Lipstick": 0.00023123930441215634, "Wearing_Necklace": 0.00033484408049844205, "Wearing_Necktie": 0.8092777132987976, "Young": 0.007646956481039524, "df_race": "asian", "df_race_prob": 48.40135872364044, "df_gender": "Man", "df_gender_prob": 99.86831545829773, "df_age": 33, "df_emotion": "happy", "df_emotion_prob": 93.9985454082489}