{"name": "Philip_Murtaugh_0001.jpg", "5_o_Clock_Shadow": 0.013565026223659515, "Arched_Eyebrows": 0.0031315681990236044, "Attractive": 0.0164906345307827, "Bags_Under_Eyes": 0.4617249071598053, "Bald": 0.0342373363673687, "Bangs": 0.0020835993345826864, "Big_Lips": 0.005522938910871744, "Big_Nose": 0.2627522051334381, "Black_Hair": 0.002913488307967782, "Blond_Hair": 0.008548548445105553, "Blurry": 0.21437117457389832, "Brown_Hair": 0.002867443487048149, "Bushy_Eyebrows": 0.0006851726211607456, "Chubby": 0.19455361366271973, "Double_Chin": 0.22197863459587097, "Eyeglasses": 0.0017318024765700102, "Goatee": 0.0006412981310859323, "Gray_Hair": 0.5215308666229248, "Heavy_Makeup": 0.00029752810951322317, "High_Cheekbones": 0.7403253316879272, "Male": 0.9974139928817749, "Mouth_Slightly_Open": 0.0847591981291771, "Mustache": 0.0006750980392098427, "Narrow_Eyes": 0.5794575214385986, "No_Beard": 0.991778552532196, "Oval_Face": 0.37092044949531555, "Pale_Skin": 0.022313538938760757, "Pointy_Nose": 0.044724367558956146, "Receding_Hairline": 0.21390362083911896, "Rosy_Cheeks": 0.0002949888876173645, "Sideburns": 0.0009632554138079286, "Smiling": 0.9816769361495972, "Straight_Hair": 0.45600783824920654, "Wavy_Hair": 0.001953373197466135, "Wearing_Earrings": 0.0005910539766773582, "Wearing_Hat": 0.0005183496978133917, "Wearing_Lipstick": 0.00019362056627869606, "Wearing_Necklace": 0.0003368090547155589, "Wearing_Necktie": 0.4263104498386383, "Young": 0.01374773122370243, "df_race": "white", "df_race_prob": 66.28455325549206, "df_gender": "Man", "df_gender_prob": 99.13244247436523, "df_age": 48, "df_emotion": "happy", "df_emotion_prob": 98.4390316532888}