{"name": "Phil_Cline_0001.jpg", "5_o_Clock_Shadow": 0.005512940231710672, "Arched_Eyebrows": 0.0011720954207703471, "Attractive": 0.0017273526173084974, "Bags_Under_Eyes": 0.02312687784433365, "Bald": 0.0028856161516159773, "Bangs": 0.0011811981676146388, "Big_Lips": 0.00719439797103405, "Big_Nose": 0.07426013052463531, "Black_Hair": 0.012130673043429852, "Blond_Hair": 0.0062048048712313175, "Blurry": 0.08164773881435394, "Brown_Hair": 0.0017093209316954017, "Bushy_Eyebrows": 0.008758824318647385, "Chubby": 0.5355641841888428, "Double_Chin": 0.1671842336654663, "Eyeglasses": 0.9778702259063721, "Goatee": 0.0039712851867079735, "Gray_Hair": 0.7820820808410645, "Heavy_Makeup": 0.0014219722943380475, "High_Cheekbones": 0.021094055846333504, "Male": 0.998293936252594, "Mouth_Slightly_Open": 0.5421523451805115, "Mustache": 0.5041723251342773, "Narrow_Eyes": 0.045181646943092346, "No_Beard": 0.2699262499809265, "Oval_Face": 0.23552206158638, "Pale_Skin": 0.012951986864209175, "Pointy_Nose": 0.0705709457397461, "Receding_Hairline": 0.015089399181306362, "Rosy_Cheeks": 0.00034966954262927175, "Sideburns": 0.004186112433671951, "Smiling": 0.0035916564520448446, "Straight_Hair": 0.5383086800575256, "Wavy_Hair": 0.012151965871453285, "Wearing_Earrings": 0.0007020111661404371, "Wearing_Hat": 0.001981868641451001, "Wearing_Lipstick": 0.0005961810820735991, "Wearing_Necklace": 0.0005697680753655732, "Wearing_Necktie": 0.12359108030796051, "Young": 0.011196555569767952, "df_race": "white", "df_race_prob": 96.68024221894238, "df_gender": "Man", "df_gender_prob": 99.97856020927429, "df_age": 39, "df_emotion": "sad", "df_emotion_prob": 90.74191451072693}