{"name": "Picabo_Street_0001.jpg", "5_o_Clock_Shadow": 0.0007971153827384114, "Arched_Eyebrows": 0.004036986269056797, "Attractive": 0.033689748495817184, "Bags_Under_Eyes": 0.006683816201984882, "Bald": 0.002577725797891617, "Bangs": 0.00041130936006084085, "Big_Lips": 0.03582978993654251, "Big_Nose": 0.044516295194625854, "Black_Hair": 0.0033416852820664644, "Blond_Hair": 0.060590118169784546, "Blurry": 0.14336568117141724, "Brown_Hair": 0.01909496635198593, "Bushy_Eyebrows": 9.604378283256665e-05, "Chubby": 0.05313299223780632, "Double_Chin": 0.016246773302555084, "Eyeglasses": 0.9856372475624084, "Goatee": 0.0003889232757501304, "Gray_Hair": 0.019969576969742775, "Heavy_Makeup": 0.0023852591402828693, "High_Cheekbones": 0.4269341230392456, "Male": 0.02768561989068985, "Mouth_Slightly_Open": 0.997525155544281, "Mustache": 0.0003693867183756083, "Narrow_Eyes": 0.010339617729187012, "No_Beard": 0.9942989349365234, "Oval_Face": 0.6179900169372559, "Pale_Skin": 0.01387878693640232, "Pointy_Nose": 0.00926676020026207, "Receding_Hairline": 0.4891117513179779, "Rosy_Cheeks": 7.218071550596505e-05, "Sideburns": 0.00039452765486203134, "Smiling": 0.9412986636161804, "Straight_Hair": 0.2127116322517395, "Wavy_Hair": 0.0015182464849203825, "Wearing_Earrings": 0.17577983438968658, "Wearing_Hat": 0.0010437011951580644, "Wearing_Lipstick": 0.006142914295196533, "Wearing_Necklace": 0.009416564367711544, "Wearing_Necktie": 0.0018621889175847173, "Young": 0.6971322298049927, "df_race": "white", "df_race_prob": 37.704136967659, "df_gender": "Man", "df_gender_prob": 94.08783316612244, "df_age": 28, "df_emotion": "happy", "df_emotion_prob": 100.0}