{"name": "Pierre_Pettigrew_0001.jpg", "5_o_Clock_Shadow": 0.055753789842128754, "Arched_Eyebrows": 0.0016204585554078221, "Attractive": 0.011619996279478073, "Bags_Under_Eyes": 0.2607675790786743, "Bald": 0.0030585553031414747, "Bangs": 0.0015000583371147513, "Big_Lips": 0.029689617455005646, "Big_Nose": 0.03595076873898506, "Black_Hair": 0.0009848576737567782, "Blond_Hair": 0.018924647942185402, "Blurry": 0.1834535151720047, "Brown_Hair": 0.0013818521983921528, "Bushy_Eyebrows": 0.0011791959404945374, "Chubby": 0.016690313816070557, "Double_Chin": 0.011495262384414673, "Eyeglasses": 0.0024325624108314514, "Goatee": 0.0006486022612079978, "Gray_Hair": 0.602024495601654, "Heavy_Makeup": 5.048236926086247e-05, "High_Cheekbones": 0.018456732854247093, "Male": 0.999142050743103, "Mouth_Slightly_Open": 0.29957008361816406, "Mustache": 0.0013017638120800257, "Narrow_Eyes": 0.2547829747200012, "No_Beard": 0.9728823304176331, "Oval_Face": 0.06862523406744003, "Pale_Skin": 0.15475261211395264, "Pointy_Nose": 0.05090784281492233, "Receding_Hairline": 0.03927585110068321, "Rosy_Cheeks": 2.6901565433945507e-05, "Sideburns": 0.0021892886143177748, "Smiling": 0.005009312182664871, "Straight_Hair": 0.24190585315227509, "Wavy_Hair": 0.00756061403080821, "Wearing_Earrings": 0.0014273959677666426, "Wearing_Hat": 0.001224185456521809, "Wearing_Lipstick": 9.936067363014445e-05, "Wearing_Necklace": 0.0009734565392136574, "Wearing_Necktie": 0.06398610770702362, "Young": 0.037453606724739075, "df_race": "white", "df_race_prob": 66.0440007474423, "df_gender": "Man", "df_gender_prob": 62.681567668914795, "df_age": 37, "df_emotion": "neutral", "df_emotion_prob": 99.99996423721313}