{"name": "Pierce_Brosnan_0015.jpg", "5_o_Clock_Shadow": 0.05266778543591499, "Arched_Eyebrows": 0.0012167425593361259, "Attractive": 0.05112114176154137, "Bags_Under_Eyes": 0.10181338340044022, "Bald": 0.0009909855434671044, "Bangs": 0.0009979569585993886, "Big_Lips": 0.010253353044390678, "Big_Nose": 0.07663459330797195, "Black_Hair": 0.0033611166290938854, "Blond_Hair": 0.007158246356993914, "Blurry": 0.09214358776807785, "Brown_Hair": 0.03624121844768524, "Bushy_Eyebrows": 0.0014005304547026753, "Chubby": 0.02008696086704731, "Double_Chin": 0.011652939021587372, "Eyeglasses": 0.0008125017629936337, "Goatee": 0.00012928617070429027, "Gray_Hair": 0.0904214158654213, "Heavy_Makeup": 9.20839374884963e-05, "High_Cheekbones": 0.04099078103899956, "Male": 0.9990895986557007, "Mouth_Slightly_Open": 0.0037197733763605356, "Mustache": 0.000839834741782397, "Narrow_Eyes": 0.07146266102790833, "No_Beard": 0.9886581301689148, "Oval_Face": 0.11152137815952301, "Pale_Skin": 0.07476171106100082, "Pointy_Nose": 0.07734502106904984, "Receding_Hairline": 0.005980664864182472, "Rosy_Cheeks": 6.972919072723016e-05, "Sideburns": 0.0007908348925411701, "Smiling": 0.009132632985711098, "Straight_Hair": 0.7203305959701538, "Wavy_Hair": 0.007221948821097612, "Wearing_Earrings": 0.0004220785340294242, "Wearing_Hat": 0.0004586603317875415, "Wearing_Lipstick": 8.706909284228459e-05, "Wearing_Necklace": 0.00026959789101965725, "Wearing_Necktie": 0.5003334879875183, "Young": 0.10856478661298752, "df_race": "white", "df_race_prob": 60.32516123802431, "df_gender": "Man", "df_gender_prob": 99.98595714569092, "df_age": 34, "df_emotion": "neutral", "df_emotion_prob": 48.91989827156067}