{"name": "Pierce_Brosnan_0008.jpg", "5_o_Clock_Shadow": 0.11166694015264511, "Arched_Eyebrows": 0.0015466647455468774, "Attractive": 0.09024281799793243, "Bags_Under_Eyes": 0.042706552892923355, "Bald": 0.0006864075548946857, "Bangs": 0.0016079060733318329, "Big_Lips": 0.013106219470500946, "Big_Nose": 0.04421363025903702, "Black_Hair": 0.0028266918379813433, "Blond_Hair": 0.005042937118560076, "Blurry": 0.09653674811124802, "Brown_Hair": 0.11964713782072067, "Bushy_Eyebrows": 0.00696205860003829, "Chubby": 0.00644610496237874, "Double_Chin": 0.004240978974848986, "Eyeglasses": 0.001552941626869142, "Goatee": 0.000248804222792387, "Gray_Hair": 0.07049695402383804, "Heavy_Makeup": 0.00015999810420908034, "High_Cheekbones": 0.007097526919096708, "Male": 0.9996448755264282, "Mouth_Slightly_Open": 0.0018587843514978886, "Mustache": 0.0018498862627893686, "Narrow_Eyes": 0.0635877475142479, "No_Beard": 0.9754248857498169, "Oval_Face": 0.0833829864859581, "Pale_Skin": 0.052533574402332306, "Pointy_Nose": 0.34103652834892273, "Receding_Hairline": 0.0012930225348100066, "Rosy_Cheeks": 0.00014723071944899857, "Sideburns": 0.0010060621425509453, "Smiling": 0.001970225013792515, "Straight_Hair": 0.44891542196273804, "Wavy_Hair": 0.03497350588440895, "Wearing_Earrings": 0.0002884053683374077, "Wearing_Hat": 0.0003080821188632399, "Wearing_Lipstick": 0.00012962304754182696, "Wearing_Necklace": 0.00013974716421216726, "Wearing_Necktie": 0.4502813220024109, "Young": 0.14351500570774078, "df_race": "white", "df_race_prob": 92.48659610748291, "df_gender": "Man", "df_gender_prob": 99.98936653137207, "df_age": 37, "df_emotion": "neutral", "df_emotion_prob": 78.01671624183655}