{"name": "Prince_Charles_0001.jpg", "5_o_Clock_Shadow": 0.011052567511796951, "Arched_Eyebrows": 0.00023740905453450978, "Attractive": 0.017420800402760506, "Bags_Under_Eyes": 0.24197591841220856, "Bald": 0.006340678781270981, "Bangs": 0.0006129085086286068, "Big_Lips": 0.0077167293056845665, "Big_Nose": 0.10796792805194855, "Black_Hair": 0.00302526680752635, "Blond_Hair": 0.009849796071648598, "Blurry": 0.10356325656175613, "Brown_Hair": 0.003293464658781886, "Bushy_Eyebrows": 0.00045671407133340836, "Chubby": 0.006379694677889347, "Double_Chin": 0.008654354140162468, "Eyeglasses": 0.0030340985395014286, "Goatee": 0.0005512480856850743, "Gray_Hair": 0.8038341999053955, "Heavy_Makeup": 0.0002603154571261257, "High_Cheekbones": 0.01893598958849907, "Male": 0.9983543157577515, "Mouth_Slightly_Open": 0.006071614567190409, "Mustache": 0.0007807904039509594, "Narrow_Eyes": 0.020234880968928337, "No_Beard": 0.9920567870140076, "Oval_Face": 0.08054222166538239, "Pale_Skin": 0.07822789251804352, "Pointy_Nose": 0.14509397745132446, "Receding_Hairline": 0.11170247942209244, "Rosy_Cheeks": 0.00010810799722094089, "Sideburns": 0.001865584752522409, "Smiling": 0.002753488253802061, "Straight_Hair": 0.42885324358940125, "Wavy_Hair": 0.004585807211697102, "Wearing_Earrings": 0.0004594979400280863, "Wearing_Hat": 0.00030054381932131946, "Wearing_Lipstick": 0.0001677435648161918, "Wearing_Necklace": 0.00025225646095350385, "Wearing_Necktie": 0.6576295495033264, "Young": 0.022423163056373596, "df_race": "white", "df_race_prob": 84.64183211326599, "df_gender": "Man", "df_gender_prob": 99.97071623802185, "df_age": 48, "df_emotion": "sad", "df_emotion_prob": 41.49837791919708}