{"name": "Princess_Aiko_0001.jpg", "5_o_Clock_Shadow": 0.00207270379178226, "Arched_Eyebrows": 0.014238359406590462, "Attractive": 0.01786324754357338, "Bags_Under_Eyes": 0.006611670833081007, "Bald": 0.0007403327035717666, "Bangs": 0.47320684790611267, "Big_Lips": 0.09227407723665237, "Big_Nose": 0.014016457833349705, "Black_Hair": 0.18696793913841248, "Blond_Hair": 0.004044751171022654, "Blurry": 0.37109774351119995, "Brown_Hair": 0.013164947740733624, "Bushy_Eyebrows": 0.001313164015300572, "Chubby": 0.047984637320041656, "Double_Chin": 0.003004871541634202, "Eyeglasses": 0.006400390528142452, "Goatee": 0.0009031020454131067, "Gray_Hair": 0.0014987876638770103, "Heavy_Makeup": 0.003912196960300207, "High_Cheekbones": 0.015311680734157562, "Male": 0.15533289313316345, "Mouth_Slightly_Open": 0.1501646786928177, "Mustache": 0.0017296102596446872, "Narrow_Eyes": 0.07706039398908615, "No_Beard": 0.9866595268249512, "Oval_Face": 0.09491841495037079, "Pale_Skin": 0.41781845688819885, "Pointy_Nose": 0.008615726605057716, "Receding_Hairline": 0.003204982029274106, "Rosy_Cheeks": 0.0002788898127619177, "Sideburns": 0.001398822758346796, "Smiling": 0.005739221815019846, "Straight_Hair": 0.2780105471611023, "Wavy_Hair": 0.005816418211907148, "Wearing_Earrings": 0.009077313356101513, "Wearing_Hat": 0.08135747164487839, "Wearing_Lipstick": 0.01195455715060234, "Wearing_Necklace": 0.008884256705641747, "Wearing_Necktie": 0.00250338320620358, "Young": 0.8407526612281799, "df_race": "asian", "df_race_prob": 99.99139309032046, "df_gender": "Man", "df_gender_prob": 98.69250059127808, "df_age": 26, "df_emotion": "neutral", "df_emotion_prob": 99.39391613006592}