{"name": "Princess_Masako_0001.jpg", "5_o_Clock_Shadow": 0.0007637448143213987, "Arched_Eyebrows": 0.02815995365381241, "Attractive": 0.2848987877368927, "Bags_Under_Eyes": 0.6828557848930359, "Bald": 0.0003130157710984349, "Bangs": 0.004373239353299141, "Big_Lips": 0.06433089822530746, "Big_Nose": 0.1574370265007019, "Black_Hair": 0.2295154482126236, "Blond_Hair": 0.005080872680991888, "Blurry": 0.057162150740623474, "Brown_Hair": 0.010366215370595455, "Bushy_Eyebrows": 0.0024746409617364407, "Chubby": 0.03471461683511734, "Double_Chin": 0.008259011432528496, "Eyeglasses": 0.0006500069866888225, "Goatee": 0.0003958102024625987, "Gray_Hair": 0.002528255106881261, "Heavy_Makeup": 0.001102698384784162, "High_Cheekbones": 0.9617235660552979, "Male": 0.09306203573942184, "Mouth_Slightly_Open": 0.8584080338478088, "Mustache": 0.0003331215411890298, "Narrow_Eyes": 0.8323728442192078, "No_Beard": 0.9988594055175781, "Oval_Face": 0.2981451153755188, "Pale_Skin": 0.06528335064649582, "Pointy_Nose": 0.002459639683365822, "Receding_Hairline": 0.004796284716576338, "Rosy_Cheeks": 5.181333108339459e-05, "Sideburns": 0.00031401135493069887, "Smiling": 0.997121274471283, "Straight_Hair": 0.37498635053634644, "Wavy_Hair": 0.020207365974783897, "Wearing_Earrings": 0.010577701963484287, "Wearing_Hat": 0.0007258124533109367, "Wearing_Lipstick": 0.008465792052447796, "Wearing_Necklace": 0.008188970386981964, "Wearing_Necktie": 0.004580951761454344, "Young": 0.5136612057685852, "df_race": "asian", "df_race_prob": 99.87467527389526, "df_gender": "Woman", "df_gender_prob": 99.44645762443542, "df_age": 30, "df_emotion": "happy", "df_emotion_prob": 98.38157296180725}