{"name": "Princess_Caroline_0002.jpg", "5_o_Clock_Shadow": 0.0013163352850824594, "Arched_Eyebrows": 0.12082724273204803, "Attractive": 0.19662903249263763, "Bags_Under_Eyes": 0.023693375289440155, "Bald": 0.00022022640041541308, "Bangs": 0.0012853709049522877, "Big_Lips": 0.06314335763454437, "Big_Nose": 0.0077361129224300385, "Black_Hair": 0.005536983720958233, "Blond_Hair": 0.024786394089460373, "Blurry": 0.5264136791229248, "Brown_Hair": 0.13718372583389282, "Bushy_Eyebrows": 0.0035988925956189632, "Chubby": 0.002230778569355607, "Double_Chin": 0.0026996403466910124, "Eyeglasses": 0.0004382427141536027, "Goatee": 0.00013345626939553767, "Gray_Hair": 0.002855609403923154, "Heavy_Makeup": 0.005552014801651239, "High_Cheekbones": 0.5634281039237976, "Male": 0.02355295605957508, "Mouth_Slightly_Open": 0.9955552220344543, "Mustache": 0.00013397099974099547, "Narrow_Eyes": 0.2485644817352295, "No_Beard": 0.9981451034545898, "Oval_Face": 0.12516504526138306, "Pale_Skin": 0.008227482438087463, "Pointy_Nose": 0.23738078773021698, "Receding_Hairline": 0.005357837304472923, "Rosy_Cheeks": 0.000530304794665426, "Sideburns": 0.00027449207846075296, "Smiling": 0.9724927544593811, "Straight_Hair": 0.46208932995796204, "Wavy_Hair": 0.05090857297182083, "Wearing_Earrings": 0.33453652262687683, "Wearing_Hat": 0.0013472948921844363, "Wearing_Lipstick": 0.029435066506266594, "Wearing_Necklace": 0.016255486756563187, "Wearing_Necktie": 0.003161165863275528, "Young": 0.2551545798778534, "df_race": "white", "df_race_prob": 46.42111957073212, "df_gender": "Woman", "df_gender_prob": 99.82293248176575, "df_age": 42, "df_emotion": "happy", "df_emotion_prob": 98.46709361476265}