{"name": "Prince_Charles_0003.jpg", "5_o_Clock_Shadow": 0.01119806058704853, "Arched_Eyebrows": 0.00031670278985984623, "Attractive": 0.012764829210937023, "Bags_Under_Eyes": 0.02657986432313919, "Bald": 0.00180075375828892, "Bangs": 0.0004298353160265833, "Big_Lips": 0.003216273384168744, "Big_Nose": 0.05263975262641907, "Black_Hair": 0.0038390152622014284, "Blond_Hair": 0.014551406726241112, "Blurry": 0.22517964243888855, "Brown_Hair": 0.006312432233244181, "Bushy_Eyebrows": 0.0009536303114145994, "Chubby": 0.01874021254479885, "Double_Chin": 0.01585344597697258, "Eyeglasses": 0.004821285605430603, "Goatee": 0.000452133099315688, "Gray_Hair": 0.8093409538269043, "Heavy_Makeup": 0.0005654273554682732, "High_Cheekbones": 0.014329991303384304, "Male": 0.9988189339637756, "Mouth_Slightly_Open": 0.895229160785675, "Mustache": 0.0008450219174847007, "Narrow_Eyes": 0.004795296583324671, "No_Beard": 0.9881719946861267, "Oval_Face": 0.16948670148849487, "Pale_Skin": 0.0325712114572525, "Pointy_Nose": 0.1147599145770073, "Receding_Hairline": 0.050027552992105484, "Rosy_Cheeks": 0.00045311482972465456, "Sideburns": 0.0009413989610038698, "Smiling": 0.006458696443587542, "Straight_Hair": 0.5292096138000488, "Wavy_Hair": 0.010903521440923214, "Wearing_Earrings": 0.0005439047235995531, "Wearing_Hat": 0.00039097305852919817, "Wearing_Lipstick": 0.0002688578679226339, "Wearing_Necklace": 0.00036767945857718587, "Wearing_Necktie": 0.07965392619371414, "Young": 0.05341556668281555, "df_race": "white", "df_race_prob": 64.38202857971191, "df_gender": "Man", "df_gender_prob": 99.80601668357849, "df_age": 37, "df_emotion": "neutral", "df_emotion_prob": 43.538156151771545}