{"name": "Priscilla_Presley_0002.jpg", "5_o_Clock_Shadow": 0.0006922183674760163, "Arched_Eyebrows": 0.2728252410888672, "Attractive": 0.44086623191833496, "Bags_Under_Eyes": 0.003930531907826662, "Bald": 0.0003258530923631042, "Bangs": 0.006603007670491934, "Big_Lips": 0.14745590090751648, "Big_Nose": 0.0018157874001190066, "Black_Hair": 0.0003512845141813159, "Blond_Hair": 0.9214869141578674, "Blurry": 0.16390185058116913, "Brown_Hair": 0.0014134261291474104, "Bushy_Eyebrows": 0.0008225767523981631, "Chubby": 0.0003535187861416489, "Double_Chin": 0.00011412543972255662, "Eyeglasses": 0.00012509488442447037, "Goatee": 0.00018144336354453117, "Gray_Hair": 0.0044587221927940845, "Heavy_Makeup": 0.061232201755046844, "High_Cheekbones": 0.07539293169975281, "Male": 0.0015533387195318937, "Mouth_Slightly_Open": 0.09558000415563583, "Mustache": 9.71373519860208e-05, "Narrow_Eyes": 0.17808495461940765, "No_Beard": 0.9988425374031067, "Oval_Face": 0.1083073616027832, "Pale_Skin": 0.3441151976585388, "Pointy_Nose": 0.2839088439941406, "Receding_Hairline": 0.0047139329835772514, "Rosy_Cheeks": 0.0001839749893406406, "Sideburns": 0.00016840480384416878, "Smiling": 0.021602828055620193, "Straight_Hair": 0.5273812413215637, "Wavy_Hair": 0.0198862012475729, "Wearing_Earrings": 0.01127539947628975, "Wearing_Hat": 0.0008162743761204183, "Wearing_Lipstick": 0.2515121102333069, "Wearing_Necklace": 0.0348944365978241, "Wearing_Necktie": 0.00027309864526614547, "Young": 0.7587409615516663, "df_race": "white", "df_race_prob": 99.93014335632324, "df_gender": "Woman", "df_gender_prob": 100.0, "df_age": 36, "df_emotion": "fear", "df_emotion_prob": 54.012319684762936}