{"name": "Prospero_Pichay_0001.jpg", "5_o_Clock_Shadow": 0.005240946542471647, "Arched_Eyebrows": 0.011009328067302704, "Attractive": 0.007203083951026201, "Bags_Under_Eyes": 0.08425541967153549, "Bald": 0.0007490187417715788, "Bangs": 0.0008771538850851357, "Big_Lips": 0.06785301119089127, "Big_Nose": 0.3709470331668854, "Black_Hair": 0.1846095621585846, "Blond_Hair": 0.0012606910895556211, "Blurry": 0.10613574087619781, "Brown_Hair": 0.018240798264741898, "Bushy_Eyebrows": 0.01686870865523815, "Chubby": 0.6028574109077454, "Double_Chin": 0.10590051114559174, "Eyeglasses": 0.000990708009339869, "Goatee": 0.00024980847956612706, "Gray_Hair": 0.011287813074886799, "Heavy_Makeup": 0.0002858840161934495, "High_Cheekbones": 0.05281280353665352, "Male": 0.9966413974761963, "Mouth_Slightly_Open": 0.34279751777648926, "Mustache": 0.00036638235906139016, "Narrow_Eyes": 0.039368487894535065, "No_Beard": 0.996620774269104, "Oval_Face": 0.2796662747859955, "Pale_Skin": 0.01198660209774971, "Pointy_Nose": 0.002712059998884797, "Receding_Hairline": 0.002332209376618266, "Rosy_Cheeks": 8.746229286771268e-05, "Sideburns": 0.00018116396677214652, "Smiling": 0.010611927136778831, "Straight_Hair": 0.4976402223110199, "Wavy_Hair": 0.016174567863345146, "Wearing_Earrings": 0.0014018213842064142, "Wearing_Hat": 0.0014153247466310859, "Wearing_Lipstick": 0.0006239958456717432, "Wearing_Necklace": 0.0012147808447480202, "Wearing_Necktie": 0.005094839259982109, "Young": 0.10321094840765, "df_race": "latino hispanic", "df_race_prob": 50.27986168861389, "df_gender": "Man", "df_gender_prob": 99.80467557907104, "df_age": 39, "df_emotion": "neutral", "df_emotion_prob": 91.84638857841492}