{"name": "Queen_Rania_0003.jpg", "5_o_Clock_Shadow": 0.00048501198762096465, "Arched_Eyebrows": 0.32503068447113037, "Attractive": 0.45630356669425964, "Bags_Under_Eyes": 0.0011385666439309716, "Bald": 6.639202183578163e-05, "Bangs": 0.0011415781918913126, "Big_Lips": 0.23812712728977203, "Big_Nose": 0.0034256980288773775, "Black_Hair": 0.0021656095050275326, "Blond_Hair": 0.1327943056821823, "Blurry": 0.029731689020991325, "Brown_Hair": 0.03264318034052849, "Bushy_Eyebrows": 0.017261873930692673, "Chubby": 0.0005732933059334755, "Double_Chin": 0.00011814622121164575, "Eyeglasses": 0.00012868878548033535, "Goatee": 7.063852535793558e-05, "Gray_Hair": 0.0010927107650786638, "Heavy_Makeup": 0.46192896366119385, "High_Cheekbones": 0.007985475473105907, "Male": 0.0011988579062744975, "Mouth_Slightly_Open": 0.46299058198928833, "Mustache": 6.889888027217239e-05, "Narrow_Eyes": 0.006045120768249035, "No_Beard": 0.9994474053382874, "Oval_Face": 0.24139803647994995, "Pale_Skin": 0.07520697265863419, "Pointy_Nose": 0.15026549994945526, "Receding_Hairline": 0.004171517677605152, "Rosy_Cheeks": 0.00022628071019425988, "Sideburns": 0.0002109854103764519, "Smiling": 0.0029401960782706738, "Straight_Hair": 0.790073573589325, "Wavy_Hair": 0.012672042474150658, "Wearing_Earrings": 0.137748584151268, "Wearing_Hat": 0.00047467031981796026, "Wearing_Lipstick": 0.8316065073013306, "Wearing_Necklace": 0.02385742962360382, "Wearing_Necktie": 0.0003005467006005347, "Young": 0.9498556852340698, "df_race": "white", "df_race_prob": 66.29734441073603, "df_gender": "Woman", "df_gender_prob": 84.52847003936768, "df_age": 29, "df_emotion": "neutral", "df_emotion_prob": 98.8441287782269}