{"name": "Queen_Elizabeth_II_0006.jpg", "5_o_Clock_Shadow": 0.0006123275961726904, "Arched_Eyebrows": 0.00384379830211401, "Attractive": 0.0037573070731014013, "Bags_Under_Eyes": 0.07759222388267517, "Bald": 0.0015941231977194548, "Bangs": 0.0028074043802917004, "Big_Lips": 0.06725189089775085, "Big_Nose": 0.04658486321568489, "Black_Hair": 0.005474815145134926, "Blond_Hair": 0.013202747330069542, "Blurry": 0.6053207516670227, "Brown_Hair": 0.002129065105691552, "Bushy_Eyebrows": 0.0005106381722725928, "Chubby": 0.041166871786117554, "Double_Chin": 0.04421727731823921, "Eyeglasses": 0.9813692569732666, "Goatee": 0.0012772291665896773, "Gray_Hair": 0.9096893072128296, "Heavy_Makeup": 0.0028501099441200495, "High_Cheekbones": 0.01782684214413166, "Male": 0.0912996232509613, "Mouth_Slightly_Open": 0.3597736954689026, "Mustache": 0.003347348654642701, "Narrow_Eyes": 0.015321813523769379, "No_Beard": 0.9885409474372864, "Oval_Face": 0.12277518957853317, "Pale_Skin": 0.06655244529247284, "Pointy_Nose": 0.04898954927921295, "Receding_Hairline": 0.050926826894283295, "Rosy_Cheeks": 8.693875861354172e-05, "Sideburns": 0.003852343186736107, "Smiling": 0.004518737085163593, "Straight_Hair": 0.012306616641581059, "Wavy_Hair": 0.5756699442863464, "Wearing_Earrings": 0.1502549648284912, "Wearing_Hat": 0.002241071779280901, "Wearing_Lipstick": 0.015379784628748894, "Wearing_Necklace": 0.35078194737434387, "Wearing_Necktie": 0.006291013676673174, "Young": 0.007050913758575916, "df_race": "white", "df_race_prob": 90.82869236640289, "df_gender": "Man", "df_gender_prob": 99.32193160057068, "df_age": 43, "df_emotion": "sad", "df_emotion_prob": 32.7304482460022}