{"name": "Rachel_Kempson_0001.jpg", "5_o_Clock_Shadow": 0.0005254618590697646, "Arched_Eyebrows": 0.05881920084357262, "Attractive": 0.007388864643871784, "Bags_Under_Eyes": 0.2438170313835144, "Bald": 0.002080370672047138, "Bangs": 0.0020889858715236187, "Big_Lips": 0.020085202530026436, "Big_Nose": 0.10628940165042877, "Black_Hair": 0.0021672742441296577, "Blond_Hair": 0.0186257716268301, "Blurry": 0.3054543435573578, "Brown_Hair": 0.0017048653680831194, "Bushy_Eyebrows": 7.437437307089567e-05, "Chubby": 0.02448255755007267, "Double_Chin": 0.025286555290222168, "Eyeglasses": 0.001888894010335207, "Goatee": 0.0004065566463395953, "Gray_Hair": 0.9298431873321533, "Heavy_Makeup": 0.0012672733282670379, "High_Cheekbones": 0.16856153309345245, "Male": 0.26537975668907166, "Mouth_Slightly_Open": 0.5215274691581726, "Mustache": 0.0008943050052039325, "Narrow_Eyes": 0.014636355452239513, "No_Beard": 0.9936020970344543, "Oval_Face": 0.059628427028656006, "Pale_Skin": 0.19695289433002472, "Pointy_Nose": 0.04712264984846115, "Receding_Hairline": 0.16786177456378937, "Rosy_Cheeks": 0.0002181675808969885, "Sideburns": 0.0007858313038013875, "Smiling": 0.049296680837869644, "Straight_Hair": 0.02535470761358738, "Wavy_Hair": 0.23047907650470734, "Wearing_Earrings": 0.02672847919166088, "Wearing_Hat": 0.00035064361873082817, "Wearing_Lipstick": 0.008112969808280468, "Wearing_Necklace": 0.009875252842903137, "Wearing_Necktie": 0.0031298715621232986, "Young": 0.007003221660852432, "df_race": "white", "df_race_prob": 99.54633116722107, "df_gender": "Man", "df_gender_prob": 99.60041642189026, "df_age": 32, "df_emotion": "fear", "df_emotion_prob": 51.08487010002136}