{"name": "Rachel_Wheatley_0001.jpg", "5_o_Clock_Shadow": 0.0015277882339432836, "Arched_Eyebrows": 0.005720268469303846, "Attractive": 0.04031240567564964, "Bags_Under_Eyes": 0.007123029790818691, "Bald": 0.0005467598675750196, "Bangs": 0.0007118158391676843, "Big_Lips": 0.030083857476711273, "Big_Nose": 0.02558896504342556, "Black_Hair": 0.011511024087667465, "Blond_Hair": 0.01609840989112854, "Blurry": 0.05370047688484192, "Brown_Hair": 0.09434500336647034, "Bushy_Eyebrows": 0.00031028047669678926, "Chubby": 0.14233750104904175, "Double_Chin": 0.008944237604737282, "Eyeglasses": 0.0007316497503779829, "Goatee": 8.540553244529292e-05, "Gray_Hair": 0.0034706611186265945, "Heavy_Makeup": 0.007063687779009342, "High_Cheekbones": 0.02861982211470604, "Male": 0.06766964495182037, "Mouth_Slightly_Open": 0.0033710903953760862, "Mustache": 0.00014979069237597287, "Narrow_Eyes": 0.2121591866016388, "No_Beard": 0.9981776475906372, "Oval_Face": 0.3133358359336853, "Pale_Skin": 0.1511532962322235, "Pointy_Nose": 0.04546371102333069, "Receding_Hairline": 0.04118429496884346, "Rosy_Cheeks": 0.0005888590821996331, "Sideburns": 0.00013283430598676205, "Smiling": 0.002287433249875903, "Straight_Hair": 0.3427383005619049, "Wavy_Hair": 0.016447443515062332, "Wearing_Earrings": 0.01034888718277216, "Wearing_Hat": 0.00032311223912984133, "Wearing_Lipstick": 0.025757189840078354, "Wearing_Necklace": 0.005169388372451067, "Wearing_Necktie": 0.0007092884043231606, "Young": 0.632942259311676, "df_race": "latino hispanic", "df_race_prob": 44.49639916419983, "df_gender": "Man", "df_gender_prob": 82.86170363426208, "df_age": 24, "df_emotion": "angry", "df_emotion_prob": 83.95158648490906}