{"name": "Rafael_Vinoly_0001.jpg", "5_o_Clock_Shadow": 0.009445689618587494, "Arched_Eyebrows": 0.004784544929862022, "Attractive": 0.0021411178167909384, "Bags_Under_Eyes": 0.06572508811950684, "Bald": 0.00066520890686661, "Bangs": 0.0055093104019761086, "Big_Lips": 0.004969718866050243, "Big_Nose": 0.13255418837070465, "Black_Hair": 0.0074104913510382175, "Blond_Hair": 0.009060481563210487, "Blurry": 0.11028237640857697, "Brown_Hair": 0.001689669443294406, "Bushy_Eyebrows": 0.38351333141326904, "Chubby": 0.17522910237312317, "Double_Chin": 0.10099522024393082, "Eyeglasses": 0.9949342608451843, "Goatee": 0.0006257729255594313, "Gray_Hair": 0.9219788312911987, "Heavy_Makeup": 0.0006355079240165651, "High_Cheekbones": 0.06689400970935822, "Male": 0.9953171014785767, "Mouth_Slightly_Open": 0.6758760809898376, "Mustache": 0.0049651069566607475, "Narrow_Eyes": 0.012461928650736809, "No_Beard": 0.982828676700592, "Oval_Face": 0.21876342594623566, "Pale_Skin": 0.008879232220351696, "Pointy_Nose": 0.01143029984086752, "Receding_Hairline": 0.005809514783322811, "Rosy_Cheeks": 0.00014139058475848287, "Sideburns": 0.0018662596121430397, "Smiling": 0.0505768246948719, "Straight_Hair": 0.13981597125530243, "Wavy_Hair": 0.12614402174949646, "Wearing_Earrings": 0.0005927763413637877, "Wearing_Hat": 0.001419814652763307, "Wearing_Lipstick": 0.0004213523061480373, "Wearing_Necklace": 0.0012681959196925163, "Wearing_Necktie": 0.5361445546150208, "Young": 0.011141922324895859, "df_race": "latino hispanic", "df_race_prob": 24.39339302699483, "df_gender": "Man", "df_gender_prob": 99.68212842941284, "df_age": 38, "df_emotion": "happy", "df_emotion_prob": 94.81016459343856}