{"name": "Rafidah_Aziz_0001.jpg", "5_o_Clock_Shadow": 0.000500594440381974, "Arched_Eyebrows": 0.03486519306898117, "Attractive": 0.01711893454194069, "Bags_Under_Eyes": 0.036549344658851624, "Bald": 0.0003624777600634843, "Bangs": 0.059419915080070496, "Big_Lips": 0.029518965631723404, "Big_Nose": 0.20557649433612823, "Black_Hair": 0.7240176796913147, "Blond_Hair": 0.0023255732376128435, "Blurry": 0.6591756343841553, "Brown_Hair": 0.014858951792120934, "Bushy_Eyebrows": 0.00043501140316948295, "Chubby": 0.2736412286758423, "Double_Chin": 0.11257630586624146, "Eyeglasses": 0.9850317239761353, "Goatee": 0.0010459088953211904, "Gray_Hair": 0.007265019696205854, "Heavy_Makeup": 0.029715687036514282, "High_Cheekbones": 0.9847081899642944, "Male": 0.003257584059610963, "Mouth_Slightly_Open": 0.9864751696586609, "Mustache": 0.0017918566009029746, "Narrow_Eyes": 0.4469076693058014, "No_Beard": 0.9943029880523682, "Oval_Face": 0.4321000874042511, "Pale_Skin": 0.01271368470042944, "Pointy_Nose": 0.0037581243086606264, "Receding_Hairline": 0.002205092925578356, "Rosy_Cheeks": 0.00029632897349074483, "Sideburns": 0.0007617503288201988, "Smiling": 0.9971117973327637, "Straight_Hair": 0.03325171396136284, "Wavy_Hair": 0.477898508310318, "Wearing_Earrings": 0.137320876121521, "Wearing_Hat": 0.009746192023158073, "Wearing_Lipstick": 0.17375284433364868, "Wearing_Necklace": 0.04294782876968384, "Wearing_Necktie": 0.0017024558037519455, "Young": 0.10112647712230682, "df_race": "asian", "df_race_prob": 94.14566159248352, "df_gender": "Man", "df_gender_prob": 76.36615037918091, "df_age": 39, "df_emotion": "happy", "df_emotion_prob": 99.47536584588086}