{"name": "Rainer_Gut_0001.jpg", "5_o_Clock_Shadow": 0.0031450639944523573, "Arched_Eyebrows": 0.003092510160058737, "Attractive": 0.0015875704120844603, "Bags_Under_Eyes": 0.41362300515174866, "Bald": 0.04264428839087486, "Bangs": 0.00018838835239876062, "Big_Lips": 0.001457087928429246, "Big_Nose": 0.2532355487346649, "Black_Hair": 0.002084453124552965, "Blond_Hair": 0.003597587812691927, "Blurry": 0.2294171303510666, "Brown_Hair": 0.0015179645270109177, "Bushy_Eyebrows": 0.004730730317533016, "Chubby": 0.15163804590702057, "Double_Chin": 0.17572468519210815, "Eyeglasses": 0.016845837235450745, "Goatee": 0.0015023213345557451, "Gray_Hair": 0.9738866686820984, "Heavy_Makeup": 0.0002123100421158597, "High_Cheekbones": 0.0125755425542593, "Male": 0.9985641837120056, "Mouth_Slightly_Open": 0.08317070454359055, "Mustache": 0.003531584283336997, "Narrow_Eyes": 0.12530547380447388, "No_Beard": 0.9815760850906372, "Oval_Face": 0.05947781354188919, "Pale_Skin": 0.011226914823055267, "Pointy_Nose": 0.027203110978007317, "Receding_Hairline": 0.8856604099273682, "Rosy_Cheeks": 0.0002463904384057969, "Sideburns": 0.0029012218583375216, "Smiling": 0.0035629253834486008, "Straight_Hair": 0.21520572900772095, "Wavy_Hair": 0.005244926083832979, "Wearing_Earrings": 0.000369123590644449, "Wearing_Hat": 0.0008574210223741829, "Wearing_Lipstick": 0.00015865315799601376, "Wearing_Necklace": 0.0003661344526335597, "Wearing_Necktie": 0.7894384860992432, "Young": 0.005671268794685602, "df_race": "white", "df_race_prob": 26.784631609916687, "df_gender": "Man", "df_gender_prob": 99.93863105773926, "df_age": 44, "df_emotion": "sad", "df_emotion_prob": 99.6498704373991}