{"name": "Ralph_Nader_0001.jpg", "5_o_Clock_Shadow": 0.015404504723846912, "Arched_Eyebrows": 0.001268040738068521, "Attractive": 0.009339754469692707, "Bags_Under_Eyes": 0.3340052664279938, "Bald": 0.0016805455088615417, "Bangs": 0.0036575081758201122, "Big_Lips": 0.01058089267462492, "Big_Nose": 0.366289883852005, "Black_Hair": 0.0014276691945269704, "Blond_Hair": 0.005351854022592306, "Blurry": 0.06755190342664719, "Brown_Hair": 0.0025054190773516893, "Bushy_Eyebrows": 0.024630025029182434, "Chubby": 0.02399008348584175, "Double_Chin": 0.014185909181833267, "Eyeglasses": 0.001276859431527555, "Goatee": 0.00029162823921069503, "Gray_Hair": 0.8211320638656616, "Heavy_Makeup": 0.0001649054465815425, "High_Cheekbones": 0.02395225130021572, "Male": 0.9994768500328064, "Mouth_Slightly_Open": 0.002983447164297104, "Mustache": 0.001301893382333219, "Narrow_Eyes": 0.009226092137396336, "No_Beard": 0.9908519387245178, "Oval_Face": 0.080881267786026, "Pale_Skin": 0.016587933525443077, "Pointy_Nose": 0.011363626457750797, "Receding_Hairline": 0.05533493682742119, "Rosy_Cheeks": 8.594661630922928e-05, "Sideburns": 0.0010576174827292562, "Smiling": 0.0014701106119900942, "Straight_Hair": 0.08415009826421738, "Wavy_Hair": 0.02199610322713852, "Wearing_Earrings": 0.0005256665172055364, "Wearing_Hat": 0.00021519795700442046, "Wearing_Lipstick": 0.00015052549133542925, "Wearing_Necklace": 0.00038447987753897905, "Wearing_Necktie": 0.556274950504303, "Young": 0.009121576324105263, "df_race": "latino hispanic", "df_race_prob": 23.850025236606598, "df_gender": "Man", "df_gender_prob": 99.83561635017395, "df_age": 41, "df_emotion": "neutral", "df_emotion_prob": 41.826823353767395}