{"name": "Ralph_Firman_0002.jpg", "5_o_Clock_Shadow": 0.1797177493572235, "Arched_Eyebrows": 0.036012742668390274, "Attractive": 0.22190649807453156, "Bags_Under_Eyes": 0.003321736352518201, "Bald": 0.00015077946591190994, "Bangs": 0.00023944658460095525, "Big_Lips": 0.013205518014729023, "Big_Nose": 0.021715575829148293, "Black_Hair": 0.11535234749317169, "Blond_Hair": 0.0009171605342999101, "Blurry": 0.24008312821388245, "Brown_Hair": 0.14414909482002258, "Bushy_Eyebrows": 0.09275948256254196, "Chubby": 0.0011145687894895673, "Double_Chin": 0.0007413228740915656, "Eyeglasses": 0.0012968996306881309, "Goatee": 0.00031029884121380746, "Gray_Hair": 0.0009567855740897357, "Heavy_Makeup": 0.0005739026237279177, "High_Cheekbones": 0.016539543867111206, "Male": 0.9925537705421448, "Mouth_Slightly_Open": 0.00397886335849762, "Mustache": 0.0008395183831453323, "Narrow_Eyes": 0.006828972138464451, "No_Beard": 0.9491051435470581, "Oval_Face": 0.17142853140830994, "Pale_Skin": 0.013372519984841347, "Pointy_Nose": 0.08485361188650131, "Receding_Hairline": 0.008403968065977097, "Rosy_Cheeks": 0.00010067511175293475, "Sideburns": 0.0006730339955538511, "Smiling": 0.00672728568315506, "Straight_Hair": 0.2547922134399414, "Wavy_Hair": 0.03775843605399132, "Wearing_Earrings": 0.0007334400434046984, "Wearing_Hat": 0.0008256236906163394, "Wearing_Lipstick": 0.0004657825920730829, "Wearing_Necklace": 0.0012340417597442865, "Wearing_Necktie": 0.0007649503531865776, "Young": 0.8970581889152527, "df_race": "white", "df_race_prob": 52.721381187438965, "df_gender": "Man", "df_gender_prob": 99.99604225158691, "df_age": 23, "df_emotion": "neutral", "df_emotion_prob": 99.9005377292633}