{"name": "Ramon_Ponce_de_Leon_0001.jpg", "5_o_Clock_Shadow": 0.12199439853429794, "Arched_Eyebrows": 0.005252977833151817, "Attractive": 0.008107085712254047, "Bags_Under_Eyes": 0.012466801330447197, "Bald": 0.0007794867269694805, "Bangs": 0.0001953019091160968, "Big_Lips": 0.01356625184416771, "Big_Nose": 0.07812977582216263, "Black_Hair": 0.05794728919863701, "Blond_Hair": 0.002433998743072152, "Blurry": 0.1384427398443222, "Brown_Hair": 0.027801932767033577, "Bushy_Eyebrows": 0.07432054728269577, "Chubby": 0.22224177420139313, "Double_Chin": 0.12126271426677704, "Eyeglasses": 0.0020629819482564926, "Goatee": 0.21264122426509857, "Gray_Hair": 0.020899876952171326, "Heavy_Makeup": 0.00028690905310213566, "High_Cheekbones": 0.023979144170880318, "Male": 0.9993343949317932, "Mouth_Slightly_Open": 0.8984495401382446, "Mustache": 0.010952704586088657, "Narrow_Eyes": 0.01679670810699463, "No_Beard": 0.31137576699256897, "Oval_Face": 0.35183700919151306, "Pale_Skin": 0.008912954479455948, "Pointy_Nose": 0.013092330656945705, "Receding_Hairline": 0.009093381464481354, "Rosy_Cheeks": 0.00019328779308125377, "Sideburns": 0.008332609198987484, "Smiling": 0.009203014895319939, "Straight_Hair": 0.4001498222351074, "Wavy_Hair": 0.0067169093526899815, "Wearing_Earrings": 0.000675028539262712, "Wearing_Hat": 0.001974788960069418, "Wearing_Lipstick": 8.206741040339693e-05, "Wearing_Necklace": 0.0004430716799106449, "Wearing_Necktie": 0.010888000950217247, "Young": 0.3248678147792816, "df_race": "latino hispanic", "df_race_prob": 36.339399218559265, "df_gender": "Man", "df_gender_prob": 99.92514252662659, "df_age": 38, "df_emotion": "fear", "df_emotion_prob": 42.10168421268463}