{"name": "Randy_Ferbey_0001.jpg", "5_o_Clock_Shadow": 0.006991277914494276, "Arched_Eyebrows": 0.010610420256853104, "Attractive": 0.009263617917895317, "Bags_Under_Eyes": 0.11736772954463959, "Bald": 0.005798941012471914, "Bangs": 0.0002623478649184108, "Big_Lips": 0.007521005813032389, "Big_Nose": 0.07872321456670761, "Black_Hair": 0.026618441566824913, "Blond_Hair": 0.004978845827281475, "Blurry": 0.07931693643331528, "Brown_Hair": 0.027408745139837265, "Bushy_Eyebrows": 0.0021271826699376106, "Chubby": 0.40106165409088135, "Double_Chin": 0.05735093355178833, "Eyeglasses": 0.00045075060916133225, "Goatee": 0.0051177507266402245, "Gray_Hair": 0.028812171891331673, "Heavy_Makeup": 0.0003079928574152291, "High_Cheekbones": 0.03857896476984024, "Male": 0.9950968623161316, "Mouth_Slightly_Open": 0.069516122341156, "Mustache": 0.47788184881210327, "Narrow_Eyes": 0.013652359135448933, "No_Beard": 0.15861929953098297, "Oval_Face": 0.3520723283290863, "Pale_Skin": 0.036602601408958435, "Pointy_Nose": 0.03376268967986107, "Receding_Hairline": 0.39122116565704346, "Rosy_Cheeks": 0.00013494965969584882, "Sideburns": 0.003191400086507201, "Smiling": 0.012730718590319157, "Straight_Hair": 0.133904367685318, "Wavy_Hair": 0.011189832352101803, "Wearing_Earrings": 0.0018379626562818885, "Wearing_Hat": 0.0004035923338960856, "Wearing_Lipstick": 0.000332992582116276, "Wearing_Necklace": 0.0006281828973442316, "Wearing_Necktie": 0.013769755139946938, "Young": 0.41217949986457825, "df_race": "white", "df_race_prob": 72.93922305107117, "df_gender": "Man", "df_gender_prob": 60.18828749656677, "df_age": 31, "df_emotion": "sad", "df_emotion_prob": 57.5385306798536}