{"name": "Ray_Romano_0001.jpg", "5_o_Clock_Shadow": 0.016633078455924988, "Arched_Eyebrows": 0.005447977222502232, "Attractive": 0.11460034549236298, "Bags_Under_Eyes": 0.2897651791572571, "Bald": 0.0007418009336106479, "Bangs": 0.00014855248446110636, "Big_Lips": 0.027115466073155403, "Big_Nose": 0.06303288787603378, "Black_Hair": 0.032188959419727325, "Blond_Hair": 0.005488129332661629, "Blurry": 0.0509655587375164, "Brown_Hair": 0.1575617492198944, "Bushy_Eyebrows": 0.003323489334434271, "Chubby": 0.021112190559506416, "Double_Chin": 0.018126478418707848, "Eyeglasses": 0.0015903996536508203, "Goatee": 0.0004236034001223743, "Gray_Hair": 0.012306232936680317, "Heavy_Makeup": 0.0004320517764426768, "High_Cheekbones": 0.16130417585372925, "Male": 0.9990980625152588, "Mouth_Slightly_Open": 0.999187171459198, "Mustache": 0.000352701754309237, "Narrow_Eyes": 0.008967739529907703, "No_Beard": 0.9926880598068237, "Oval_Face": 0.4748477041721344, "Pale_Skin": 0.021490108221769333, "Pointy_Nose": 0.05105374753475189, "Receding_Hairline": 0.025939973071217537, "Rosy_Cheeks": 5.6195789511548355e-05, "Sideburns": 0.000579889165237546, "Smiling": 0.720223069190979, "Straight_Hair": 0.8286861777305603, "Wavy_Hair": 0.004098574630916119, "Wearing_Earrings": 0.0017992364009842277, "Wearing_Hat": 0.0002285792288603261, "Wearing_Lipstick": 0.0007621576660312712, "Wearing_Necklace": 0.00036010672920383513, "Wearing_Necktie": 0.489568293094635, "Young": 0.4749983251094818, "df_race": "white", "df_race_prob": 53.62330079078674, "df_gender": "Man", "df_gender_prob": 99.98065829277039, "df_age": 30, "df_emotion": "happy", "df_emotion_prob": 98.10163963446854}