{"name": "Ray_Liotta_0001.jpg", "5_o_Clock_Shadow": 0.05124283954501152, "Arched_Eyebrows": 0.006435983814299107, "Attractive": 0.2820685803890228, "Bags_Under_Eyes": 0.02059195004403591, "Bald": 0.0003700545057654381, "Bangs": 0.0003842246951535344, "Big_Lips": 0.005457747261971235, "Big_Nose": 0.029476188123226166, "Black_Hair": 0.030515246093273163, "Blond_Hair": 0.002145894104614854, "Blurry": 0.1586110144853592, "Brown_Hair": 0.22678758203983307, "Bushy_Eyebrows": 0.02061537094414234, "Chubby": 0.013703965581953526, "Double_Chin": 0.009733185172080994, "Eyeglasses": 0.0011344493832439184, "Goatee": 0.0001516114716650918, "Gray_Hair": 0.004272613674402237, "Heavy_Makeup": 0.00029295720742084086, "High_Cheekbones": 0.09435398131608963, "Male": 0.999255359172821, "Mouth_Slightly_Open": 0.599346399307251, "Mustache": 0.00029427738627418876, "Narrow_Eyes": 0.23273582756519318, "No_Beard": 0.992480993270874, "Oval_Face": 0.36725834012031555, "Pale_Skin": 0.02882711961865425, "Pointy_Nose": 0.08726760745048523, "Receding_Hairline": 0.002078196033835411, "Rosy_Cheeks": 0.0003778228419832885, "Sideburns": 0.00019470763800200075, "Smiling": 0.6976703405380249, "Straight_Hair": 0.46841999888420105, "Wavy_Hair": 0.05888595059514046, "Wearing_Earrings": 0.0002853709738701582, "Wearing_Hat": 0.00013362090976443142, "Wearing_Lipstick": 0.00024637632304802537, "Wearing_Necklace": 0.0005014273338019848, "Wearing_Necktie": 0.013897503726184368, "Young": 0.5863500833511353, "df_race": "middle eastern", "df_race_prob": 31.549713015556335, "df_gender": "Man", "df_gender_prob": 99.97593760490417, "df_age": 33, "df_emotion": "happy", "df_emotion_prob": 72.03660344641168}