{"name": "Raza_Rabbani_0001.jpg", "5_o_Clock_Shadow": 0.011217021383345127, "Arched_Eyebrows": 0.022481011226773262, "Attractive": 0.004667370580136776, "Bags_Under_Eyes": 0.29752254486083984, "Bald": 0.009131929837167263, "Bangs": 0.00024316724739037454, "Big_Lips": 0.013095472939312458, "Big_Nose": 0.5195152759552002, "Black_Hair": 0.004460406955331564, "Blond_Hair": 0.006260239519178867, "Blurry": 0.028277454897761345, "Brown_Hair": 0.0006525303469970822, "Bushy_Eyebrows": 0.0026821971405297518, "Chubby": 0.1950496882200241, "Double_Chin": 0.16502156853675842, "Eyeglasses": 0.011566775850951672, "Goatee": 0.009178468957543373, "Gray_Hair": 0.9206698536872864, "Heavy_Makeup": 0.00030100581352598965, "High_Cheekbones": 0.013169608078897, "Male": 0.9993454813957214, "Mouth_Slightly_Open": 0.6011183857917786, "Mustache": 0.8739633560180664, "Narrow_Eyes": 0.007154796738177538, "No_Beard": 0.056128595024347305, "Oval_Face": 0.12951461970806122, "Pale_Skin": 0.01097965519875288, "Pointy_Nose": 0.1303466409444809, "Receding_Hairline": 0.6018312573432922, "Rosy_Cheeks": 0.0004232687351759523, "Sideburns": 0.005765871610492468, "Smiling": 0.004628597758710384, "Straight_Hair": 0.30858829617500305, "Wavy_Hair": 0.0060508968308568, "Wearing_Earrings": 0.0013390183448791504, "Wearing_Hat": 0.00029502686811611056, "Wearing_Lipstick": 0.0008431490859948099, "Wearing_Necklace": 0.0016034174477681518, "Wearing_Necktie": 0.029790150001645088, "Young": 0.04087332636117935, "df_race": "latino hispanic", "df_race_prob": 38.446959164557406, "df_gender": "Man", "df_gender_prob": 99.99791383743286, "df_age": 45, "df_emotion": "happy", "df_emotion_prob": 66.52423739433289}