{"name": "Rebecca_Romijn-Stamos_0004.jpg", "5_o_Clock_Shadow": 0.0016884786309674382, "Arched_Eyebrows": 0.020403582602739334, "Attractive": 0.14696745574474335, "Bags_Under_Eyes": 0.26953426003456116, "Bald": 0.0005538186524063349, "Bangs": 0.5420907139778137, "Big_Lips": 0.18164503574371338, "Big_Nose": 0.022250598296523094, "Black_Hair": 0.0006047151400707662, "Blond_Hair": 0.8910067081451416, "Blurry": 0.1954323798418045, "Brown_Hair": 0.0019360374426469207, "Bushy_Eyebrows": 0.0008074005600064993, "Chubby": 0.0026924258563667536, "Double_Chin": 0.0024606394581496716, "Eyeglasses": 0.0021260008215904236, "Goatee": 0.0008391704177483916, "Gray_Hair": 0.013019540347158909, "Heavy_Makeup": 0.005269013345241547, "High_Cheekbones": 0.6541751027107239, "Male": 0.01770697347819805, "Mouth_Slightly_Open": 0.997704803943634, "Mustache": 0.0004258181725163013, "Narrow_Eyes": 0.6458675861358643, "No_Beard": 0.9947603344917297, "Oval_Face": 0.09016549587249756, "Pale_Skin": 0.018081186339259148, "Pointy_Nose": 0.10432475060224533, "Receding_Hairline": 0.0009245379478670657, "Rosy_Cheeks": 2.790145117614884e-05, "Sideburns": 0.0011011877795681357, "Smiling": 0.9681676030158997, "Straight_Hair": 0.0741487517952919, "Wavy_Hair": 0.1986040323972702, "Wearing_Earrings": 0.023278022184967995, "Wearing_Hat": 0.0014400930376723409, "Wearing_Lipstick": 0.025452975183725357, "Wearing_Necklace": 0.09924076497554779, "Wearing_Necktie": 0.00024797863443382084, "Young": 0.6311758756637573, "df_race": "white", "df_race_prob": 99.6382176660429, "df_gender": "Woman", "df_gender_prob": 99.98351335525513, "df_age": 33, "df_emotion": "happy", "df_emotion_prob": 99.98966455336387}