{"name": "Recep_Tayyip_Erdogan_0021.jpg", "5_o_Clock_Shadow": 0.010949079878628254, "Arched_Eyebrows": 0.0058241598308086395, "Attractive": 0.0032725112978368998, "Bags_Under_Eyes": 0.17828768491744995, "Bald": 0.1018223688006401, "Bangs": 0.00019116626936011016, "Big_Lips": 0.026191141456365585, "Big_Nose": 0.2854720950126648, "Black_Hair": 0.018464239314198494, "Blond_Hair": 0.012055198661983013, "Blurry": 0.02041662111878395, "Brown_Hair": 0.0013109134742990136, "Bushy_Eyebrows": 0.0005096211680211127, "Chubby": 0.4512493312358856, "Double_Chin": 0.38426387310028076, "Eyeglasses": 0.010074115358293056, "Goatee": 0.008983619511127472, "Gray_Hair": 0.296420156955719, "Heavy_Makeup": 0.00034402470919303596, "High_Cheekbones": 0.022942515090107918, "Male": 0.9992807507514954, "Mouth_Slightly_Open": 0.9814178347587585, "Mustache": 0.39427605271339417, "Narrow_Eyes": 0.032951463013887405, "No_Beard": 0.2889719605445862, "Oval_Face": 0.4360600709915161, "Pale_Skin": 0.07826098054647446, "Pointy_Nose": 0.07710502296686172, "Receding_Hairline": 0.6489893198013306, "Rosy_Cheeks": 0.0003207499103154987, "Sideburns": 0.005664813332259655, "Smiling": 0.00806766003370285, "Straight_Hair": 0.16836139559745789, "Wavy_Hair": 0.0005768335540778935, "Wearing_Earrings": 0.001755241653881967, "Wearing_Hat": 0.001927986741065979, "Wearing_Lipstick": 0.0007154389750212431, "Wearing_Necklace": 0.00035480299266055226, "Wearing_Necktie": 0.8197218775749207, "Young": 0.08365047723054886, "df_race": "latino hispanic", "df_race_prob": 40.04892349534771, "df_gender": "Man", "df_gender_prob": 99.9948263168335, "df_age": 34, "df_emotion": "sad", "df_emotion_prob": 27.873590246010988}