{"name": "Reese_Witherspoon_0001.jpg", "5_o_Clock_Shadow": 0.0006936126737855375, "Arched_Eyebrows": 0.1483888328075409, "Attractive": 0.812450647354126, "Bags_Under_Eyes": 0.002372459275647998, "Bald": 0.00018184345390181988, "Bangs": 0.08563689142465591, "Big_Lips": 0.056822147220373154, "Big_Nose": 0.003524493658915162, "Black_Hair": 0.0006630950956605375, "Blond_Hair": 0.9097915887832642, "Blurry": 0.004617220256477594, "Brown_Hair": 0.0005309880943968892, "Bushy_Eyebrows": 0.0007656048401258886, "Chubby": 0.00033345643896609545, "Double_Chin": 5.74581790715456e-05, "Eyeglasses": 0.00021802762057632208, "Goatee": 0.00021570494573097676, "Gray_Hair": 0.005850950721651316, "Heavy_Makeup": 0.0726248174905777, "High_Cheekbones": 0.006854792591184378, "Male": 0.004965709522366524, "Mouth_Slightly_Open": 0.0017211140366271138, "Mustache": 0.0001577173825353384, "Narrow_Eyes": 0.0029948102310299873, "No_Beard": 0.9989978671073914, "Oval_Face": 0.4005148708820343, "Pale_Skin": 0.7058249115943909, "Pointy_Nose": 0.04524041339755058, "Receding_Hairline": 0.0009483795147389174, "Rosy_Cheeks": 8.458739466732368e-05, "Sideburns": 0.00026935996720567346, "Smiling": 0.00398676423355937, "Straight_Hair": 0.04328864440321922, "Wavy_Hair": 0.16571682691574097, "Wearing_Earrings": 0.018704211339354515, "Wearing_Hat": 0.000787553028203547, "Wearing_Lipstick": 0.2042035460472107, "Wearing_Necklace": 0.009638125076889992, "Wearing_Necktie": 0.0002764036471489817, "Young": 0.9769197702407837, "df_race": "white", "df_race_prob": 97.01915961618182, "df_gender": "Woman", "df_gender_prob": 99.97461438179016, "df_age": 27, "df_emotion": "neutral", "df_emotion_prob": 94.23412680625916}