{"name": "Reggie_Lewis_0001.jpg", "5_o_Clock_Shadow": 0.102997787296772, "Arched_Eyebrows": 0.018591303378343582, "Attractive": 0.028966054320335388, "Bags_Under_Eyes": 0.3576461672782898, "Bald": 0.0029922013636678457, "Bangs": 0.0018029347993433475, "Big_Lips": 0.2978247106075287, "Big_Nose": 0.8084560036659241, "Black_Hair": 0.38057559728622437, "Blond_Hair": 0.0015311315655708313, "Blurry": 0.20251013338565826, "Brown_Hair": 0.002135020913556218, "Bushy_Eyebrows": 0.0012340976390987635, "Chubby": 0.2533995807170868, "Double_Chin": 0.12842196226119995, "Eyeglasses": 0.0021178226452320814, "Goatee": 0.03066854365170002, "Gray_Hair": 0.003101722104474902, "Heavy_Makeup": 0.00016532375593669713, "High_Cheekbones": 0.9494539499282837, "Male": 0.9988829493522644, "Mouth_Slightly_Open": 0.9963864088058472, "Mustache": 0.1043802797794342, "Narrow_Eyes": 0.537747323513031, "No_Beard": 0.4545327425003052, "Oval_Face": 0.26107820868492126, "Pale_Skin": 0.0014296249719336629, "Pointy_Nose": 0.0024547427892684937, "Receding_Hairline": 0.030512375757098198, "Rosy_Cheeks": 7.598340744152665e-05, "Sideburns": 0.003179252613335848, "Smiling": 0.998250424861908, "Straight_Hair": 0.08503511548042297, "Wavy_Hair": 0.0016771251102909446, "Wearing_Earrings": 0.0059584048576653, "Wearing_Hat": 0.001691746641881764, "Wearing_Lipstick": 0.00035232893424108624, "Wearing_Necklace": 0.00078768958337605, "Wearing_Necktie": 0.33497557044029236, "Young": 0.48060473799705505, "df_race": "black", "df_race_prob": 100.0, "df_gender": "Man", "df_gender_prob": 99.95428323745728, "df_age": 26, "df_emotion": "happy", "df_emotion_prob": 99.87004996895195}