{"name": "Reginald_Hudlin_0001.jpg", "5_o_Clock_Shadow": 0.37077125906944275, "Arched_Eyebrows": 0.00176423869561404, "Attractive": 0.02269347384572029, "Bags_Under_Eyes": 0.3708515167236328, "Bald": 0.28686797618865967, "Bangs": 0.0004386880900710821, "Big_Lips": 0.09255494922399521, "Big_Nose": 0.4868421256542206, "Black_Hair": 0.012705588713288307, "Blond_Hair": 0.0030905865132808685, "Blurry": 0.3248084783554077, "Brown_Hair": 0.0013545125257223845, "Bushy_Eyebrows": 0.0007386744837276638, "Chubby": 0.3974824547767639, "Double_Chin": 0.340642511844635, "Eyeglasses": 0.0008448660955764353, "Goatee": 0.03683215752243996, "Gray_Hair": 0.010275292210280895, "Heavy_Makeup": 6.556360312970355e-05, "High_Cheekbones": 0.7136989831924438, "Male": 0.9997512698173523, "Mouth_Slightly_Open": 0.9804866909980774, "Mustache": 0.026130665093660355, "Narrow_Eyes": 0.19803424179553986, "No_Beard": 0.2407073825597763, "Oval_Face": 0.34369227290153503, "Pale_Skin": 0.0014424145920202136, "Pointy_Nose": 0.01641140691936016, "Receding_Hairline": 0.0661826953291893, "Rosy_Cheeks": 8.313652506330982e-05, "Sideburns": 0.013332302682101727, "Smiling": 0.9963472485542297, "Straight_Hair": 0.016783397644758224, "Wavy_Hair": 0.0026564064901322126, "Wearing_Earrings": 0.004020782187581062, "Wearing_Hat": 0.0011431914754211903, "Wearing_Lipstick": 0.0001364201889373362, "Wearing_Necklace": 0.0006473350222222507, "Wearing_Necktie": 0.3289814889431, "Young": 0.44256624579429626, "df_race": "black", "df_race_prob": 100.0, "df_gender": "Man", "df_gender_prob": 99.96654987335205, "df_age": 33, "df_emotion": "happy", "df_emotion_prob": 88.33678960800171}