{"name": "Rena_Sofer_0001.jpg", "5_o_Clock_Shadow": 0.0006074439734220505, "Arched_Eyebrows": 0.20312725007534027, "Attractive": 0.5143417716026306, "Bags_Under_Eyes": 0.01020532101392746, "Bald": 0.000132310320623219, "Bangs": 0.0002105668099829927, "Big_Lips": 0.13238298892974854, "Big_Nose": 0.002148877829313278, "Black_Hair": 0.008665541186928749, "Blond_Hair": 0.0541364811360836, "Blurry": 0.23171040415763855, "Brown_Hair": 0.19516073167324066, "Bushy_Eyebrows": 0.002545494819059968, "Chubby": 0.0016293878434225917, "Double_Chin": 0.00040450290543958545, "Eyeglasses": 0.00017327989917248487, "Goatee": 0.00015083698963280767, "Gray_Hair": 0.0004133167094551027, "Heavy_Makeup": 0.12255720049142838, "High_Cheekbones": 0.13374195992946625, "Male": 0.00036402270779944956, "Mouth_Slightly_Open": 0.0038581606931984425, "Mustache": 8.174725371645764e-05, "Narrow_Eyes": 0.07250513881444931, "No_Beard": 0.9992409944534302, "Oval_Face": 0.3891277611255646, "Pale_Skin": 0.03977346420288086, "Pointy_Nose": 0.1698315292596817, "Receding_Hairline": 0.015440484508872032, "Rosy_Cheeks": 0.0003486720670480281, "Sideburns": 0.00017579569248482585, "Smiling": 0.02189760096371174, "Straight_Hair": 0.6133585572242737, "Wavy_Hair": 0.061258114874362946, "Wearing_Earrings": 0.013590125367045403, "Wearing_Hat": 0.0009885774925351143, "Wearing_Lipstick": 0.47844260931015015, "Wearing_Necklace": 0.030155295506119728, "Wearing_Necktie": 0.000142918637720868, "Young": 0.9284263849258423, "df_race": "white", "df_race_prob": 41.710835695266724, "df_gender": "Woman", "df_gender_prob": 99.80559349060059, "df_age": 40, "df_emotion": "sad", "df_emotion_prob": 38.59042823314667}