{"name": "Renee_Zellweger_0006.jpg", "5_o_Clock_Shadow": 0.0017764609074220061, "Arched_Eyebrows": 0.13745705783367157, "Attractive": 0.8309451341629028, "Bags_Under_Eyes": 0.009938731789588928, "Bald": 0.00045786338159814477, "Bangs": 0.0035090383607894182, "Big_Lips": 0.34907421469688416, "Big_Nose": 0.02685537561774254, "Black_Hair": 0.0005015855422243476, "Blond_Hair": 0.9287104606628418, "Blurry": 0.03034425899386406, "Brown_Hair": 0.004006815142929554, "Bushy_Eyebrows": 0.0001964819966815412, "Chubby": 0.0017366871470585465, "Double_Chin": 0.000579292478505522, "Eyeglasses": 0.00022954937594477087, "Goatee": 0.00019045198860112578, "Gray_Hair": 0.0019175201887264848, "Heavy_Makeup": 0.12913735210895538, "High_Cheekbones": 0.6547520160675049, "Male": 0.020985057577490807, "Mouth_Slightly_Open": 0.9084861874580383, "Mustache": 0.0002678352175280452, "Narrow_Eyes": 0.2533424496650696, "No_Beard": 0.9980741739273071, "Oval_Face": 0.21017147600650787, "Pale_Skin": 0.45228111743927, "Pointy_Nose": 0.37261396646499634, "Receding_Hairline": 0.007819668389856815, "Rosy_Cheeks": 0.0008561188587918878, "Sideburns": 0.00015783743583597243, "Smiling": 0.9958745837211609, "Straight_Hair": 0.35079896450042725, "Wavy_Hair": 0.018129898235201836, "Wearing_Earrings": 0.012619778513908386, "Wearing_Hat": 0.00015663591329939663, "Wearing_Lipstick": 0.690709114074707, "Wearing_Necklace": 0.02462374046444893, "Wearing_Necktie": 0.00043924248893745244, "Young": 0.839672863483429, "df_race": "white", "df_race_prob": 66.2825345993042, "df_gender": "Woman", "df_gender_prob": 99.71206188201904, "df_age": 30, "df_emotion": "happy", "df_emotion_prob": 99.91855025291443}