{"name": "Ricardo_Lagos_0023.jpg", "5_o_Clock_Shadow": 0.005208715330809355, "Arched_Eyebrows": 0.0004645870940294117, "Attractive": 0.002224261872470379, "Bags_Under_Eyes": 0.5632501840591431, "Bald": 0.7444970011711121, "Bangs": 0.001305346842855215, "Big_Lips": 0.009925827383995056, "Big_Nose": 0.8507612347602844, "Black_Hair": 0.0015706379199400544, "Blond_Hair": 0.006432816386222839, "Blurry": 0.06054747849702835, "Brown_Hair": 0.001356759574264288, "Bushy_Eyebrows": 0.0002288507530465722, "Chubby": 0.8329220414161682, "Double_Chin": 0.8446243405342102, "Eyeglasses": 0.014577282592654228, "Goatee": 0.0015258814673870802, "Gray_Hair": 0.9031975269317627, "Heavy_Makeup": 0.00013086959370411932, "High_Cheekbones": 0.04289519786834717, "Male": 0.9989327788352966, "Mouth_Slightly_Open": 0.010430448688566685, "Mustache": 0.0025863980408757925, "Narrow_Eyes": 0.1686430424451828, "No_Beard": 0.9906545281410217, "Oval_Face": 0.12034226953983307, "Pale_Skin": 0.04455266520380974, "Pointy_Nose": 0.009397728368639946, "Receding_Hairline": 0.4438069462776184, "Rosy_Cheeks": 0.0003881713782902807, "Sideburns": 0.0021743588149547577, "Smiling": 0.051156044006347656, "Straight_Hair": 0.026080500334501266, "Wavy_Hair": 0.0032428547274321318, "Wearing_Earrings": 0.0007133478648029268, "Wearing_Hat": 0.0018440727144479752, "Wearing_Lipstick": 0.0001800566678866744, "Wearing_Necklace": 0.00041512877214699984, "Wearing_Necktie": 0.6881205439567566, "Young": 0.005853541661053896, "df_race": "asian", "df_race_prob": 22.16718975696686, "df_gender": "Man", "df_gender_prob": 99.91893172264099, "df_age": 40, "df_emotion": "sad", "df_emotion_prob": 38.82748319775067}