{"name": "Ricardo_Maduro_0001.jpg", "5_o_Clock_Shadow": 0.03425954654812813, "Arched_Eyebrows": 0.0029625019524246454, "Attractive": 0.022702114656567574, "Bags_Under_Eyes": 0.3297792971134186, "Bald": 0.00493907043710351, "Bangs": 0.0004200123075861484, "Big_Lips": 0.0024380579125136137, "Big_Nose": 0.37239405512809753, "Black_Hair": 0.0023908517323434353, "Blond_Hair": 0.006706142798066139, "Blurry": 0.25383201241493225, "Brown_Hair": 0.0058080586604774, "Bushy_Eyebrows": 0.003996166866272688, "Chubby": 0.12980806827545166, "Double_Chin": 0.038637880235910416, "Eyeglasses": 0.0016292257932946086, "Goatee": 0.0006097200675867498, "Gray_Hair": 0.8201499581336975, "Heavy_Makeup": 0.00015486065240111202, "High_Cheekbones": 0.48671573400497437, "Male": 0.9971117973327637, "Mouth_Slightly_Open": 0.010126926936209202, "Mustache": 0.0006139632314443588, "Narrow_Eyes": 0.2457609623670578, "No_Beard": 0.9795330166816711, "Oval_Face": 0.2282644659280777, "Pale_Skin": 0.006849360652267933, "Pointy_Nose": 0.058989521116018295, "Receding_Hairline": 0.25475937128067017, "Rosy_Cheeks": 0.0003792493080254644, "Sideburns": 0.0016143204411491752, "Smiling": 0.5968410968780518, "Straight_Hair": 0.3104674518108368, "Wavy_Hair": 0.015797382220625877, "Wearing_Earrings": 0.0011060076067224145, "Wearing_Hat": 0.00012527298531495035, "Wearing_Lipstick": 9.711235179565847e-05, "Wearing_Necklace": 0.0008810879662632942, "Wearing_Necktie": 0.010393379256129265, "Young": 0.06079010292887688, "df_race": "middle eastern", "df_race_prob": 26.067015528678894, "df_gender": "Man", "df_gender_prob": 98.83555173873901, "df_age": 31, "df_emotion": "happy", "df_emotion_prob": 99.48877692222595}