{"name": "Richard_Gere_0006.jpg", "5_o_Clock_Shadow": 0.044751863926649094, "Arched_Eyebrows": 0.0002535476814955473, "Attractive": 0.012244025245308876, "Bags_Under_Eyes": 0.3146938979625702, "Bald": 0.001095664338208735, "Bangs": 0.0034432082902640104, "Big_Lips": 0.03226929530501366, "Big_Nose": 0.40505579113960266, "Black_Hair": 0.0013887521345168352, "Blond_Hair": 0.022666286677122116, "Blurry": 0.24462297558784485, "Brown_Hair": 0.0013091129949316382, "Bushy_Eyebrows": 0.0012531260726973414, "Chubby": 0.04903582111001015, "Double_Chin": 0.05419359356164932, "Eyeglasses": 0.0693572610616684, "Goatee": 0.0008866295102052391, "Gray_Hair": 0.8173201084136963, "Heavy_Makeup": 0.00014521657431032509, "High_Cheekbones": 0.19059404730796814, "Male": 0.9963724613189697, "Mouth_Slightly_Open": 0.012780756689608097, "Mustache": 0.0025445870123803616, "Narrow_Eyes": 0.5795693397521973, "No_Beard": 0.9638095498085022, "Oval_Face": 0.11057360470294952, "Pale_Skin": 0.06152276322245598, "Pointy_Nose": 0.05840609595179558, "Receding_Hairline": 0.008391833864152431, "Rosy_Cheeks": 0.00017988729814533144, "Sideburns": 0.0014908711891621351, "Smiling": 0.21433125436306, "Straight_Hair": 0.026291172951459885, "Wavy_Hair": 0.1757570505142212, "Wearing_Earrings": 0.0009905545739457011, "Wearing_Hat": 0.00040764675941318274, "Wearing_Lipstick": 0.00013330861111171544, "Wearing_Necklace": 0.0006338526145555079, "Wearing_Necktie": 0.2086993306875229, "Young": 0.033453959971666336, "df_race": "white", "df_race_prob": 57.81669113834991, "df_gender": "Man", "df_gender_prob": 99.99861717224121, "df_age": 45, "df_emotion": "happy", "df_emotion_prob": 89.54254922524387}