{"name": "Richard_Virenque_0004.jpg", "5_o_Clock_Shadow": 0.04636383429169655, "Arched_Eyebrows": 0.000572866469155997, "Attractive": 0.06055859848856926, "Bags_Under_Eyes": 0.024031898006796837, "Bald": 0.0003425184986554086, "Bangs": 0.00032641991856507957, "Big_Lips": 0.002570897340774536, "Big_Nose": 0.020201003178954124, "Black_Hair": 0.002227833028882742, "Blond_Hair": 0.028696302324533463, "Blurry": 0.2051832526922226, "Brown_Hair": 0.0704839676618576, "Bushy_Eyebrows": 0.004081204999238253, "Chubby": 0.0016347154742106795, "Double_Chin": 0.0006151730776764452, "Eyeglasses": 0.0017394330352544785, "Goatee": 0.00036380847450345755, "Gray_Hair": 0.010446782223880291, "Heavy_Makeup": 0.00022307239123620093, "High_Cheekbones": 0.04670604690909386, "Male": 0.9941556453704834, "Mouth_Slightly_Open": 0.006778756622225046, "Mustache": 0.000693164358381182, "Narrow_Eyes": 0.019229445606470108, "No_Beard": 0.9771358966827393, "Oval_Face": 0.12692192196846008, "Pale_Skin": 0.021193519234657288, "Pointy_Nose": 0.03376564010977745, "Receding_Hairline": 0.008255301974713802, "Rosy_Cheeks": 3.683025352074765e-05, "Sideburns": 0.0005219013546593487, "Smiling": 0.006785508245229721, "Straight_Hair": 0.4343416094779968, "Wavy_Hair": 0.008012876845896244, "Wearing_Earrings": 0.0012232407461851835, "Wearing_Hat": 0.000700787641108036, "Wearing_Lipstick": 0.0001448176335543394, "Wearing_Necklace": 0.0007853021961636841, "Wearing_Necktie": 0.0021121164318174124, "Young": 0.8861653804779053, "df_race": "middle eastern", "df_race_prob": 48.05503487586975, "df_gender": "Man", "df_gender_prob": 99.99946355819702, "df_age": 24, "df_emotion": "neutral", "df_emotion_prob": 50.31651854515076}