{"name": "Richard_Harris_0001.jpg", "5_o_Clock_Shadow": 0.01758655160665512, "Arched_Eyebrows": 0.0010546492412686348, "Attractive": 0.002802638802677393, "Bags_Under_Eyes": 0.25887659192085266, "Bald": 0.5189204812049866, "Bangs": 0.0009317229851149023, "Big_Lips": 0.007655532564967871, "Big_Nose": 0.23980897665023804, "Black_Hair": 0.0008066983427852392, "Blond_Hair": 0.0038184444420039654, "Blurry": 0.26528018712997437, "Brown_Hair": 0.0008067764574661851, "Bushy_Eyebrows": 0.00015875620010774583, "Chubby": 0.07689226418733597, "Double_Chin": 0.008979735895991325, "Eyeglasses": 0.44746649265289307, "Goatee": 0.06975625455379486, "Gray_Hair": 0.7452191114425659, "Heavy_Makeup": 8.02407375886105e-05, "High_Cheekbones": 0.005035762209445238, "Male": 0.9977549910545349, "Mouth_Slightly_Open": 0.0047363173216581345, "Mustache": 0.022460879758000374, "Narrow_Eyes": 0.025196198374032974, "No_Beard": 0.2638540267944336, "Oval_Face": 0.14568206667900085, "Pale_Skin": 0.0382588729262352, "Pointy_Nose": 0.09811604768037796, "Receding_Hairline": 0.7774356007575989, "Rosy_Cheeks": 0.000182219737325795, "Sideburns": 0.22277000546455383, "Smiling": 0.0011649132939055562, "Straight_Hair": 0.0037115421146154404, "Wavy_Hair": 0.022997301071882248, "Wearing_Earrings": 0.000571790209505707, "Wearing_Hat": 0.0032807148527354, "Wearing_Lipstick": 0.00016126078844536096, "Wearing_Necklace": 0.0013426111545413733, "Wearing_Necktie": 0.039659783244132996, "Young": 0.010730807669460773, "df_race": "white", "df_race_prob": 99.96930360794067, "df_gender": "Man", "df_gender_prob": 98.66804480552673, "df_age": 54, "df_emotion": "sad", "df_emotion_prob": 32.4850469827652}