{"name": "Richard_Gephardt_0004.jpg", "5_o_Clock_Shadow": 0.009180060587823391, "Arched_Eyebrows": 0.00023809022968634963, "Attractive": 0.011499522253870964, "Bags_Under_Eyes": 0.4483675956726074, "Bald": 0.010206453502178192, "Bangs": 0.0006699312361888587, "Big_Lips": 0.00946169812232256, "Big_Nose": 0.10379647463560104, "Black_Hair": 0.004035765305161476, "Blond_Hair": 0.1065320149064064, "Blurry": 0.07936280965805054, "Brown_Hair": 0.002897845581173897, "Bushy_Eyebrows": 0.0003040452138520777, "Chubby": 0.09134753048419952, "Double_Chin": 0.03015538677573204, "Eyeglasses": 0.0020516833756119013, "Goatee": 0.0007581424433737993, "Gray_Hair": 0.3431139588356018, "Heavy_Makeup": 0.0004907111870124936, "High_Cheekbones": 0.21828143298625946, "Male": 0.997005045413971, "Mouth_Slightly_Open": 0.33950313925743103, "Mustache": 0.0008438386721536517, "Narrow_Eyes": 0.2020794302225113, "No_Beard": 0.9945710301399231, "Oval_Face": 0.1492689996957779, "Pale_Skin": 0.018193557858467102, "Pointy_Nose": 0.06019652262330055, "Receding_Hairline": 0.024666644632816315, "Rosy_Cheeks": 0.00040984281804412603, "Sideburns": 0.0012146218214184046, "Smiling": 0.013856243342161179, "Straight_Hair": 0.7479908466339111, "Wavy_Hair": 0.002497574780136347, "Wearing_Earrings": 0.0009900833247229457, "Wearing_Hat": 0.00020786029926966876, "Wearing_Lipstick": 0.0003688302531372756, "Wearing_Necklace": 0.00024107277567964047, "Wearing_Necktie": 0.21816127002239227, "Young": 0.027382763102650642, "df_race": "white", "df_race_prob": 99.74343180656433, "df_gender": "Man", "df_gender_prob": 99.88824725151062, "df_age": 40, "df_emotion": "sad", "df_emotion_prob": 86.7956280708313}