{"name": "Richard_Barry_0001.jpg", "5_o_Clock_Shadow": 0.0675036758184433, "Arched_Eyebrows": 0.006751262582838535, "Attractive": 0.01467288937419653, "Bags_Under_Eyes": 0.006523868069052696, "Bald": 0.0012096103746443987, "Bangs": 0.0008989010821096599, "Big_Lips": 0.00994521751999855, "Big_Nose": 0.008944910019636154, "Black_Hair": 0.003535807365551591, "Blond_Hair": 0.020958075299859047, "Blurry": 0.9190658330917358, "Brown_Hair": 0.029848145321011543, "Bushy_Eyebrows": 0.06612046808004379, "Chubby": 0.08776944130659103, "Double_Chin": 0.027451755478978157, "Eyeglasses": 0.0029660759028047323, "Goatee": 0.001252875430509448, "Gray_Hair": 0.12157050520181656, "Heavy_Makeup": 0.0010326141491532326, "High_Cheekbones": 0.031291235238313675, "Male": 0.995236873626709, "Mouth_Slightly_Open": 0.09954680502414703, "Mustache": 0.0020700935274362564, "Narrow_Eyes": 0.39052078127861023, "No_Beard": 0.9247263669967651, "Oval_Face": 0.3411371111869812, "Pale_Skin": 0.01141730509698391, "Pointy_Nose": 0.05779944360256195, "Receding_Hairline": 0.04378636181354523, "Rosy_Cheeks": 0.0004116373020224273, "Sideburns": 0.001583104720339179, "Smiling": 0.035164643079042435, "Straight_Hair": 0.051296133548021317, "Wavy_Hair": 0.11771196126937866, "Wearing_Earrings": 0.001056114211678505, "Wearing_Hat": 0.0007606978761032224, "Wearing_Lipstick": 0.0004469522973522544, "Wearing_Necklace": 0.0006572401034645736, "Wearing_Necktie": 0.16619423031806946, "Young": 0.18155738711357117, "df_race": "middle eastern", "df_race_prob": 39.812101148116454, "df_gender": "Man", "df_gender_prob": 99.49971437454224, "df_age": 26, "df_emotion": "neutral", "df_emotion_prob": 61.744788989114106}