{"name": "Richard_Virenque_0005.jpg", "5_o_Clock_Shadow": 0.16444671154022217, "Arched_Eyebrows": 0.0049426378682255745, "Attractive": 0.05989048257470131, "Bags_Under_Eyes": 0.08675846457481384, "Bald": 0.0013269621413201094, "Bangs": 0.00022068966063670814, "Big_Lips": 0.004311534110456705, "Big_Nose": 0.016967007890343666, "Black_Hair": 0.0009944295743480325, "Blond_Hair": 0.013069228269159794, "Blurry": 0.0764479711651802, "Brown_Hair": 0.009099433198571205, "Bushy_Eyebrows": 0.03962833806872368, "Chubby": 0.0027694650925695896, "Double_Chin": 0.010559901595115662, "Eyeglasses": 0.001011139014735818, "Goatee": 0.0005864271079190075, "Gray_Hair": 0.002553159138187766, "Heavy_Makeup": 0.00020826559921260923, "High_Cheekbones": 0.29517585039138794, "Male": 0.997866690158844, "Mouth_Slightly_Open": 0.9651115536689758, "Mustache": 0.0008804522803984582, "Narrow_Eyes": 0.0036941636353731155, "No_Beard": 0.9648928046226501, "Oval_Face": 0.2967463731765747, "Pale_Skin": 0.002310642274096608, "Pointy_Nose": 0.03868108242750168, "Receding_Hairline": 0.002365241525694728, "Rosy_Cheeks": 0.0001937594497576356, "Sideburns": 0.0008090980118140578, "Smiling": 0.6214110851287842, "Straight_Hair": 0.011103583499789238, "Wavy_Hair": 0.004662280436605215, "Wearing_Earrings": 0.002218756126239896, "Wearing_Hat": 0.9595235586166382, "Wearing_Lipstick": 0.00036871456541121006, "Wearing_Necklace": 0.0018710268195718527, "Wearing_Necktie": 0.002689323853701353, "Young": 0.922056257724762, "df_race": "white", "df_race_prob": 73.61990809440613, "df_gender": "Man", "df_gender_prob": 99.97218251228333, "df_age": 27, "df_emotion": "happy", "df_emotion_prob": 94.26871538162231}