{"name": "Richard_Gephardt_0009.jpg", "5_o_Clock_Shadow": 0.002911958144977689, "Arched_Eyebrows": 0.0005937803070992231, "Attractive": 0.008503797464072704, "Bags_Under_Eyes": 0.41448479890823364, "Bald": 0.007328638806939125, "Bangs": 0.0005414377083070576, "Big_Lips": 0.008425548672676086, "Big_Nose": 0.08036920428276062, "Black_Hair": 0.002198023721575737, "Blond_Hair": 0.06509818136692047, "Blurry": 0.07314658910036087, "Brown_Hair": 0.0009140836191363633, "Bushy_Eyebrows": 0.0001331727980868891, "Chubby": 0.048416588455438614, "Double_Chin": 0.03622857853770256, "Eyeglasses": 0.0021635775920003653, "Goatee": 0.0005803015665151179, "Gray_Hair": 0.6278888583183289, "Heavy_Makeup": 0.0003769514732994139, "High_Cheekbones": 0.28911909461021423, "Male": 0.9949992895126343, "Mouth_Slightly_Open": 0.8206093907356262, "Mustache": 0.0008072181371971965, "Narrow_Eyes": 0.01042630523443222, "No_Beard": 0.9954350590705872, "Oval_Face": 0.158247709274292, "Pale_Skin": 0.04360514134168625, "Pointy_Nose": 0.021693386137485504, "Receding_Hairline": 0.08562225103378296, "Rosy_Cheeks": 0.00018465703760739416, "Sideburns": 0.0006243337411433458, "Smiling": 0.04726380482316017, "Straight_Hair": 0.7394950985908508, "Wavy_Hair": 0.0019403424812480807, "Wearing_Earrings": 0.0009879481513053179, "Wearing_Hat": 0.00020094400679226965, "Wearing_Lipstick": 0.00045398648944683373, "Wearing_Necklace": 0.00039551829104311764, "Wearing_Necktie": 0.24554577469825745, "Young": 0.019147491082549095, "df_race": "white", "df_race_prob": 99.95438455991561, "df_gender": "Man", "df_gender_prob": 99.7853696346283, "df_age": 34, "df_emotion": "neutral", "df_emotion_prob": 70.98191976547241}