{"name": "Richard_Myers_0017.jpg", "5_o_Clock_Shadow": 0.006628246512264013, "Arched_Eyebrows": 0.008585420437157154, "Attractive": 0.008061041124165058, "Bags_Under_Eyes": 0.13848267495632172, "Bald": 0.0035071694292128086, "Bangs": 0.00028323562582954764, "Big_Lips": 0.002033529570326209, "Big_Nose": 0.05770181864500046, "Black_Hair": 0.0020147140603512526, "Blond_Hair": 0.01963379979133606, "Blurry": 0.022422127425670624, "Brown_Hair": 0.0015261189546436071, "Bushy_Eyebrows": 0.0030323853716254234, "Chubby": 0.028431497514247894, "Double_Chin": 0.03851987048983574, "Eyeglasses": 0.0017998736584559083, "Goatee": 0.0005300503689795732, "Gray_Hair": 0.9210428595542908, "Heavy_Makeup": 0.00031510237022303045, "High_Cheekbones": 0.016997255384922028, "Male": 0.9981985688209534, "Mouth_Slightly_Open": 0.015050713904201984, "Mustache": 0.0006937491707503796, "Narrow_Eyes": 0.006536087021231651, "No_Beard": 0.9922952651977539, "Oval_Face": 0.10947331041097641, "Pale_Skin": 0.016880985349416733, "Pointy_Nose": 0.060296572744846344, "Receding_Hairline": 0.10683722048997879, "Rosy_Cheeks": 0.00019174058979842812, "Sideburns": 0.0013255007797852159, "Smiling": 0.0025848487857729197, "Straight_Hair": 0.8358244895935059, "Wavy_Hair": 0.0020552275236696005, "Wearing_Earrings": 0.0008978443220257759, "Wearing_Hat": 0.00016642347327433527, "Wearing_Lipstick": 0.0002966896863654256, "Wearing_Necklace": 0.0003786057641264051, "Wearing_Necktie": 0.013353709131479263, "Young": 0.026579836383461952, "df_race": "white", "df_race_prob": 99.36107993125916, "df_gender": "Man", "df_gender_prob": 99.99805688858032, "df_age": 38, "df_emotion": "fear", "df_emotion_prob": 46.41634523868561}