{"name": "Richard_Armitage_0007.jpg", "5_o_Clock_Shadow": 0.0053144581615924835, "Arched_Eyebrows": 0.0007098597707226872, "Attractive": 0.003670617938041687, "Bags_Under_Eyes": 0.07543321698904037, "Bald": 0.8498154282569885, "Bangs": 0.0017512391787022352, "Big_Lips": 0.08190806210041046, "Big_Nose": 0.2647477388381958, "Black_Hair": 0.0010026547824963927, "Blond_Hair": 0.006225332617759705, "Blurry": 0.020688552409410477, "Brown_Hair": 0.0008786500548012555, "Bushy_Eyebrows": 0.0002891272306442261, "Chubby": 0.4534759819507599, "Double_Chin": 0.3419243097305298, "Eyeglasses": 0.9842878580093384, "Goatee": 0.0018817882519215345, "Gray_Hair": 0.5532004237174988, "Heavy_Makeup": 0.0002458190720062703, "High_Cheekbones": 0.006656330544501543, "Male": 0.9985003471374512, "Mouth_Slightly_Open": 0.8489193916320801, "Mustache": 0.0038916748017072678, "Narrow_Eyes": 0.015558160841464996, "No_Beard": 0.9761886596679688, "Oval_Face": 0.22016781568527222, "Pale_Skin": 0.1157207190990448, "Pointy_Nose": 0.17323409020900726, "Receding_Hairline": 0.09042204171419144, "Rosy_Cheeks": 0.0002464710269123316, "Sideburns": 0.002507699653506279, "Smiling": 0.0039973477832973, "Straight_Hair": 0.009939838200807571, "Wavy_Hair": 0.0018999460153281689, "Wearing_Earrings": 0.0019063244108110666, "Wearing_Hat": 0.0031436188146471977, "Wearing_Lipstick": 0.0011144456220790744, "Wearing_Necklace": 0.0020024259574711323, "Wearing_Necktie": 0.8255412578582764, "Young": 0.03585666045546532, "df_race": "white", "df_race_prob": 99.50630661882798, "df_gender": "Man", "df_gender_prob": 99.91106390953064, "df_age": 50, "df_emotion": "angry", "df_emotion_prob": 63.612227009269354}