{"name": "Richard_Gere_0010.jpg", "5_o_Clock_Shadow": 0.030953915789723396, "Arched_Eyebrows": 0.0010759521974250674, "Attractive": 0.027384495362639427, "Bags_Under_Eyes": 0.06799296289682388, "Bald": 0.0008766099927015603, "Bangs": 0.0007230588234961033, "Big_Lips": 0.006212934385985136, "Big_Nose": 0.3911342918872833, "Black_Hair": 0.0011088320752605796, "Blond_Hair": 0.08938339352607727, "Blurry": 0.03385481238365173, "Brown_Hair": 0.0041268737986683846, "Bushy_Eyebrows": 0.0008771113934926689, "Chubby": 0.036195892840623856, "Double_Chin": 0.008858001790940762, "Eyeglasses": 0.0012868335470557213, "Goatee": 0.00046751985792070627, "Gray_Hair": 0.737609326839447, "Heavy_Makeup": 0.00035641193971969187, "High_Cheekbones": 0.08112852275371552, "Male": 0.9963035583496094, "Mouth_Slightly_Open": 0.07112284004688263, "Mustache": 0.0008080578409135342, "Narrow_Eyes": 0.07453905045986176, "No_Beard": 0.9731810092926025, "Oval_Face": 0.12286616861820221, "Pale_Skin": 0.022778062149882317, "Pointy_Nose": 0.02610975131392479, "Receding_Hairline": 0.01111255120486021, "Rosy_Cheeks": 0.00017256283899769187, "Sideburns": 0.0014356462052091956, "Smiling": 0.0075648012571036816, "Straight_Hair": 0.14489901065826416, "Wavy_Hair": 0.11588852852582932, "Wearing_Earrings": 0.0017684482736513019, "Wearing_Hat": 0.000257849256740883, "Wearing_Lipstick": 0.0003786554152611643, "Wearing_Necklace": 0.0010871223639696836, "Wearing_Necktie": 0.002615442266687751, "Young": 0.05175905302166939, "df_race": "white", "df_race_prob": 67.83274412155151, "df_gender": "Man", "df_gender_prob": 99.97207522392273, "df_age": 23, "df_emotion": "neutral", "df_emotion_prob": 40.115320682525635}