{"name": "Richard_Myers_0018.jpg", "5_o_Clock_Shadow": 0.011876673437654972, "Arched_Eyebrows": 0.001462960965000093, "Attractive": 0.0117496931925416, "Bags_Under_Eyes": 0.10991505533456802, "Bald": 0.0026372468564659357, "Bangs": 0.0005002543330192566, "Big_Lips": 0.0032299261074513197, "Big_Nose": 0.06693073362112045, "Black_Hair": 0.002431935165077448, "Blond_Hair": 0.017339171841740608, "Blurry": 0.03415485844016075, "Brown_Hair": 0.002027719048783183, "Bushy_Eyebrows": 0.0014635991537943482, "Chubby": 0.027523880824446678, "Double_Chin": 0.045110393315553665, "Eyeglasses": 0.0031047447118908167, "Goatee": 0.00024631735868752003, "Gray_Hair": 0.9155741930007935, "Heavy_Makeup": 0.00026427817647345364, "High_Cheekbones": 0.006768183317035437, "Male": 0.9991426467895508, "Mouth_Slightly_Open": 0.007538452744483948, "Mustache": 0.0007438425091095269, "Narrow_Eyes": 0.03071468509733677, "No_Beard": 0.9946000576019287, "Oval_Face": 0.10979263484477997, "Pale_Skin": 0.04169555380940437, "Pointy_Nose": 0.054366335272789, "Receding_Hairline": 0.0320560447871685, "Rosy_Cheeks": 0.00021585267677437514, "Sideburns": 0.0013877564342692494, "Smiling": 0.001792939961887896, "Straight_Hair": 0.8426858186721802, "Wavy_Hair": 0.0019755512475967407, "Wearing_Earrings": 0.00033548541250638664, "Wearing_Hat": 0.0002563950838521123, "Wearing_Lipstick": 0.00017205860058311373, "Wearing_Necklace": 0.0001968801225302741, "Wearing_Necktie": 0.4752242863178253, "Young": 0.01439873781055212, "df_race": "white", "df_race_prob": 99.85426664352417, "df_gender": "Man", "df_gender_prob": 99.99487400054932, "df_age": 36, "df_emotion": "neutral", "df_emotion_prob": 85.5216920375824}