{"name": "Rick_Carlisle_0002.jpg", "5_o_Clock_Shadow": 0.010121273808181286, "Arched_Eyebrows": 0.0005328554543666542, "Attractive": 0.006827160716056824, "Bags_Under_Eyes": 0.021236851811408997, "Bald": 0.0009138671448454261, "Bangs": 0.004990661516785622, "Big_Lips": 0.01021919772028923, "Big_Nose": 0.01899150013923645, "Black_Hair": 0.00379455485381186, "Blond_Hair": 0.01605425588786602, "Blurry": 0.16828562319278717, "Brown_Hair": 0.07646974176168442, "Bushy_Eyebrows": 0.0027010284829884768, "Chubby": 0.01194475032389164, "Double_Chin": 0.011309503577649593, "Eyeglasses": 0.0024110933300107718, "Goatee": 0.0019275391241535544, "Gray_Hair": 0.02293706312775612, "Heavy_Makeup": 0.0003676512569654733, "High_Cheekbones": 0.04256436973810196, "Male": 0.9974453449249268, "Mouth_Slightly_Open": 0.950187623500824, "Mustache": 0.004907011985778809, "Narrow_Eyes": 0.06170855835080147, "No_Beard": 0.9578004479408264, "Oval_Face": 0.1528494507074356, "Pale_Skin": 0.020344505086541176, "Pointy_Nose": 0.00725514255464077, "Receding_Hairline": 0.0012485856423154473, "Rosy_Cheeks": 3.0781822715653107e-05, "Sideburns": 0.0013284928863868117, "Smiling": 0.009820054285228252, "Straight_Hair": 0.6136350035667419, "Wavy_Hair": 0.0043846797198057175, "Wearing_Earrings": 0.0003823952574748546, "Wearing_Hat": 0.0003839778946712613, "Wearing_Lipstick": 0.00024628237588331103, "Wearing_Necklace": 0.0003398041590116918, "Wearing_Necktie": 0.1321418583393097, "Young": 0.22900532186031342, "df_race": "white", "df_race_prob": 73.67805681693892, "df_gender": "Man", "df_gender_prob": 99.89651441574097, "df_age": 36, "df_emotion": "angry", "df_emotion_prob": 68.42866163595457}