{"name": "Rick_Wagoner_0002.jpg", "5_o_Clock_Shadow": 0.002460968215018511, "Arched_Eyebrows": 0.00034421190503053367, "Attractive": 0.026608627289533615, "Bags_Under_Eyes": 0.06251642853021622, "Bald": 0.004250175319612026, "Bangs": 0.0003793189243879169, "Big_Lips": 0.0021249176934361458, "Big_Nose": 0.07824613153934479, "Black_Hair": 0.006150913890451193, "Blond_Hair": 0.02814709208905697, "Blurry": 0.08508527278900146, "Brown_Hair": 0.04692497104406357, "Bushy_Eyebrows": 5.3286606998881325e-05, "Chubby": 0.020011870190501213, "Double_Chin": 0.018420293927192688, "Eyeglasses": 0.0026194581296294928, "Goatee": 0.0006453176611103117, "Gray_Hair": 0.16095541417598724, "Heavy_Makeup": 0.0004227544122841209, "High_Cheekbones": 0.04421783983707428, "Male": 0.9935010075569153, "Mouth_Slightly_Open": 0.5301725268363953, "Mustache": 0.0005539456033147871, "Narrow_Eyes": 0.04414882883429527, "No_Beard": 0.9972496628761292, "Oval_Face": 0.09591079503297806, "Pale_Skin": 0.050440140068531036, "Pointy_Nose": 0.03655824810266495, "Receding_Hairline": 0.20911817252635956, "Rosy_Cheeks": 0.00022512442956212908, "Sideburns": 0.00034228150616399944, "Smiling": 0.024976730346679688, "Straight_Hair": 0.645944356918335, "Wavy_Hair": 0.0018166267545893788, "Wearing_Earrings": 0.0009947848739102483, "Wearing_Hat": 0.00020119419787079096, "Wearing_Lipstick": 0.0002718413306865841, "Wearing_Necklace": 0.00033695678575895727, "Wearing_Necktie": 0.440181165933609, "Young": 0.07096593827009201, "df_race": "asian", "df_race_prob": 52.579221283150986, "df_gender": "Man", "df_gender_prob": 99.00116324424744, "df_age": 45, "df_emotion": "angry", "df_emotion_prob": 56.601354873261144}