{"name": "Ricky_Ray_0001.jpg", "5_o_Clock_Shadow": 0.026557015255093575, "Arched_Eyebrows": 0.0011201900197193027, "Attractive": 0.01656944677233696, "Bags_Under_Eyes": 0.006993611343204975, "Bald": 0.0014183870516717434, "Bangs": 0.0011799780186265707, "Big_Lips": 0.002964102430269122, "Big_Nose": 0.034897319972515106, "Black_Hair": 0.001743281609378755, "Blond_Hair": 0.004322403576225042, "Blurry": 0.18211206793785095, "Brown_Hair": 0.012757644057273865, "Bushy_Eyebrows": 0.0484880730509758, "Chubby": 0.024474559351801872, "Double_Chin": 0.0037535217124968767, "Eyeglasses": 0.0024122658651322126, "Goatee": 0.0009676434565335512, "Gray_Hair": 0.0022139172069728374, "Heavy_Makeup": 0.00090664008166641, "High_Cheekbones": 0.013093655928969383, "Male": 0.9956472516059875, "Mouth_Slightly_Open": 0.009418887086212635, "Mustache": 0.0010777649004012346, "Narrow_Eyes": 0.054653413593769073, "No_Beard": 0.967080295085907, "Oval_Face": 0.28269875049591064, "Pale_Skin": 0.01145460456609726, "Pointy_Nose": 0.03239797428250313, "Receding_Hairline": 0.002849160460755229, "Rosy_Cheeks": 0.00016950865392573178, "Sideburns": 0.0021901512518525124, "Smiling": 0.0012473417446017265, "Straight_Hair": 0.0035919947549700737, "Wavy_Hair": 0.005205637775361538, "Wearing_Earrings": 0.0037720666732639074, "Wearing_Hat": 0.9754917025566101, "Wearing_Lipstick": 0.00037448990042321384, "Wearing_Necklace": 0.0029228730127215385, "Wearing_Necktie": 0.0017313548596575856, "Young": 0.9215851426124573, "df_race": "white", "df_race_prob": 92.4953873452775, "df_gender": "Man", "df_gender_prob": 99.68737363815308, "df_age": 28, "df_emotion": "sad", "df_emotion_prob": 68.6512391955399}