{"name": "Ridley_Scott_0001.jpg", "5_o_Clock_Shadow": 0.12812745571136475, "Arched_Eyebrows": 0.0006881678127683699, "Attractive": 0.013331636786460876, "Bags_Under_Eyes": 0.1460341513156891, "Bald": 0.041251033544540405, "Bangs": 0.00021403339633252472, "Big_Lips": 0.002543051727116108, "Big_Nose": 0.1947370171546936, "Black_Hair": 0.0016142212552949786, "Blond_Hair": 0.02100016362965107, "Blurry": 0.09749309718608856, "Brown_Hair": 0.004213758744299412, "Bushy_Eyebrows": 0.0002046077570412308, "Chubby": 0.2670208811759949, "Double_Chin": 0.10448142141103745, "Eyeglasses": 0.022278841584920883, "Goatee": 0.2636159360408783, "Gray_Hair": 0.9550226926803589, "Heavy_Makeup": 0.00019708032777998596, "High_Cheekbones": 0.05054190754890442, "Male": 0.9996803998947144, "Mouth_Slightly_Open": 0.0274166539311409, "Mustache": 0.06637567281723022, "Narrow_Eyes": 0.35833197832107544, "No_Beard": 0.12368970364332199, "Oval_Face": 0.29544195532798767, "Pale_Skin": 0.01783887669444084, "Pointy_Nose": 0.18024742603302002, "Receding_Hairline": 0.8326601386070251, "Rosy_Cheeks": 0.0010287330951541662, "Sideburns": 0.21360138058662415, "Smiling": 0.15424489974975586, "Straight_Hair": 0.10977039486169815, "Wavy_Hair": 0.012053308077156544, "Wearing_Earrings": 0.0002206519857281819, "Wearing_Hat": 0.00019981655350420624, "Wearing_Lipstick": 6.479078729171306e-05, "Wearing_Necklace": 0.00029782269848510623, "Wearing_Necktie": 0.7425545454025269, "Young": 0.02041175216436386, "df_race": "white", "df_race_prob": 99.75212216377258, "df_gender": "Man", "df_gender_prob": 99.92226362228394, "df_age": 42, "df_emotion": "happy", "df_emotion_prob": 98.54936591084993}