{"name": "Rob_Marshall_0004.jpg", "5_o_Clock_Shadow": 0.02737460471689701, "Arched_Eyebrows": 0.0008185117039829493, "Attractive": 0.035111866891384125, "Bags_Under_Eyes": 0.04042681306600571, "Bald": 0.0009722947143018246, "Bangs": 0.0007373656844720244, "Big_Lips": 0.011318372562527657, "Big_Nose": 0.16819918155670166, "Black_Hair": 0.0029230481013655663, "Blond_Hair": 0.03019857034087181, "Blurry": 0.4336363673210144, "Brown_Hair": 0.1699792444705963, "Bushy_Eyebrows": 0.005016851704567671, "Chubby": 0.16241921484470367, "Double_Chin": 0.1228928193449974, "Eyeglasses": 0.0014411733718588948, "Goatee": 0.0021495504770427942, "Gray_Hair": 0.08140869438648224, "Heavy_Makeup": 0.0005123411538079381, "High_Cheekbones": 0.3233896493911743, "Male": 0.9980999827384949, "Mouth_Slightly_Open": 0.981105387210846, "Mustache": 0.01613876223564148, "Narrow_Eyes": 0.04181509092450142, "No_Beard": 0.8713572025299072, "Oval_Face": 0.2909316420555115, "Pale_Skin": 0.06319931894540787, "Pointy_Nose": 0.008710050024092197, "Receding_Hairline": 0.017112132161855698, "Rosy_Cheeks": 0.0004873068246524781, "Sideburns": 0.00065138895297423, "Smiling": 0.8231765627861023, "Straight_Hair": 0.09278751909732819, "Wavy_Hair": 0.13779570162296295, "Wearing_Earrings": 0.0009935024427250028, "Wearing_Hat": 0.00018549722153693438, "Wearing_Lipstick": 0.000556129147298634, "Wearing_Necklace": 0.0010337175335735083, "Wearing_Necktie": 0.20091034471988678, "Young": 0.10293883830308914, "df_race": "middle eastern", "df_race_prob": 29.003196477508965, "df_gender": "Man", "df_gender_prob": 99.997878074646, "df_age": 30, "df_emotion": "happy", "df_emotion_prob": 93.7841840047617}