{"name": "Roberto_Carlos_0002.jpg", "5_o_Clock_Shadow": 0.011539832688868046, "Arched_Eyebrows": 0.0005703133065253496, "Attractive": 0.01148566510528326, "Bags_Under_Eyes": 0.5724071264266968, "Bald": 0.5676308870315552, "Bangs": 0.0011195477563887835, "Big_Lips": 0.027646970003843307, "Big_Nose": 0.6978438496589661, "Black_Hair": 0.0031142770312726498, "Blond_Hair": 0.00462877145037055, "Blurry": 0.04863584786653519, "Brown_Hair": 0.0021513360552489758, "Bushy_Eyebrows": 0.0006432952941395342, "Chubby": 0.11638285219669342, "Double_Chin": 0.05410877615213394, "Eyeglasses": 0.0005007361760362983, "Goatee": 0.0017437862697988749, "Gray_Hair": 0.04587044566869736, "Heavy_Makeup": 0.00012173815775895491, "High_Cheekbones": 0.4179069697856903, "Male": 0.9980558156967163, "Mouth_Slightly_Open": 0.994917631149292, "Mustache": 0.0007551226881332695, "Narrow_Eyes": 0.08825192600488663, "No_Beard": 0.9901230931282043, "Oval_Face": 0.2713395059108734, "Pale_Skin": 0.00870604533702135, "Pointy_Nose": 0.004284805152565241, "Receding_Hairline": 0.03908269479870796, "Rosy_Cheeks": 2.3215510736918077e-05, "Sideburns": 0.0012161516351625323, "Smiling": 0.6639037132263184, "Straight_Hair": 0.00879921019077301, "Wavy_Hair": 0.0025309028569608927, "Wearing_Earrings": 0.0020178910344839096, "Wearing_Hat": 0.0008214833214879036, "Wearing_Lipstick": 0.00021795446809846908, "Wearing_Necklace": 0.0021095210686326027, "Wearing_Necktie": 0.0031835276167839766, "Young": 0.634524941444397, "df_race": "black", "df_race_prob": 48.54642442145493, "df_gender": "Man", "df_gender_prob": 99.95965361595154, "df_age": 27, "df_emotion": "happy", "df_emotion_prob": 99.55258965492249}