{"name": "Robert_De_Niro_0002.jpg", "5_o_Clock_Shadow": 0.00436716852709651, "Arched_Eyebrows": 0.016733763739466667, "Attractive": 0.015353009104728699, "Bags_Under_Eyes": 0.11313481628894806, "Bald": 0.005591831170022488, "Bangs": 0.00043370650382712483, "Big_Lips": 0.002147957682609558, "Big_Nose": 0.10017615556716919, "Black_Hair": 0.005400523543357849, "Blond_Hair": 0.0017526745796203613, "Blurry": 0.11511561274528503, "Brown_Hair": 0.004092067014425993, "Bushy_Eyebrows": 0.046509020030498505, "Chubby": 0.06387535482645035, "Double_Chin": 0.06065450981259346, "Eyeglasses": 0.0032314290292561054, "Goatee": 0.02687041647732258, "Gray_Hair": 0.708028256893158, "Heavy_Makeup": 0.0003945037897210568, "High_Cheekbones": 0.08085945248603821, "Male": 0.9989878535270691, "Mouth_Slightly_Open": 0.022621585056185722, "Mustache": 0.9069176316261292, "Narrow_Eyes": 0.18811996281147003, "No_Beard": 0.028122153133153915, "Oval_Face": 0.36830779910087585, "Pale_Skin": 0.007821215316653252, "Pointy_Nose": 0.43559280037879944, "Receding_Hairline": 0.11516232788562775, "Rosy_Cheeks": 0.001746120280586183, "Sideburns": 0.028299575671553612, "Smiling": 0.13716952502727509, "Straight_Hair": 0.09594585746526718, "Wavy_Hair": 0.02920442447066307, "Wearing_Earrings": 0.0006964526255615056, "Wearing_Hat": 0.0008019590750336647, "Wearing_Lipstick": 0.00028735498199239373, "Wearing_Necklace": 0.000756134104449302, "Wearing_Necktie": 0.47723495960235596, "Young": 0.03211294487118721, "df_race": "white", "df_race_prob": 50.57554244995117, "df_gender": "Man", "df_gender_prob": 99.9277412891388, "df_age": 49, "df_emotion": "sad", "df_emotion_prob": 84.97477590737056}