{"name": "Robert_Redford_0006.jpg", "5_o_Clock_Shadow": 0.00973314419388771, "Arched_Eyebrows": 0.0001820014585973695, "Attractive": 0.002811587415635586, "Bags_Under_Eyes": 0.14012938737869263, "Bald": 0.001394481398165226, "Bangs": 0.004416331648826599, "Big_Lips": 0.009040441364049911, "Big_Nose": 0.1572960466146469, "Black_Hair": 0.0005449869786389172, "Blond_Hair": 0.17901186645030975, "Blurry": 0.2539442181587219, "Brown_Hair": 0.013871453702449799, "Bushy_Eyebrows": 0.00021770523744635284, "Chubby": 0.02714494988322258, "Double_Chin": 0.014264832250773907, "Eyeglasses": 0.9857126474380493, "Goatee": 0.001292320666834712, "Gray_Hair": 0.6398321986198425, "Heavy_Makeup": 0.00010537870548432693, "High_Cheekbones": 0.008955741301178932, "Male": 0.9976429343223572, "Mouth_Slightly_Open": 0.339618444442749, "Mustache": 0.0019416449358686805, "Narrow_Eyes": 0.043287914246320724, "No_Beard": 0.9838115572929382, "Oval_Face": 0.07148071378469467, "Pale_Skin": 0.022474415600299835, "Pointy_Nose": 0.015313277021050453, "Receding_Hairline": 0.012559507973492146, "Rosy_Cheeks": 4.653200812754221e-05, "Sideburns": 0.0007984130061231554, "Smiling": 0.003738212399184704, "Straight_Hair": 0.072332963347435, "Wavy_Hair": 0.06955965608358383, "Wearing_Earrings": 0.0007306582410819829, "Wearing_Hat": 0.00026145364972762764, "Wearing_Lipstick": 0.00017856850172393024, "Wearing_Necklace": 0.002250201068818569, "Wearing_Necktie": 0.007999387569725513, "Young": 0.03441817685961723, "df_race": "white", "df_race_prob": 88.33714266572682, "df_gender": "Man", "df_gender_prob": 76.56750679016113, "df_age": 27, "df_emotion": "neutral", "df_emotion_prob": 48.69475960731506}