{"name": "Robert_Vowler_0001.jpg", "5_o_Clock_Shadow": 0.012080281041562557, "Arched_Eyebrows": 0.001190217211842537, "Attractive": 0.020515529438853264, "Bags_Under_Eyes": 0.15117819607257843, "Bald": 0.0007683932199142873, "Bangs": 0.001671567209996283, "Big_Lips": 0.00842550490051508, "Big_Nose": 0.031140226870775223, "Black_Hair": 0.020972929894924164, "Blond_Hair": 0.0044896868057549, "Blurry": 0.05647285655140877, "Brown_Hair": 0.10661960393190384, "Bushy_Eyebrows": 0.0014210037188604474, "Chubby": 0.039518702775239944, "Double_Chin": 0.024284817278385162, "Eyeglasses": 0.002280192682519555, "Goatee": 0.00042161750025115907, "Gray_Hair": 0.025348110124468803, "Heavy_Makeup": 0.00029916621861048043, "High_Cheekbones": 0.007968599908053875, "Male": 0.9981665015220642, "Mouth_Slightly_Open": 0.0744718685746193, "Mustache": 0.0005625128396786749, "Narrow_Eyes": 0.005685850512236357, "No_Beard": 0.9926635026931763, "Oval_Face": 0.26611414551734924, "Pale_Skin": 0.021672112867236137, "Pointy_Nose": 0.11647991836071014, "Receding_Hairline": 0.003960251342505217, "Rosy_Cheeks": 0.00012563163181766868, "Sideburns": 0.0012486600317060947, "Smiling": 0.002429120009765029, "Straight_Hair": 0.8606884479522705, "Wavy_Hair": 0.0016043336363509297, "Wearing_Earrings": 0.0004033465520478785, "Wearing_Hat": 0.0006173115689307451, "Wearing_Lipstick": 0.00033613655250519514, "Wearing_Necklace": 0.00015327450819313526, "Wearing_Necktie": 0.6078659296035767, "Young": 0.11677312850952148, "df_race": "white", "df_race_prob": 67.93442368507385, "df_gender": "Man", "df_gender_prob": 99.99608993530273, "df_age": 40, "df_emotion": "sad", "df_emotion_prob": 74.14735555648804}