{"name": "Robert_Altman_0001.jpg", "5_o_Clock_Shadow": 0.004965417552739382, "Arched_Eyebrows": 0.0006748330197297037, "Attractive": 0.003091848688200116, "Bags_Under_Eyes": 0.5910857915878296, "Bald": 0.9643492698669434, "Bangs": 0.0017328951507806778, "Big_Lips": 0.005960441194474697, "Big_Nose": 0.3331678509712219, "Black_Hair": 0.0008161048172041774, "Blond_Hair": 0.00302420393563807, "Blurry": 0.027551673352718353, "Brown_Hair": 0.0013699136907234788, "Bushy_Eyebrows": 0.0013763451715931296, "Chubby": 0.43054908514022827, "Double_Chin": 0.46066099405288696, "Eyeglasses": 0.012010898441076279, "Goatee": 0.12762166559696198, "Gray_Hair": 0.8495901226997375, "Heavy_Makeup": 0.00019769897335208952, "High_Cheekbones": 0.028600843623280525, "Male": 0.9996142387390137, "Mouth_Slightly_Open": 0.34595322608947754, "Mustache": 0.760791540145874, "Narrow_Eyes": 0.6490732431411743, "No_Beard": 0.13234251737594604, "Oval_Face": 0.1871146708726883, "Pale_Skin": 0.028758816421031952, "Pointy_Nose": 0.1045050323009491, "Receding_Hairline": 0.436412513256073, "Rosy_Cheeks": 0.0010806641075760126, "Sideburns": 0.03368809074163437, "Smiling": 0.037603527307510376, "Straight_Hair": 0.02251203916966915, "Wavy_Hair": 0.0012273910688236356, "Wearing_Earrings": 0.0034885441418737173, "Wearing_Hat": 0.002641386352479458, "Wearing_Lipstick": 0.0002679031458683312, "Wearing_Necklace": 0.0006235238397493958, "Wearing_Necktie": 0.5560709834098816, "Young": 0.008883542381227016, "df_race": "white", "df_race_prob": 50.1509428024292, "df_gender": "Man", "df_gender_prob": 99.59864020347595, "df_age": 54, "df_emotion": "sad", "df_emotion_prob": 54.80341911315918}