{"name": "Robert_Duvall_0001.jpg", "5_o_Clock_Shadow": 0.007180953398346901, "Arched_Eyebrows": 0.00042978551937267184, "Attractive": 0.023292699828743935, "Bags_Under_Eyes": 0.1948169618844986, "Bald": 0.7881783843040466, "Bangs": 0.0010640677064657211, "Big_Lips": 0.0033330542501062155, "Big_Nose": 0.15774326026439667, "Black_Hair": 0.002154182642698288, "Blond_Hair": 0.005021652672439814, "Blurry": 0.024928485974669456, "Brown_Hair": 0.0058474428951740265, "Bushy_Eyebrows": 0.0003974214196205139, "Chubby": 0.07921630889177322, "Double_Chin": 0.05383024737238884, "Eyeglasses": 0.0031892312690615654, "Goatee": 0.001499180099926889, "Gray_Hair": 0.27711835503578186, "Heavy_Makeup": 0.0002808938443195075, "High_Cheekbones": 0.020995967090129852, "Male": 0.9990599751472473, "Mouth_Slightly_Open": 0.0018790102330967784, "Mustache": 0.0006516957655549049, "Narrow_Eyes": 0.0383131168782711, "No_Beard": 0.9922789335250854, "Oval_Face": 0.21204911172389984, "Pale_Skin": 0.035230256617069244, "Pointy_Nose": 0.3271954357624054, "Receding_Hairline": 0.2722446918487549, "Rosy_Cheeks": 0.00024532340466976166, "Sideburns": 0.0017158426344394684, "Smiling": 0.015870150178670883, "Straight_Hair": 0.009695704095065594, "Wavy_Hair": 0.0028522980865091085, "Wearing_Earrings": 0.0012700470397248864, "Wearing_Hat": 0.001501324470154941, "Wearing_Lipstick": 0.000496544293127954, "Wearing_Necklace": 0.0002380538935540244, "Wearing_Necktie": 0.7001274824142456, "Young": 0.016530688852071762, "df_race": "white", "df_race_prob": 87.2486412525177, "df_gender": "Man", "df_gender_prob": 99.98260140419006, "df_age": 42, "df_emotion": "neutral", "df_emotion_prob": 44.451904296875}