{"name": "Robert_Gallo_0001.jpg", "5_o_Clock_Shadow": 0.0038169571198523045, "Arched_Eyebrows": 0.004676213022321463, "Attractive": 0.00147980113979429, "Bags_Under_Eyes": 0.6260160803794861, "Bald": 0.02486361749470234, "Bangs": 8.998815610539168e-05, "Big_Lips": 0.0054984791204333305, "Big_Nose": 0.3989027142524719, "Black_Hair": 0.007164433132857084, "Blond_Hair": 0.0017584958113729954, "Blurry": 0.04078701138496399, "Brown_Hair": 0.004508780315518379, "Bushy_Eyebrows": 0.0024761517997831106, "Chubby": 0.04058597981929779, "Double_Chin": 0.02622385323047638, "Eyeglasses": 0.022617796435952187, "Goatee": 0.004834436345845461, "Gray_Hair": 0.2730341851711273, "Heavy_Makeup": 5.9981142840115353e-05, "High_Cheekbones": 0.02287282422184944, "Male": 0.9977139234542847, "Mouth_Slightly_Open": 0.3840000331401825, "Mustache": 0.008077044039964676, "Narrow_Eyes": 0.04542483016848564, "No_Beard": 0.9384815692901611, "Oval_Face": 0.07590587437152863, "Pale_Skin": 0.005285046994686127, "Pointy_Nose": 0.017399022355675697, "Receding_Hairline": 0.7481845617294312, "Rosy_Cheeks": 4.2619049054337665e-05, "Sideburns": 0.002736917231231928, "Smiling": 0.003299794625490904, "Straight_Hair": 0.21438777446746826, "Wavy_Hair": 0.0005795948673039675, "Wearing_Earrings": 0.0010492996079847217, "Wearing_Hat": 0.0001923287200042978, "Wearing_Lipstick": 0.00013728864723816514, "Wearing_Necklace": 0.00025123325758613646, "Wearing_Necktie": 0.04743706434965134, "Young": 0.007871155627071857, "df_race": "latino hispanic", "df_race_prob": 31.535431742668152, "df_gender": "Man", "df_gender_prob": 99.94766116142273, "df_age": 45, "df_emotion": "neutral", "df_emotion_prob": 48.394399881362915}