{"name": "Robert_Hanssen_0001.jpg", "5_o_Clock_Shadow": 0.006907235365360975, "Arched_Eyebrows": 0.024669159203767776, "Attractive": 0.0670999214053154, "Bags_Under_Eyes": 0.3315361738204956, "Bald": 0.0013195315841585398, "Bangs": 0.0018126035574823618, "Big_Lips": 0.03530636429786682, "Big_Nose": 0.2547966539859772, "Black_Hair": 0.0044472310692071915, "Blond_Hair": 0.0103199053555727, "Blurry": 0.045347657054662704, "Brown_Hair": 0.008018054999411106, "Bushy_Eyebrows": 0.027554256841540337, "Chubby": 0.05832914263010025, "Double_Chin": 0.07441794127225876, "Eyeglasses": 0.0006533309351652861, "Goatee": 0.0001713036181172356, "Gray_Hair": 0.38634562492370605, "Heavy_Makeup": 0.0006859667482785881, "High_Cheekbones": 0.44867992401123047, "Male": 0.9990524649620056, "Mouth_Slightly_Open": 0.9980009198188782, "Mustache": 0.0005525582237169147, "Narrow_Eyes": 0.06938445568084717, "No_Beard": 0.9973717927932739, "Oval_Face": 0.2934826612472534, "Pale_Skin": 0.09022485464811325, "Pointy_Nose": 0.024640176445245743, "Receding_Hairline": 0.0027689896523952484, "Rosy_Cheeks": 0.0003386284806765616, "Sideburns": 0.00021688312699552625, "Smiling": 0.9887070655822754, "Straight_Hair": 0.7617349028587341, "Wavy_Hair": 0.005437926389276981, "Wearing_Earrings": 0.0008424399420619011, "Wearing_Hat": 0.00034276070073246956, "Wearing_Lipstick": 0.0014491353649646044, "Wearing_Necklace": 0.0003912417159881443, "Wearing_Necktie": 0.26824235916137695, "Young": 0.025332877412438393, "df_race": "white", "df_race_prob": 78.92922163009644, "df_gender": "Man", "df_gender_prob": 99.97883439064026, "df_age": 36, "df_emotion": "happy", "df_emotion_prob": 95.2085793018341}