{"name": "Robert_DeFraites_0001.jpg", "5_o_Clock_Shadow": 0.0067881313152611256, "Arched_Eyebrows": 0.0010890621924772859, "Attractive": 0.006684578955173492, "Bags_Under_Eyes": 0.008086677640676498, "Bald": 0.001327934442088008, "Bangs": 0.0010819033486768603, "Big_Lips": 0.10076110810041428, "Big_Nose": 0.051074497401714325, "Black_Hair": 0.01003456674516201, "Blond_Hair": 0.011931750923395157, "Blurry": 0.04473141208291054, "Brown_Hair": 0.04206766188144684, "Bushy_Eyebrows": 0.003751651383936405, "Chubby": 0.02768060564994812, "Double_Chin": 0.009354851208627224, "Eyeglasses": 0.9784669876098633, "Goatee": 0.00038066631532274187, "Gray_Hair": 0.034604512155056, "Heavy_Makeup": 0.0009430372738279402, "High_Cheekbones": 0.0606781542301178, "Male": 0.9928697943687439, "Mouth_Slightly_Open": 0.14975127577781677, "Mustache": 0.0016331466613337398, "Narrow_Eyes": 0.02189008519053459, "No_Beard": 0.9941771030426025, "Oval_Face": 0.10205306857824326, "Pale_Skin": 0.022026732563972473, "Pointy_Nose": 0.022547557950019836, "Receding_Hairline": 0.0029229007195681334, "Rosy_Cheeks": 0.00015256133337970823, "Sideburns": 0.00020770418632309884, "Smiling": 0.0018972199177369475, "Straight_Hair": 0.667594313621521, "Wavy_Hair": 0.005272533278912306, "Wearing_Earrings": 0.0009731894242577255, "Wearing_Hat": 0.0007375768036581576, "Wearing_Lipstick": 0.0015720863593742251, "Wearing_Necklace": 0.0004245766904205084, "Wearing_Necktie": 0.30622950196266174, "Young": 0.029768334701657295, "df_race": "latino hispanic", "df_race_prob": 32.706692814826965, "df_gender": "Man", "df_gender_prob": 99.99924898147583, "df_age": 40, "df_emotion": "neutral", "df_emotion_prob": 86.97256005137443}