{"name": "Robert_Pollack_0001.jpg", "5_o_Clock_Shadow": 0.06833521276712418, "Arched_Eyebrows": 0.0014202663442119956, "Attractive": 0.03940281271934509, "Bags_Under_Eyes": 0.3620857298374176, "Bald": 0.000638105848338455, "Bangs": 0.0059282477013766766, "Big_Lips": 0.03222900256514549, "Big_Nose": 0.521500825881958, "Black_Hair": 0.006816299632191658, "Blond_Hair": 0.00899207592010498, "Blurry": 0.5804485082626343, "Brown_Hair": 0.1318286508321762, "Bushy_Eyebrows": 0.0009217892657034099, "Chubby": 0.3319832682609558, "Double_Chin": 0.2531552016735077, "Eyeglasses": 0.0009925138438120484, "Goatee": 0.0008599931024946272, "Gray_Hair": 0.025206541642546654, "Heavy_Makeup": 0.0003635497123468667, "High_Cheekbones": 0.840508759021759, "Male": 0.9917812943458557, "Mouth_Slightly_Open": 0.5168594121932983, "Mustache": 0.001498837023973465, "Narrow_Eyes": 0.48646610975265503, "No_Beard": 0.9792733192443848, "Oval_Face": 0.28681403398513794, "Pale_Skin": 0.00491347024217248, "Pointy_Nose": 0.018439441919326782, "Receding_Hairline": 0.0015068472130224109, "Rosy_Cheeks": 0.0002571554505266249, "Sideburns": 0.0014551259810104966, "Smiling": 0.9746749401092529, "Straight_Hair": 0.39095234870910645, "Wavy_Hair": 0.02503899671137333, "Wearing_Earrings": 0.0007816747529432178, "Wearing_Hat": 0.00131805834826082, "Wearing_Lipstick": 0.0002808052231557667, "Wearing_Necklace": 0.0012804210418835282, "Wearing_Necktie": 0.03693513572216034, "Young": 0.0954456552863121, "df_race": "white", "df_race_prob": 48.02232408257436, "df_gender": "Man", "df_gender_prob": 99.64777827262878, "df_age": 29, "df_emotion": "happy", "df_emotion_prob": 96.15983366966248}