{"name": "Robert_F_Kennedy_Jr_0001.jpg", "5_o_Clock_Shadow": 0.02384517714381218, "Arched_Eyebrows": 0.0005276717711240053, "Attractive": 0.019309652969241142, "Bags_Under_Eyes": 0.18800021708011627, "Bald": 0.0037781798746436834, "Bangs": 0.00019330788927618414, "Big_Lips": 0.006459124851971865, "Big_Nose": 0.08345583826303482, "Black_Hair": 0.0016201200196519494, "Blond_Hair": 0.0395415835082531, "Blurry": 0.1314346343278885, "Brown_Hair": 0.03958998620510101, "Bushy_Eyebrows": 0.0023064985871315002, "Chubby": 0.005455193109810352, "Double_Chin": 0.00933896005153656, "Eyeglasses": 0.0016925554955378175, "Goatee": 0.0007073116721585393, "Gray_Hair": 0.12223418056964874, "Heavy_Makeup": 0.0002780479262582958, "High_Cheekbones": 0.029788028448820114, "Male": 0.9995799660682678, "Mouth_Slightly_Open": 0.2177337408065796, "Mustache": 0.0007288755150511861, "Narrow_Eyes": 0.0032808908727020025, "No_Beard": 0.9898363947868347, "Oval_Face": 0.16073165833950043, "Pale_Skin": 0.01307247020304203, "Pointy_Nose": 0.046692024916410446, "Receding_Hairline": 0.19299282133579254, "Rosy_Cheeks": 7.598919910378754e-05, "Sideburns": 0.0016303719021379948, "Smiling": 0.006534239277243614, "Straight_Hair": 0.5139155387878418, "Wavy_Hair": 0.003473480697721243, "Wearing_Earrings": 0.00028318350086919963, "Wearing_Hat": 0.0002570709038991481, "Wearing_Lipstick": 0.00021113695402164012, "Wearing_Necklace": 0.00016280515410471708, "Wearing_Necktie": 0.5972997546195984, "Young": 0.08958865702152252, "df_race": "white", "df_race_prob": 100.0, "df_gender": "Man", "df_gender_prob": 99.99603033065796, "df_age": 35, "df_emotion": "angry", "df_emotion_prob": 93.12966465950012}