{"name": "Roberto_Robaina_0001.jpg", "5_o_Clock_Shadow": 0.0067436411045491695, "Arched_Eyebrows": 0.0006826320313848555, "Attractive": 0.005984733812510967, "Bags_Under_Eyes": 0.01637626439332962, "Bald": 0.002267748350277543, "Bangs": 0.0008169171051122248, "Big_Lips": 0.02964835800230503, "Big_Nose": 0.12082289904356003, "Black_Hair": 0.03724095970392227, "Blond_Hair": 0.0021865060552954674, "Blurry": 0.1989908665418625, "Brown_Hair": 0.024546658620238304, "Bushy_Eyebrows": 0.0030803049448877573, "Chubby": 0.1343640238046646, "Double_Chin": 0.08781790733337402, "Eyeglasses": 0.9958170056343079, "Goatee": 0.00031118496553972363, "Gray_Hair": 0.04927514120936394, "Heavy_Makeup": 0.0003367424360476434, "High_Cheekbones": 0.008825174532830715, "Male": 0.9977278113365173, "Mouth_Slightly_Open": 0.93072909116745, "Mustache": 0.0009441179572604597, "Narrow_Eyes": 0.006264984142035246, "No_Beard": 0.9956379532814026, "Oval_Face": 0.25976237654685974, "Pale_Skin": 0.03288410231471062, "Pointy_Nose": 0.019420592114329338, "Receding_Hairline": 0.009201276116073132, "Rosy_Cheeks": 0.00010673641372704878, "Sideburns": 0.00046656469930894673, "Smiling": 0.010867033153772354, "Straight_Hair": 0.4426359534263611, "Wavy_Hair": 0.007858773693442345, "Wearing_Earrings": 0.0009968882659450173, "Wearing_Hat": 0.0025908818934112787, "Wearing_Lipstick": 0.0006206695106811821, "Wearing_Necklace": 0.0008187348721548915, "Wearing_Necktie": 0.7422057390213013, "Young": 0.06148639693856239, "df_race": "white", "df_race_prob": 58.24502012192963, "df_gender": "Man", "df_gender_prob": 99.99189376831055, "df_age": 48, "df_emotion": "fear", "df_emotion_prob": 59.501779079437256}