{"name": "Robin_Cook_0001.jpg", "5_o_Clock_Shadow": 0.015320777893066406, "Arched_Eyebrows": 0.0009630518034100533, "Attractive": 0.0026111446786671877, "Bags_Under_Eyes": 0.668701171875, "Bald": 0.007187942508608103, "Bangs": 0.0007224279688671231, "Big_Lips": 0.005122370086610317, "Big_Nose": 0.6852758526802063, "Black_Hair": 0.0006966458167880774, "Blond_Hair": 0.01787620224058628, "Blurry": 0.03173268586397171, "Brown_Hair": 0.003282241988927126, "Bushy_Eyebrows": 0.0010739946737885475, "Chubby": 0.17484597861766815, "Double_Chin": 0.10823610424995422, "Eyeglasses": 0.005606013350188732, "Goatee": 0.19539982080459595, "Gray_Hair": 0.8552234768867493, "Heavy_Makeup": 9.495065751252696e-05, "High_Cheekbones": 0.05813349038362503, "Male": 0.9988471269607544, "Mouth_Slightly_Open": 0.01409396156668663, "Mustache": 0.09371694177389145, "Narrow_Eyes": 0.004735270049422979, "No_Beard": 0.2507081627845764, "Oval_Face": 0.15098492801189423, "Pale_Skin": 0.013943123631179333, "Pointy_Nose": 0.004259235691279173, "Receding_Hairline": 0.3218555450439453, "Rosy_Cheeks": 0.00018420298874843866, "Sideburns": 0.17670860886573792, "Smiling": 0.01872614026069641, "Straight_Hair": 0.3370632827281952, "Wavy_Hair": 0.0030815175268799067, "Wearing_Earrings": 0.0003489843220449984, "Wearing_Hat": 0.0005509452894330025, "Wearing_Lipstick": 5.170178701519035e-05, "Wearing_Necklace": 0.00029798687319271266, "Wearing_Necktie": 0.5578232407569885, "Young": 0.0052444059401750565, "df_race": "white", "df_race_prob": 52.95566040013196, "df_gender": "Man", "df_gender_prob": 99.99536275863647, "df_age": 52, "df_emotion": "angry", "df_emotion_prob": 62.609449780550584}