{"name": "Rod_Bryden_0001.jpg", "5_o_Clock_Shadow": 0.005297154188156128, "Arched_Eyebrows": 0.0010832042898982763, "Attractive": 0.003906398080289364, "Bags_Under_Eyes": 0.3097779154777527, "Bald": 0.16048355400562286, "Bangs": 0.000246016017626971, "Big_Lips": 0.0028311845380812883, "Big_Nose": 0.1944112330675125, "Black_Hair": 0.0016189658781513572, "Blond_Hair": 0.020219646394252777, "Blurry": 0.058282289654016495, "Brown_Hair": 0.002064281143248081, "Bushy_Eyebrows": 0.0004216116794850677, "Chubby": 0.10523313283920288, "Double_Chin": 0.0603652149438858, "Eyeglasses": 0.015336345881223679, "Goatee": 0.001888501225039363, "Gray_Hair": 0.8087038397789001, "Heavy_Makeup": 0.0001305471669184044, "High_Cheekbones": 0.018917320296168327, "Male": 0.9970698356628418, "Mouth_Slightly_Open": 0.029132630676031113, "Mustache": 0.0018973244586959481, "Narrow_Eyes": 0.09622860699892044, "No_Beard": 0.9828436374664307, "Oval_Face": 0.0810442641377449, "Pale_Skin": 0.21722546219825745, "Pointy_Nose": 0.011491491459310055, "Receding_Hairline": 0.895738422870636, "Rosy_Cheeks": 0.00012569980754051358, "Sideburns": 0.003730933414772153, "Smiling": 0.003244410501793027, "Straight_Hair": 0.11674724519252777, "Wavy_Hair": 0.0012780274264514446, "Wearing_Earrings": 0.000832980265840888, "Wearing_Hat": 0.0005435367347672582, "Wearing_Lipstick": 0.00013015090371482074, "Wearing_Necklace": 0.00023872009478509426, "Wearing_Necktie": 0.590648889541626, "Young": 0.011869294568896294, "df_race": "asian", "df_race_prob": 59.932565689086914, "df_gender": "Man", "df_gender_prob": 99.96744394302368, "df_age": 44, "df_emotion": "sad", "df_emotion_prob": 67.48765707015991}