{"name": "Rodrigo_Borja_0001.jpg", "5_o_Clock_Shadow": 0.007964948192238808, "Arched_Eyebrows": 0.0026581224519759417, "Attractive": 0.00850254762917757, "Bags_Under_Eyes": 0.34443944692611694, "Bald": 0.21218669414520264, "Bangs": 0.00010066926188301295, "Big_Lips": 0.005672215484082699, "Big_Nose": 0.3987772464752197, "Black_Hair": 0.0013556423364207149, "Blond_Hair": 0.012917408719658852, "Blurry": 0.08653725683689117, "Brown_Hair": 0.0032787886448204517, "Bushy_Eyebrows": 0.0007250285125337541, "Chubby": 0.12226779758930206, "Double_Chin": 0.32428285479545593, "Eyeglasses": 0.002467024140059948, "Goatee": 0.0009283671388402581, "Gray_Hair": 0.6213812232017517, "Heavy_Makeup": 8.243196498369798e-05, "High_Cheekbones": 0.221723735332489, "Male": 0.9987761378288269, "Mouth_Slightly_Open": 0.04323310777544975, "Mustache": 0.0013928170083090663, "Narrow_Eyes": 0.12584298849105835, "No_Beard": 0.9924923777580261, "Oval_Face": 0.25715580582618713, "Pale_Skin": 0.0510372593998909, "Pointy_Nose": 0.05347989499568939, "Receding_Hairline": 0.7501063346862793, "Rosy_Cheeks": 0.00016987400886137038, "Sideburns": 0.00097794143948704, "Smiling": 0.47187867760658264, "Straight_Hair": 0.07966935634613037, "Wavy_Hair": 0.0009578157914802432, "Wearing_Earrings": 0.0005700502661056817, "Wearing_Hat": 0.0002979672572109848, "Wearing_Lipstick": 0.00011268224625382572, "Wearing_Necklace": 0.00023961854458320886, "Wearing_Necktie": 0.7747994661331177, "Young": 0.02155289426445961, "df_race": "white", "df_race_prob": 64.17767405509949, "df_gender": "Man", "df_gender_prob": 99.9639630317688, "df_age": 45, "df_emotion": "happy", "df_emotion_prob": 99.7443437576294}