{"name": "Rodrigo_Rato_0001.jpg", "5_o_Clock_Shadow": 0.0039071571081876755, "Arched_Eyebrows": 0.015480448491871357, "Attractive": 0.011210539378225803, "Bags_Under_Eyes": 0.22608137130737305, "Bald": 0.44886526465415955, "Bangs": 0.0008566920878365636, "Big_Lips": 0.0038022699300199747, "Big_Nose": 0.24781081080436707, "Black_Hair": 0.0012294574407860637, "Blond_Hair": 0.005204613320529461, "Blurry": 0.011264033615589142, "Brown_Hair": 0.002234499668702483, "Bushy_Eyebrows": 0.0019360828446224332, "Chubby": 0.03932664915919304, "Double_Chin": 0.017971107736229897, "Eyeglasses": 0.0018219529883936048, "Goatee": 0.0005188701907172799, "Gray_Hair": 0.4407964050769806, "Heavy_Makeup": 0.0001801840990083292, "High_Cheekbones": 0.024237466976046562, "Male": 0.9966475367546082, "Mouth_Slightly_Open": 0.0030124220065772533, "Mustache": 0.0007138962973840535, "Narrow_Eyes": 0.007726111449301243, "No_Beard": 0.9946594834327698, "Oval_Face": 0.25223663449287415, "Pale_Skin": 0.1517602801322937, "Pointy_Nose": 0.012577520683407784, "Receding_Hairline": 0.44972899556159973, "Rosy_Cheeks": 7.612192712258548e-05, "Sideburns": 0.0015106709906831384, "Smiling": 0.00415422348305583, "Straight_Hair": 0.02895454876124859, "Wavy_Hair": 0.0010445701191201806, "Wearing_Earrings": 0.0007637205417267978, "Wearing_Hat": 0.0011087186867371202, "Wearing_Lipstick": 0.00020376262546051294, "Wearing_Necklace": 0.00019851724209729582, "Wearing_Necktie": 0.41720956563949585, "Young": 0.014827280305325985, "df_race": "white", "df_race_prob": 40.93648737290426, "df_gender": "Man", "df_gender_prob": 99.9983549118042, "df_age": 47, "df_emotion": "neutral", "df_emotion_prob": 89.02687430381775}