{"name": "Roel_Campos_0001.jpg", "5_o_Clock_Shadow": 0.02323301136493683, "Arched_Eyebrows": 0.041890598833560944, "Attractive": 0.04086829721927643, "Bags_Under_Eyes": 0.34952664375305176, "Bald": 0.009449411183595657, "Bangs": 0.0006363764987327158, "Big_Lips": 0.00985721219331026, "Big_Nose": 0.3932597041130066, "Black_Hair": 0.0043563260696828365, "Blond_Hair": 0.0062334975227713585, "Blurry": 0.11414627730846405, "Brown_Hair": 0.0011020854581147432, "Bushy_Eyebrows": 0.06582663208246231, "Chubby": 0.0538753904402256, "Double_Chin": 0.12046042829751968, "Eyeglasses": 0.00322812725789845, "Goatee": 0.0004804071213584393, "Gray_Hair": 0.6972846984863281, "Heavy_Makeup": 0.0010944944806396961, "High_Cheekbones": 0.9658516645431519, "Male": 0.9974562525749207, "Mouth_Slightly_Open": 0.967344343662262, "Mustache": 0.0018696693005040288, "Narrow_Eyes": 0.7928352355957031, "No_Beard": 0.983512818813324, "Oval_Face": 0.6016071438789368, "Pale_Skin": 0.006641496438533068, "Pointy_Nose": 0.2605432868003845, "Receding_Hairline": 0.3607921004295349, "Rosy_Cheeks": 0.0017889394657686353, "Sideburns": 0.001990491757169366, "Smiling": 0.9992778897285461, "Straight_Hair": 0.5579649806022644, "Wavy_Hair": 0.002805595053359866, "Wearing_Earrings": 0.0007202268461696804, "Wearing_Hat": 0.00010417876183055341, "Wearing_Lipstick": 0.001039939932525158, "Wearing_Necklace": 0.0006485169287770987, "Wearing_Necktie": 0.4729604423046112, "Young": 0.021172979846596718, "df_race": "middle eastern", "df_race_prob": 31.880246512904556, "df_gender": "Man", "df_gender_prob": 99.99171495437622, "df_age": 28, "df_emotion": "happy", "df_emotion_prob": 99.606907320846}