{"name": "Roger_Clemens_0001.jpg", "5_o_Clock_Shadow": 0.10079026222229004, "Arched_Eyebrows": 0.0006081883911974728, "Attractive": 0.007194918114691973, "Bags_Under_Eyes": 0.022973908111453056, "Bald": 0.00584864616394043, "Bangs": 0.0009975400753319263, "Big_Lips": 0.01595851592719555, "Big_Nose": 0.024758663028478622, "Black_Hair": 0.0005285055376589298, "Blond_Hair": 0.009215820580720901, "Blurry": 0.24705511331558228, "Brown_Hair": 0.006525225006043911, "Bushy_Eyebrows": 0.0008225670317187905, "Chubby": 0.26949065923690796, "Double_Chin": 0.13326258957386017, "Eyeglasses": 0.007272021379321814, "Goatee": 0.0031921688932925463, "Gray_Hair": 0.007614937145262957, "Heavy_Makeup": 0.0005516538512893021, "High_Cheekbones": 0.05955169349908829, "Male": 0.9957210421562195, "Mouth_Slightly_Open": 0.9758108854293823, "Mustache": 0.004687269683927298, "Narrow_Eyes": 0.08440861850976944, "No_Beard": 0.7492883801460266, "Oval_Face": 0.4157288670539856, "Pale_Skin": 0.050665583461523056, "Pointy_Nose": 0.017286546528339386, "Receding_Hairline": 0.0020888368599116802, "Rosy_Cheeks": 0.00019072895520366728, "Sideburns": 0.009667390026152134, "Smiling": 0.06738676130771637, "Straight_Hair": 0.004804649390280247, "Wavy_Hair": 0.005817132070660591, "Wearing_Earrings": 0.004131196532398462, "Wearing_Hat": 0.9875550866127014, "Wearing_Lipstick": 0.0003292973851785064, "Wearing_Necklace": 0.0016684661386534572, "Wearing_Necktie": 0.006145168095827103, "Young": 0.6595746874809265, "df_race": "white", "df_race_prob": 96.02726078195934, "df_gender": "Man", "df_gender_prob": 99.64637160301208, "df_age": 37, "df_emotion": "fear", "df_emotion_prob": 77.3362934589386}