{"name": "Roger_Clemens_0002.jpg", "5_o_Clock_Shadow": 0.21611608564853668, "Arched_Eyebrows": 0.0007351317326538265, "Attractive": 0.0074234940111637115, "Bags_Under_Eyes": 0.10626613348722458, "Bald": 0.007967213168740273, "Bangs": 0.001109204487875104, "Big_Lips": 0.07476870715618134, "Big_Nose": 0.08232202380895615, "Black_Hair": 0.0004602885455824435, "Blond_Hair": 0.013509907759726048, "Blurry": 0.18674208223819733, "Brown_Hair": 0.005138250533491373, "Bushy_Eyebrows": 0.0012116704601794481, "Chubby": 0.257681280374527, "Double_Chin": 0.2542663812637329, "Eyeglasses": 0.010674343444406986, "Goatee": 0.005274028982967138, "Gray_Hair": 0.007437307387590408, "Heavy_Makeup": 0.0006172294961288571, "High_Cheekbones": 0.31594762206077576, "Male": 0.9964718818664551, "Mouth_Slightly_Open": 0.9986762404441833, "Mustache": 0.010194431990385056, "Narrow_Eyes": 0.11238749325275421, "No_Beard": 0.6596360802650452, "Oval_Face": 0.4550372362136841, "Pale_Skin": 0.02152029238641262, "Pointy_Nose": 0.009824659675359726, "Receding_Hairline": 0.0021353643387556076, "Rosy_Cheeks": 0.0002174904802814126, "Sideburns": 0.010343413800001144, "Smiling": 0.5573147535324097, "Straight_Hair": 0.00614333339035511, "Wavy_Hair": 0.00413621636107564, "Wearing_Earrings": 0.007488523609936237, "Wearing_Hat": 0.98965984582901, "Wearing_Lipstick": 0.0008326743263751268, "Wearing_Necklace": 0.0021149939857423306, "Wearing_Necktie": 0.0061415922828018665, "Young": 0.7114114761352539, "df_race": "white", "df_race_prob": 79.98851776259926, "df_gender": "Man", "df_gender_prob": 99.87926483154297, "df_age": 29, "df_emotion": "happy", "df_emotion_prob": 99.99231100082397}