{"name": "Roger_Lyons_0001.jpg", "5_o_Clock_Shadow": 0.008345314301550388, "Arched_Eyebrows": 0.0008580666617490351, "Attractive": 0.006035432685166597, "Bags_Under_Eyes": 0.6752342581748962, "Bald": 0.8449565768241882, "Bangs": 0.001468258909881115, "Big_Lips": 0.005361538380384445, "Big_Nose": 0.5468114614486694, "Black_Hair": 0.0006547103985212743, "Blond_Hair": 0.006895822938531637, "Blurry": 0.040637366473674774, "Brown_Hair": 0.0009530649404041469, "Bushy_Eyebrows": 0.0009419521084055305, "Chubby": 0.6826925873756409, "Double_Chin": 0.7364314198493958, "Eyeglasses": 0.017724845558404922, "Goatee": 0.0010703447042033076, "Gray_Hair": 0.8504500389099121, "Heavy_Makeup": 0.000142465258250013, "High_Cheekbones": 0.15731026232242584, "Male": 0.9985975623130798, "Mouth_Slightly_Open": 0.017183737829327583, "Mustache": 0.0022601610980927944, "Narrow_Eyes": 0.3153841495513916, "No_Beard": 0.9886725544929504, "Oval_Face": 0.2446925789117813, "Pale_Skin": 0.14010688662528992, "Pointy_Nose": 0.02408144250512123, "Receding_Hairline": 0.1502709835767746, "Rosy_Cheeks": 0.0002586670161690563, "Sideburns": 0.0033854173962026834, "Smiling": 0.5038661360740662, "Straight_Hair": 0.012831616215407848, "Wavy_Hair": 0.002739822492003441, "Wearing_Earrings": 0.0007976244087330997, "Wearing_Hat": 0.002277995925396681, "Wearing_Lipstick": 0.00020101720292586833, "Wearing_Necklace": 0.0003118130553048104, "Wearing_Necktie": 0.7545316219329834, "Young": 0.011845086701214314, "df_race": "white", "df_race_prob": 98.69875923409948, "df_gender": "Man", "df_gender_prob": 99.97299313545227, "df_age": 46, "df_emotion": "happy", "df_emotion_prob": 89.16558558735761}