{"name": "Roger_Moore_0002.jpg", "5_o_Clock_Shadow": 0.008646821603178978, "Arched_Eyebrows": 0.00032990070758387446, "Attractive": 0.0029425928369164467, "Bags_Under_Eyes": 0.02073267474770546, "Bald": 0.005464809946715832, "Bangs": 0.000601338513661176, "Big_Lips": 0.004246463533490896, "Big_Nose": 0.10179369896650314, "Black_Hair": 0.01039890293031931, "Blond_Hair": 0.0034021190367639065, "Blurry": 0.1638934314250946, "Brown_Hair": 0.009325365535914898, "Bushy_Eyebrows": 0.00036947353510186076, "Chubby": 0.05911512300372124, "Double_Chin": 0.04975942149758339, "Eyeglasses": 0.988399863243103, "Goatee": 0.001012875116430223, "Gray_Hair": 0.31718143820762634, "Heavy_Makeup": 7.227632886497304e-05, "High_Cheekbones": 0.011976780369877815, "Male": 0.9970742464065552, "Mouth_Slightly_Open": 0.007266715634614229, "Mustache": 0.0033698445186018944, "Narrow_Eyes": 0.002514610765501857, "No_Beard": 0.9858483076095581, "Oval_Face": 0.06855624914169312, "Pale_Skin": 0.020198380574584007, "Pointy_Nose": 0.03627840057015419, "Receding_Hairline": 0.10781747847795486, "Rosy_Cheeks": 0.00011709851969499141, "Sideburns": 0.0010239473776891828, "Smiling": 0.0013336431002244353, "Straight_Hair": 0.5973250865936279, "Wavy_Hair": 0.0028221174143254757, "Wearing_Earrings": 0.0003121351473964751, "Wearing_Hat": 0.0006838933331891894, "Wearing_Lipstick": 0.00014680191816296428, "Wearing_Necklace": 0.00028418205329217017, "Wearing_Necktie": 0.6717674732208252, "Young": 0.017407363280653954, "df_race": "asian", "df_race_prob": 27.97417938709259, "df_gender": "Man", "df_gender_prob": 99.95790123939514, "df_age": 52, "df_emotion": "neutral", "df_emotion_prob": 99.37103386944734}