{"name": "Roger_Federer_0009.jpg", "5_o_Clock_Shadow": 0.32860898971557617, "Arched_Eyebrows": 0.003746484871953726, "Attractive": 0.21631507575511932, "Bags_Under_Eyes": 0.07825978100299835, "Bald": 0.0003121169866062701, "Bangs": 0.0003085339267272502, "Big_Lips": 0.010117323137819767, "Big_Nose": 0.13298499584197998, "Black_Hair": 0.0011130335042253137, "Blond_Hair": 0.3093743324279785, "Blurry": 0.20178385078907013, "Brown_Hair": 0.011342689394950867, "Bushy_Eyebrows": 0.006958100013434887, "Chubby": 0.006038079038262367, "Double_Chin": 0.002972264541313052, "Eyeglasses": 0.0004339093284215778, "Goatee": 0.0023665279150009155, "Gray_Hair": 0.008885638788342476, "Heavy_Makeup": 0.0003109417448285967, "High_Cheekbones": 0.1158825233578682, "Male": 0.9694471955299377, "Mouth_Slightly_Open": 0.01989571936428547, "Mustache": 0.0018195835873484612, "Narrow_Eyes": 0.14428764581680298, "No_Beard": 0.7961308360099792, "Oval_Face": 0.28045836091041565, "Pale_Skin": 0.02176024205982685, "Pointy_Nose": 0.02720109187066555, "Receding_Hairline": 0.02467479556798935, "Rosy_Cheeks": 5.1973325753351673e-05, "Sideburns": 0.004624554887413979, "Smiling": 0.5376694798469543, "Straight_Hair": 0.05728212371468544, "Wavy_Hair": 0.029050182551145554, "Wearing_Earrings": 0.0011571550276130438, "Wearing_Hat": 0.0010364826302975416, "Wearing_Lipstick": 0.0004267402400728315, "Wearing_Necklace": 0.001705723232589662, "Wearing_Necktie": 0.0014575959648936987, "Young": 0.9289119243621826, "df_race": "white", "df_race_prob": 63.56146769982961, "df_gender": "Man", "df_gender_prob": 99.97633099555969, "df_age": 25, "df_emotion": "angry", "df_emotion_prob": 72.63699173927307}