{"name": "Roger_Moore_0005.jpg", "5_o_Clock_Shadow": 0.0053931293077766895, "Arched_Eyebrows": 0.00015149166574701667, "Attractive": 0.0037834711838513613, "Bags_Under_Eyes": 0.5086592435836792, "Bald": 0.01547179464250803, "Bangs": 0.0007075162138789892, "Big_Lips": 0.014044955372810364, "Big_Nose": 0.1414341777563095, "Black_Hair": 0.0051140980795025826, "Blond_Hair": 0.00362243945710361, "Blurry": 0.09728465229272842, "Brown_Hair": 0.021696290001273155, "Bushy_Eyebrows": 0.0002985308528877795, "Chubby": 0.0577617846429348, "Double_Chin": 0.15327231585979462, "Eyeglasses": 0.9432788491249084, "Goatee": 0.0003797160170506686, "Gray_Hair": 0.4250848889350891, "Heavy_Makeup": 4.305759284761734e-05, "High_Cheekbones": 0.1422499418258667, "Male": 0.9985673427581787, "Mouth_Slightly_Open": 0.9798005223274231, "Mustache": 0.0008289984543807805, "Narrow_Eyes": 0.10995791852474213, "No_Beard": 0.9968830347061157, "Oval_Face": 0.04648839309811592, "Pale_Skin": 0.032278381288051605, "Pointy_Nose": 0.020738808438181877, "Receding_Hairline": 0.132152259349823, "Rosy_Cheeks": 7.046569226076826e-05, "Sideburns": 0.0004764776967931539, "Smiling": 0.5473157167434692, "Straight_Hair": 0.64385586977005, "Wavy_Hair": 0.001738842693157494, "Wearing_Earrings": 0.00042898557148873806, "Wearing_Hat": 0.00037120332126505673, "Wearing_Lipstick": 0.0001261935249203816, "Wearing_Necklace": 0.00039576771087013185, "Wearing_Necktie": 0.7124823927879333, "Young": 0.007613189984112978, "df_race": "white", "df_race_prob": 65.17865838750105, "df_gender": "Man", "df_gender_prob": 99.97747540473938, "df_age": 52, "df_emotion": "happy", "df_emotion_prob": 75.52945613861084}