{"name": "Roh_Moo-hyun_0031.jpg", "5_o_Clock_Shadow": 0.004220739472657442, "Arched_Eyebrows": 0.001855089096352458, "Attractive": 0.008675641380250454, "Bags_Under_Eyes": 0.20656992495059967, "Bald": 0.0011508623138070107, "Bangs": 0.0005454375059343874, "Big_Lips": 0.006928965449333191, "Big_Nose": 0.06869573146104813, "Black_Hair": 0.23366695642471313, "Blond_Hair": 0.00189281499478966, "Blurry": 0.049411460757255554, "Brown_Hair": 0.007206338457763195, "Bushy_Eyebrows": 0.0019492973806336522, "Chubby": 0.061589743942022324, "Double_Chin": 0.018289264291524887, "Eyeglasses": 0.004292887169867754, "Goatee": 0.0004866678500548005, "Gray_Hair": 0.07882138341665268, "Heavy_Makeup": 0.0002626912610139698, "High_Cheekbones": 0.5262210965156555, "Male": 0.9986338019371033, "Mouth_Slightly_Open": 0.9119224548339844, "Mustache": 0.0013453663559630513, "Narrow_Eyes": 0.0742650181055069, "No_Beard": 0.9960403442382812, "Oval_Face": 0.15043696761131287, "Pale_Skin": 0.007246407214552164, "Pointy_Nose": 0.01758989691734314, "Receding_Hairline": 0.005393679253757, "Rosy_Cheeks": 0.00021903817832935601, "Sideburns": 0.0005208120564930141, "Smiling": 0.21547524631023407, "Straight_Hair": 0.8355764150619507, "Wavy_Hair": 0.0030598132871091366, "Wearing_Earrings": 0.000672894180752337, "Wearing_Hat": 0.0004233547078911215, "Wearing_Lipstick": 0.00032144482247531414, "Wearing_Necklace": 0.00035510805901139975, "Wearing_Necktie": 0.7937755584716797, "Young": 0.012793687172234058, "df_race": "asian", "df_race_prob": 99.99837875366211, "df_gender": "Man", "df_gender_prob": 99.61233735084534, "df_age": 40, "df_emotion": "happy", "df_emotion_prob": 87.64665053168837}