{"name": "Roh_Moo-hyun_0011.jpg", "5_o_Clock_Shadow": 0.0023830365389585495, "Arched_Eyebrows": 0.0035092115867882967, "Attractive": 0.00587838189676404, "Bags_Under_Eyes": 0.3265889585018158, "Bald": 0.0020207217894494534, "Bangs": 0.0006782228010706604, "Big_Lips": 0.009701616130769253, "Big_Nose": 0.15754367411136627, "Black_Hair": 0.1562652736902237, "Blond_Hair": 0.004828376229852438, "Blurry": 0.053409188985824585, "Brown_Hair": 0.013715679757297039, "Bushy_Eyebrows": 0.0013383465120568871, "Chubby": 0.1269669532775879, "Double_Chin": 0.049489155411720276, "Eyeglasses": 0.005133139435201883, "Goatee": 0.00042949619819410145, "Gray_Hair": 0.04639285430312157, "Heavy_Makeup": 0.00016136106569319963, "High_Cheekbones": 0.44453173875808716, "Male": 0.9919677376747131, "Mouth_Slightly_Open": 0.9534412622451782, "Mustache": 0.0010401158360764384, "Narrow_Eyes": 0.43919509649276733, "No_Beard": 0.9979257583618164, "Oval_Face": 0.12066764384508133, "Pale_Skin": 0.03483857959508896, "Pointy_Nose": 0.0021196745801717043, "Receding_Hairline": 0.018347274512052536, "Rosy_Cheeks": 8.552255167160183e-05, "Sideburns": 0.0006088751251809299, "Smiling": 0.0766516625881195, "Straight_Hair": 0.8938206434249878, "Wavy_Hair": 0.002799198729917407, "Wearing_Earrings": 0.0010932403383776546, "Wearing_Hat": 0.0003276202187407762, "Wearing_Lipstick": 0.0003169782867189497, "Wearing_Necklace": 0.0012042714515700936, "Wearing_Necktie": 0.09906484931707382, "Young": 0.013117801398038864, "df_race": "asian", "df_race_prob": 99.95428323745728, "df_gender": "Man", "df_gender_prob": 99.88848567008972, "df_age": 39, "df_emotion": "sad", "df_emotion_prob": 45.815083384513855}