{"name": "Romario_Farias_0001.jpg", "5_o_Clock_Shadow": 0.11017975956201553, "Arched_Eyebrows": 0.029913658276200294, "Attractive": 0.05814438685774803, "Bags_Under_Eyes": 0.12516072392463684, "Bald": 0.0008923077839426696, "Bangs": 0.0001385596115142107, "Big_Lips": 0.02488410659134388, "Big_Nose": 0.16909664869308472, "Black_Hair": 0.009120296686887741, "Blond_Hair": 0.0038279627915471792, "Blurry": 0.29742327332496643, "Brown_Hair": 0.003994199447333813, "Bushy_Eyebrows": 0.27349403500556946, "Chubby": 0.007696040440350771, "Double_Chin": 0.0074387057684361935, "Eyeglasses": 0.0008146363543346524, "Goatee": 0.0002754954621195793, "Gray_Hair": 0.024337735027074814, "Heavy_Makeup": 0.000137733542942442, "High_Cheekbones": 0.1689721792936325, "Male": 0.998773992061615, "Mouth_Slightly_Open": 0.483397513628006, "Mustache": 0.0012990860268473625, "Narrow_Eyes": 0.005314878653734922, "No_Beard": 0.9604523181915283, "Oval_Face": 0.0847201868891716, "Pale_Skin": 0.025853928178548813, "Pointy_Nose": 0.056230220943689346, "Receding_Hairline": 0.02204653061926365, "Rosy_Cheeks": 4.2554151150397956e-05, "Sideburns": 0.001122657093219459, "Smiling": 0.5727245211601257, "Straight_Hair": 0.1514444500207901, "Wavy_Hair": 0.002716692630201578, "Wearing_Earrings": 0.001205515000037849, "Wearing_Hat": 0.0020070576574653387, "Wearing_Lipstick": 0.00025384759646840394, "Wearing_Necklace": 0.0005153847741894424, "Wearing_Necktie": 0.05225987359881401, "Young": 0.38636013865470886, "df_race": "latino hispanic", "df_race_prob": 32.0408970117569, "df_gender": "Man", "df_gender_prob": 99.87351298332214, "df_age": 38, "df_emotion": "happy", "df_emotion_prob": 65.95020294189453}