{"name": "Romano_Prodi_0004.jpg", "5_o_Clock_Shadow": 0.006095482036471367, "Arched_Eyebrows": 0.00015416125825140625, "Attractive": 0.005381414666771889, "Bags_Under_Eyes": 0.010824385099112988, "Bald": 0.0024713638704270124, "Bangs": 0.00015051716763991863, "Big_Lips": 0.014105374924838543, "Big_Nose": 0.04164338484406471, "Black_Hair": 0.017329204827547073, "Blond_Hair": 0.0014861907111480832, "Blurry": 0.1552262306213379, "Brown_Hair": 0.027756109833717346, "Bushy_Eyebrows": 0.0008710672846063972, "Chubby": 0.016983017325401306, "Double_Chin": 0.016871435567736626, "Eyeglasses": 0.9439623355865479, "Goatee": 0.0013009302783757448, "Gray_Hair": 0.030236000195145607, "Heavy_Makeup": 0.00030739972135052085, "High_Cheekbones": 0.02048371359705925, "Male": 0.9970335960388184, "Mouth_Slightly_Open": 0.7233443260192871, "Mustache": 0.0014808711130172014, "Narrow_Eyes": 0.022547822445631027, "No_Beard": 0.9841852784156799, "Oval_Face": 0.06929296255111694, "Pale_Skin": 0.010328274220228195, "Pointy_Nose": 0.06750519573688507, "Receding_Hairline": 0.0537894144654274, "Rosy_Cheeks": 5.8927689678967e-05, "Sideburns": 0.0005268111708573997, "Smiling": 0.015272898599505424, "Straight_Hair": 0.37064966559410095, "Wavy_Hair": 0.0021837905514985323, "Wearing_Earrings": 0.0006998024764470756, "Wearing_Hat": 0.0013661874691024423, "Wearing_Lipstick": 0.00039295456372201443, "Wearing_Necklace": 0.00043713621562346816, "Wearing_Necktie": 0.15774117410182953, "Young": 0.035459429025650024, "df_race": "white", "df_race_prob": 69.07791907059664, "df_gender": "Man", "df_gender_prob": 99.9904990196228, "df_age": 52, "df_emotion": "angry", "df_emotion_prob": 98.52392655896266}