{"name": "Roman_Polanski_0002.jpg", "5_o_Clock_Shadow": 0.008414123207330704, "Arched_Eyebrows": 0.0008520642877556384, "Attractive": 0.01305866613984108, "Bags_Under_Eyes": 0.15595190227031708, "Bald": 0.0022811181843280792, "Bangs": 0.0015248698182404041, "Big_Lips": 0.009017759934067726, "Big_Nose": 0.26539063453674316, "Black_Hair": 0.000595809833612293, "Blond_Hair": 0.033777497708797455, "Blurry": 0.06705675274133682, "Brown_Hair": 0.023902755230665207, "Bushy_Eyebrows": 3.467589704087004e-05, "Chubby": 0.03279818594455719, "Double_Chin": 0.05870833620429039, "Eyeglasses": 0.007569088600575924, "Goatee": 0.0004887813120149076, "Gray_Hair": 0.6119821667671204, "Heavy_Makeup": 5.977398541290313e-05, "High_Cheekbones": 0.03542767092585564, "Male": 0.9984533786773682, "Mouth_Slightly_Open": 0.02017124742269516, "Mustache": 0.0006140308687463403, "Narrow_Eyes": 0.051068488508462906, "No_Beard": 0.9921693205833435, "Oval_Face": 0.09206017851829529, "Pale_Skin": 0.1435472071170807, "Pointy_Nose": 0.025717124342918396, "Receding_Hairline": 0.053446441888809204, "Rosy_Cheeks": 0.00013711556675843894, "Sideburns": 0.000804297043941915, "Smiling": 0.013257897458970547, "Straight_Hair": 0.0955943688750267, "Wavy_Hair": 0.0329524464905262, "Wearing_Earrings": 0.0006971386028453708, "Wearing_Hat": 0.00023692625109106302, "Wearing_Lipstick": 0.00013829600356984884, "Wearing_Necklace": 0.000688261934556067, "Wearing_Necktie": 0.6298519968986511, "Young": 0.0469648651778698, "df_race": "white", "df_race_prob": 98.6383318901062, "df_gender": "Man", "df_gender_prob": 99.9724805355072, "df_age": 54, "df_emotion": "neutral", "df_emotion_prob": 53.060102462768555}