{"name": "Romano_Prodi_0001.jpg", "5_o_Clock_Shadow": 0.0036686898674815893, "Arched_Eyebrows": 0.00699557876214385, "Attractive": 0.0012382970890030265, "Bags_Under_Eyes": 0.04417106881737709, "Bald": 0.002717853058129549, "Bangs": 0.0005412700120359659, "Big_Lips": 0.0030458373948931694, "Big_Nose": 0.15397879481315613, "Black_Hair": 0.02081397734582424, "Blond_Hair": 0.0018995726713910699, "Blurry": 0.3942990303039551, "Brown_Hair": 0.02035813219845295, "Bushy_Eyebrows": 0.07119916379451752, "Chubby": 0.5163838863372803, "Double_Chin": 0.49563777446746826, "Eyeglasses": 0.9839032888412476, "Goatee": 0.0009692887542769313, "Gray_Hair": 0.6384786367416382, "Heavy_Makeup": 0.0004495960602071136, "High_Cheekbones": 0.018236912786960602, "Male": 0.9945040941238403, "Mouth_Slightly_Open": 0.11962734162807465, "Mustache": 0.005515675526112318, "Narrow_Eyes": 0.068318672478199, "No_Beard": 0.9789751768112183, "Oval_Face": 0.11424985527992249, "Pale_Skin": 0.021107252687215805, "Pointy_Nose": 0.008721754886209965, "Receding_Hairline": 0.10964496433734894, "Rosy_Cheeks": 0.00022470649855677038, "Sideburns": 0.0007069120183587074, "Smiling": 0.019188929349184036, "Straight_Hair": 0.43336811661720276, "Wavy_Hair": 0.016288673505187035, "Wearing_Earrings": 0.0004961766535416245, "Wearing_Hat": 0.0009007980697788298, "Wearing_Lipstick": 0.0002644369378685951, "Wearing_Necklace": 0.0008322805515490472, "Wearing_Necktie": 0.8205957412719727, "Young": 0.008954403921961784, "df_race": "middle eastern", "df_race_prob": 26.208502054214478, "df_gender": "Man", "df_gender_prob": 81.70377016067505, "df_age": 32, "df_emotion": "sad", "df_emotion_prob": 95.9394097328186}