{"name": "Ronald_Harwood_0001.jpg", "5_o_Clock_Shadow": 0.0016964481910690665, "Arched_Eyebrows": 0.00036335308686830103, "Attractive": 0.0017233709804713726, "Bags_Under_Eyes": 0.2621973752975464, "Bald": 0.2826877534389496, "Bangs": 0.00030536288977600634, "Big_Lips": 0.02084255777299404, "Big_Nose": 0.5591045022010803, "Black_Hair": 0.0015288987196981907, "Blond_Hair": 0.010700005106627941, "Blurry": 0.05887124687433243, "Brown_Hair": 0.0010467382380738854, "Bushy_Eyebrows": 0.0007792591350153089, "Chubby": 0.5037360191345215, "Double_Chin": 0.5171218514442444, "Eyeglasses": 0.9795030355453491, "Goatee": 0.00044717686250805855, "Gray_Hair": 0.8891820907592773, "Heavy_Makeup": 0.00019046796660404652, "High_Cheekbones": 0.1250050663948059, "Male": 0.9980395436286926, "Mouth_Slightly_Open": 0.8316178321838379, "Mustache": 0.0009027562336996198, "Narrow_Eyes": 0.058156900107860565, "No_Beard": 0.996178388595581, "Oval_Face": 0.26512691378593445, "Pale_Skin": 0.12190850079059601, "Pointy_Nose": 0.009040996432304382, "Receding_Hairline": 0.8374325037002563, "Rosy_Cheeks": 0.0001651296770432964, "Sideburns": 0.0006919538136571646, "Smiling": 0.6536197066307068, "Straight_Hair": 0.09169904887676239, "Wavy_Hair": 0.001985376700758934, "Wearing_Earrings": 0.0007185873691923916, "Wearing_Hat": 0.00023061530373524874, "Wearing_Lipstick": 0.0008362093940377235, "Wearing_Necklace": 0.0005422115791589022, "Wearing_Necktie": 0.7192913293838501, "Young": 0.005285267718136311, "df_race": "white", "df_race_prob": 96.6273246185377, "df_gender": "Man", "df_gender_prob": 99.9255359172821, "df_age": 50, "df_emotion": "neutral", "df_emotion_prob": 61.05293399411047}