{"name": "Ronde_Barber_0001.jpg", "5_o_Clock_Shadow": 0.03566548600792885, "Arched_Eyebrows": 0.007000290788710117, "Attractive": 0.018590429797768593, "Bags_Under_Eyes": 0.00877284538000822, "Bald": 0.8330996036529541, "Bangs": 0.0016452168347314, "Big_Lips": 0.3836337924003601, "Big_Nose": 0.4547184705734253, "Black_Hair": 0.00536909606307745, "Blond_Hair": 0.003684018040075898, "Blurry": 0.040588267147541046, "Brown_Hair": 0.0013341595185920596, "Bushy_Eyebrows": 0.1264808475971222, "Chubby": 0.03489820286631584, "Double_Chin": 0.0029504939448088408, "Eyeglasses": 0.0014245103811845183, "Goatee": 0.008457638323307037, "Gray_Hair": 0.004080755170434713, "Heavy_Makeup": 0.0006000834982842207, "High_Cheekbones": 0.05977223813533783, "Male": 0.9985382556915283, "Mouth_Slightly_Open": 0.5538118481636047, "Mustache": 0.011949309147894382, "Narrow_Eyes": 0.04794305935502052, "No_Beard": 0.8742382526397705, "Oval_Face": 0.32996705174446106, "Pale_Skin": 0.004002590663731098, "Pointy_Nose": 0.017367558553814888, "Receding_Hairline": 0.012403336353600025, "Rosy_Cheeks": 6.675406621070579e-05, "Sideburns": 0.003284744918346405, "Smiling": 0.0028005503118038177, "Straight_Hair": 0.0005983650335110724, "Wavy_Hair": 0.003284072270616889, "Wearing_Earrings": 0.004105052910745144, "Wearing_Hat": 0.0028769320342689753, "Wearing_Lipstick": 0.0010200187098234892, "Wearing_Necklace": 0.0035915321204811335, "Wearing_Necktie": 0.0031264338176697493, "Young": 0.8942761421203613, "df_race": "black", "df_race_prob": 98.79269018260358, "df_gender": "Man", "df_gender_prob": 99.97290968894958, "df_age": 24, "df_emotion": "neutral", "df_emotion_prob": 65.41714072227478}