{"name": "Ronnie_Jagday_0001.jpg", "5_o_Clock_Shadow": 0.18666191399097443, "Arched_Eyebrows": 0.0010143694235011935, "Attractive": 0.03087858483195305, "Bags_Under_Eyes": 0.017323700711131096, "Bald": 0.00047038032789714634, "Bangs": 0.0030921059660613537, "Big_Lips": 0.0012547904625535011, "Big_Nose": 0.022979913279414177, "Black_Hair": 0.006464607547968626, "Blond_Hair": 0.0053954338654875755, "Blurry": 0.23820574581623077, "Brown_Hair": 0.25399816036224365, "Bushy_Eyebrows": 0.008640897460281849, "Chubby": 0.002219602931290865, "Double_Chin": 0.0013704219600185752, "Eyeglasses": 0.001636837492696941, "Goatee": 0.0011989949271082878, "Gray_Hair": 0.005945897661149502, "Heavy_Makeup": 0.00023951804905664176, "High_Cheekbones": 0.018475070595741272, "Male": 0.9971369504928589, "Mouth_Slightly_Open": 0.016271665692329407, "Mustache": 0.0009534218697808683, "Narrow_Eyes": 0.10555648803710938, "No_Beard": 0.8987681865692139, "Oval_Face": 0.15635624527931213, "Pale_Skin": 0.0035026094410568476, "Pointy_Nose": 0.07160928100347519, "Receding_Hairline": 0.01973194070160389, "Rosy_Cheeks": 0.0001622132258489728, "Sideburns": 0.004483324941247702, "Smiling": 0.0077086021192371845, "Straight_Hair": 0.23631766438484192, "Wavy_Hair": 0.019036512821912766, "Wearing_Earrings": 0.0008546733297407627, "Wearing_Hat": 0.0003549072134774178, "Wearing_Lipstick": 6.641076470259577e-05, "Wearing_Necklace": 0.0009333351044915617, "Wearing_Necktie": 0.0009440333233214915, "Young": 0.8531017303466797, "df_race": "middle eastern", "df_race_prob": 61.82672381401062, "df_gender": "Man", "df_gender_prob": 99.99874830245972, "df_age": 29, "df_emotion": "neutral", "df_emotion_prob": 69.73662376403809}