{"name": "Roy_Moore_0006.jpg", "5_o_Clock_Shadow": 0.0037626619450747967, "Arched_Eyebrows": 0.000722576689440757, "Attractive": 0.003217998193576932, "Bags_Under_Eyes": 0.060556624084711075, "Bald": 0.05164273455739021, "Bangs": 0.00044681705185212195, "Big_Lips": 0.009488980285823345, "Big_Nose": 0.15228788554668427, "Black_Hair": 0.0016277529066428542, "Blond_Hair": 0.013114215806126595, "Blurry": 0.08632181584835052, "Brown_Hair": 0.0023610282223671675, "Bushy_Eyebrows": 0.0006760660908184946, "Chubby": 0.06494392454624176, "Double_Chin": 0.10741619020700455, "Eyeglasses": 0.9806078672409058, "Goatee": 0.0005505218869075179, "Gray_Hair": 0.43652814626693726, "Heavy_Makeup": 6.125200161477551e-05, "High_Cheekbones": 0.011308016255497932, "Male": 0.9976048469543457, "Mouth_Slightly_Open": 0.6740376949310303, "Mustache": 0.0013074633898213506, "Narrow_Eyes": 0.0641123354434967, "No_Beard": 0.9925124645233154, "Oval_Face": 0.10651155561208725, "Pale_Skin": 0.03961269184947014, "Pointy_Nose": 0.0065422048792243, "Receding_Hairline": 0.5492128729820251, "Rosy_Cheeks": 2.0299316020100378e-05, "Sideburns": 0.0008483903366141021, "Smiling": 0.07999066263437271, "Straight_Hair": 0.31220772862434387, "Wavy_Hair": 0.0010459222830832005, "Wearing_Earrings": 0.0007185352733358741, "Wearing_Hat": 0.00036311152507551014, "Wearing_Lipstick": 9.841318387771025e-05, "Wearing_Necklace": 0.0007478080806322396, "Wearing_Necktie": 0.7229067087173462, "Young": 0.016453923657536507, "df_race": "white", "df_race_prob": 51.68126821517944, "df_gender": "Man", "df_gender_prob": 99.88493919372559, "df_age": 38, "df_emotion": "happy", "df_emotion_prob": 98.49181789257312}