{"name": "Rudi_Voeller_0001.jpg", "5_o_Clock_Shadow": 0.07020105421543121, "Arched_Eyebrows": 0.001029452309012413, "Attractive": 0.021534021943807602, "Bags_Under_Eyes": 0.3583611249923706, "Bald": 0.002920465776696801, "Bangs": 0.002217784058302641, "Big_Lips": 0.004008118528872728, "Big_Nose": 0.759314775466919, "Black_Hair": 0.0028963261283934116, "Blond_Hair": 0.0453401654958725, "Blurry": 0.20076754689216614, "Brown_Hair": 0.0014330802951008081, "Bushy_Eyebrows": 0.0071825855411589146, "Chubby": 0.3441750705242157, "Double_Chin": 0.2692646086215973, "Eyeglasses": 0.006322423927485943, "Goatee": 0.002190016908571124, "Gray_Hair": 0.8131839632987976, "Heavy_Makeup": 0.00026943316333927214, "High_Cheekbones": 0.8340966701507568, "Male": 0.9923893809318542, "Mouth_Slightly_Open": 0.1960868388414383, "Mustache": 0.012422708794474602, "Narrow_Eyes": 0.7345554232597351, "No_Beard": 0.8330273032188416, "Oval_Face": 0.4821658730506897, "Pale_Skin": 0.07454478740692139, "Pointy_Nose": 0.01545387040823698, "Receding_Hairline": 0.008541220799088478, "Rosy_Cheeks": 0.00020609759667422622, "Sideburns": 0.009269879199564457, "Smiling": 0.9868988990783691, "Straight_Hair": 0.03674765303730965, "Wavy_Hair": 0.10644196718931198, "Wearing_Earrings": 0.0009076448041014373, "Wearing_Hat": 0.0011689405655488372, "Wearing_Lipstick": 0.00027502307784743607, "Wearing_Necklace": 0.0014725211076438427, "Wearing_Necktie": 0.005682074930518866, "Young": 0.04797861725091934, "df_race": "white", "df_race_prob": 96.65601293372954, "df_gender": "Man", "df_gender_prob": 99.99408721923828, "df_age": 46, "df_emotion": "happy", "df_emotion_prob": 93.92430258699625}