{"name": "Rudolph_Giuliani_0003.jpg", "5_o_Clock_Shadow": 0.00834553875029087, "Arched_Eyebrows": 0.0007626709993928671, "Attractive": 0.008008693344891071, "Bags_Under_Eyes": 0.1955200880765915, "Bald": 0.7839784622192383, "Bangs": 0.001144716632552445, "Big_Lips": 0.0034187391865998507, "Big_Nose": 0.2199430763721466, "Black_Hair": 0.0006952204857952893, "Blond_Hair": 0.011653664521872997, "Blurry": 0.10366933047771454, "Brown_Hair": 0.001976611092686653, "Bushy_Eyebrows": 0.001073696999810636, "Chubby": 0.051383741199970245, "Double_Chin": 0.04725847393274307, "Eyeglasses": 0.008378867991268635, "Goatee": 0.0022223705891519785, "Gray_Hair": 0.7260165810585022, "Heavy_Makeup": 0.0002296980528626591, "High_Cheekbones": 0.012792609632015228, "Male": 0.9982833862304688, "Mouth_Slightly_Open": 0.005681522656232119, "Mustache": 0.0017891397001221776, "Narrow_Eyes": 0.09596815705299377, "No_Beard": 0.9808300733566284, "Oval_Face": 0.10390977561473846, "Pale_Skin": 0.09582075476646423, "Pointy_Nose": 0.045030683279037476, "Receding_Hairline": 0.5423459410667419, "Rosy_Cheeks": 9.438275446882471e-05, "Sideburns": 0.004617347382009029, "Smiling": 0.005692113656550646, "Straight_Hair": 0.01392547320574522, "Wavy_Hair": 0.0019488910911604762, "Wearing_Earrings": 0.000609912967775017, "Wearing_Hat": 0.0007527514826506376, "Wearing_Lipstick": 0.00016605826385784894, "Wearing_Necklace": 0.0003752652264665812, "Wearing_Necktie": 0.7663816213607788, "Young": 0.014029571786522865, "df_race": "white", "df_race_prob": 87.20131516456604, "df_gender": "Man", "df_gender_prob": 99.92464780807495, "df_age": 24, "df_emotion": "sad", "df_emotion_prob": 54.179954528808594}