{"name": "Rudolph_Giuliani_0023.jpg", "5_o_Clock_Shadow": 0.02512725442647934, "Arched_Eyebrows": 0.005253543611615896, "Attractive": 0.018423834815621376, "Bags_Under_Eyes": 0.6642802357673645, "Bald": 0.7229772210121155, "Bangs": 0.0010230079060420394, "Big_Lips": 0.013067924417555332, "Big_Nose": 0.1882801055908203, "Black_Hair": 0.0006291643367148936, "Blond_Hair": 0.020559187978506088, "Blurry": 0.2850607931613922, "Brown_Hair": 0.002707909094169736, "Bushy_Eyebrows": 0.003061915747821331, "Chubby": 0.1012692004442215, "Double_Chin": 0.10141151398420334, "Eyeglasses": 0.0034614785108715296, "Goatee": 0.001898863003589213, "Gray_Hair": 0.26001447439193726, "Heavy_Makeup": 0.00010924596426775679, "High_Cheekbones": 0.8348206281661987, "Male": 0.9939194917678833, "Mouth_Slightly_Open": 0.9920618534088135, "Mustache": 0.001532753580249846, "Narrow_Eyes": 0.7036987543106079, "No_Beard": 0.9784529805183411, "Oval_Face": 0.21782097220420837, "Pale_Skin": 0.03777433931827545, "Pointy_Nose": 0.02890908531844616, "Receding_Hairline": 0.21521563827991486, "Rosy_Cheeks": 5.874153794138692e-05, "Sideburns": 0.0027375733479857445, "Smiling": 0.9964883327484131, "Straight_Hair": 0.02147037722170353, "Wavy_Hair": 0.003913328982889652, "Wearing_Earrings": 0.0014494059141725302, "Wearing_Hat": 0.0009202969376929104, "Wearing_Lipstick": 0.0002134792594006285, "Wearing_Necklace": 0.0007673289510421455, "Wearing_Necktie": 0.5151658058166504, "Young": 0.059198904782533646, "df_race": "white", "df_race_prob": 76.95427399601185, "df_gender": "Man", "df_gender_prob": 99.99467134475708, "df_age": 23, "df_emotion": "happy", "df_emotion_prob": 93.68126392364502}