{"name": "Rudolph_Giuliani_0009.jpg", "5_o_Clock_Shadow": 0.007044170051813126, "Arched_Eyebrows": 0.013870155438780785, "Attractive": 0.048263128846883774, "Bags_Under_Eyes": 0.2581630051136017, "Bald": 0.43574440479278564, "Bangs": 0.0006622882792726159, "Big_Lips": 0.0008654068224132061, "Big_Nose": 0.04157643020153046, "Black_Hair": 0.0032383142970502377, "Blond_Hair": 0.004057388752698898, "Blurry": 0.04004717618227005, "Brown_Hair": 0.009625062346458435, "Bushy_Eyebrows": 0.007864721119403839, "Chubby": 0.01844566874206066, "Double_Chin": 0.014549361541867256, "Eyeglasses": 0.0025021727196872234, "Goatee": 0.0004611018521245569, "Gray_Hair": 0.12204577028751373, "Heavy_Makeup": 0.0007379796588793397, "High_Cheekbones": 0.04086484760046005, "Male": 0.9977065324783325, "Mouth_Slightly_Open": 0.008262715302407742, "Mustache": 0.0003719071391969919, "Narrow_Eyes": 0.24842195212841034, "No_Beard": 0.9942407608032227, "Oval_Face": 0.3661103844642639, "Pale_Skin": 0.016352754086256027, "Pointy_Nose": 0.13299523293972015, "Receding_Hairline": 0.7306376099586487, "Rosy_Cheeks": 0.00036895633093081415, "Sideburns": 0.0011348077096045017, "Smiling": 0.16327597200870514, "Straight_Hair": 0.0384606271982193, "Wavy_Hair": 0.002504846081137657, "Wearing_Earrings": 0.0006423410959541798, "Wearing_Hat": 0.001025248086079955, "Wearing_Lipstick": 0.0004991311579942703, "Wearing_Necklace": 0.00020724700880236924, "Wearing_Necktie": 0.7906142473220825, "Young": 0.014677874743938446, "df_race": "white", "df_race_prob": 98.80123138427734, "df_gender": "Man", "df_gender_prob": 99.9477207660675, "df_age": 23, "df_emotion": "happy", "df_emotion_prob": 89.19347395819115}