{"name": "Rupert_Murdoch_0001.jpg", "5_o_Clock_Shadow": 0.0030916575342416763, "Arched_Eyebrows": 0.0005970633355900645, "Attractive": 0.0026362123899161816, "Bags_Under_Eyes": 0.5532022714614868, "Bald": 0.9478389620780945, "Bangs": 0.0016173251206055284, "Big_Lips": 0.012991493567824364, "Big_Nose": 0.9090926647186279, "Black_Hair": 0.001905865385197103, "Blond_Hair": 0.0063124652951955795, "Blurry": 0.03229917213320732, "Brown_Hair": 0.0013607051223516464, "Bushy_Eyebrows": 0.0013970083091408014, "Chubby": 0.47773292660713196, "Double_Chin": 0.7119223475456238, "Eyeglasses": 0.9825034737586975, "Goatee": 0.004069225396960974, "Gray_Hair": 0.910941481590271, "Heavy_Makeup": 0.00017038060468621552, "High_Cheekbones": 0.07241617143154144, "Male": 0.9979705214500427, "Mouth_Slightly_Open": 0.02447601780295372, "Mustache": 0.006701189558953047, "Narrow_Eyes": 0.658749520778656, "No_Beard": 0.9837809801101685, "Oval_Face": 0.1057482436299324, "Pale_Skin": 0.07022113353013992, "Pointy_Nose": 0.007704963441938162, "Receding_Hairline": 0.5971102118492126, "Rosy_Cheeks": 0.0005799841601401567, "Sideburns": 0.0025108519475907087, "Smiling": 0.49669933319091797, "Straight_Hair": 0.013644212856888771, "Wavy_Hair": 0.0018242630176246166, "Wearing_Earrings": 0.002615661360323429, "Wearing_Hat": 0.0012886138865724206, "Wearing_Lipstick": 0.0003989230317529291, "Wearing_Necklace": 0.0011446696007624269, "Wearing_Necktie": 0.8707769513130188, "Young": 0.004073514137417078, "df_race": "middle eastern", "df_race_prob": 36.52924218948139, "df_gender": "Man", "df_gender_prob": 99.99364614486694, "df_age": 44, "df_emotion": "neutral", "df_emotion_prob": 78.6735819979657}