{"name": "Rupert_Grint_0001.jpg", "5_o_Clock_Shadow": 0.022788116708397865, "Arched_Eyebrows": 0.012954981997609138, "Attractive": 0.09507451206445694, "Bags_Under_Eyes": 0.052020058035850525, "Bald": 0.001181418658234179, "Bangs": 0.0056058745831251144, "Big_Lips": 0.021318532526493073, "Big_Nose": 0.0743379220366478, "Black_Hair": 0.0003768894530367106, "Blond_Hair": 0.19492585957050323, "Blurry": 0.30286484956741333, "Brown_Hair": 0.07703593373298645, "Bushy_Eyebrows": 6.254250183701515e-05, "Chubby": 0.007276446558535099, "Double_Chin": 0.0019341736333444715, "Eyeglasses": 0.0030654985457658768, "Goatee": 0.0011461988324299455, "Gray_Hair": 0.02997596003115177, "Heavy_Makeup": 0.0001554700720589608, "High_Cheekbones": 0.005165767855942249, "Male": 0.997079610824585, "Mouth_Slightly_Open": 0.0027139990124851465, "Mustache": 0.0014987918548285961, "Narrow_Eyes": 0.027518950402736664, "No_Beard": 0.9670871496200562, "Oval_Face": 0.1154024749994278, "Pale_Skin": 0.45113590359687805, "Pointy_Nose": 0.05719352513551712, "Receding_Hairline": 0.012879305519163609, "Rosy_Cheeks": 0.00013646078878082335, "Sideburns": 0.0007235048105940223, "Smiling": 0.002309879520907998, "Straight_Hair": 0.025064988061785698, "Wavy_Hair": 0.2930552661418915, "Wearing_Earrings": 0.0018029097700491548, "Wearing_Hat": 0.0007416520966216922, "Wearing_Lipstick": 0.00048484766739420593, "Wearing_Necklace": 0.004375927150249481, "Wearing_Necktie": 0.006565455812960863, "Young": 0.8239760994911194, "df_race": "white", "df_race_prob": 49.010708928108215, "df_gender": "Man", "df_gender_prob": 99.85613226890564, "df_age": 28, "df_emotion": "fear", "df_emotion_prob": 57.58281350135803}