{"name": "Russell_Simmons_0002.jpg", "5_o_Clock_Shadow": 0.13707154989242554, "Arched_Eyebrows": 0.008314843289554119, "Attractive": 0.016222774982452393, "Bags_Under_Eyes": 0.09136711806058884, "Bald": 0.004236840642988682, "Bangs": 0.0002465826692059636, "Big_Lips": 0.14826340973377228, "Big_Nose": 0.3567856252193451, "Black_Hair": 0.000998833915218711, "Blond_Hair": 0.002612659940496087, "Blurry": 0.13572034239768982, "Brown_Hair": 0.0009229295537807047, "Bushy_Eyebrows": 0.0009586538653820753, "Chubby": 0.03167818486690521, "Double_Chin": 0.05023190379142761, "Eyeglasses": 0.0009906183695420623, "Goatee": 0.003972839564085007, "Gray_Hair": 0.006770177278667688, "Heavy_Makeup": 0.0001418125320924446, "High_Cheekbones": 0.19327841699123383, "Male": 0.9972397089004517, "Mouth_Slightly_Open": 0.9696808457374573, "Mustache": 0.005047781392931938, "Narrow_Eyes": 0.00797569751739502, "No_Beard": 0.7994025349617004, "Oval_Face": 0.33980152010917664, "Pale_Skin": 0.011041684076189995, "Pointy_Nose": 0.005414287094026804, "Receding_Hairline": 0.003975606523454189, "Rosy_Cheeks": 3.922495307051577e-05, "Sideburns": 0.0025120272766798735, "Smiling": 0.5276121497154236, "Straight_Hair": 0.0010358261642977595, "Wavy_Hair": 0.0022565198596566916, "Wearing_Earrings": 0.007483023684471846, "Wearing_Hat": 0.9823363423347473, "Wearing_Lipstick": 0.00039343751268461347, "Wearing_Necklace": 0.0021368160378187895, "Wearing_Necktie": 0.0033742834348231554, "Young": 0.4323793947696686, "df_race": "black", "df_race_prob": 81.2070906162262, "df_gender": "Man", "df_gender_prob": 99.8157799243927, "df_age": 33, "df_emotion": "neutral", "df_emotion_prob": 96.05298018771292}