{"name": "Russell_Simmons_0003.jpg", "5_o_Clock_Shadow": 0.06805712729692459, "Arched_Eyebrows": 0.02956787310540676, "Attractive": 0.014378814958035946, "Bags_Under_Eyes": 0.6904948353767395, "Bald": 0.01198660209774971, "Bangs": 0.001064798329025507, "Big_Lips": 0.18873444199562073, "Big_Nose": 0.5958671569824219, "Black_Hair": 0.0016122681554406881, "Blond_Hair": 0.0023544456344097853, "Blurry": 0.29066795110702515, "Brown_Hair": 0.0017165174940600991, "Bushy_Eyebrows": 0.0007081961957737803, "Chubby": 0.06002390757203102, "Double_Chin": 0.14329659938812256, "Eyeglasses": 0.003939732909202576, "Goatee": 0.0038581807166337967, "Gray_Hair": 0.007845358923077583, "Heavy_Makeup": 0.00013582661631517112, "High_Cheekbones": 0.8306330442428589, "Male": 0.9884815216064453, "Mouth_Slightly_Open": 0.999316930770874, "Mustache": 0.00588651280850172, "Narrow_Eyes": 0.7049287557601929, "No_Beard": 0.9319830536842346, "Oval_Face": 0.12620702385902405, "Pale_Skin": 0.004520403686910868, "Pointy_Nose": 0.012573321349918842, "Receding_Hairline": 0.00754716619849205, "Rosy_Cheeks": 6.218525959411636e-05, "Sideburns": 0.0025494410656392574, "Smiling": 0.9969426989555359, "Straight_Hair": 0.0042608557268977165, "Wavy_Hair": 0.002054738812148571, "Wearing_Earrings": 0.03400662913918495, "Wearing_Hat": 0.9819320440292358, "Wearing_Lipstick": 0.000613522483035922, "Wearing_Necklace": 0.00558101013302803, "Wearing_Necktie": 0.01309310644865036, "Young": 0.1497698873281479, "df_race": "black", "df_race_prob": 100.0, "df_gender": "Man", "df_gender_prob": 99.59489107131958, "df_age": 33, "df_emotion": "happy", "df_emotion_prob": 99.14556736621662}