{"name": "Ruth_Harlow_0002.jpg", "5_o_Clock_Shadow": 0.0026145880110561848, "Arched_Eyebrows": 0.003162534674629569, "Attractive": 0.014516964554786682, "Bags_Under_Eyes": 0.002319046063348651, "Bald": 0.0003061797469854355, "Bangs": 0.0007579149096272886, "Big_Lips": 0.013417879119515419, "Big_Nose": 0.016381151974201202, "Black_Hair": 0.005854674149304628, "Blond_Hair": 0.012960665859282017, "Blurry": 0.40750646591186523, "Brown_Hair": 0.10966828465461731, "Bushy_Eyebrows": 0.005441803019493818, "Chubby": 0.01411440223455429, "Double_Chin": 0.009273584000766277, "Eyeglasses": 0.9973260164260864, "Goatee": 0.0004701512516476214, "Gray_Hair": 0.028744442388415337, "Heavy_Makeup": 0.0013767835916951299, "High_Cheekbones": 0.024744627997279167, "Male": 0.8096024394035339, "Mouth_Slightly_Open": 0.9918953776359558, "Mustache": 0.0007997581269592047, "Narrow_Eyes": 0.0783253088593483, "No_Beard": 0.9928394556045532, "Oval_Face": 0.2471592277288437, "Pale_Skin": 0.015187238343060017, "Pointy_Nose": 0.03171522170305252, "Receding_Hairline": 0.007665131241083145, "Rosy_Cheeks": 0.0001581232063472271, "Sideburns": 0.00023713485279586166, "Smiling": 0.3105062246322632, "Straight_Hair": 0.14678485691547394, "Wavy_Hair": 0.09933195263147354, "Wearing_Earrings": 0.006005329079926014, "Wearing_Hat": 0.0005739860935136676, "Wearing_Lipstick": 0.002238835906609893, "Wearing_Necklace": 0.0045705679804086685, "Wearing_Necktie": 0.007905997335910797, "Young": 0.4352993369102478, "df_race": "white", "df_race_prob": 36.69269680976868, "df_gender": "Man", "df_gender_prob": 99.92582201957703, "df_age": 33, "df_emotion": "disgust", "df_emotion_prob": 78.68148342591722}