{"name": "Ruth_Dreifuss_0001.jpg", "5_o_Clock_Shadow": 0.00036158692091703415, "Arched_Eyebrows": 0.01309992466121912, "Attractive": 0.011002570390701294, "Bags_Under_Eyes": 0.02742793783545494, "Bald": 0.00026609704946167767, "Bangs": 0.39757224917411804, "Big_Lips": 0.016463758423924446, "Big_Nose": 0.007088084239512682, "Black_Hair": 0.010729542933404446, "Blond_Hair": 0.012707804329693317, "Blurry": 0.5862041115760803, "Brown_Hair": 0.0498577281832695, "Bushy_Eyebrows": 0.0012849969789385796, "Chubby": 0.02808181568980217, "Double_Chin": 0.03603408858180046, "Eyeglasses": 0.8666203618049622, "Goatee": 0.000469355087261647, "Gray_Hair": 0.4059823155403137, "Heavy_Makeup": 0.007809859700500965, "High_Cheekbones": 0.19857750833034515, "Male": 0.026903588324785233, "Mouth_Slightly_Open": 0.9773620963096619, "Mustache": 0.0007299699354916811, "Narrow_Eyes": 0.004367861431092024, "No_Beard": 0.9970657229423523, "Oval_Face": 0.23053854703903198, "Pale_Skin": 0.049096062779426575, "Pointy_Nose": 0.046294793486595154, "Receding_Hairline": 0.0009114453569054604, "Rosy_Cheeks": 0.00041072090971283615, "Sideburns": 0.0005086301825940609, "Smiling": 0.29992401599884033, "Straight_Hair": 0.022673172876238823, "Wavy_Hair": 0.5156601071357727, "Wearing_Earrings": 0.09084933996200562, "Wearing_Hat": 0.005385351367294788, "Wearing_Lipstick": 0.02324952557682991, "Wearing_Necklace": 0.3686691224575043, "Wearing_Necktie": 0.0006161782657727599, "Young": 0.03321905806660652, "df_race": "white", "df_race_prob": 69.53747272491455, "df_gender": "Man", "df_gender_prob": 99.17067289352417, "df_age": 46, "df_emotion": "fear", "df_emotion_prob": 92.78861241272762}