{"name": "Ruth_Stubbs_0001.jpg", "5_o_Clock_Shadow": 0.002776976441964507, "Arched_Eyebrows": 0.000749237893614918, "Attractive": 0.03516101837158203, "Bags_Under_Eyes": 0.00760194007307291, "Bald": 0.0013360107550397515, "Bangs": 0.09141428023576736, "Big_Lips": 0.006746446713805199, "Big_Nose": 0.004394991789013147, "Black_Hair": 0.0008238625014200807, "Blond_Hair": 0.8451269268989563, "Blurry": 0.37732985615730286, "Brown_Hair": 0.008906335569918156, "Bushy_Eyebrows": 0.00013198558008298278, "Chubby": 0.0025065026711672544, "Double_Chin": 0.00043612063745968044, "Eyeglasses": 0.0009747029398567975, "Goatee": 0.0004896015743725002, "Gray_Hair": 0.04313460737466812, "Heavy_Makeup": 0.005416735075414181, "High_Cheekbones": 0.12927038967609406, "Male": 0.35443273186683655, "Mouth_Slightly_Open": 0.544485867023468, "Mustache": 0.0003130315453745425, "Narrow_Eyes": 0.07055047899484634, "No_Beard": 0.9939801692962646, "Oval_Face": 0.4334898591041565, "Pale_Skin": 0.05706339329481125, "Pointy_Nose": 0.022453641518950462, "Receding_Hairline": 0.010024364106357098, "Rosy_Cheeks": 0.00017835017933975905, "Sideburns": 0.0006702287937514484, "Smiling": 0.009649788960814476, "Straight_Hair": 0.1480959951877594, "Wavy_Hair": 0.03612559661269188, "Wearing_Earrings": 0.005734366364777088, "Wearing_Hat": 0.0002885285939555615, "Wearing_Lipstick": 0.004157356917858124, "Wearing_Necklace": 0.007529952563345432, "Wearing_Necktie": 0.0003871964290738106, "Young": 0.9090016484260559, "df_race": "white", "df_race_prob": 42.60325729846954, "df_gender": "Man", "df_gender_prob": 89.89871144294739, "df_age": 26, "df_emotion": "sad", "df_emotion_prob": 48.10660183429718}