{"name": "Ryan_Drese_0001.jpg", "5_o_Clock_Shadow": 0.031000681221485138, "Arched_Eyebrows": 0.0007432596758008003, "Attractive": 0.018440529704093933, "Bags_Under_Eyes": 0.015771951526403427, "Bald": 0.004029607865959406, "Bangs": 0.0004758994618896395, "Big_Lips": 0.014538654126226902, "Big_Nose": 0.03966088965535164, "Black_Hair": 0.0005443702102638781, "Blond_Hair": 0.004577591083943844, "Blurry": 0.18963588774204254, "Brown_Hair": 0.0032899228390306234, "Bushy_Eyebrows": 0.0003983091446571052, "Chubby": 0.15221364796161652, "Double_Chin": 0.06812339276075363, "Eyeglasses": 0.0017667438369244337, "Goatee": 0.0005600567092187703, "Gray_Hair": 0.004992662463337183, "Heavy_Makeup": 0.00021017706603743136, "High_Cheekbones": 0.025042664259672165, "Male": 0.9957624077796936, "Mouth_Slightly_Open": 0.1528729498386383, "Mustache": 0.001057567074894905, "Narrow_Eyes": 0.11215630918741226, "No_Beard": 0.9673696756362915, "Oval_Face": 0.2965748906135559, "Pale_Skin": 0.038914427161216736, "Pointy_Nose": 0.014836694113910198, "Receding_Hairline": 0.0035710048396140337, "Rosy_Cheeks": 0.00027133821276947856, "Sideburns": 0.0015166497323662043, "Smiling": 0.05581939220428467, "Straight_Hair": 0.0037118629552423954, "Wavy_Hair": 0.003147727809846401, "Wearing_Earrings": 0.006159506738185883, "Wearing_Hat": 0.9811804294586182, "Wearing_Lipstick": 0.0002591066004242748, "Wearing_Necklace": 0.002612775657325983, "Wearing_Necktie": 0.003527908120304346, "Young": 0.6386871933937073, "df_race": "white", "df_race_prob": 94.0622147358784, "df_gender": "Man", "df_gender_prob": 99.75430965423584, "df_age": 35, "df_emotion": "neutral", "df_emotion_prob": 81.65964484214783}