{"name": "Saddam_Hussein_0023.jpg", "5_o_Clock_Shadow": 0.00824748259037733, "Arched_Eyebrows": 0.002919728634878993, "Attractive": 0.008524429984390736, "Bags_Under_Eyes": 0.4928208291530609, "Bald": 0.005076447036117315, "Bangs": 0.0029300677124410868, "Big_Lips": 0.07018712162971497, "Big_Nose": 0.8067712187767029, "Black_Hair": 0.0031388422939926386, "Blond_Hair": 0.0028172037564218044, "Blurry": 0.08773287385702133, "Brown_Hair": 0.0021164575591683388, "Bushy_Eyebrows": 0.2208942174911499, "Chubby": 0.5254418253898621, "Double_Chin": 0.4972929358482361, "Eyeglasses": 0.004968815948814154, "Goatee": 0.025276582688093185, "Gray_Hair": 0.0674746036529541, "Heavy_Makeup": 0.0002893238270189613, "High_Cheekbones": 0.3939978778362274, "Male": 0.9984446167945862, "Mouth_Slightly_Open": 0.9524738788604736, "Mustache": 0.9591789841651917, "Narrow_Eyes": 0.6644055843353271, "No_Beard": 0.016005579382181168, "Oval_Face": 0.10793811082839966, "Pale_Skin": 0.028677530586719513, "Pointy_Nose": 0.012963068671524525, "Receding_Hairline": 0.0022310097701847553, "Rosy_Cheeks": 0.001095976447686553, "Sideburns": 0.02758069895207882, "Smiling": 0.9795927405357361, "Straight_Hair": 0.00957956537604332, "Wavy_Hair": 0.016722163185477257, "Wearing_Earrings": 0.003848032793030143, "Wearing_Hat": 0.7952017784118652, "Wearing_Lipstick": 0.000842562410980463, "Wearing_Necklace": 0.0019106351537629962, "Wearing_Necktie": 0.1984262615442276, "Young": 0.008557201363146305, "df_race": "latino hispanic", "df_race_prob": 68.45127940177917, "df_gender": "Man", "df_gender_prob": 99.991774559021, "df_age": 50, "df_emotion": "happy", "df_emotion_prob": 99.22972321510315}