{"name": "Saddam_Hussein_0006.jpg", "5_o_Clock_Shadow": 0.004198701120913029, "Arched_Eyebrows": 0.022342637181282043, "Attractive": 0.0017688196385279298, "Bags_Under_Eyes": 0.19643935561180115, "Bald": 0.00815555825829506, "Bangs": 0.0014134006341919303, "Big_Lips": 0.01247778907418251, "Big_Nose": 0.7129917144775391, "Black_Hair": 0.15724289417266846, "Blond_Hair": 0.0013175392523407936, "Blurry": 0.2512473165988922, "Brown_Hair": 0.013235388323664665, "Bushy_Eyebrows": 0.705122172832489, "Chubby": 0.7222692966461182, "Double_Chin": 0.7100411653518677, "Eyeglasses": 0.0340941846370697, "Goatee": 0.006765805650502443, "Gray_Hair": 0.20531778037548065, "Heavy_Makeup": 0.000561980705242604, "High_Cheekbones": 0.04621630534529686, "Male": 0.9986880421638489, "Mouth_Slightly_Open": 0.3083304464817047, "Mustache": 0.8754816055297852, "Narrow_Eyes": 0.13623866438865662, "No_Beard": 0.10604529827833176, "Oval_Face": 0.09075605869293213, "Pale_Skin": 0.014149554073810577, "Pointy_Nose": 0.014466473832726479, "Receding_Hairline": 0.04183844104409218, "Rosy_Cheeks": 0.001192655530758202, "Sideburns": 0.005721516441553831, "Smiling": 0.01911972649395466, "Straight_Hair": 0.8317825198173523, "Wavy_Hair": 0.007584703154861927, "Wearing_Earrings": 0.0007271884824149311, "Wearing_Hat": 0.004410046152770519, "Wearing_Lipstick": 0.0008433611947111785, "Wearing_Necklace": 0.0007538357749581337, "Wearing_Necktie": 0.8566070199012756, "Young": 0.011617022566497326, "df_race": "middle eastern", "df_race_prob": 25.264814496040344, "df_gender": "Man", "df_gender_prob": 99.98525381088257, "df_age": 51, "df_emotion": "neutral", "df_emotion_prob": 89.48909044265747}