{"name": "Sadie_Frost_0001.jpg", "5_o_Clock_Shadow": 0.007007481064647436, "Arched_Eyebrows": 0.3315823972225189, "Attractive": 0.4235411584377289, "Bags_Under_Eyes": 0.0006827647448517382, "Bald": 0.00029839141643606126, "Bangs": 0.0007949171122163534, "Big_Lips": 0.08069617301225662, "Big_Nose": 0.001887924037873745, "Black_Hair": 0.02018706314265728, "Blond_Hair": 0.006532425060868263, "Blurry": 0.42559337615966797, "Brown_Hair": 0.09481407701969147, "Bushy_Eyebrows": 0.0020161450374871492, "Chubby": 0.000536183884833008, "Double_Chin": 0.00011527064634719864, "Eyeglasses": 0.00014388482668437064, "Goatee": 0.0010344524635002017, "Gray_Hair": 0.0004499062488321215, "Heavy_Makeup": 0.015368436463177204, "High_Cheekbones": 0.029231226071715355, "Male": 0.010771959088742733, "Mouth_Slightly_Open": 0.0287412591278553, "Mustache": 0.0004167965380474925, "Narrow_Eyes": 0.0628625825047493, "No_Beard": 0.9848825335502625, "Oval_Face": 0.06268604099750519, "Pale_Skin": 0.2878652811050415, "Pointy_Nose": 0.35448765754699707, "Receding_Hairline": 0.013105220161378384, "Rosy_Cheeks": 0.0001960853987839073, "Sideburns": 0.0025742975994944572, "Smiling": 0.005715654231607914, "Straight_Hair": 0.23274143040180206, "Wavy_Hair": 0.0548027902841568, "Wearing_Earrings": 0.023150736466050148, "Wearing_Hat": 0.0020077319350093603, "Wearing_Lipstick": 0.06555415689945221, "Wearing_Necklace": 0.00954784918576479, "Wearing_Necktie": 0.00036956474650651217, "Young": 0.7989641427993774, "df_race": "white", "df_race_prob": 95.1151430606842, "df_gender": "Woman", "df_gender_prob": 99.99939203262329, "df_age": 34, "df_emotion": "neutral", "df_emotion_prob": 90.61632100440985}