{"name": "Sally_Ride_0001.jpg", "5_o_Clock_Shadow": 0.0012944962363690138, "Arched_Eyebrows": 0.015094921924173832, "Attractive": 0.09293555468320847, "Bags_Under_Eyes": 0.07568156719207764, "Bald": 0.0005052227061241865, "Bangs": 0.006220048759132624, "Big_Lips": 0.007882163859903812, "Big_Nose": 0.02288604900240898, "Black_Hair": 0.00460725836455822, "Blond_Hair": 0.032532110810279846, "Blurry": 0.16323263943195343, "Brown_Hair": 0.21829675137996674, "Bushy_Eyebrows": 0.0021726142149418592, "Chubby": 0.020023755729198456, "Double_Chin": 0.01766364835202694, "Eyeglasses": 0.0015168520621955395, "Goatee": 0.00037828879430890083, "Gray_Hair": 0.006806062068790197, "Heavy_Makeup": 0.003097724635154009, "High_Cheekbones": 0.658985435962677, "Male": 0.04013003781437874, "Mouth_Slightly_Open": 0.978892982006073, "Mustache": 0.0001799310412025079, "Narrow_Eyes": 0.9222885370254517, "No_Beard": 0.9978066086769104, "Oval_Face": 0.33249738812446594, "Pale_Skin": 0.07123630493879318, "Pointy_Nose": 0.029646947979927063, "Receding_Hairline": 0.0035747219808399677, "Rosy_Cheeks": 0.0002546941686887294, "Sideburns": 0.0005935935769230127, "Smiling": 0.9859232902526855, "Straight_Hair": 0.4083349108695984, "Wavy_Hair": 0.02640128880739212, "Wearing_Earrings": 0.08802106976509094, "Wearing_Hat": 0.0012161597842350602, "Wearing_Lipstick": 0.005108719691634178, "Wearing_Necklace": 0.009488186798989773, "Wearing_Necktie": 0.0009328323067165911, "Young": 0.1154446080327034, "df_race": "asian", "df_race_prob": 85.87406277656555, "df_gender": "Man", "df_gender_prob": 89.51284885406494, "df_age": 42, "df_emotion": "happy", "df_emotion_prob": 99.99833106994629}