{"name": "Salma_Hayek_0013.jpg", "5_o_Clock_Shadow": 0.0003485831548459828, "Arched_Eyebrows": 0.07654251158237457, "Attractive": 0.9597977995872498, "Bags_Under_Eyes": 0.00047809488023631275, "Bald": 6.340949767036363e-05, "Bangs": 0.0006167428800836205, "Big_Lips": 0.15091940760612488, "Big_Nose": 0.002050451934337616, "Black_Hair": 0.005535650532692671, "Blond_Hair": 0.04407820105552673, "Blurry": 0.005458153318613768, "Brown_Hair": 0.05266902223229408, "Bushy_Eyebrows": 0.0028098137117922306, "Chubby": 0.0004382951301522553, "Double_Chin": 0.00013504555681720376, "Eyeglasses": 0.00010253580694552511, "Goatee": 5.498006066773087e-05, "Gray_Hair": 0.0006945939967408776, "Heavy_Makeup": 0.7391585111618042, "High_Cheekbones": 0.05535149201750755, "Male": 0.00035422961809672415, "Mouth_Slightly_Open": 0.013101470656692982, "Mustache": 6.369348557200283e-05, "Narrow_Eyes": 0.0022485905792564154, "No_Beard": 0.9995675683021545, "Oval_Face": 0.675689697265625, "Pale_Skin": 0.4043530523777008, "Pointy_Nose": 0.25457409024238586, "Receding_Hairline": 0.008228132501244545, "Rosy_Cheeks": 0.0013934446033090353, "Sideburns": 0.00011694408749463037, "Smiling": 0.07588891685009003, "Straight_Hair": 0.2074919044971466, "Wavy_Hair": 0.04433946684002876, "Wearing_Earrings": 0.5773762464523315, "Wearing_Hat": 0.00017787078104447573, "Wearing_Lipstick": 0.962186872959137, "Wearing_Necklace": 0.024445602670311928, "Wearing_Necktie": 0.00012749058078043163, "Young": 0.985690176486969, "df_race": "latino hispanic", "df_race_prob": 40.11639654636383, "df_gender": "Woman", "df_gender_prob": 99.99655485153198, "df_age": 29, "df_emotion": "neutral", "df_emotion_prob": 78.66246700286865}