{"name": "Salma_Hayek_0001.jpg", "5_o_Clock_Shadow": 0.0004418601165525615, "Arched_Eyebrows": 0.5253193378448486, "Attractive": 0.7215365171432495, "Bags_Under_Eyes": 0.0006531724939122796, "Bald": 5.1290557166794315e-05, "Bangs": 0.00030097909620963037, "Big_Lips": 0.13995350897312164, "Big_Nose": 0.001828387612476945, "Black_Hair": 0.037195876240730286, "Blond_Hair": 0.012589268386363983, "Blurry": 0.18046127259731293, "Brown_Hair": 0.19100098311901093, "Bushy_Eyebrows": 0.003621004056185484, "Chubby": 0.0005629041115753353, "Double_Chin": 0.0003689155273605138, "Eyeglasses": 0.00012532412074506283, "Goatee": 0.00015853352670092136, "Gray_Hair": 0.0004655939119402319, "Heavy_Makeup": 0.5269811749458313, "High_Cheekbones": 0.29665130376815796, "Male": 0.00047402913332916796, "Mouth_Slightly_Open": 0.9935969114303589, "Mustache": 0.00013427807425614446, "Narrow_Eyes": 0.03474640101194382, "No_Beard": 0.9987339377403259, "Oval_Face": 0.3542909026145935, "Pale_Skin": 0.028548182919621468, "Pointy_Nose": 0.19805824756622314, "Receding_Hairline": 0.00962496642023325, "Rosy_Cheeks": 0.0008608829812146723, "Sideburns": 0.00016597483772784472, "Smiling": 0.7607802748680115, "Straight_Hair": 0.01694905012845993, "Wavy_Hair": 0.778883695602417, "Wearing_Earrings": 0.0565573014318943, "Wearing_Hat": 0.00039459517574869096, "Wearing_Lipstick": 0.8753456473350525, "Wearing_Necklace": 0.02682647481560707, "Wearing_Necktie": 8.565926691517234e-05, "Young": 0.9154582023620605, "df_race": "latino hispanic", "df_race_prob": 50.966840982437134, "df_gender": "Woman", "df_gender_prob": 99.99935626983643, "df_age": 32, "df_emotion": "happy", "df_emotion_prob": 94.88385915756226}