{"name": "Sam_Torrance_0002.jpg", "5_o_Clock_Shadow": 0.12516365945339203, "Arched_Eyebrows": 0.006350540090352297, "Attractive": 0.026720987632870674, "Bags_Under_Eyes": 0.7328432202339172, "Bald": 0.0072440579533576965, "Bangs": 0.0006291581084951758, "Big_Lips": 0.020366979762911797, "Big_Nose": 0.363699734210968, "Black_Hair": 0.0050191255286335945, "Blond_Hair": 0.006810079328715801, "Blurry": 0.45082101225852966, "Brown_Hair": 0.023074695840477943, "Bushy_Eyebrows": 0.08794170618057251, "Chubby": 0.027708956971764565, "Double_Chin": 0.06802074611186981, "Eyeglasses": 0.000814379018265754, "Goatee": 0.007091141771525145, "Gray_Hair": 0.08527953177690506, "Heavy_Makeup": 6.997232412686571e-05, "High_Cheekbones": 0.759057879447937, "Male": 0.9980766773223877, "Mouth_Slightly_Open": 0.9922702312469482, "Mustache": 0.10905016213655472, "Narrow_Eyes": 0.8311768174171448, "No_Beard": 0.6213957667350769, "Oval_Face": 0.12411733716726303, "Pale_Skin": 0.006912379525601864, "Pointy_Nose": 0.035158634185791016, "Receding_Hairline": 0.23468545079231262, "Rosy_Cheeks": 0.00012819324911106378, "Sideburns": 0.006969465874135494, "Smiling": 0.9914097189903259, "Straight_Hair": 0.07815949618816376, "Wavy_Hair": 0.01390477828681469, "Wearing_Earrings": 0.0009402036666870117, "Wearing_Hat": 0.0006720594246871769, "Wearing_Lipstick": 9.092465188587084e-05, "Wearing_Necklace": 0.0008861513924784958, "Wearing_Necktie": 0.017981763929128647, "Young": 0.08110272884368896, "df_race": "middle eastern", "df_race_prob": 36.99503165453861, "df_gender": "Man", "df_gender_prob": 99.98952150344849, "df_age": 46, "df_emotion": "happy", "df_emotion_prob": 100.0}