{"name": "Sandra_Bullock_0004.jpg", "5_o_Clock_Shadow": 0.004957856144756079, "Arched_Eyebrows": 0.013408987782895565, "Attractive": 0.3421921133995056, "Bags_Under_Eyes": 0.29147931933403015, "Bald": 0.0003377940447535366, "Bangs": 0.013404914177954197, "Big_Lips": 0.3133150339126587, "Big_Nose": 0.34807732701301575, "Black_Hair": 0.0005471446202136576, "Blond_Hair": 0.6546032428741455, "Blurry": 0.3820028305053711, "Brown_Hair": 0.08759832382202148, "Bushy_Eyebrows": 0.0004126422863919288, "Chubby": 0.004649863112717867, "Double_Chin": 0.0034495394211262465, "Eyeglasses": 0.0006357357488013804, "Goatee": 0.0003206215042155236, "Gray_Hair": 0.0010057416511699557, "Heavy_Makeup": 0.0026001438964158297, "High_Cheekbones": 0.8911772966384888, "Male": 0.07362163066864014, "Mouth_Slightly_Open": 0.9782137274742126, "Mustache": 0.00035551065229810774, "Narrow_Eyes": 0.32858526706695557, "No_Beard": 0.9959238767623901, "Oval_Face": 0.05923599377274513, "Pale_Skin": 0.034060586243867874, "Pointy_Nose": 0.13408498466014862, "Receding_Hairline": 0.0013229675823822618, "Rosy_Cheeks": 0.00016062022768892348, "Sideburns": 0.00041999827953986824, "Smiling": 0.9982807636260986, "Straight_Hair": 0.9105454087257385, "Wavy_Hair": 0.02217957377433777, "Wearing_Earrings": 0.0647488683462143, "Wearing_Hat": 0.0009384186705574393, "Wearing_Lipstick": 0.021080289036035538, "Wearing_Necklace": 0.08599234372377396, "Wearing_Necktie": 0.0005273906863294542, "Young": 0.8772305846214294, "df_race": "white", "df_race_prob": 97.85202145576477, "df_gender": "Woman", "df_gender_prob": 98.64178895950317, "df_age": 34, "df_emotion": "happy", "df_emotion_prob": 100.0}