{"name": "Sarah_Jessica_Parker_0002.jpg", "5_o_Clock_Shadow": 0.002281316788867116, "Arched_Eyebrows": 0.02351381629705429, "Attractive": 0.418992817401886, "Bags_Under_Eyes": 0.049743082374334335, "Bald": 0.0008932459750212729, "Bangs": 0.0008324938244186342, "Big_Lips": 0.06570781767368317, "Big_Nose": 0.021317724138498306, "Black_Hair": 0.0008414860931225121, "Blond_Hair": 0.2140129804611206, "Blurry": 0.04377789795398712, "Brown_Hair": 0.0026396936737000942, "Bushy_Eyebrows": 0.00043247666326351464, "Chubby": 0.0011762863723561168, "Double_Chin": 0.0005670548998750746, "Eyeglasses": 9.905237675411627e-05, "Goatee": 0.0002449618186801672, "Gray_Hair": 0.0064099133014678955, "Heavy_Makeup": 0.014468039385974407, "High_Cheekbones": 0.7579607963562012, "Male": 0.06832271814346313, "Mouth_Slightly_Open": 0.9972553849220276, "Mustache": 6.827594916103408e-05, "Narrow_Eyes": 0.15325847268104553, "No_Beard": 0.9986271858215332, "Oval_Face": 0.09806139767169952, "Pale_Skin": 0.15098470449447632, "Pointy_Nose": 0.19770993292331696, "Receding_Hairline": 0.009532268159091473, "Rosy_Cheeks": 6.470674998126924e-05, "Sideburns": 0.0001650264166528359, "Smiling": 0.9956791996955872, "Straight_Hair": 0.041849926114082336, "Wavy_Hair": 0.021645627915859222, "Wearing_Earrings": 0.05008803680539131, "Wearing_Hat": 0.04515165463089943, "Wearing_Lipstick": 0.031368155032396317, "Wearing_Necklace": 0.013797181658446789, "Wearing_Necktie": 0.0002429554151603952, "Young": 0.8186249732971191, "df_race": "white", "df_race_prob": 82.57105842656246, "df_gender": "Woman", "df_gender_prob": 99.95172023773193, "df_age": 31, "df_emotion": "happy", "df_emotion_prob": 97.43497998297453}