{"name": "Sarah_Michelle_Gellar_0003.jpg", "5_o_Clock_Shadow": 0.00025797492708079517, "Arched_Eyebrows": 0.005011118482798338, "Attractive": 0.5087486505508423, "Bags_Under_Eyes": 0.08525879681110382, "Bald": 0.0001826385996537283, "Bangs": 0.7720767259597778, "Big_Lips": 0.062224578112363815, "Big_Nose": 0.017788410186767578, "Black_Hair": 0.0003972759295720607, "Blond_Hair": 0.9345262050628662, "Blurry": 0.13146592676639557, "Brown_Hair": 0.02367345243692398, "Bushy_Eyebrows": 0.00028957551694475114, "Chubby": 0.0004753676475957036, "Double_Chin": 0.0006715974304825068, "Eyeglasses": 0.0005728018004447222, "Goatee": 0.0002389917935943231, "Gray_Hair": 0.003985647577792406, "Heavy_Makeup": 0.10746200382709503, "High_Cheekbones": 0.9887838959693909, "Male": 0.001883966731838882, "Mouth_Slightly_Open": 0.994920551776886, "Mustache": 0.00011627481580944732, "Narrow_Eyes": 0.059642352163791656, "No_Beard": 0.9995310306549072, "Oval_Face": 0.31379422545433044, "Pale_Skin": 0.0268267672508955, "Pointy_Nose": 0.2836284935474396, "Receding_Hairline": 0.0003440961882006377, "Rosy_Cheeks": 0.00035094560007564723, "Sideburns": 0.00020932689949404448, "Smiling": 0.9995822310447693, "Straight_Hair": 0.1744333654642105, "Wavy_Hair": 0.2873028814792633, "Wearing_Earrings": 0.017782337963581085, "Wearing_Hat": 0.00010084864334203303, "Wearing_Lipstick": 0.502760112285614, "Wearing_Necklace": 0.14918094873428345, "Wearing_Necktie": 0.00013724780001211911, "Young": 0.5007462501525879, "df_race": "white", "df_race_prob": 99.86411929130554, "df_gender": "Woman", "df_gender_prob": 99.99972581863403, "df_age": 36, "df_emotion": "happy", "df_emotion_prob": 99.60970876274757}