{"name": "Scott_Dalton_0001.jpg", "5_o_Clock_Shadow": 0.2111983597278595, "Arched_Eyebrows": 0.004760160110890865, "Attractive": 0.03366612270474434, "Bags_Under_Eyes": 0.07170088589191437, "Bald": 0.01472502388060093, "Bangs": 0.001473457319661975, "Big_Lips": 0.010551892220973969, "Big_Nose": 0.1375402808189392, "Black_Hair": 0.0018110806122422218, "Blond_Hair": 0.12002511322498322, "Blurry": 0.6766945719718933, "Brown_Hair": 0.033303096890449524, "Bushy_Eyebrows": 0.00048290868289768696, "Chubby": 0.09710032492876053, "Double_Chin": 0.029570328071713448, "Eyeglasses": 0.0027200384065508842, "Goatee": 0.008681412786245346, "Gray_Hair": 0.02599337510764599, "Heavy_Makeup": 0.00047124578850343823, "High_Cheekbones": 0.18246522545814514, "Male": 0.9734801650047302, "Mouth_Slightly_Open": 0.6483141779899597, "Mustache": 0.0026456003542989492, "Narrow_Eyes": 0.8198273777961731, "No_Beard": 0.4938148260116577, "Oval_Face": 0.20364443957805634, "Pale_Skin": 0.06458699703216553, "Pointy_Nose": 0.05757506191730499, "Receding_Hairline": 0.40853261947631836, "Rosy_Cheeks": 0.00018150718824472278, "Sideburns": 0.017458828166127205, "Smiling": 0.9781016707420349, "Straight_Hair": 0.017958547919988632, "Wavy_Hair": 0.3241751492023468, "Wearing_Earrings": 0.001079763751477003, "Wearing_Hat": 0.0010217722738161683, "Wearing_Lipstick": 0.0007649412145838141, "Wearing_Necklace": 0.014013835228979588, "Wearing_Necktie": 0.0028989645652472973, "Young": 0.3351299464702606, "df_race": "white", "df_race_prob": 73.29018115997314, "df_gender": "Man", "df_gender_prob": 99.99971389770508, "df_age": 30, "df_emotion": "happy", "df_emotion_prob": 99.99936819076538}