{"name": "Scott_Yates_0001.jpg", "5_o_Clock_Shadow": 0.02116033248603344, "Arched_Eyebrows": 0.002866526134312153, "Attractive": 0.01488152053207159, "Bags_Under_Eyes": 0.1968548446893692, "Bald": 0.0034409184008836746, "Bangs": 0.0010740611469373107, "Big_Lips": 0.004508439917117357, "Big_Nose": 0.1606035679578781, "Black_Hair": 0.009308794513344765, "Blond_Hair": 0.01816536672413349, "Blurry": 0.2927554249763489, "Brown_Hair": 0.05897577106952667, "Bushy_Eyebrows": 0.010268354788422585, "Chubby": 0.1555524319410324, "Double_Chin": 0.1162237748503685, "Eyeglasses": 0.9150103330612183, "Goatee": 0.0003318605595268309, "Gray_Hair": 0.11472970247268677, "Heavy_Makeup": 0.0002239265013486147, "High_Cheekbones": 0.3316221833229065, "Male": 0.9974784255027771, "Mouth_Slightly_Open": 0.9866855144500732, "Mustache": 0.000866206712089479, "Narrow_Eyes": 0.7554559111595154, "No_Beard": 0.9909411072731018, "Oval_Face": 0.3266860842704773, "Pale_Skin": 0.0980786457657814, "Pointy_Nose": 0.013927510939538479, "Receding_Hairline": 0.01415124349296093, "Rosy_Cheeks": 0.00027967343339696527, "Sideburns": 0.00082949991337955, "Smiling": 0.9870981574058533, "Straight_Hair": 0.748971164226532, "Wavy_Hair": 0.003208798822015524, "Wearing_Earrings": 0.0004796549037564546, "Wearing_Hat": 0.0008559373673051596, "Wearing_Lipstick": 0.00020216240955051035, "Wearing_Necklace": 0.00046213087625801563, "Wearing_Necktie": 0.6451780796051025, "Young": 0.026962438598275185, "df_race": "white", "df_race_prob": 55.3902804851532, "df_gender": "Man", "df_gender_prob": 99.99865293502808, "df_age": 31, "df_emotion": "happy", "df_emotion_prob": 99.483323097229}