{"name": "Scott_McNealy_0001.jpg", "5_o_Clock_Shadow": 0.028002962470054626, "Arched_Eyebrows": 0.0003084859636146575, "Attractive": 0.013637899421155453, "Bags_Under_Eyes": 0.10969486087560654, "Bald": 0.000851866730954498, "Bangs": 0.0014131139032542706, "Big_Lips": 0.021361369639635086, "Big_Nose": 0.07699351012706757, "Black_Hair": 0.005002023186534643, "Blond_Hair": 0.00923025980591774, "Blurry": 0.33921748399734497, "Brown_Hair": 0.02783074602484703, "Bushy_Eyebrows": 0.0001244850573129952, "Chubby": 0.0402812585234642, "Double_Chin": 0.012503327801823616, "Eyeglasses": 0.0011032936163246632, "Goatee": 0.0005105824093334377, "Gray_Hair": 0.05858786031603813, "Heavy_Makeup": 0.00011912792979273945, "High_Cheekbones": 0.006764689926058054, "Male": 0.9991233944892883, "Mouth_Slightly_Open": 0.2941451668739319, "Mustache": 0.0011297313030809164, "Narrow_Eyes": 0.05663871765136719, "No_Beard": 0.9825325012207031, "Oval_Face": 0.08665580302476883, "Pale_Skin": 0.013234934769570827, "Pointy_Nose": 0.028891166672110558, "Receding_Hairline": 0.008314874023199081, "Rosy_Cheeks": 6.749376188963652e-05, "Sideburns": 0.0010755914263427258, "Smiling": 0.0028849889058619738, "Straight_Hair": 0.5164663195610046, "Wavy_Hair": 0.004892655182629824, "Wearing_Earrings": 0.0009831598727032542, "Wearing_Hat": 0.00022341507428791374, "Wearing_Lipstick": 0.0001374539569951594, "Wearing_Necklace": 0.0006063490291126072, "Wearing_Necktie": 0.009917396120727062, "Young": 0.2474539577960968, "df_race": "white", "df_race_prob": 99.80188608169556, "df_gender": "Man", "df_gender_prob": 99.93757605552673, "df_age": 41, "df_emotion": "sad", "df_emotion_prob": 89.11787206637096}