{"name": "Sean_Astin_0003.jpg", "5_o_Clock_Shadow": 0.026296254247426987, "Arched_Eyebrows": 0.01502652931958437, "Attractive": 0.07315549999475479, "Bags_Under_Eyes": 0.0795002281665802, "Bald": 0.0002505722804926336, "Bangs": 0.012614230625331402, "Big_Lips": 0.02338893711566925, "Big_Nose": 0.11888619512319565, "Black_Hair": 0.0014504443388432264, "Blond_Hair": 0.06105143576860428, "Blurry": 0.22211724519729614, "Brown_Hair": 0.09544974565505981, "Bushy_Eyebrows": 0.0008067675516940653, "Chubby": 0.03910956531763077, "Double_Chin": 0.016378747299313545, "Eyeglasses": 0.0010128326248377562, "Goatee": 0.00013476074673235416, "Gray_Hair": 0.018806517124176025, "Heavy_Makeup": 0.00028547056717798114, "High_Cheekbones": 0.16432031989097595, "Male": 0.9982742071151733, "Mouth_Slightly_Open": 0.8572810292243958, "Mustache": 0.0003498751320876181, "Narrow_Eyes": 0.040264952927827835, "No_Beard": 0.9929726123809814, "Oval_Face": 0.40339818596839905, "Pale_Skin": 0.356252521276474, "Pointy_Nose": 0.010769444517791271, "Receding_Hairline": 0.0006971256225369871, "Rosy_Cheeks": 0.00012506614439189434, "Sideburns": 0.00020717608276754618, "Smiling": 0.792151153087616, "Straight_Hair": 0.07312066107988358, "Wavy_Hair": 0.17614223062992096, "Wearing_Earrings": 0.0007627454469911754, "Wearing_Hat": 0.0002981482830364257, "Wearing_Lipstick": 0.000288947019726038, "Wearing_Necklace": 0.0005061023402959108, "Wearing_Necktie": 0.37965407967567444, "Young": 0.5371555089950562, "df_race": "white", "df_race_prob": 83.79763171644589, "df_gender": "Man", "df_gender_prob": 99.99842643737793, "df_age": 26, "df_emotion": "happy", "df_emotion_prob": 53.12173087130373}