{"name": "Sean_Penn_0002.jpg", "5_o_Clock_Shadow": 0.5726242065429688, "Arched_Eyebrows": 0.009170593693852425, "Attractive": 0.2026241272687912, "Bags_Under_Eyes": 0.18614836037158966, "Bald": 0.0006793664651922882, "Bangs": 0.0001308599894400686, "Big_Lips": 0.005300971679389477, "Big_Nose": 0.17949765920639038, "Black_Hair": 0.011419630609452724, "Blond_Hair": 0.0038543948903679848, "Blurry": 0.07203304022550583, "Brown_Hair": 0.13456405699253082, "Bushy_Eyebrows": 0.0022709136828780174, "Chubby": 0.0038682955782860518, "Double_Chin": 0.0017469789599999785, "Eyeglasses": 0.0005275802104733884, "Goatee": 0.04670465737581253, "Gray_Hair": 0.001687579439021647, "Heavy_Makeup": 9.911378583637998e-05, "High_Cheekbones": 0.07285165786743164, "Male": 0.9987913966178894, "Mouth_Slightly_Open": 0.1620158851146698, "Mustache": 0.013684379868209362, "Narrow_Eyes": 0.010758684948086739, "No_Beard": 0.19586342573165894, "Oval_Face": 0.11573101580142975, "Pale_Skin": 0.008182707242667675, "Pointy_Nose": 0.15117546916007996, "Receding_Hairline": 0.03633298724889755, "Rosy_Cheeks": 2.2162541426951066e-05, "Sideburns": 0.07192417234182358, "Smiling": 0.24757838249206543, "Straight_Hair": 0.04869731888175011, "Wavy_Hair": 0.08983420580625534, "Wearing_Earrings": 0.00043971362174488604, "Wearing_Hat": 0.001657247543334961, "Wearing_Lipstick": 0.00023410122958011925, "Wearing_Necklace": 0.0005078940303064883, "Wearing_Necktie": 0.005071741063147783, "Young": 0.7074220776557922, "df_race": "middle eastern", "df_race_prob": 72.23854064941406, "df_gender": "Man", "df_gender_prob": 99.95736479759216, "df_age": 29, "df_emotion": "neutral", "df_emotion_prob": 43.37460179631689}