{"name": "Sean_OKeefe_0005.jpg", "5_o_Clock_Shadow": 0.005019854288548231, "Arched_Eyebrows": 0.008066583424806595, "Attractive": 0.009471150115132332, "Bags_Under_Eyes": 0.41675904393196106, "Bald": 0.019239386543631554, "Bangs": 0.00023568620963487774, "Big_Lips": 0.0035363209899514914, "Big_Nose": 0.10639018565416336, "Black_Hair": 0.004430186469107866, "Blond_Hair": 0.0035417715553194284, "Blurry": 0.06927768141031265, "Brown_Hair": 0.0007173243211582303, "Bushy_Eyebrows": 0.004501810763031244, "Chubby": 0.01488224696367979, "Double_Chin": 0.009463856928050518, "Eyeglasses": 0.0011877951910719275, "Goatee": 0.00987728126347065, "Gray_Hair": 0.6643194556236267, "Heavy_Makeup": 0.0002852004545275122, "High_Cheekbones": 0.15081413090229034, "Male": 0.9982349872589111, "Mouth_Slightly_Open": 0.4393446743488312, "Mustache": 0.496750146150589, "Narrow_Eyes": 0.024605315178632736, "No_Beard": 0.29359155893325806, "Oval_Face": 0.06733176112174988, "Pale_Skin": 0.007775016129016876, "Pointy_Nose": 0.24274036288261414, "Receding_Hairline": 0.5560230612754822, "Rosy_Cheeks": 0.00023206291371025145, "Sideburns": 0.008132709190249443, "Smiling": 0.0378241240978241, "Straight_Hair": 0.353143572807312, "Wavy_Hair": 0.0011360743083059788, "Wearing_Earrings": 0.0011931542539969087, "Wearing_Hat": 0.0010299952700734138, "Wearing_Lipstick": 0.00030206574592739344, "Wearing_Necklace": 0.0006550829275511205, "Wearing_Necktie": 0.17909808456897736, "Young": 0.017220627516508102, "df_race": "white", "df_race_prob": 73.22084307670593, "df_gender": "Man", "df_gender_prob": 99.54240918159485, "df_age": 52, "df_emotion": "sad", "df_emotion_prob": 61.07660299996156}