{"name": "Sepp_Blatter_0003.jpg", "5_o_Clock_Shadow": 0.01140355784446001, "Arched_Eyebrows": 0.0017726622754707932, "Attractive": 0.01399825606495142, "Bags_Under_Eyes": 0.1559464931488037, "Bald": 0.5421302318572998, "Bangs": 0.0008117255638353527, "Big_Lips": 0.003063526237383485, "Big_Nose": 0.06246323138475418, "Black_Hair": 0.0025757953990250826, "Blond_Hair": 0.003105420619249344, "Blurry": 0.05653003603219986, "Brown_Hair": 0.0030703111551702023, "Bushy_Eyebrows": 0.0011919440003111959, "Chubby": 0.09123501181602478, "Double_Chin": 0.07406529039144516, "Eyeglasses": 0.0016239517135545611, "Goatee": 0.0013437822926789522, "Gray_Hair": 0.4329884350299835, "Heavy_Makeup": 0.0002747830003499985, "High_Cheekbones": 0.032365843653678894, "Male": 0.9989989399909973, "Mouth_Slightly_Open": 0.00501561164855957, "Mustache": 0.0020598135888576508, "Narrow_Eyes": 0.011083517223596573, "No_Beard": 0.9821810722351074, "Oval_Face": 0.19680410623550415, "Pale_Skin": 0.014108764007687569, "Pointy_Nose": 0.46510934829711914, "Receding_Hairline": 0.3905102610588074, "Rosy_Cheeks": 0.0005165573093108833, "Sideburns": 0.003271291730925441, "Smiling": 0.0045221163891255856, "Straight_Hair": 0.009698363952338696, "Wavy_Hair": 0.003205631161108613, "Wearing_Earrings": 0.0006584071670658886, "Wearing_Hat": 0.0015909631038084626, "Wearing_Lipstick": 0.00026784546207636595, "Wearing_Necklace": 0.00033790175803005695, "Wearing_Necktie": 0.2806735038757324, "Young": 0.010838127695024014, "df_race": "asian", "df_race_prob": 63.95168089578634, "df_gender": "Man", "df_gender_prob": 99.87897276878357, "df_age": 50, "df_emotion": "neutral", "df_emotion_prob": 96.63116931915283}