{"name": "Serena_Williams_0037.jpg", "5_o_Clock_Shadow": 0.0013174101477488875, "Arched_Eyebrows": 0.5583435297012329, "Attractive": 0.12998753786087036, "Bags_Under_Eyes": 0.06325797736644745, "Bald": 0.0007753526442684233, "Bangs": 0.0018660271307453513, "Big_Lips": 0.4994411766529083, "Big_Nose": 0.39556849002838135, "Black_Hair": 0.20797830820083618, "Blond_Hair": 0.034379761666059494, "Blurry": 0.2187884896993637, "Brown_Hair": 0.020247699692845345, "Bushy_Eyebrows": 0.0007434831350110471, "Chubby": 0.030632952228188515, "Double_Chin": 0.006692232098430395, "Eyeglasses": 0.000345034699421376, "Goatee": 0.0005084668518975377, "Gray_Hair": 0.0007642191485501826, "Heavy_Makeup": 0.22688524425029755, "High_Cheekbones": 0.9984458088874817, "Male": 0.0017307748785242438, "Mouth_Slightly_Open": 0.9970075488090515, "Mustache": 0.00042057179962284863, "Narrow_Eyes": 0.1712086796760559, "No_Beard": 0.9959689378738403, "Oval_Face": 0.48825162649154663, "Pale_Skin": 0.0010595275089144707, "Pointy_Nose": 0.025255998596549034, "Receding_Hairline": 0.441531240940094, "Rosy_Cheeks": 0.0008390333387069404, "Sideburns": 0.00030640195473097265, "Smiling": 0.999320387840271, "Straight_Hair": 0.5811536908149719, "Wavy_Hair": 0.008184723556041718, "Wearing_Earrings": 0.943128764629364, "Wearing_Hat": 0.0001910376304294914, "Wearing_Lipstick": 0.5733938217163086, "Wearing_Necklace": 0.044527728110551834, "Wearing_Necktie": 0.0003065986093133688, "Young": 0.9510935544967651, "df_race": "black", "df_race_prob": 100.0, "df_gender": "Woman", "df_gender_prob": 99.20759201049805, "df_age": 31, "df_emotion": "sad", "df_emotion_prob": 99.99719858169556}