{"name": "Serena_Williams_0048.jpg", "5_o_Clock_Shadow": 0.010987403802573681, "Arched_Eyebrows": 0.04639053717255592, "Attractive": 0.02139221504330635, "Bags_Under_Eyes": 0.2748720645904541, "Bald": 0.1908932477235794, "Bangs": 0.0006884817266836762, "Big_Lips": 0.334611713886261, "Big_Nose": 0.7694354057312012, "Black_Hair": 0.03902100399136543, "Blond_Hair": 0.012660883367061615, "Blurry": 0.16078561544418335, "Brown_Hair": 0.002855109516531229, "Bushy_Eyebrows": 0.00014677362923976034, "Chubby": 0.3238622546195984, "Double_Chin": 0.06919778883457184, "Eyeglasses": 0.001211179536767304, "Goatee": 0.005009328480809927, "Gray_Hair": 0.005842804908752441, "Heavy_Makeup": 0.001166598522104323, "High_Cheekbones": 0.9950318336486816, "Male": 0.37512344121932983, "Mouth_Slightly_Open": 0.9943737983703613, "Mustache": 0.002910078503191471, "Narrow_Eyes": 0.7282586097717285, "No_Beard": 0.9654437899589539, "Oval_Face": 0.6925007700920105, "Pale_Skin": 0.005285749211907387, "Pointy_Nose": 0.0010789051884785295, "Receding_Hairline": 0.6277147531509399, "Rosy_Cheeks": 0.00017790707352105528, "Sideburns": 0.002464278368279338, "Smiling": 0.9977878332138062, "Straight_Hair": 0.019921980798244476, "Wavy_Hair": 0.0016682491404935718, "Wearing_Earrings": 0.10180943459272385, "Wearing_Hat": 0.012882391922175884, "Wearing_Lipstick": 0.00343590066768229, "Wearing_Necklace": 0.010306675918400288, "Wearing_Necktie": 0.0017964098369702697, "Young": 0.9417476654052734, "df_race": "black", "df_race_prob": 100.0, "df_gender": "Man", "df_gender_prob": 99.86963868141174, "df_age": 33, "df_emotion": "happy", "df_emotion_prob": 99.98955726623535}