{"name": "Serena_Williams_0026.jpg", "5_o_Clock_Shadow": 0.002133406465873122, "Arched_Eyebrows": 0.04975362867116928, "Attractive": 0.08428429067134857, "Bags_Under_Eyes": 0.11083727329969406, "Bald": 0.00114439707249403, "Bangs": 0.0007537108031101525, "Big_Lips": 0.32483717799186707, "Big_Nose": 0.3023342192173004, "Black_Hair": 0.028519053012132645, "Blond_Hair": 0.16068877279758453, "Blurry": 0.43571534752845764, "Brown_Hair": 0.04612687975168228, "Bushy_Eyebrows": 0.0002568572526797652, "Chubby": 0.05236651375889778, "Double_Chin": 0.008366171270608902, "Eyeglasses": 0.0008799218339845538, "Goatee": 0.001214427873492241, "Gray_Hair": 0.002567044924944639, "Heavy_Makeup": 0.015857717022299767, "High_Cheekbones": 0.9909992218017578, "Male": 0.004866814240813255, "Mouth_Slightly_Open": 0.9966967105865479, "Mustache": 0.0006955094286240637, "Narrow_Eyes": 0.1824921816587448, "No_Beard": 0.9903669357299805, "Oval_Face": 0.5860931873321533, "Pale_Skin": 0.01918472722172737, "Pointy_Nose": 0.004394718445837498, "Receding_Hairline": 0.47813495993614197, "Rosy_Cheeks": 0.0002080567937809974, "Sideburns": 0.00044397369492799044, "Smiling": 0.9984536170959473, "Straight_Hair": 0.6731065511703491, "Wavy_Hair": 0.015721121802926064, "Wearing_Earrings": 0.01675965078175068, "Wearing_Hat": 0.000553561607375741, "Wearing_Lipstick": 0.03540429845452309, "Wearing_Necklace": 0.035789038985967636, "Wearing_Necktie": 0.00040093009010888636, "Young": 0.9668702483177185, "df_race": "black", "df_race_prob": 100.0, "df_gender": "Man", "df_gender_prob": 50.29606223106384, "df_age": 29, "df_emotion": "happy", "df_emotion_prob": 89.65377149902412}