{"name": "Serge_Tchuruk_0001.jpg", "5_o_Clock_Shadow": 0.021602580323815346, "Arched_Eyebrows": 0.0009100456954911351, "Attractive": 0.0018889057682827115, "Bags_Under_Eyes": 0.8507096767425537, "Bald": 0.00728484895080328, "Bangs": 0.0003730514436028898, "Big_Lips": 0.02923385612666607, "Big_Nose": 0.7621384263038635, "Black_Hair": 0.022172536700963974, "Blond_Hair": 0.0017727457452565432, "Blurry": 0.10079643875360489, "Brown_Hair": 0.007098481524735689, "Bushy_Eyebrows": 0.002227249089628458, "Chubby": 0.10905972868204117, "Double_Chin": 0.12619829177856445, "Eyeglasses": 0.002987546380609274, "Goatee": 0.0015201241476461291, "Gray_Hair": 0.19576384127140045, "Heavy_Makeup": 9.595324809197336e-05, "High_Cheekbones": 0.15922480821609497, "Male": 0.9990540146827698, "Mouth_Slightly_Open": 0.36528512835502625, "Mustache": 0.0038879651110619307, "Narrow_Eyes": 0.020917970687150955, "No_Beard": 0.9612564444541931, "Oval_Face": 0.06436286866664886, "Pale_Skin": 0.006315800826996565, "Pointy_Nose": 0.047207318246364594, "Receding_Hairline": 0.061476707458496094, "Rosy_Cheeks": 0.00012408827024046332, "Sideburns": 0.006053346209228039, "Smiling": 0.005721361376345158, "Straight_Hair": 0.6046776175498962, "Wavy_Hair": 0.0007790164090692997, "Wearing_Earrings": 0.0007945653051137924, "Wearing_Hat": 0.001006858074106276, "Wearing_Lipstick": 0.00016092606529127806, "Wearing_Necklace": 0.00021885469323024154, "Wearing_Necktie": 0.27909985184669495, "Young": 0.00682847760617733, "df_race": "latino hispanic", "df_race_prob": 39.619335532188416, "df_gender": "Man", "df_gender_prob": 99.62988495826721, "df_age": 43, "df_emotion": "sad", "df_emotion_prob": 56.713930172558435}