{"name": "Sergey_Lavrov_0010.jpg", "5_o_Clock_Shadow": 0.012630882672965527, "Arched_Eyebrows": 0.0006738632800988853, "Attractive": 0.0012024352326989174, "Bags_Under_Eyes": 0.19360455870628357, "Bald": 0.030070140957832336, "Bangs": 0.0009830872295424342, "Big_Lips": 0.04432424530386925, "Big_Nose": 0.5147876739501953, "Black_Hair": 0.005212640389800072, "Blond_Hair": 0.0013098058989271522, "Blurry": 0.10001746565103531, "Brown_Hair": 0.00490986043587327, "Bushy_Eyebrows": 0.0013470094418153167, "Chubby": 0.061368122696876526, "Double_Chin": 0.04847771301865578, "Eyeglasses": 0.8723661303520203, "Goatee": 0.0010295832762494683, "Gray_Hair": 0.2725483477115631, "Heavy_Makeup": 4.602935950970277e-05, "High_Cheekbones": 0.011815608479082584, "Male": 0.9983900785446167, "Mouth_Slightly_Open": 0.01629513129591942, "Mustache": 0.006006082985550165, "Narrow_Eyes": 0.05504273995757103, "No_Beard": 0.9846449494361877, "Oval_Face": 0.019179312512278557, "Pale_Skin": 0.005713064223527908, "Pointy_Nose": 0.01627812534570694, "Receding_Hairline": 0.21503154933452606, "Rosy_Cheeks": 2.304675945197232e-05, "Sideburns": 0.0018208977999165654, "Smiling": 0.0010498585179448128, "Straight_Hair": 0.1638408750295639, "Wavy_Hair": 0.0018469090573489666, "Wearing_Earrings": 0.000598814629483968, "Wearing_Hat": 0.0006062397733330727, "Wearing_Lipstick": 0.0001733456738293171, "Wearing_Necklace": 0.00044492166489362717, "Wearing_Necktie": 0.3392559289932251, "Young": 0.0048485007137060165, "df_race": "middle eastern", "df_race_prob": 36.61518692970276, "df_gender": "Man", "df_gender_prob": 99.93680119514465, "df_age": 41, "df_emotion": "angry", "df_emotion_prob": 51.863354444503784}