{"name": "Severino_Antinori_0001.jpg", "5_o_Clock_Shadow": 0.003700079396367073, "Arched_Eyebrows": 0.0007055628811940551, "Attractive": 0.0022888004314154387, "Bags_Under_Eyes": 0.17167988419532776, "Bald": 0.00857793539762497, "Bangs": 0.0007498486083932221, "Big_Lips": 0.007477710489183664, "Big_Nose": 0.8757652640342712, "Black_Hair": 0.009716503322124481, "Blond_Hair": 0.0035186668392270803, "Blurry": 0.044869765639305115, "Brown_Hair": 0.0007779506267979741, "Bushy_Eyebrows": 0.04366936534643173, "Chubby": 0.718762218952179, "Double_Chin": 0.766261637210846, "Eyeglasses": 0.9843583106994629, "Goatee": 0.0049233934842050076, "Gray_Hair": 0.9770264029502869, "Heavy_Makeup": 0.0004112982132937759, "High_Cheekbones": 0.3089926838874817, "Male": 0.9994753003120422, "Mouth_Slightly_Open": 0.20083342492580414, "Mustache": 0.9496089220046997, "Narrow_Eyes": 0.015469428151845932, "No_Beard": 0.04939106106758118, "Oval_Face": 0.16473649442195892, "Pale_Skin": 0.027785945683717728, "Pointy_Nose": 0.06925147771835327, "Receding_Hairline": 0.4091886579990387, "Rosy_Cheeks": 0.0023964080028235912, "Sideburns": 0.006418717093765736, "Smiling": 0.7005566954612732, "Straight_Hair": 0.2593975365161896, "Wavy_Hair": 0.021802442148327827, "Wearing_Earrings": 0.0008954727672971785, "Wearing_Hat": 0.001230542897246778, "Wearing_Lipstick": 0.0006634212331846356, "Wearing_Necklace": 0.001658403780311346, "Wearing_Necktie": 0.8027458786964417, "Young": 0.004587729461491108, "df_race": "middle eastern", "df_race_prob": 30.039778351783752, "df_gender": "Man", "df_gender_prob": 99.77443218231201, "df_age": 43, "df_emotion": "happy", "df_emotion_prob": 60.07307291901981}