{"name": "Sheryl_Crow_0003.jpg", "5_o_Clock_Shadow": 0.0007201398257166147, "Arched_Eyebrows": 0.027196308597922325, "Attractive": 0.4451686143875122, "Bags_Under_Eyes": 0.086738221347332, "Bald": 9.288781438954175e-05, "Bangs": 0.0025833959225565195, "Big_Lips": 0.07417859137058258, "Big_Nose": 0.028710979968309402, "Black_Hair": 0.0005740317865274847, "Blond_Hair": 0.8651164770126343, "Blurry": 0.3032810389995575, "Brown_Hair": 0.024296468123793602, "Bushy_Eyebrows": 0.000276672828476876, "Chubby": 0.0012269450817257166, "Double_Chin": 0.0007563920808024704, "Eyeglasses": 0.00032661136356182396, "Goatee": 0.00019730895292013884, "Gray_Hair": 0.005372040439397097, "Heavy_Makeup": 0.01955251768231392, "High_Cheekbones": 0.6052638292312622, "Male": 0.0037184213288128376, "Mouth_Slightly_Open": 0.9393196105957031, "Mustache": 0.00017396462499164045, "Narrow_Eyes": 0.08950567245483398, "No_Beard": 0.9984381794929504, "Oval_Face": 0.34101539850234985, "Pale_Skin": 0.0073420340195298195, "Pointy_Nose": 0.08254927396774292, "Receding_Hairline": 0.017282674089074135, "Rosy_Cheeks": 0.00022980230278335512, "Sideburns": 0.00013122936070431024, "Smiling": 0.9469789862632751, "Straight_Hair": 0.0009151645936071873, "Wavy_Hair": 0.9860884547233582, "Wearing_Earrings": 0.009618028067052364, "Wearing_Hat": 0.000101732715847902, "Wearing_Lipstick": 0.058537643402814865, "Wearing_Necklace": 0.05089933052659035, "Wearing_Necktie": 0.00020532732014544308, "Young": 0.7986012101173401, "df_race": "white", "df_race_prob": 36.976903676986694, "df_gender": "Woman", "df_gender_prob": 99.93103742599487, "df_age": 28, "df_emotion": "happy", "df_emotion_prob": 96.44133406178165}