{"name": "Sheryl_Crow_0006.jpg", "5_o_Clock_Shadow": 0.00035655024112202227, "Arched_Eyebrows": 0.7677775025367737, "Attractive": 0.7346998453140259, "Bags_Under_Eyes": 0.009609043598175049, "Bald": 0.0002743196673691273, "Bangs": 0.00029298014123924077, "Big_Lips": 0.028147481381893158, "Big_Nose": 0.01931479200720787, "Black_Hair": 0.0005483001586981118, "Blond_Hair": 0.5720198154449463, "Blurry": 0.18080255389213562, "Brown_Hair": 0.06555568426847458, "Bushy_Eyebrows": 0.0003052208630833775, "Chubby": 0.0011377052869647741, "Double_Chin": 0.00188420619815588, "Eyeglasses": 0.0002858115185517818, "Goatee": 0.00014807011757511646, "Gray_Hair": 0.005830058362334967, "Heavy_Makeup": 0.3896690309047699, "High_Cheekbones": 0.971721887588501, "Male": 0.00038261403096839786, "Mouth_Slightly_Open": 0.9912998080253601, "Mustache": 8.449226879747584e-05, "Narrow_Eyes": 0.016085229814052582, "No_Beard": 0.9992141723632812, "Oval_Face": 0.5056394338607788, "Pale_Skin": 0.006162499543279409, "Pointy_Nose": 0.3402678370475769, "Receding_Hairline": 0.2161167562007904, "Rosy_Cheeks": 0.007758365478366613, "Sideburns": 0.00010933923476841301, "Smiling": 0.9990488886833191, "Straight_Hair": 0.02492237277328968, "Wavy_Hair": 0.6398938894271851, "Wearing_Earrings": 0.1651047021150589, "Wearing_Hat": 0.00010441365884616971, "Wearing_Lipstick": 0.8197925686836243, "Wearing_Necklace": 0.05737534537911415, "Wearing_Necktie": 0.00020773666619788855, "Young": 0.6722411513328552, "df_race": "white", "df_race_prob": 94.71184015274048, "df_gender": "Woman", "df_gender_prob": 99.98526573181152, "df_age": 33, "df_emotion": "happy", "df_emotion_prob": 68.16155910491943}