{"name": "Shia_LaBeouf_0001.jpg", "5_o_Clock_Shadow": 0.00891049113124609, "Arched_Eyebrows": 0.04409993439912796, "Attractive": 0.13924859464168549, "Bags_Under_Eyes": 0.004255019128322601, "Bald": 0.00029673011158593, "Bangs": 0.0004124213010072708, "Big_Lips": 0.10462428629398346, "Big_Nose": 0.01936306245625019, "Black_Hair": 0.00727947847917676, "Blond_Hair": 0.00381608703173697, "Blurry": 0.13543955981731415, "Brown_Hair": 0.10774017870426178, "Bushy_Eyebrows": 0.009628385305404663, "Chubby": 0.001273936708457768, "Double_Chin": 0.00028821075102314353, "Eyeglasses": 0.00021608431416098028, "Goatee": 0.0002476251684129238, "Gray_Hair": 0.0011245496571063995, "Heavy_Makeup": 0.000775009801145643, "High_Cheekbones": 0.0033199575264006853, "Male": 0.9898585677146912, "Mouth_Slightly_Open": 0.0666268840432167, "Mustache": 0.00036684510996565223, "Narrow_Eyes": 0.017660554498434067, "No_Beard": 0.9951909780502319, "Oval_Face": 0.08700156956911087, "Pale_Skin": 0.048437125980854034, "Pointy_Nose": 0.09163537621498108, "Receding_Hairline": 0.008764593861997128, "Rosy_Cheeks": 5.68008836125955e-05, "Sideburns": 0.00012030293146381155, "Smiling": 0.0017064542043954134, "Straight_Hair": 0.161000594496727, "Wavy_Hair": 0.02896580658853054, "Wearing_Earrings": 0.0041275243274867535, "Wearing_Hat": 0.000782298855483532, "Wearing_Lipstick": 0.0029600283596664667, "Wearing_Necklace": 0.0042244368232786655, "Wearing_Necktie": 0.0009285255218856037, "Young": 0.9709132313728333, "df_race": "white", "df_race_prob": 43.46125682957511, "df_gender": "Man", "df_gender_prob": 98.96873831748962, "df_age": 28, "df_emotion": "fear", "df_emotion_prob": 62.932369883797755}