{"name": "Sidney_Poitier_0001.jpg", "5_o_Clock_Shadow": 0.008058201521635056, "Arched_Eyebrows": 0.00042420183308422565, "Attractive": 0.003290795488283038, "Bags_Under_Eyes": 0.33768823742866516, "Bald": 0.21192717552185059, "Bangs": 0.0005073306383565068, "Big_Lips": 0.06894102692604065, "Big_Nose": 0.4186166226863861, "Black_Hair": 0.0030281071085482836, "Blond_Hair": 0.00422245729714632, "Blurry": 0.09798531979322433, "Brown_Hair": 0.0014029452577233315, "Bushy_Eyebrows": 2.54656515608076e-05, "Chubby": 0.264547199010849, "Double_Chin": 0.27410104870796204, "Eyeglasses": 0.0029600660782307386, "Goatee": 0.0017245993949472904, "Gray_Hair": 0.54951411485672, "Heavy_Makeup": 0.00019633104966487736, "High_Cheekbones": 0.7533966898918152, "Male": 0.9979817867279053, "Mouth_Slightly_Open": 0.05313151329755783, "Mustache": 0.0027273420710116625, "Narrow_Eyes": 0.01366029679775238, "No_Beard": 0.978429913520813, "Oval_Face": 0.24706757068634033, "Pale_Skin": 0.00388171523809433, "Pointy_Nose": 0.021155010908842087, "Receding_Hairline": 0.7469192147254944, "Rosy_Cheeks": 0.0003270784218329936, "Sideburns": 0.0014560617273673415, "Smiling": 0.5538222789764404, "Straight_Hair": 0.06765086948871613, "Wavy_Hair": 0.0027005570009350777, "Wearing_Earrings": 0.0018383895512670279, "Wearing_Hat": 0.00011607252963585779, "Wearing_Lipstick": 0.0006131308618932962, "Wearing_Necklace": 0.00044277697452344, "Wearing_Necktie": 0.522031307220459, "Young": 0.022205457091331482, "df_race": "black", "df_race_prob": 99.97508525699885, "df_gender": "Man", "df_gender_prob": 99.28171634674072, "df_age": 34, "df_emotion": "happy", "df_emotion_prob": 59.493762254714966}