{"name": "Silvio_Berlusconi_0001.jpg", "5_o_Clock_Shadow": 0.006923494394868612, "Arched_Eyebrows": 0.0007058419287204742, "Attractive": 0.009442728012800217, "Bags_Under_Eyes": 0.3597409129142761, "Bald": 0.6889582276344299, "Bangs": 0.002273781690746546, "Big_Lips": 0.006790472660213709, "Big_Nose": 0.1509665846824646, "Black_Hair": 0.003167002461850643, "Blond_Hair": 0.003750256262719631, "Blurry": 0.1364084780216217, "Brown_Hair": 0.004035324789583683, "Bushy_Eyebrows": 0.0008889692253433168, "Chubby": 0.2162266969680786, "Double_Chin": 0.15011771023273468, "Eyeglasses": 0.004258149769157171, "Goatee": 0.0009731242316775024, "Gray_Hair": 0.21070797741413116, "Heavy_Makeup": 0.0001239106641151011, "High_Cheekbones": 0.05661170184612274, "Male": 0.9986166954040527, "Mouth_Slightly_Open": 0.06289145350456238, "Mustache": 0.0020198142156004906, "Narrow_Eyes": 0.37384727597236633, "No_Beard": 0.990954577922821, "Oval_Face": 0.2602698802947998, "Pale_Skin": 0.04400746524333954, "Pointy_Nose": 0.02441158890724182, "Receding_Hairline": 0.10178924351930618, "Rosy_Cheeks": 8.972322393674403e-05, "Sideburns": 0.0013634123606607318, "Smiling": 0.14983071386814117, "Straight_Hair": 0.03424191474914551, "Wavy_Hair": 0.002531838370487094, "Wearing_Earrings": 0.0013494470622390509, "Wearing_Hat": 0.001586634898558259, "Wearing_Lipstick": 0.00011223056935705245, "Wearing_Necklace": 0.0003020073054358363, "Wearing_Necktie": 0.8482534289360046, "Young": 0.020701803267002106, "df_race": "middle eastern", "df_race_prob": 34.66411348153513, "df_gender": "Man", "df_gender_prob": 99.99943971633911, "df_age": 36, "df_emotion": "neutral", "df_emotion_prob": 56.59264326095581}