{"name": "Silvio_Berlusconi_0004.jpg", "5_o_Clock_Shadow": 0.005576040595769882, "Arched_Eyebrows": 0.000854114827234298, "Attractive": 0.004986353684216738, "Bags_Under_Eyes": 0.6875184774398804, "Bald": 0.7796372771263123, "Bangs": 0.0009767146548256278, "Big_Lips": 0.005737069994211197, "Big_Nose": 0.7300128936767578, "Black_Hair": 0.0018097036518156528, "Blond_Hair": 0.0038418450858443975, "Blurry": 0.028090614825487137, "Brown_Hair": 0.003247980261221528, "Bushy_Eyebrows": 0.0006600412889383733, "Chubby": 0.3681754469871521, "Double_Chin": 0.31322094798088074, "Eyeglasses": 0.002588883973658085, "Goatee": 0.0016942096408456564, "Gray_Hair": 0.4649431109428406, "Heavy_Makeup": 0.00011464559065643698, "High_Cheekbones": 0.04178347438573837, "Male": 0.9994613528251648, "Mouth_Slightly_Open": 0.03385240212082863, "Mustache": 0.003946446813642979, "Narrow_Eyes": 0.04824112728238106, "No_Beard": 0.989607036113739, "Oval_Face": 0.1564500629901886, "Pale_Skin": 0.022482343018054962, "Pointy_Nose": 0.019734956324100494, "Receding_Hairline": 0.18636006116867065, "Rosy_Cheeks": 0.0001050004648277536, "Sideburns": 0.0019384678453207016, "Smiling": 0.01668553426861763, "Straight_Hair": 0.027668314054608345, "Wavy_Hair": 0.0012123886262997985, "Wearing_Earrings": 0.000602691259700805, "Wearing_Hat": 0.0007522118394263089, "Wearing_Lipstick": 0.00017649975779931992, "Wearing_Necklace": 0.0002709217951633036, "Wearing_Necktie": 0.7537428140640259, "Young": 0.0064928848296403885, "df_race": "middle eastern", "df_race_prob": 68.8955545425415, "df_gender": "Man", "df_gender_prob": 99.99961853027344, "df_age": 48, "df_emotion": "angry", "df_emotion_prob": 92.11431051663286}