{"name": "Silvio_Berlusconi_0005.jpg", "5_o_Clock_Shadow": 0.0023988946340978146, "Arched_Eyebrows": 0.0029389718547463417, "Attractive": 0.002755486872047186, "Bags_Under_Eyes": 0.5544313788414001, "Bald": 0.8900076746940613, "Bangs": 0.0008963780710473657, "Big_Lips": 0.006350315175950527, "Big_Nose": 0.2258351743221283, "Black_Hair": 0.002471903571859002, "Blond_Hair": 0.002849761862307787, "Blurry": 0.04256882891058922, "Brown_Hair": 0.0032540762331336737, "Bushy_Eyebrows": 0.0017872601747512817, "Chubby": 0.2864987254142761, "Double_Chin": 0.1532387137413025, "Eyeglasses": 0.005826190114021301, "Goatee": 0.0015767959412187338, "Gray_Hair": 0.43578606843948364, "Heavy_Makeup": 8.989612979348749e-05, "High_Cheekbones": 0.009064613841474056, "Male": 0.9986193180084229, "Mouth_Slightly_Open": 0.01839279942214489, "Mustache": 0.0016291389474645257, "Narrow_Eyes": 0.05801842734217644, "No_Beard": 0.9928045868873596, "Oval_Face": 0.16956005990505219, "Pale_Skin": 0.15532347559928894, "Pointy_Nose": 0.019858306273818016, "Receding_Hairline": 0.2233790010213852, "Rosy_Cheeks": 7.986660057213157e-05, "Sideburns": 0.0023938161320984364, "Smiling": 0.0024054774548858404, "Straight_Hair": 0.015528477728366852, "Wavy_Hair": 0.0011125389719381928, "Wearing_Earrings": 0.0008500053663738072, "Wearing_Hat": 0.0020896808709949255, "Wearing_Lipstick": 0.00012095455167582259, "Wearing_Necklace": 0.00034812765079550445, "Wearing_Necktie": 0.8735567331314087, "Young": 0.00605586264282465, "df_race": "white", "df_race_prob": 91.99452495640219, "df_gender": "Man", "df_gender_prob": 97.56773114204407, "df_age": 23, "df_emotion": "sad", "df_emotion_prob": 55.83881139755249}