{"name": "SJ_Twu_0001.jpg", "5_o_Clock_Shadow": 0.005643285810947418, "Arched_Eyebrows": 0.0011996153043583035, "Attractive": 0.008500626310706139, "Bags_Under_Eyes": 0.02868654392659664, "Bald": 0.001250015338882804, "Bangs": 0.0008539703558199108, "Big_Lips": 0.0016913627041503787, "Big_Nose": 0.09340688586235046, "Black_Hair": 0.08109632879495621, "Blond_Hair": 0.0029377704486250877, "Blurry": 0.15666912496089935, "Brown_Hair": 0.02052556537091732, "Bushy_Eyebrows": 0.005636606365442276, "Chubby": 0.01893303357064724, "Double_Chin": 0.008120658807456493, "Eyeglasses": 0.9561862945556641, "Goatee": 0.0011166613548994064, "Gray_Hair": 0.049077410250902176, "Heavy_Makeup": 0.00029086516587994993, "High_Cheekbones": 0.29513341188430786, "Male": 0.9927116632461548, "Mouth_Slightly_Open": 0.008026594296097755, "Mustache": 0.004861083347350359, "Narrow_Eyes": 0.06358502805233002, "No_Beard": 0.9899742007255554, "Oval_Face": 0.21132737398147583, "Pale_Skin": 0.005436579696834087, "Pointy_Nose": 0.002966469619423151, "Receding_Hairline": 0.018605099990963936, "Rosy_Cheeks": 0.0001405358489137143, "Sideburns": 0.0006650640279985964, "Smiling": 0.05626894161105156, "Straight_Hair": 0.8334676027297974, "Wavy_Hair": 0.002386471489444375, "Wearing_Earrings": 0.00045124933240003884, "Wearing_Hat": 0.0005494994111359119, "Wearing_Lipstick": 0.0002510110498405993, "Wearing_Necklace": 0.0003133901918772608, "Wearing_Necktie": 0.6654233336448669, "Young": 0.03048086166381836, "df_race": "asian", "df_race_prob": 60.98535656929016, "df_gender": "Man", "df_gender_prob": 99.97417330741882, "df_age": 35, "df_emotion": "neutral", "df_emotion_prob": 83.84103775024414}