{"name": "Sophia_Loren_0004.jpg", "5_o_Clock_Shadow": 0.0008908457239158452, "Arched_Eyebrows": 0.8135108947753906, "Attractive": 0.258853018283844, "Bags_Under_Eyes": 0.0054546683095395565, "Bald": 0.00038191452040337026, "Bangs": 0.006376434117555618, "Big_Lips": 0.38927093148231506, "Big_Nose": 0.00589881744235754, "Black_Hair": 0.001180176855996251, "Blond_Hair": 0.17743109166622162, "Blurry": 0.611305832862854, "Brown_Hair": 0.05076521262526512, "Bushy_Eyebrows": 0.0005265024374239147, "Chubby": 0.0028424705378711224, "Double_Chin": 0.0021520424634218216, "Eyeglasses": 0.0007554722251370549, "Goatee": 0.000565617170650512, "Gray_Hair": 0.009073643013834953, "Heavy_Makeup": 0.266606867313385, "High_Cheekbones": 0.2093096822500229, "Male": 0.0005996486870571971, "Mouth_Slightly_Open": 0.9713654518127441, "Mustache": 0.0005400661611929536, "Narrow_Eyes": 0.3550358712673187, "No_Beard": 0.9953698515892029, "Oval_Face": 0.05464319884777069, "Pale_Skin": 0.07708057761192322, "Pointy_Nose": 0.3504401445388794, "Receding_Hairline": 0.011540566571056843, "Rosy_Cheeks": 0.0006345041911117733, "Sideburns": 0.0010298284469172359, "Smiling": 0.6949295997619629, "Straight_Hair": 0.0031729331240057945, "Wavy_Hair": 0.8024840950965881, "Wearing_Earrings": 0.6758801341056824, "Wearing_Hat": 0.0010215208167210221, "Wearing_Lipstick": 0.6075076460838318, "Wearing_Necklace": 0.4443475306034088, "Wearing_Necktie": 0.00035875968751497567, "Young": 0.1717216968536377, "df_race": "white", "df_race_prob": 61.67108277427163, "df_gender": "Woman", "df_gender_prob": 99.99842643737793, "df_age": 47, "df_emotion": "happy", "df_emotion_prob": 99.92927312850952}