{"name": "Spencer_Abraham_0005.jpg", "5_o_Clock_Shadow": 0.015043568797409534, "Arched_Eyebrows": 0.010580737143754959, "Attractive": 0.015712127089500427, "Bags_Under_Eyes": 0.03897993639111519, "Bald": 0.009340875782072544, "Bangs": 0.00016295223031193018, "Big_Lips": 0.02590404823422432, "Big_Nose": 0.061102308332920074, "Black_Hair": 0.005339101422578096, "Blond_Hair": 0.0035037430934607983, "Blurry": 0.09672768414020538, "Brown_Hair": 0.004393502604216337, "Bushy_Eyebrows": 0.002351375063881278, "Chubby": 0.31323036551475525, "Double_Chin": 0.1257283091545105, "Eyeglasses": 0.003680739551782608, "Goatee": 0.0003581647470127791, "Gray_Hair": 0.3762126564979553, "Heavy_Makeup": 0.0005772022996097803, "High_Cheekbones": 0.022519370540976524, "Male": 0.9986888766288757, "Mouth_Slightly_Open": 0.01425184402614832, "Mustache": 0.001976946834474802, "Narrow_Eyes": 0.007465115282684565, "No_Beard": 0.971907913684845, "Oval_Face": 0.543138861656189, "Pale_Skin": 0.08290747553110123, "Pointy_Nose": 0.11783574521541595, "Receding_Hairline": 0.3977760374546051, "Rosy_Cheeks": 0.0001841018529376015, "Sideburns": 0.0012053048703819513, "Smiling": 0.013072187080979347, "Straight_Hair": 0.4381970763206482, "Wavy_Hair": 0.003171425312757492, "Wearing_Earrings": 0.0003434320678934455, "Wearing_Hat": 0.0001660012494539842, "Wearing_Lipstick": 0.0005548187764361501, "Wearing_Necklace": 0.0003341871197335422, "Wearing_Necktie": 0.5739075541496277, "Young": 0.04971064627170563, "df_race": "latino hispanic", "df_race_prob": 33.145496249198914, "df_gender": "Man", "df_gender_prob": 99.58301186561584, "df_age": 40, "df_emotion": "neutral", "df_emotion_prob": 86.4805535697277}