{"name": "Spencer_Abraham_0004.jpg", "5_o_Clock_Shadow": 0.009211140684783459, "Arched_Eyebrows": 0.009360496886074543, "Attractive": 0.0034625150728970766, "Bags_Under_Eyes": 0.08933191746473312, "Bald": 0.0076857563108205795, "Bangs": 0.000255539664067328, "Big_Lips": 0.03928980603814125, "Big_Nose": 0.09790678322315216, "Black_Hair": 0.009735672734677792, "Blond_Hair": 0.003896260168403387, "Blurry": 0.10316048562526703, "Brown_Hair": 0.0036270685959607363, "Bushy_Eyebrows": 0.0032282299362123013, "Chubby": 0.7593031525611877, "Double_Chin": 0.5919657349586487, "Eyeglasses": 0.009733917191624641, "Goatee": 0.0008056359365582466, "Gray_Hair": 0.6914852857589722, "Heavy_Makeup": 0.0013976836344227195, "High_Cheekbones": 0.025642605498433113, "Male": 0.9995107650756836, "Mouth_Slightly_Open": 0.9550498723983765, "Mustache": 0.002184700919315219, "Narrow_Eyes": 0.007198590785264969, "No_Beard": 0.9709920287132263, "Oval_Face": 0.4588358700275421, "Pale_Skin": 0.04277412220835686, "Pointy_Nose": 0.05116616189479828, "Receding_Hairline": 0.23467016220092773, "Rosy_Cheeks": 0.0003068334190174937, "Sideburns": 0.0016936507308855653, "Smiling": 0.010078628547489643, "Straight_Hair": 0.4347309172153473, "Wavy_Hair": 0.008625898510217667, "Wearing_Earrings": 0.00034586922265589237, "Wearing_Hat": 0.0004826323129236698, "Wearing_Lipstick": 0.0015373036731034517, "Wearing_Necklace": 0.0004584916168823838, "Wearing_Necktie": 0.5718315839767456, "Young": 0.03369114175438881, "df_race": "latino hispanic", "df_race_prob": 26.039540767669678, "df_gender": "Woman", "df_gender_prob": 69.85694169998169, "df_age": 32, "df_emotion": "neutral", "df_emotion_prob": 82.42391347885132}