{"name": "Stanley_Tong_0001.jpg", "5_o_Clock_Shadow": 0.004087937530130148, "Arched_Eyebrows": 0.14675457775592804, "Attractive": 0.4595144987106323, "Bags_Under_Eyes": 0.026226941496133804, "Bald": 0.00040841399459168315, "Bangs": 0.00019659945974126458, "Big_Lips": 0.020476127043366432, "Big_Nose": 0.024840619415044785, "Black_Hair": 0.2642090916633606, "Blond_Hair": 0.003075211774557829, "Blurry": 0.02073758840560913, "Brown_Hair": 0.027690324932336807, "Bushy_Eyebrows": 0.006631647702306509, "Chubby": 0.00348251243121922, "Double_Chin": 0.0010557521600276232, "Eyeglasses": 0.0008052134653553367, "Goatee": 0.0002077576646115631, "Gray_Hair": 0.0014810191933065653, "Heavy_Makeup": 0.001282604644075036, "High_Cheekbones": 0.19897712767124176, "Male": 0.9932281374931335, "Mouth_Slightly_Open": 0.9864285588264465, "Mustache": 0.00043507901136763394, "Narrow_Eyes": 0.07022752612829208, "No_Beard": 0.9973340034484863, "Oval_Face": 0.4351813495159149, "Pale_Skin": 0.03831581771373749, "Pointy_Nose": 0.003575539216399193, "Receding_Hairline": 0.02980397641658783, "Rosy_Cheeks": 4.9943475460167974e-05, "Sideburns": 0.0001146380600403063, "Smiling": 0.9441422820091248, "Straight_Hair": 0.8505350947380066, "Wavy_Hair": 0.0025272341445088387, "Wearing_Earrings": 0.0013198069063946605, "Wearing_Hat": 0.00018953967082779855, "Wearing_Lipstick": 0.004233554936945438, "Wearing_Necklace": 0.0017341040074825287, "Wearing_Necktie": 0.010793146677315235, "Young": 0.809817373752594, "df_race": "asian", "df_race_prob": 99.61407177699895, "df_gender": "Man", "df_gender_prob": 99.972003698349, "df_age": 26, "df_emotion": "happy", "df_emotion_prob": 93.7705330575148}