{"name": "Stanley_McChrystal_0002.jpg", "5_o_Clock_Shadow": 0.026789652183651924, "Arched_Eyebrows": 0.00016214980860240757, "Attractive": 0.13792695105075836, "Bags_Under_Eyes": 0.3133530616760254, "Bald": 0.001632942003197968, "Bangs": 0.0015866560861468315, "Big_Lips": 0.006492715794593096, "Big_Nose": 0.18342196941375732, "Black_Hair": 0.0005911384942010045, "Blond_Hair": 0.35695043206214905, "Blurry": 0.05608585104346275, "Brown_Hair": 0.014090992510318756, "Bushy_Eyebrows": 0.0002892719639930874, "Chubby": 0.0027909905184060335, "Double_Chin": 0.015712298452854156, "Eyeglasses": 0.001973899081349373, "Goatee": 0.000625234330072999, "Gray_Hair": 0.3355584740638733, "Heavy_Makeup": 0.00031172207673080266, "High_Cheekbones": 0.8135879039764404, "Male": 0.9991752505302429, "Mouth_Slightly_Open": 0.9963950514793396, "Mustache": 0.0006723689148202538, "Narrow_Eyes": 0.10650026798248291, "No_Beard": 0.99324631690979, "Oval_Face": 0.13088279962539673, "Pale_Skin": 0.03836146369576454, "Pointy_Nose": 0.02914568968117237, "Receding_Hairline": 0.005681848153471947, "Rosy_Cheeks": 0.0002541108406148851, "Sideburns": 0.000795336498413235, "Smiling": 0.9954311847686768, "Straight_Hair": 0.5089613795280457, "Wavy_Hair": 0.0031834093388170004, "Wearing_Earrings": 0.0008091068593785167, "Wearing_Hat": 0.0001622619602130726, "Wearing_Lipstick": 0.00018953174003399909, "Wearing_Necklace": 0.0005265189683996141, "Wearing_Necktie": 0.21237774193286896, "Young": 0.21094611287117004, "df_race": "white", "df_race_prob": 98.31021448252028, "df_gender": "Man", "df_gender_prob": 99.9990463256836, "df_age": 36, "df_emotion": "happy", "df_emotion_prob": 99.82197283637362}