{"name": "Stanley_Nelson_0001.jpg", "5_o_Clock_Shadow": 0.028600724413990974, "Arched_Eyebrows": 0.0012105527566745877, "Attractive": 0.0008081801934167743, "Bags_Under_Eyes": 0.3855530023574829, "Bald": 0.812149703502655, "Bangs": 0.0006248748395591974, "Big_Lips": 0.1714375913143158, "Big_Nose": 0.925714910030365, "Black_Hair": 0.0019633884076029062, "Blond_Hair": 0.0028026243671774864, "Blurry": 0.04275071620941162, "Brown_Hair": 0.00042257350287400186, "Bushy_Eyebrows": 0.0007626608130522072, "Chubby": 0.6957605481147766, "Double_Chin": 0.40081825852394104, "Eyeglasses": 0.009225971065461636, "Goatee": 0.02948656491935253, "Gray_Hair": 0.49934646487236023, "Heavy_Makeup": 0.00010746560292318463, "High_Cheekbones": 0.053398098796606064, "Male": 0.9997597336769104, "Mouth_Slightly_Open": 0.31428003311157227, "Mustache": 0.03757641837000847, "Narrow_Eyes": 0.06243523210287094, "No_Beard": 0.621832549571991, "Oval_Face": 0.15774168074131012, "Pale_Skin": 0.014820428565144539, "Pointy_Nose": 0.0005767568363808095, "Receding_Hairline": 0.536019504070282, "Rosy_Cheeks": 6.834598025307059e-05, "Sideburns": 0.006970079615712166, "Smiling": 0.007682865019887686, "Straight_Hair": 0.011997285299003124, "Wavy_Hair": 0.0014094735961407423, "Wearing_Earrings": 0.002163550816476345, "Wearing_Hat": 0.0007779351435601711, "Wearing_Lipstick": 0.0002605978224892169, "Wearing_Necklace": 0.0017386944964528084, "Wearing_Necktie": 0.010658085346221924, "Young": 0.02662941999733448, "df_race": "black", "df_race_prob": 99.99867677688599, "df_gender": "Man", "df_gender_prob": 99.93257522583008, "df_age": 27, "df_emotion": "sad", "df_emotion_prob": 99.56015941859242}