{"name": "Stefano_Basalini_0001.jpg", "5_o_Clock_Shadow": 0.4399092197418213, "Arched_Eyebrows": 0.0019744487944990396, "Attractive": 0.3577442169189453, "Bags_Under_Eyes": 0.02644507959485054, "Bald": 0.0004185773432254791, "Bangs": 0.0384381078183651, "Big_Lips": 0.013941779732704163, "Big_Nose": 0.05690062418580055, "Black_Hair": 0.0013519329950213432, "Blond_Hair": 0.5748559236526489, "Blurry": 0.2435644119977951, "Brown_Hair": 0.022275591269135475, "Bushy_Eyebrows": 0.0028445865027606487, "Chubby": 0.0008747606188990176, "Double_Chin": 0.001244455692358315, "Eyeglasses": 0.0006568359094671905, "Goatee": 0.015733661130070686, "Gray_Hair": 0.03490178659558296, "Heavy_Makeup": 0.0007501077488996089, "High_Cheekbones": 0.4541378915309906, "Male": 0.9962019324302673, "Mouth_Slightly_Open": 0.9982489347457886, "Mustache": 0.008822452276945114, "Narrow_Eyes": 0.537844717502594, "No_Beard": 0.5404021143913269, "Oval_Face": 0.17272621393203735, "Pale_Skin": 0.012129039503633976, "Pointy_Nose": 0.05335535854101181, "Receding_Hairline": 0.002068605972453952, "Rosy_Cheeks": 0.0002224765921710059, "Sideburns": 0.01067441888153553, "Smiling": 0.9920005798339844, "Straight_Hair": 0.09736715257167816, "Wavy_Hair": 0.05707187205553055, "Wearing_Earrings": 0.001496800105087459, "Wearing_Hat": 0.0005648816586472094, "Wearing_Lipstick": 0.000695247610565275, "Wearing_Necklace": 0.003455130383372307, "Wearing_Necktie": 0.0008341617649421096, "Young": 0.9003093242645264, "df_race": "white", "df_race_prob": 94.46780747558981, "df_gender": "Man", "df_gender_prob": 99.99966621398926, "df_age": 25, "df_emotion": "fear", "df_emotion_prob": 95.14149398454988}