{"name": "Stefano_Accorsi_0002.jpg", "5_o_Clock_Shadow": 0.16367438435554504, "Arched_Eyebrows": 0.06631509214639664, "Attractive": 0.11253457516431808, "Bags_Under_Eyes": 0.7781333923339844, "Bald": 0.0006787788588553667, "Bangs": 0.0008320097113028169, "Big_Lips": 0.07615728676319122, "Big_Nose": 0.49799415469169617, "Black_Hair": 0.007991657592356205, "Blond_Hair": 0.007481979671865702, "Blurry": 0.11982813477516174, "Brown_Hair": 0.05060218274593353, "Bushy_Eyebrows": 0.0001893870357889682, "Chubby": 0.00973188504576683, "Double_Chin": 0.013280320912599564, "Eyeglasses": 0.0002960886340588331, "Goatee": 0.0010099044302478433, "Gray_Hair": 0.006351660005748272, "Heavy_Makeup": 7.25202335161157e-05, "High_Cheekbones": 0.9318944215774536, "Male": 0.9986383318901062, "Mouth_Slightly_Open": 0.9951444268226624, "Mustache": 0.0027221394702792168, "Narrow_Eyes": 0.012975391931831837, "No_Beard": 0.9320424795150757, "Oval_Face": 0.18282125890254974, "Pale_Skin": 0.0059080468490719795, "Pointy_Nose": 0.03402446582913399, "Receding_Hairline": 0.04783304035663605, "Rosy_Cheeks": 3.500515595078468e-05, "Sideburns": 0.0010380211751908064, "Smiling": 0.9977037310600281, "Straight_Hair": 0.13509227335453033, "Wavy_Hair": 0.03970490023493767, "Wearing_Earrings": 0.001349378377199173, "Wearing_Hat": 0.0002934920194093138, "Wearing_Lipstick": 0.0004121693782508373, "Wearing_Necklace": 0.0009717840002849698, "Wearing_Necktie": 0.00614177854731679, "Young": 0.5314096212387085, "df_race": "white", "df_race_prob": 56.426793336868286, "df_gender": "Man", "df_gender_prob": 99.99319314956665, "df_age": 25, "df_emotion": "happy", "df_emotion_prob": 97.59477362601599}