{"name": "Stephen_Glassroth_0001.jpg", "5_o_Clock_Shadow": 0.04027508571743965, "Arched_Eyebrows": 0.0009574585710652173, "Attractive": 0.008050673641264439, "Bags_Under_Eyes": 0.013023842126131058, "Bald": 0.001356842229142785, "Bangs": 0.0003266982384957373, "Big_Lips": 0.01898803561925888, "Big_Nose": 0.06666704267263412, "Black_Hair": 0.031391821801662445, "Blond_Hair": 0.0030951222870498896, "Blurry": 0.24346813559532166, "Brown_Hair": 0.05153360590338707, "Bushy_Eyebrows": 0.01836457848548889, "Chubby": 0.06081744655966759, "Double_Chin": 0.016918854787945747, "Eyeglasses": 0.9693217277526855, "Goatee": 0.002552337246015668, "Gray_Hair": 0.03273533657193184, "Heavy_Makeup": 0.0003635231696534902, "High_Cheekbones": 0.006619085092097521, "Male": 0.9961200952529907, "Mouth_Slightly_Open": 0.9805687665939331, "Mustache": 0.006064217537641525, "Narrow_Eyes": 0.3617599308490753, "No_Beard": 0.9156225919723511, "Oval_Face": 0.2952598035335541, "Pale_Skin": 0.004594631027430296, "Pointy_Nose": 0.054970692843198776, "Receding_Hairline": 0.040261510759592056, "Rosy_Cheeks": 6.723718252032995e-05, "Sideburns": 0.0015829206677153707, "Smiling": 0.015462971292436123, "Straight_Hair": 0.3526265025138855, "Wavy_Hair": 0.02458384446799755, "Wearing_Earrings": 0.00039659260073676705, "Wearing_Hat": 0.0003460132284089923, "Wearing_Lipstick": 0.00047489977441728115, "Wearing_Necklace": 0.0014501638943329453, "Wearing_Necktie": 0.010159674100577831, "Young": 0.246177077293396, "df_race": "white", "df_race_prob": 39.07416760921478, "df_gender": "Man", "df_gender_prob": 99.9535322189331, "df_age": 43, "df_emotion": "angry", "df_emotion_prob": 84.45059657096863}