{"name": "Stephen_Webster_0001.jpg", "5_o_Clock_Shadow": 0.08040968328714371, "Arched_Eyebrows": 0.2775609493255615, "Attractive": 0.11097989231348038, "Bags_Under_Eyes": 0.14707069098949432, "Bald": 0.0004865317023359239, "Bangs": 0.0010322467423975468, "Big_Lips": 0.02037017047405243, "Big_Nose": 0.20993301272392273, "Black_Hair": 0.025591662153601646, "Blond_Hair": 0.007397312205284834, "Blurry": 0.4999799132347107, "Brown_Hair": 0.06085618957877159, "Bushy_Eyebrows": 0.0013249668991193175, "Chubby": 0.040110569447278976, "Double_Chin": 0.013363105244934559, "Eyeglasses": 0.001419381471350789, "Goatee": 0.00031057672458700836, "Gray_Hair": 0.026081090793013573, "Heavy_Makeup": 0.00041038388735614717, "High_Cheekbones": 0.4877864420413971, "Male": 0.9921243786811829, "Mouth_Slightly_Open": 0.844410240650177, "Mustache": 0.002154730027541518, "Narrow_Eyes": 0.017232002690434456, "No_Beard": 0.9547728896141052, "Oval_Face": 0.2617529332637787, "Pale_Skin": 0.06818699836730957, "Pointy_Nose": 0.2402755320072174, "Receding_Hairline": 0.026495570316910744, "Rosy_Cheeks": 0.000499134068377316, "Sideburns": 0.0007219561957754195, "Smiling": 0.9287282824516296, "Straight_Hair": 0.005392277613282204, "Wavy_Hair": 0.7255695462226868, "Wearing_Earrings": 0.05758758261799812, "Wearing_Hat": 0.0005708298995159566, "Wearing_Lipstick": 0.001822407590225339, "Wearing_Necklace": 0.008387327194213867, "Wearing_Necktie": 0.009034975431859493, "Young": 0.15317721664905548, "df_race": "white", "df_race_prob": 83.34733744545802, "df_gender": "Man", "df_gender_prob": 99.57950115203857, "df_age": 29, "df_emotion": "happy", "df_emotion_prob": 96.57337624709324}