{"name": "Stephen_Joseph_0001.jpg", "5_o_Clock_Shadow": 0.019160721451044083, "Arched_Eyebrows": 0.0061897276900708675, "Attractive": 0.012648789212107658, "Bags_Under_Eyes": 0.17798198759555817, "Bald": 0.010951997712254524, "Bangs": 0.0001725712209008634, "Big_Lips": 0.01594732515513897, "Big_Nose": 0.3740866184234619, "Black_Hair": 0.0038466856349259615, "Blond_Hair": 0.002260727807879448, "Blurry": 0.14396242797374725, "Brown_Hair": 0.0026523529086261988, "Bushy_Eyebrows": 0.0057371375150978565, "Chubby": 0.167287215590477, "Double_Chin": 0.03482174873352051, "Eyeglasses": 0.001786690321750939, "Goatee": 0.0003913386899512261, "Gray_Hair": 0.44420233368873596, "Heavy_Makeup": 0.00016544551181141287, "High_Cheekbones": 0.006365461274981499, "Male": 0.9953369498252869, "Mouth_Slightly_Open": 0.0026449121069163084, "Mustache": 0.0008357011829502881, "Narrow_Eyes": 0.17818999290466309, "No_Beard": 0.9821211695671082, "Oval_Face": 0.10528522729873657, "Pale_Skin": 0.0647725760936737, "Pointy_Nose": 0.04985872283577919, "Receding_Hairline": 0.3315528333187103, "Rosy_Cheeks": 5.96912759647239e-05, "Sideburns": 0.0016947337426245213, "Smiling": 0.0018569778185337782, "Straight_Hair": 0.21080540120601654, "Wavy_Hair": 0.005237102042883635, "Wearing_Earrings": 0.0010242864955216646, "Wearing_Hat": 0.0004939613281749189, "Wearing_Lipstick": 0.00028862652834504843, "Wearing_Necklace": 0.0006917323335073888, "Wearing_Necktie": 0.01967388577759266, "Young": 0.0803271010518074, "df_race": "middle eastern", "df_race_prob": 48.467004481911125, "df_gender": "Man", "df_gender_prob": 99.89468455314636, "df_age": 45, "df_emotion": "sad", "df_emotion_prob": 77.85780761931034}