{"name": "Steve_Waugh_0001.jpg", "5_o_Clock_Shadow": 0.4777340292930603, "Arched_Eyebrows": 0.00036100242868997157, "Attractive": 0.2079499363899231, "Bags_Under_Eyes": 0.13080056011676788, "Bald": 0.002644652035087347, "Bangs": 0.19023653864860535, "Big_Lips": 0.025965111330151558, "Big_Nose": 0.5197879672050476, "Black_Hair": 0.003429538570344448, "Blond_Hair": 0.05097443237900734, "Blurry": 0.08540315926074982, "Brown_Hair": 0.05950518697500229, "Bushy_Eyebrows": 0.0001205382141051814, "Chubby": 0.007707946002483368, "Double_Chin": 0.007235054392367601, "Eyeglasses": 0.0008901609689928591, "Goatee": 0.001076654065400362, "Gray_Hair": 0.015686677768826485, "Heavy_Makeup": 0.000296838756185025, "High_Cheekbones": 0.08794105052947998, "Male": 0.9993808269500732, "Mouth_Slightly_Open": 0.008510276675224304, "Mustache": 0.0007565913838334382, "Narrow_Eyes": 0.06551651656627655, "No_Beard": 0.9287273287773132, "Oval_Face": 0.1235385537147522, "Pale_Skin": 0.1794799566268921, "Pointy_Nose": 0.12928006052970886, "Receding_Hairline": 0.003486885456368327, "Rosy_Cheeks": 0.000302719883620739, "Sideburns": 0.0028494815342128277, "Smiling": 0.3116135597229004, "Straight_Hair": 0.725303590297699, "Wavy_Hair": 0.0036977999843657017, "Wearing_Earrings": 0.0008769374690018594, "Wearing_Hat": 0.0005149330827407539, "Wearing_Lipstick": 0.0005074809887446463, "Wearing_Necklace": 0.002793283201754093, "Wearing_Necktie": 0.003020462580025196, "Young": 0.6085011959075928, "df_race": "white", "df_race_prob": 90.11940301176328, "df_gender": "Man", "df_gender_prob": 99.99958276748657, "df_age": 27, "df_emotion": "happy", "df_emotion_prob": 98.0412483215332}