{"name": "Steven_Spielberg_0006.jpg", "5_o_Clock_Shadow": 0.014281436800956726, "Arched_Eyebrows": 0.0007718064589425921, "Attractive": 0.00904582068324089, "Bags_Under_Eyes": 0.06281135231256485, "Bald": 0.02877170406281948, "Bangs": 0.00047855923185124993, "Big_Lips": 0.004693611524999142, "Big_Nose": 0.35432854294776917, "Black_Hair": 0.001751361764036119, "Blond_Hair": 0.00431262981146574, "Blurry": 0.061388157308101654, "Brown_Hair": 0.0014532455243170261, "Bushy_Eyebrows": 0.001858724863268435, "Chubby": 0.16020965576171875, "Double_Chin": 0.01448648888617754, "Eyeglasses": 0.30737170577049255, "Goatee": 0.06372175365686417, "Gray_Hair": 0.9257810115814209, "Heavy_Makeup": 0.00028484498034231365, "High_Cheekbones": 0.04497611150145531, "Male": 0.9988162517547607, "Mouth_Slightly_Open": 0.006582838948816061, "Mustache": 0.022424006834626198, "Narrow_Eyes": 0.016059068962931633, "No_Beard": 0.08481329679489136, "Oval_Face": 0.1636023223400116, "Pale_Skin": 0.016720978543162346, "Pointy_Nose": 0.15492312610149384, "Receding_Hairline": 0.6986353993415833, "Rosy_Cheeks": 0.00038904492976143956, "Sideburns": 0.5469088554382324, "Smiling": 0.06406957656145096, "Straight_Hair": 0.09573988616466522, "Wavy_Hair": 0.013869606889784336, "Wearing_Earrings": 0.00026169081684201956, "Wearing_Hat": 0.00030097251874394715, "Wearing_Lipstick": 0.00015025331231299788, "Wearing_Necklace": 0.0006332337507046759, "Wearing_Necktie": 0.011608780361711979, "Young": 0.008424218744039536, "df_race": "white", "df_race_prob": 98.79031791802431, "df_gender": "Man", "df_gender_prob": 99.98672008514404, "df_age": 50, "df_emotion": "neutral", "df_emotion_prob": 68.16834807395935}