{"name": "Steven_Seagal_0002.jpg", "5_o_Clock_Shadow": 0.04354944825172424, "Arched_Eyebrows": 0.0009096403373405337, "Attractive": 0.017290491610765457, "Bags_Under_Eyes": 0.41371235251426697, "Bald": 0.00035015575122088194, "Bangs": 0.0005576615803875029, "Big_Lips": 0.04879409074783325, "Big_Nose": 0.3927905559539795, "Black_Hair": 0.03154097497463226, "Blond_Hair": 0.002490764018148184, "Blurry": 0.09413281828165054, "Brown_Hair": 0.02268780954182148, "Bushy_Eyebrows": 0.0007881603669375181, "Chubby": 0.05066768079996109, "Double_Chin": 0.015886729583144188, "Eyeglasses": 0.0004427433595992625, "Goatee": 0.00026001210790127516, "Gray_Hair": 0.01570317894220352, "Heavy_Makeup": 0.00010907099203905091, "High_Cheekbones": 0.0820181593298912, "Male": 0.998286783695221, "Mouth_Slightly_Open": 0.2392367273569107, "Mustache": 0.001334725646302104, "Narrow_Eyes": 0.04511791095137596, "No_Beard": 0.981999397277832, "Oval_Face": 0.09002863615751266, "Pale_Skin": 0.033126991242170334, "Pointy_Nose": 0.02380806766450405, "Receding_Hairline": 0.022800451144576073, "Rosy_Cheeks": 3.670962905744091e-05, "Sideburns": 0.0009627242689020932, "Smiling": 0.012347021140158176, "Straight_Hair": 0.3437575399875641, "Wavy_Hair": 0.009417254477739334, "Wearing_Earrings": 0.0007990291342139244, "Wearing_Hat": 0.0001793438714230433, "Wearing_Lipstick": 0.00015505893679801375, "Wearing_Necklace": 0.000521808338817209, "Wearing_Necktie": 0.006894824095070362, "Young": 0.22683002054691315, "df_race": "white", "df_race_prob": 38.51554325315614, "df_gender": "Man", "df_gender_prob": 99.99996423721313, "df_age": 43, "df_emotion": "neutral", "df_emotion_prob": 55.978238582611084}