{"name": "Steve_Cutler_0001.jpg", "5_o_Clock_Shadow": 0.020025745034217834, "Arched_Eyebrows": 0.001279439777135849, "Attractive": 0.0746828019618988, "Bags_Under_Eyes": 0.038097821176052094, "Bald": 0.0005464621353894472, "Bangs": 0.0020693037658929825, "Big_Lips": 0.0055542560294270515, "Big_Nose": 0.010205104015767574, "Black_Hair": 0.005413006525486708, "Blond_Hair": 0.006959829945117235, "Blurry": 0.21800097823143005, "Brown_Hair": 0.15569725632667542, "Bushy_Eyebrows": 0.002950736554339528, "Chubby": 0.0016138156643137336, "Double_Chin": 0.0011303196661174297, "Eyeglasses": 0.0016040954506024718, "Goatee": 0.00037703916314058006, "Gray_Hair": 0.01773533597588539, "Heavy_Makeup": 0.0003752180200535804, "High_Cheekbones": 0.005986685398966074, "Male": 0.9956978559494019, "Mouth_Slightly_Open": 0.003358560148626566, "Mustache": 0.0005485299625433981, "Narrow_Eyes": 0.003172393422573805, "No_Beard": 0.9907519817352295, "Oval_Face": 0.06833630800247192, "Pale_Skin": 0.013379650190472603, "Pointy_Nose": 0.2766556739807129, "Receding_Hairline": 0.004846840165555477, "Rosy_Cheeks": 6.04643537371885e-05, "Sideburns": 0.0006918954313732684, "Smiling": 0.002024849411100149, "Straight_Hair": 0.5112255215644836, "Wavy_Hair": 0.02591467648744583, "Wearing_Earrings": 0.0008508144528605044, "Wearing_Hat": 0.0001607463345862925, "Wearing_Lipstick": 0.0004575583734549582, "Wearing_Necklace": 0.0005084816366434097, "Wearing_Necktie": 0.20363260805606842, "Young": 0.3245014548301697, "df_race": "middle eastern", "df_race_prob": 46.75692617893219, "df_gender": "Man", "df_gender_prob": 99.78870749473572, "df_age": 35, "df_emotion": "neutral", "df_emotion_prob": 98.93418550491333}