{"name": "Steve_Karsay_0001.jpg", "5_o_Clock_Shadow": 0.6915240287780762, "Arched_Eyebrows": 0.0012270170263946056, "Attractive": 0.19559316337108612, "Bags_Under_Eyes": 0.022830486297607422, "Bald": 0.005068253260105848, "Bangs": 0.0002503070281818509, "Big_Lips": 0.006509627681225538, "Big_Nose": 0.08293822407722473, "Black_Hair": 0.0007452064892277122, "Blond_Hair": 0.058899883180856705, "Blurry": 0.03670791536569595, "Brown_Hair": 0.03136073797941208, "Bushy_Eyebrows": 0.00016234026406891644, "Chubby": 0.009370512329041958, "Double_Chin": 0.0037313122302293777, "Eyeglasses": 0.0007497350452467799, "Goatee": 0.007352637592703104, "Gray_Hair": 0.0174624752253294, "Heavy_Makeup": 0.00024284979735966772, "High_Cheekbones": 0.013824114575982094, "Male": 0.9998086094856262, "Mouth_Slightly_Open": 0.00220402330160141, "Mustache": 0.004232204519212246, "Narrow_Eyes": 0.02160475216805935, "No_Beard": 0.4832022190093994, "Oval_Face": 0.1364869773387909, "Pale_Skin": 0.025098824873566628, "Pointy_Nose": 0.26691049337387085, "Receding_Hairline": 0.08295008540153503, "Rosy_Cheeks": 0.00010692211799323559, "Sideburns": 0.006223023869097233, "Smiling": 0.04683149233460426, "Straight_Hair": 0.40456444025039673, "Wavy_Hair": 0.004220791161060333, "Wearing_Earrings": 0.0006288795848377049, "Wearing_Hat": 0.000145905272802338, "Wearing_Lipstick": 0.0002887864538934082, "Wearing_Necklace": 0.0010576427448540926, "Wearing_Necktie": 0.0061304750852286816, "Young": 0.4816397726535797, "df_race": "white", "df_race_prob": 89.2552375793457, "df_gender": "Man", "df_gender_prob": 99.92517828941345, "df_age": 23, "df_emotion": "neutral", "df_emotion_prob": 74.32722449302673}