{"name": "Steve_Blake_0001.jpg", "5_o_Clock_Shadow": 0.006750843953341246, "Arched_Eyebrows": 0.0019351450027897954, "Attractive": 0.08563324809074402, "Bags_Under_Eyes": 0.01046684943139553, "Bald": 0.011381694115698338, "Bangs": 0.00011834828183054924, "Big_Lips": 0.006338513456285, "Big_Nose": 0.010576360858976841, "Black_Hair": 0.005580113269388676, "Blond_Hair": 0.015433181077241898, "Blurry": 0.046809859573841095, "Brown_Hair": 0.00779633317142725, "Bushy_Eyebrows": 0.0015351659385487437, "Chubby": 0.0008550031925551593, "Double_Chin": 0.0001802047190722078, "Eyeglasses": 0.00046351924538612366, "Goatee": 0.0012626107782125473, "Gray_Hair": 0.012009365484118462, "Heavy_Makeup": 0.0005614591646008193, "High_Cheekbones": 0.014548241160809994, "Male": 0.9936476349830627, "Mouth_Slightly_Open": 0.0578964427113533, "Mustache": 0.00037277769297361374, "Narrow_Eyes": 0.02170967496931553, "No_Beard": 0.9932346940040588, "Oval_Face": 0.0794534757733345, "Pale_Skin": 0.01532674953341484, "Pointy_Nose": 0.16690801084041595, "Receding_Hairline": 0.1374247819185257, "Rosy_Cheeks": 4.869191980105825e-05, "Sideburns": 0.000868879200424999, "Smiling": 0.0005795329925604165, "Straight_Hair": 0.042557764798402786, "Wavy_Hair": 0.003092642640694976, "Wearing_Earrings": 0.003703962778672576, "Wearing_Hat": 0.000985321355983615, "Wearing_Lipstick": 0.0008853226900100708, "Wearing_Necklace": 0.0015533786499872804, "Wearing_Necktie": 0.0009397150715813041, "Young": 0.9740043878555298, "df_race": "white", "df_race_prob": 70.4514766277643, "df_gender": "Man", "df_gender_prob": 99.71638321876526, "df_age": 25, "df_emotion": "fear", "df_emotion_prob": 52.25729319366298}