{"name": "Steven_Spielberg_0004.jpg", "5_o_Clock_Shadow": 0.04500972107052803, "Arched_Eyebrows": 0.0012240555370226502, "Attractive": 0.006104122847318649, "Bags_Under_Eyes": 0.027769459411501884, "Bald": 0.136134073138237, "Bangs": 0.0008067179587669671, "Big_Lips": 0.0051233768463134766, "Big_Nose": 0.21790459752082825, "Black_Hair": 0.0015611061826348305, "Blond_Hair": 0.0068053752183914185, "Blurry": 0.3117321729660034, "Brown_Hair": 0.0032736542634665966, "Bushy_Eyebrows": 0.0027808097656816244, "Chubby": 0.09667828679084778, "Double_Chin": 0.0446072481572628, "Eyeglasses": 0.994217038154602, "Goatee": 0.06105737388134003, "Gray_Hair": 0.86882084608078, "Heavy_Makeup": 0.00039288264815695584, "High_Cheekbones": 0.02576339617371559, "Male": 0.998939573764801, "Mouth_Slightly_Open": 0.011256304569542408, "Mustache": 0.020902510732412338, "Narrow_Eyes": 0.06668884307146072, "No_Beard": 0.14808590710163116, "Oval_Face": 0.40167152881622314, "Pale_Skin": 0.016454225406050682, "Pointy_Nose": 0.21311181783676147, "Receding_Hairline": 0.79128497838974, "Rosy_Cheeks": 0.00034898301237262785, "Sideburns": 0.25266268849372864, "Smiling": 0.27629098296165466, "Straight_Hair": 0.08878643810749054, "Wavy_Hair": 0.0050987196154892445, "Wearing_Earrings": 0.0003194626478943974, "Wearing_Hat": 0.00033238649484701455, "Wearing_Lipstick": 0.00012248744315002114, "Wearing_Necklace": 0.0004333678516559303, "Wearing_Necktie": 0.6850455403327942, "Young": 0.013451787643134594, "df_race": "white", "df_race_prob": 99.82183575630188, "df_gender": "Man", "df_gender_prob": 99.99679327011108, "df_age": 42, "df_emotion": "neutral", "df_emotion_prob": 64.06071186065674}