{"name": "Steve_Nash_0004.jpg", "5_o_Clock_Shadow": 0.17010529339313507, "Arched_Eyebrows": 0.00038144842255860567, "Attractive": 0.010435578413307667, "Bags_Under_Eyes": 0.09445209056138992, "Bald": 0.0049273730255663395, "Bangs": 0.0002449211897328496, "Big_Lips": 0.008914630860090256, "Big_Nose": 0.07723509520292282, "Black_Hair": 0.0014217942953109741, "Blond_Hair": 0.0687805786728859, "Blurry": 0.4768945872783661, "Brown_Hair": 0.07187880575656891, "Bushy_Eyebrows": 0.0008752490975894034, "Chubby": 0.0030727789271622896, "Double_Chin": 0.003892109962180257, "Eyeglasses": 0.00508544547483325, "Goatee": 0.004978656768798828, "Gray_Hair": 0.020349234342575073, "Heavy_Makeup": 0.00017995110829360783, "High_Cheekbones": 0.06017567217350006, "Male": 0.9915258288383484, "Mouth_Slightly_Open": 0.8929060697555542, "Mustache": 0.0023668354842811823, "Narrow_Eyes": 0.07260382175445557, "No_Beard": 0.789883017539978, "Oval_Face": 0.03386571258306503, "Pale_Skin": 0.012276015244424343, "Pointy_Nose": 0.10714747756719589, "Receding_Hairline": 0.17563475668430328, "Rosy_Cheeks": 6.805143493693322e-05, "Sideburns": 0.008714542724192142, "Smiling": 0.028250817209482193, "Straight_Hair": 0.025733113288879395, "Wavy_Hair": 0.0531286858022213, "Wearing_Earrings": 0.0025297319516539574, "Wearing_Hat": 0.002404906554147601, "Wearing_Lipstick": 0.00027959904400631785, "Wearing_Necklace": 0.05592416226863861, "Wearing_Necktie": 0.0011596677359193563, "Young": 0.6462976932525635, "df_race": "middle eastern", "df_race_prob": 82.51347437581268, "df_gender": "Man", "df_gender_prob": 99.73515272140503, "df_age": 34, "df_emotion": "angry", "df_emotion_prob": 88.50234746932983}