{"name": "Stockard_Channing_0001.jpg", "5_o_Clock_Shadow": 0.0003191892756149173, "Arched_Eyebrows": 0.06153181567788124, "Attractive": 0.3003607392311096, "Bags_Under_Eyes": 0.215035542845726, "Bald": 0.00018388693570159376, "Bangs": 0.9968509078025818, "Big_Lips": 0.1709362417459488, "Big_Nose": 0.2013654261827469, "Black_Hair": 0.007775438483804464, "Blond_Hair": 0.05212143808603287, "Blurry": 0.058819741010665894, "Brown_Hair": 0.1826852411031723, "Bushy_Eyebrows": 0.005643834825605154, "Chubby": 0.0026877247728407383, "Double_Chin": 0.0029202464502304792, "Eyeglasses": 0.00022319577692542225, "Goatee": 0.00030155733111314476, "Gray_Hair": 0.0016383973415941, "Heavy_Makeup": 0.11221000552177429, "High_Cheekbones": 0.8636096119880676, "Male": 0.0013961961958557367, "Mouth_Slightly_Open": 0.9405357241630554, "Mustache": 0.0001760008162818849, "Narrow_Eyes": 0.5115454196929932, "No_Beard": 0.999395489692688, "Oval_Face": 0.31486251950263977, "Pale_Skin": 0.03401115536689758, "Pointy_Nose": 0.04708568751811981, "Receding_Hairline": 0.00016760302241891623, "Rosy_Cheeks": 0.000741986557841301, "Sideburns": 0.0003529624664224684, "Smiling": 0.9972803592681885, "Straight_Hair": 0.4062778055667877, "Wavy_Hair": 0.06393200904130936, "Wearing_Earrings": 0.013476159423589706, "Wearing_Hat": 0.0006266834679991007, "Wearing_Lipstick": 0.6997631192207336, "Wearing_Necklace": 0.25143834948539734, "Wearing_Necktie": 7.735133112873882e-05, "Young": 0.6222094297409058, "df_race": "white", "df_race_prob": 55.63081502914429, "df_gender": "Woman", "df_gender_prob": 99.91481304168701, "df_age": 28, "df_emotion": "neutral", "df_emotion_prob": 61.528767529579106}