{"name": "Sue_Grafton_0001.jpg", "5_o_Clock_Shadow": 0.0009972583502531052, "Arched_Eyebrows": 0.004756488837301731, "Attractive": 0.08881740272045135, "Bags_Under_Eyes": 0.12736643850803375, "Bald": 0.00031013909028843045, "Bangs": 0.8828986287117004, "Big_Lips": 0.018777916207909584, "Big_Nose": 0.10514159500598907, "Black_Hair": 0.0009111358667723835, "Blond_Hair": 0.30204999446868896, "Blurry": 0.09453085064888, "Brown_Hair": 0.010894710198044777, "Bushy_Eyebrows": 0.00025679016835056245, "Chubby": 0.00573014048859477, "Double_Chin": 0.0032980586402118206, "Eyeglasses": 0.00024464158923365176, "Goatee": 0.00010333174577681348, "Gray_Hair": 0.1298234760761261, "Heavy_Makeup": 0.0031487904489040375, "High_Cheekbones": 0.2554413974285126, "Male": 0.027193883433938026, "Mouth_Slightly_Open": 0.0004495666944421828, "Mustache": 0.0001831270201364532, "Narrow_Eyes": 0.04253436625003815, "No_Beard": 0.9986163377761841, "Oval_Face": 0.25664806365966797, "Pale_Skin": 0.21583861112594604, "Pointy_Nose": 0.047324880957603455, "Receding_Hairline": 0.0007127600838430226, "Rosy_Cheeks": 0.0002627117792144418, "Sideburns": 0.0004021036729682237, "Smiling": 0.19810104370117188, "Straight_Hair": 0.12452784180641174, "Wavy_Hair": 0.10260094702243805, "Wearing_Earrings": 0.005232483614236116, "Wearing_Hat": 0.000780470494646579, "Wearing_Lipstick": 0.016263974830508232, "Wearing_Necklace": 0.04546430706977844, "Wearing_Necktie": 0.0008809369173832238, "Young": 0.13223113119602203, "df_race": "white", "df_race_prob": 99.99994039536233, "df_gender": "Woman", "df_gender_prob": 99.2681086063385, "df_age": 37, "df_emotion": "neutral", "df_emotion_prob": 78.83227719875846}