{"name": "Suk_Chung_Hong_0001.jpg", "5_o_Clock_Shadow": 0.0018435822566971183, "Arched_Eyebrows": 0.01776880957186222, "Attractive": 0.014498856849968433, "Bags_Under_Eyes": 0.012466143816709518, "Bald": 0.000893918564543128, "Bangs": 0.005285493563860655, "Big_Lips": 0.15694579482078552, "Big_Nose": 0.0057486239820718765, "Black_Hair": 0.012850881554186344, "Blond_Hair": 0.028590664267539978, "Blurry": 0.8149098753929138, "Brown_Hair": 0.05102616176009178, "Bushy_Eyebrows": 0.00019265906303189695, "Chubby": 0.01734919287264347, "Double_Chin": 0.0026150105986744165, "Eyeglasses": 0.0021908965427428484, "Goatee": 0.0011250354582443833, "Gray_Hair": 0.001622722833417356, "Heavy_Makeup": 0.001324688084423542, "High_Cheekbones": 0.018148930743336678, "Male": 0.03874560818076134, "Mouth_Slightly_Open": 0.844689667224884, "Mustache": 0.0017945520812645555, "Narrow_Eyes": 0.5872182846069336, "No_Beard": 0.9848314523696899, "Oval_Face": 0.08732526004314423, "Pale_Skin": 0.07434620708227158, "Pointy_Nose": 0.018916642293334007, "Receding_Hairline": 0.01197435986250639, "Rosy_Cheeks": 4.22271950810682e-05, "Sideburns": 0.001406921655870974, "Smiling": 0.00924682430922985, "Straight_Hair": 0.31481897830963135, "Wavy_Hair": 0.0338730625808239, "Wearing_Earrings": 0.002846392337232828, "Wearing_Hat": 0.004868768621236086, "Wearing_Lipstick": 0.013657934032380581, "Wearing_Necklace": 0.01302973460406065, "Wearing_Necktie": 0.00470345001667738, "Young": 0.6658427119255066, "df_race": "white", "df_race_prob": 60.12048483613043, "df_gender": "Man", "df_gender_prob": 78.8707971572876, "df_age": 30, "df_emotion": "fear", "df_emotion_prob": 72.53360152244568}