{"name": "Suzanne_Somers_0001.jpg", "5_o_Clock_Shadow": 0.0012486629420891404, "Arched_Eyebrows": 0.004833344370126724, "Attractive": 0.24672245979309082, "Bags_Under_Eyes": 0.14983229339122772, "Bald": 0.0009167311363853514, "Bangs": 0.9598918557167053, "Big_Lips": 0.1963939219713211, "Big_Nose": 0.06384778022766113, "Black_Hair": 0.0007635279907844961, "Blond_Hair": 0.9898659586906433, "Blurry": 0.20500804483890533, "Brown_Hair": 0.003494566772133112, "Bushy_Eyebrows": 0.0003640784416347742, "Chubby": 0.003027309663593769, "Double_Chin": 0.00471726106479764, "Eyeglasses": 0.0020388830453157425, "Goatee": 0.0007385594071820378, "Gray_Hair": 0.02832554280757904, "Heavy_Makeup": 0.05431364104151726, "High_Cheekbones": 0.8709938526153564, "Male": 0.003363625146448612, "Mouth_Slightly_Open": 0.9965457320213318, "Mustache": 0.0003924796765204519, "Narrow_Eyes": 0.398095965385437, "No_Beard": 0.9971797466278076, "Oval_Face": 0.11980023235082626, "Pale_Skin": 0.052919160574674606, "Pointy_Nose": 0.21975335478782654, "Receding_Hairline": 0.00046259607188403606, "Rosy_Cheeks": 0.0003094893181696534, "Sideburns": 0.0013155161868780851, "Smiling": 0.9936631917953491, "Straight_Hair": 0.851121723651886, "Wavy_Hair": 0.024455992504954338, "Wearing_Earrings": 0.009551646187901497, "Wearing_Hat": 0.0009497404098510742, "Wearing_Lipstick": 0.18926963210105896, "Wearing_Necklace": 0.48083335161209106, "Wearing_Necktie": 0.0006141133490018547, "Young": 0.2780910134315491, "df_race": "white", "df_race_prob": 99.99480247497559, "df_gender": "Woman", "df_gender_prob": 99.99299049377441, "df_age": 33, "df_emotion": "happy", "df_emotion_prob": 99.9976634979248}