{"name": "Svend_Robinson_0001.jpg", "5_o_Clock_Shadow": 0.03822298347949982, "Arched_Eyebrows": 0.0017377075273543596, "Attractive": 0.02913692034780979, "Bags_Under_Eyes": 0.02255270816385746, "Bald": 0.001210045418702066, "Bangs": 0.00027691194554790854, "Big_Lips": 0.009968442842364311, "Big_Nose": 0.011279302649199963, "Black_Hair": 0.004312369506806135, "Blond_Hair": 0.012705494649708271, "Blurry": 0.2792007625102997, "Brown_Hair": 0.04216247797012329, "Bushy_Eyebrows": 0.0005730242701247334, "Chubby": 0.0025272523052990437, "Double_Chin": 0.004404987208545208, "Eyeglasses": 0.0024895842652767897, "Goatee": 0.0007538038189522922, "Gray_Hair": 0.041564300656318665, "Heavy_Makeup": 0.00023760332260280848, "High_Cheekbones": 0.014391903765499592, "Male": 0.9980826377868652, "Mouth_Slightly_Open": 0.8647259473800659, "Mustache": 0.0009002622100524604, "Narrow_Eyes": 0.0946342721581459, "No_Beard": 0.9858361482620239, "Oval_Face": 0.07587837427854538, "Pale_Skin": 0.09186502546072006, "Pointy_Nose": 0.04424157366156578, "Receding_Hairline": 0.014942144975066185, "Rosy_Cheeks": 2.660124664544128e-05, "Sideburns": 0.0021896972320973873, "Smiling": 0.004503997042775154, "Straight_Hair": 0.6798961162567139, "Wavy_Hair": 0.0035725319758057594, "Wearing_Earrings": 0.000500178022775799, "Wearing_Hat": 0.00043708999874070287, "Wearing_Lipstick": 0.00017555967497173697, "Wearing_Necklace": 0.00044118499499745667, "Wearing_Necktie": 0.10960780829191208, "Young": 0.503063440322876, "df_race": "white", "df_race_prob": 44.855549931526184, "df_gender": "Man", "df_gender_prob": 50.18637776374817, "df_age": 35, "df_emotion": "sad", "df_emotion_prob": 92.36540794372559}