{"name": "Sylvester_Stallone_0006.jpg", "5_o_Clock_Shadow": 0.03155295550823212, "Arched_Eyebrows": 0.1959679126739502, "Attractive": 0.09540809690952301, "Bags_Under_Eyes": 0.16366180777549744, "Bald": 0.000573472585529089, "Bangs": 0.0003533360140863806, "Big_Lips": 0.037173520773649216, "Big_Nose": 0.5909419059753418, "Black_Hair": 0.0029087478760629892, "Blond_Hair": 0.03962927311658859, "Blurry": 0.06951592862606049, "Brown_Hair": 0.015702448785305023, "Bushy_Eyebrows": 0.003172773402184248, "Chubby": 0.09531775861978531, "Double_Chin": 0.05624983459711075, "Eyeglasses": 0.0004439846961759031, "Goatee": 0.0002229771198472008, "Gray_Hair": 0.2701709270477295, "Heavy_Makeup": 0.0007804099004715681, "High_Cheekbones": 0.10641913115978241, "Male": 0.9984834790229797, "Mouth_Slightly_Open": 0.9832512736320496, "Mustache": 0.0006525266799144447, "Narrow_Eyes": 0.004842148162424564, "No_Beard": 0.9919458031654358, "Oval_Face": 0.21048210561275482, "Pale_Skin": 0.07006482034921646, "Pointy_Nose": 0.06505241990089417, "Receding_Hairline": 0.02384316176176071, "Rosy_Cheeks": 0.0007749163778498769, "Sideburns": 0.0002409413136774674, "Smiling": 0.5011473894119263, "Straight_Hair": 0.3190407156944275, "Wavy_Hair": 0.04816875606775284, "Wearing_Earrings": 0.0010433850111439824, "Wearing_Hat": 0.0005151201039552689, "Wearing_Lipstick": 0.003374244552105665, "Wearing_Necklace": 0.0011176638072356582, "Wearing_Necktie": 0.013215575367212296, "Young": 0.12146785855293274, "df_race": "white", "df_race_prob": 40.58842062950134, "df_gender": "Man", "df_gender_prob": 99.94797110557556, "df_age": 30, "df_emotion": "fear", "df_emotion_prob": 88.59654664993286}