{"name": "Taha_Yassin_Ramadan_0013.jpg", "5_o_Clock_Shadow": 0.0018242542864754796, "Arched_Eyebrows": 0.002944235922768712, "Attractive": 0.006279520690441132, "Bags_Under_Eyes": 0.009030915796756744, "Bald": 0.7282047867774963, "Bangs": 0.0016760356957092881, "Big_Lips": 0.00823906995356083, "Big_Nose": 0.15848085284233093, "Black_Hair": 0.004728011786937714, "Blond_Hair": 0.00933242030441761, "Blurry": 0.14461585879325867, "Brown_Hair": 0.002224723342806101, "Bushy_Eyebrows": 0.0023097223602235317, "Chubby": 0.19230644404888153, "Double_Chin": 0.15501059591770172, "Eyeglasses": 0.9868448972702026, "Goatee": 0.011344282887876034, "Gray_Hair": 0.20369844138622284, "Heavy_Makeup": 0.0008451583562418818, "High_Cheekbones": 0.01381878461688757, "Male": 0.9862508773803711, "Mouth_Slightly_Open": 0.04750841110944748, "Mustache": 0.8254684805870056, "Narrow_Eyes": 0.022461136803030968, "No_Beard": 0.12851859629154205, "Oval_Face": 0.34302574396133423, "Pale_Skin": 0.018492314964532852, "Pointy_Nose": 0.0767158791422844, "Receding_Hairline": 0.08621839433908463, "Rosy_Cheeks": 0.00021514091349672526, "Sideburns": 0.0026137710083276033, "Smiling": 0.006472134031355381, "Straight_Hair": 0.018578311428427696, "Wavy_Hair": 0.0035693624522536993, "Wearing_Earrings": 0.005342640448361635, "Wearing_Hat": 0.004540444351732731, "Wearing_Lipstick": 0.0009153111604973674, "Wearing_Necklace": 0.005564906634390354, "Wearing_Necktie": 0.05350477993488312, "Young": 0.02897818200290203, "df_race": "middle eastern", "df_race_prob": 80.32414795900273, "df_gender": "Man", "df_gender_prob": 99.96360540390015, "df_age": 42, "df_emotion": "fear", "df_emotion_prob": 72.26122617721558}