{"name": "Taha_Yassin_Ramadan_0007.jpg", "5_o_Clock_Shadow": 0.0021227619145065546, "Arched_Eyebrows": 0.023275718092918396, "Attractive": 0.012772937305271626, "Bags_Under_Eyes": 0.27297472953796387, "Bald": 0.013057086616754532, "Bangs": 0.000557444232981652, "Big_Lips": 0.011957085691392422, "Big_Nose": 0.4053243398666382, "Black_Hair": 0.004079613834619522, "Blond_Hair": 0.0015188371762633324, "Blurry": 0.039589494466781616, "Brown_Hair": 0.0012262832606211305, "Bushy_Eyebrows": 0.006156109739094973, "Chubby": 0.19753021001815796, "Double_Chin": 0.30773988366127014, "Eyeglasses": 0.001177635625936091, "Goatee": 0.0035575914662331343, "Gray_Hair": 0.03779818117618561, "Heavy_Makeup": 0.0010152134345844388, "High_Cheekbones": 0.09510695934295654, "Male": 0.9919546246528625, "Mouth_Slightly_Open": 0.06423689424991608, "Mustache": 0.8340216279029846, "Narrow_Eyes": 0.01618316024541855, "No_Beard": 0.07478369772434235, "Oval_Face": 0.18483421206474304, "Pale_Skin": 0.005699750501662493, "Pointy_Nose": 0.13758663833141327, "Receding_Hairline": 0.007337458431720734, "Rosy_Cheeks": 0.0012814776273444295, "Sideburns": 0.004464012570679188, "Smiling": 0.02547457069158554, "Straight_Hair": 0.007597505580633879, "Wavy_Hair": 0.005129655823111534, "Wearing_Earrings": 0.0034055905416607857, "Wearing_Hat": 0.9138293266296387, "Wearing_Lipstick": 0.003927241545170546, "Wearing_Necklace": 0.001945984666235745, "Wearing_Necktie": 0.025895070284605026, "Young": 0.04023421183228493, "df_race": "middle eastern", "df_race_prob": 43.35513969392417, "df_gender": "Man", "df_gender_prob": 99.9964952468872, "df_age": 45, "df_emotion": "neutral", "df_emotion_prob": 47.42576808622264}