{"name": "Talisa_Bratt_0001.jpg", "5_o_Clock_Shadow": 0.0006501773605123162, "Arched_Eyebrows": 0.2798544764518738, "Attractive": 0.7701111435890198, "Bags_Under_Eyes": 0.0004449015250429511, "Bald": 7.394743443001062e-05, "Bangs": 0.0003890524967573583, "Big_Lips": 0.029144831001758575, "Big_Nose": 0.0026368116959929466, "Black_Hair": 0.014240065589547157, "Blond_Hair": 0.02700677700340748, "Blurry": 0.12200390547513962, "Brown_Hair": 0.11927793174982071, "Bushy_Eyebrows": 0.021243887022137642, "Chubby": 0.0004980464582331479, "Double_Chin": 0.00016463757492601871, "Eyeglasses": 0.00023296654399018735, "Goatee": 0.00012382811110001057, "Gray_Hair": 0.0006015230901539326, "Heavy_Makeup": 0.5109242796897888, "High_Cheekbones": 0.27239322662353516, "Male": 0.000282408349448815, "Mouth_Slightly_Open": 0.003283728612586856, "Mustache": 7.707411714363843e-05, "Narrow_Eyes": 0.013188855722546577, "No_Beard": 0.9987881779670715, "Oval_Face": 0.5884992480278015, "Pale_Skin": 0.021097609773278236, "Pointy_Nose": 0.23952969908714294, "Receding_Hairline": 0.03512223809957504, "Rosy_Cheeks": 0.0005309038679115474, "Sideburns": 0.0002037591184489429, "Smiling": 0.07006505131721497, "Straight_Hair": 0.45561784505844116, "Wavy_Hair": 0.0732494369149208, "Wearing_Earrings": 0.5879379510879517, "Wearing_Hat": 0.0002430698659736663, "Wearing_Lipstick": 0.7048035860061646, "Wearing_Necklace": 0.021127838641405106, "Wearing_Necktie": 9.109075472224504e-05, "Young": 0.9671280980110168, "df_race": "white", "df_race_prob": 44.49511170387268, "df_gender": "Woman", "df_gender_prob": 99.6907889842987, "df_age": 29, "df_emotion": "happy", "df_emotion_prob": 63.316863775253296}