{"name": "Tamara_Stokes_0001.jpg", "5_o_Clock_Shadow": 0.0014395535690709949, "Arched_Eyebrows": 0.024832570925354958, "Attractive": 0.014599444344639778, "Bags_Under_Eyes": 0.006204272620379925, "Bald": 0.00012644901289604604, "Bangs": 0.0004505229298956692, "Big_Lips": 0.0904383733868599, "Big_Nose": 0.06349539011716843, "Black_Hair": 0.04389960318803787, "Blond_Hair": 0.0015380964614450932, "Blurry": 0.2729034721851349, "Brown_Hair": 0.13948024809360504, "Bushy_Eyebrows": 0.006270250305533409, "Chubby": 0.05757153779268265, "Double_Chin": 0.006970089394599199, "Eyeglasses": 0.0016973158344626427, "Goatee": 0.00027435238007456064, "Gray_Hair": 0.000885509536601603, "Heavy_Makeup": 0.00592764001339674, "High_Cheekbones": 0.052417200058698654, "Male": 0.03178456425666809, "Mouth_Slightly_Open": 0.47378799319267273, "Mustache": 0.0005320593481883407, "Narrow_Eyes": 0.03870038315653801, "No_Beard": 0.9935171604156494, "Oval_Face": 0.29367220401763916, "Pale_Skin": 0.0011385628022253513, "Pointy_Nose": 0.013173673301935196, "Receding_Hairline": 0.054395198822021484, "Rosy_Cheeks": 7.280592399183661e-05, "Sideburns": 0.000986006809398532, "Smiling": 0.004688506480306387, "Straight_Hair": 0.00816988106817007, "Wavy_Hair": 0.35971009731292725, "Wearing_Earrings": 0.4639468491077423, "Wearing_Hat": 0.003660093294456601, "Wearing_Lipstick": 0.009309177286922932, "Wearing_Necklace": 0.023569762706756592, "Wearing_Necktie": 0.0005624072509817779, "Young": 0.6132937669754028, "df_race": "black", "df_race_prob": 86.97544932365417, "df_gender": "Man", "df_gender_prob": 99.60237741470337, "df_age": 31, "df_emotion": "happy", "df_emotion_prob": 83.59984354974705}