{"name": "Tang_Jiaxuan_0005.jpg", "5_o_Clock_Shadow": 0.0018620152259245515, "Arched_Eyebrows": 0.0004215547814965248, "Attractive": 0.0036284076049923897, "Bags_Under_Eyes": 0.07006343454122543, "Bald": 0.011595978401601315, "Bangs": 0.0007309396169148386, "Big_Lips": 0.00508680148050189, "Big_Nose": 0.3153016269207001, "Black_Hair": 0.06790868937969208, "Blond_Hair": 0.009943968616425991, "Blurry": 0.23786354064941406, "Brown_Hair": 0.006547773722559214, "Bushy_Eyebrows": 0.00023200252326205373, "Chubby": 0.13264378905296326, "Double_Chin": 0.07892307639122009, "Eyeglasses": 0.98558109998703, "Goatee": 0.0015146875521168113, "Gray_Hair": 0.17838811874389648, "Heavy_Makeup": 0.00036054893280379474, "High_Cheekbones": 0.7721018195152283, "Male": 0.9908776879310608, "Mouth_Slightly_Open": 0.9870452284812927, "Mustache": 0.00331818126142025, "Narrow_Eyes": 0.0729479193687439, "No_Beard": 0.9888007640838623, "Oval_Face": 0.2552397847175598, "Pale_Skin": 0.02312557026743889, "Pointy_Nose": 0.003227651584893465, "Receding_Hairline": 0.34871232509613037, "Rosy_Cheeks": 0.0002104377344949171, "Sideburns": 0.0006080034654587507, "Smiling": 0.9903590083122253, "Straight_Hair": 0.5234079360961914, "Wavy_Hair": 0.0026245994959026575, "Wearing_Earrings": 0.0006201569340191782, "Wearing_Hat": 0.0006497025606222451, "Wearing_Lipstick": 0.0005542415892705321, "Wearing_Necklace": 0.0006675606709904969, "Wearing_Necktie": 0.7185770869255066, "Young": 0.020119978114962578, "df_race": "asian", "df_race_prob": 97.03372699223321, "df_gender": "Man", "df_gender_prob": 99.30223822593689, "df_age": 37, "df_emotion": "happy", "df_emotion_prob": 93.51961574075315}