{"name": "Tariq_Aziz_0006.jpg", "5_o_Clock_Shadow": 0.011325584724545479, "Arched_Eyebrows": 0.0011174535611644387, "Attractive": 0.0018918144050985575, "Bags_Under_Eyes": 0.4434776306152344, "Bald": 0.08446052670478821, "Bangs": 0.001436293008737266, "Big_Lips": 0.008236050605773926, "Big_Nose": 0.8939144611358643, "Black_Hair": 0.01072483230382204, "Blond_Hair": 0.0038685016334056854, "Blurry": 0.16692233085632324, "Brown_Hair": 0.000484169228002429, "Bushy_Eyebrows": 0.0037746443413197994, "Chubby": 0.43598708510398865, "Double_Chin": 0.5472393035888672, "Eyeglasses": 0.9911222457885742, "Goatee": 0.015368991531431675, "Gray_Hair": 0.9673598408699036, "Heavy_Makeup": 4.3270694732200354e-05, "High_Cheekbones": 0.11416705697774887, "Male": 0.9996472597122192, "Mouth_Slightly_Open": 0.05462130904197693, "Mustache": 0.8882027864456177, "Narrow_Eyes": 0.3265823423862457, "No_Beard": 0.16435377299785614, "Oval_Face": 0.04721086472272873, "Pale_Skin": 0.028913484886288643, "Pointy_Nose": 0.016439300030469894, "Receding_Hairline": 0.41023561358451843, "Rosy_Cheeks": 0.0002414048940408975, "Sideburns": 0.008013710379600525, "Smiling": 0.11709387600421906, "Straight_Hair": 0.40619125962257385, "Wavy_Hair": 0.0037002007011324167, "Wearing_Earrings": 0.0008020985405892134, "Wearing_Hat": 0.0016019829781726003, "Wearing_Lipstick": 8.508013706887141e-05, "Wearing_Necklace": 0.0014624795876443386, "Wearing_Necktie": 0.9137912392616272, "Young": 0.007237932179123163, "df_race": "middle eastern", "df_race_prob": 26.93518675146261, "df_gender": "Man", "df_gender_prob": 99.9908447265625, "df_age": 43, "df_emotion": "neutral", "df_emotion_prob": 95.42690515518188}