{"name": "Tassos_Papadopoulos_0001.jpg", "5_o_Clock_Shadow": 0.013894177041947842, "Arched_Eyebrows": 0.002761786337941885, "Attractive": 0.00203299755230546, "Bags_Under_Eyes": 0.5149279236793518, "Bald": 0.034680213779211044, "Bangs": 0.00036082041333429515, "Big_Lips": 0.009543362073600292, "Big_Nose": 0.8397837281227112, "Black_Hair": 0.0012631304562091827, "Blond_Hair": 0.006756157148629427, "Blurry": 0.26123106479644775, "Brown_Hair": 0.0007277530967257917, "Bushy_Eyebrows": 0.011898836120963097, "Chubby": 0.11313017457723618, "Double_Chin": 0.18457920849323273, "Eyeglasses": 0.0054182326421141624, "Goatee": 0.005758083891123533, "Gray_Hair": 0.9396975040435791, "Heavy_Makeup": 3.4085416700690985e-05, "High_Cheekbones": 0.02172689698636532, "Male": 0.999247670173645, "Mouth_Slightly_Open": 0.7045307755470276, "Mustache": 0.48340466618537903, "Narrow_Eyes": 0.18092888593673706, "No_Beard": 0.2509251832962036, "Oval_Face": 0.046708013862371445, "Pale_Skin": 0.07106855511665344, "Pointy_Nose": 0.037606969475746155, "Receding_Hairline": 0.6354629993438721, "Rosy_Cheeks": 0.00016193953342735767, "Sideburns": 0.011324367485940456, "Smiling": 0.014327147975564003, "Straight_Hair": 0.07849074900150299, "Wavy_Hair": 0.0052610342390835285, "Wearing_Earrings": 0.0005516215460374951, "Wearing_Hat": 0.0019120231736451387, "Wearing_Lipstick": 9.514461999060586e-05, "Wearing_Necklace": 0.00045961534488014877, "Wearing_Necktie": 0.6158114671707153, "Young": 0.010295649990439415, "df_race": "middle eastern", "df_race_prob": 87.09520851430791, "df_gender": "Man", "df_gender_prob": 99.99164342880249, "df_age": 35, "df_emotion": "angry", "df_emotion_prob": 88.14090490341187}