{"name": "Terence_Newman_0001.jpg", "5_o_Clock_Shadow": 0.15593238174915314, "Arched_Eyebrows": 0.38661912083625793, "Attractive": 0.009136633947491646, "Bags_Under_Eyes": 0.2198597937822342, "Bald": 0.010444436222314835, "Bangs": 0.00045005077845416963, "Big_Lips": 0.9357897043228149, "Big_Nose": 0.9905775785446167, "Black_Hair": 0.718892514705658, "Blond_Hair": 0.00402262294664979, "Blurry": 0.12055923789739609, "Brown_Hair": 0.0008689417154528201, "Bushy_Eyebrows": 0.10199485719203949, "Chubby": 0.7727741003036499, "Double_Chin": 0.38640955090522766, "Eyeglasses": 0.004670379683375359, "Goatee": 0.02100997418165207, "Gray_Hair": 0.0030420650728046894, "Heavy_Makeup": 0.000718229915946722, "High_Cheekbones": 0.9837836623191833, "Male": 0.9992039799690247, "Mouth_Slightly_Open": 0.988710343837738, "Mustache": 0.05231223627924919, "Narrow_Eyes": 0.03125499561429024, "No_Beard": 0.502142071723938, "Oval_Face": 0.626458466053009, "Pale_Skin": 0.014053494669497013, "Pointy_Nose": 0.0002127832267433405, "Receding_Hairline": 0.475044310092926, "Rosy_Cheeks": 0.00011069643369410187, "Sideburns": 0.0025840913876891136, "Smiling": 0.9951536655426025, "Straight_Hair": 0.02460842952132225, "Wavy_Hair": 0.0018988747615367174, "Wearing_Earrings": 0.01643643155694008, "Wearing_Hat": 0.002236866159364581, "Wearing_Lipstick": 0.0018372489139437675, "Wearing_Necklace": 0.0035703766625374556, "Wearing_Necktie": 0.2927703857421875, "Young": 0.777003288269043, "df_race": "black", "df_race_prob": 100.0, "df_gender": "Man", "df_gender_prob": 99.99982118606567, "df_age": 26, "df_emotion": "happy", "df_emotion_prob": 84.74600729298679}