{"name": "Teresa_Graves_0001.jpg", "5_o_Clock_Shadow": 0.0029203754384070635, "Arched_Eyebrows": 0.7049436569213867, "Attractive": 0.1739199161529541, "Bags_Under_Eyes": 0.0290239155292511, "Bald": 0.000209697856917046, "Bangs": 0.24071663618087769, "Big_Lips": 0.6069712042808533, "Big_Nose": 0.32793423533439636, "Black_Hair": 0.23861952126026154, "Blond_Hair": 0.0026687243953347206, "Blurry": 0.1343192160129547, "Brown_Hair": 0.018339108675718307, "Bushy_Eyebrows": 0.003938230685889721, "Chubby": 0.02007024548947811, "Double_Chin": 0.002249212237074971, "Eyeglasses": 0.000277201208518818, "Goatee": 0.00020728968956973404, "Gray_Hair": 0.0006327354349195957, "Heavy_Makeup": 0.2213210016489029, "High_Cheekbones": 0.056652169674634933, "Male": 0.00685126194730401, "Mouth_Slightly_Open": 0.010767564177513123, "Mustache": 0.0013689008774235845, "Narrow_Eyes": 0.0054786899127066135, "No_Beard": 0.9967101812362671, "Oval_Face": 0.05457136034965515, "Pale_Skin": 0.057654596865177155, "Pointy_Nose": 0.04806604981422424, "Receding_Hairline": 0.006055779755115509, "Rosy_Cheeks": 0.0011834173928946257, "Sideburns": 0.0007506185793317854, "Smiling": 0.002410287270322442, "Straight_Hair": 0.0025776629336178303, "Wavy_Hair": 0.6809964776039124, "Wearing_Earrings": 0.6936808824539185, "Wearing_Hat": 0.016342971473932266, "Wearing_Lipstick": 0.673761248588562, "Wearing_Necklace": 0.1229226291179657, "Wearing_Necktie": 0.000852300610858947, "Young": 0.5973854064941406, "df_race": "black", "df_race_prob": 52.82084345817566, "df_gender": "Woman", "df_gender_prob": 99.97650980949402, "df_age": 31, "df_emotion": "fear", "df_emotion_prob": 52.592265605926514}