{"name": "Teri_Files_0001.jpg", "5_o_Clock_Shadow": 0.001290669315494597, "Arched_Eyebrows": 0.0012318468652665615, "Attractive": 0.04103417694568634, "Bags_Under_Eyes": 0.012250238098204136, "Bald": 0.0005020492826588452, "Bangs": 0.0005573242087848485, "Big_Lips": 0.006713954731822014, "Big_Nose": 0.011432950384914875, "Black_Hair": 0.003247432876378298, "Blond_Hair": 0.36028358340263367, "Blurry": 0.4616439640522003, "Brown_Hair": 0.015452820807695389, "Bushy_Eyebrows": 0.0016723728040233254, "Chubby": 0.00891680084168911, "Double_Chin": 0.0010341558372601867, "Eyeglasses": 0.0013565154513344169, "Goatee": 0.00041889151907525957, "Gray_Hair": 0.012243927456438541, "Heavy_Makeup": 0.0032178021501749754, "High_Cheekbones": 0.06482473760843277, "Male": 0.023396078497171402, "Mouth_Slightly_Open": 0.538646936416626, "Mustache": 0.0003232949529774487, "Narrow_Eyes": 0.3325405716896057, "No_Beard": 0.9890511631965637, "Oval_Face": 0.19938267767429352, "Pale_Skin": 0.005719590466469526, "Pointy_Nose": 0.01943155936896801, "Receding_Hairline": 0.2636696398258209, "Rosy_Cheeks": 0.00012655166210606694, "Sideburns": 0.0007818517042323947, "Smiling": 0.029126090928912163, "Straight_Hair": 0.04871299862861633, "Wavy_Hair": 0.019278086721897125, "Wearing_Earrings": 0.023968437686562538, "Wearing_Hat": 0.0004259257693774998, "Wearing_Lipstick": 0.0020232757087796926, "Wearing_Necklace": 0.007358779199421406, "Wearing_Necktie": 0.00047432523570023477, "Young": 0.9315404295921326, "df_race": "white", "df_race_prob": 58.470702171325684, "df_gender": "Man", "df_gender_prob": 55.34961819648743, "df_age": 29, "df_emotion": "fear", "df_emotion_prob": 88.31593324637015}