{"name": "Terrence_Trammell_0001.jpg", "5_o_Clock_Shadow": 0.022959116846323013, "Arched_Eyebrows": 0.004586190450936556, "Attractive": 0.0241390410810709, "Bags_Under_Eyes": 0.17644758522510529, "Bald": 0.0014283035416156054, "Bangs": 0.00030278656049631536, "Big_Lips": 0.3044801354408264, "Big_Nose": 0.40104207396507263, "Black_Hair": 0.028038306161761284, "Blond_Hair": 0.04608377441763878, "Blurry": 0.08373937755823135, "Brown_Hair": 0.006562548689544201, "Bushy_Eyebrows": 0.07968205213546753, "Chubby": 0.015208819881081581, "Double_Chin": 0.0070420061238110065, "Eyeglasses": 0.002123000333085656, "Goatee": 0.054494429379701614, "Gray_Hair": 0.00834466703236103, "Heavy_Makeup": 0.00045186051283963025, "High_Cheekbones": 0.9628636837005615, "Male": 0.9860730171203613, "Mouth_Slightly_Open": 0.9934231638908386, "Mustache": 0.05946416035294533, "Narrow_Eyes": 0.07092271745204926, "No_Beard": 0.40313178300857544, "Oval_Face": 0.3891740143299103, "Pale_Skin": 0.002146171871572733, "Pointy_Nose": 0.0005528934998437762, "Receding_Hairline": 0.02089543640613556, "Rosy_Cheeks": 3.2415802706964314e-05, "Sideburns": 0.0018591549014672637, "Smiling": 0.9823631048202515, "Straight_Hair": 0.02789723128080368, "Wavy_Hair": 0.010454420000314713, "Wearing_Earrings": 0.028272688388824463, "Wearing_Hat": 0.001501553226262331, "Wearing_Lipstick": 0.0008215236011892557, "Wearing_Necklace": 0.023022960871458054, "Wearing_Necktie": 0.00025265771546401083, "Young": 0.8715928792953491, "df_race": "black", "df_race_prob": 91.86752390071892, "df_gender": "Man", "df_gender_prob": 99.99725818634033, "df_age": 24, "df_emotion": "happy", "df_emotion_prob": 82.71474242210388}