{"name": "Terry_Hoeppner_0001.jpg", "5_o_Clock_Shadow": 0.007977224886417389, "Arched_Eyebrows": 0.001624727388843894, "Attractive": 0.0047780852764844894, "Bags_Under_Eyes": 0.2008756697177887, "Bald": 0.6045040488243103, "Bangs": 0.00040159988566301763, "Big_Lips": 0.005104385782033205, "Big_Nose": 0.3711993992328644, "Black_Hair": 0.0009055017144419253, "Blond_Hair": 0.00392146734520793, "Blurry": 0.06811093538999557, "Brown_Hair": 0.0018464775057509542, "Bushy_Eyebrows": 0.0006961987819522619, "Chubby": 0.07668761909008026, "Double_Chin": 0.04261530190706253, "Eyeglasses": 0.0024539593141525984, "Goatee": 0.0015746483113616705, "Gray_Hair": 0.3890560269355774, "Heavy_Makeup": 9.205321111949161e-05, "High_Cheekbones": 0.010753489099442959, "Male": 0.9993353486061096, "Mouth_Slightly_Open": 0.007215698249638081, "Mustache": 0.0017345381202176213, "Narrow_Eyes": 0.0047139329835772514, "No_Beard": 0.9783490300178528, "Oval_Face": 0.18516866862773895, "Pale_Skin": 0.020496373996138573, "Pointy_Nose": 0.03166807442903519, "Receding_Hairline": 0.6159078478813171, "Rosy_Cheeks": 7.61072660679929e-05, "Sideburns": 0.004066509194672108, "Smiling": 0.0005729560507461429, "Straight_Hair": 0.009738082066178322, "Wavy_Hair": 0.00111245212610811, "Wearing_Earrings": 0.0007332181558012962, "Wearing_Hat": 0.0006749169551767409, "Wearing_Lipstick": 0.0001211204071296379, "Wearing_Necklace": 0.0002289906406076625, "Wearing_Necktie": 0.6797576546669006, "Young": 0.036101143807172775, "df_race": "middle eastern", "df_race_prob": 53.76479625701904, "df_gender": "Man", "df_gender_prob": 99.97919201850891, "df_age": 49, "df_emotion": "sad", "df_emotion_prob": 59.717512130737305}