{"name": "Thaksin_Shinawatra_0006.jpg", "5_o_Clock_Shadow": 0.0032859891653060913, "Arched_Eyebrows": 0.003709848038852215, "Attractive": 0.02004411071538925, "Bags_Under_Eyes": 0.09056712687015533, "Bald": 0.0032046549022197723, "Bangs": 0.00015789509052410722, "Big_Lips": 0.0021711373701691628, "Big_Nose": 0.04472241550683975, "Black_Hair": 0.15163502097129822, "Blond_Hair": 0.0027692702133208513, "Blurry": 0.0644053965806961, "Brown_Hair": 0.005450802389532328, "Bushy_Eyebrows": 0.00028281303821131587, "Chubby": 0.09078868478536606, "Double_Chin": 0.07333403080701828, "Eyeglasses": 0.00491830101236701, "Goatee": 0.0007379712769761682, "Gray_Hair": 0.05185139179229736, "Heavy_Makeup": 0.0003534583083819598, "High_Cheekbones": 0.5558124780654907, "Male": 0.9951015114784241, "Mouth_Slightly_Open": 0.650908887386322, "Mustache": 0.000518942135386169, "Narrow_Eyes": 0.1742500215768814, "No_Beard": 0.9957940578460693, "Oval_Face": 0.18711622059345245, "Pale_Skin": 0.013537273742258549, "Pointy_Nose": 0.015700561925768852, "Receding_Hairline": 0.1452275514602661, "Rosy_Cheeks": 0.0002660214377101511, "Sideburns": 0.00042945463792420924, "Smiling": 0.8836284875869751, "Straight_Hair": 0.708543062210083, "Wavy_Hair": 0.001169338240288198, "Wearing_Earrings": 0.0006251902668736875, "Wearing_Hat": 0.0010606267023831606, "Wearing_Lipstick": 0.0003242150996811688, "Wearing_Necklace": 0.0002977321273647249, "Wearing_Necktie": 0.48630839586257935, "Young": 0.055944982916116714, "df_race": "asian", "df_race_prob": 80.73859810829163, "df_gender": "Man", "df_gender_prob": 99.21036958694458, "df_age": 52, "df_emotion": "happy", "df_emotion_prob": 99.70694187796809}