{"name": "Thaksin_Shinawatra_0005.jpg", "5_o_Clock_Shadow": 0.005123694892972708, "Arched_Eyebrows": 0.011910442262887955, "Attractive": 0.03220450133085251, "Bags_Under_Eyes": 0.22632236778736115, "Bald": 0.002804409246891737, "Bangs": 0.0003870338841807097, "Big_Lips": 0.007349025458097458, "Big_Nose": 0.11526075750589371, "Black_Hair": 0.48157545924186707, "Blond_Hair": 0.0022719327826052904, "Blurry": 0.11208496987819672, "Brown_Hair": 0.004416356794536114, "Bushy_Eyebrows": 0.0009098151349462569, "Chubby": 0.14953753352165222, "Double_Chin": 0.08241637796163559, "Eyeglasses": 0.007466722745448351, "Goatee": 0.0005751624121330678, "Gray_Hair": 0.014368214644491673, "Heavy_Makeup": 0.00013833532284479588, "High_Cheekbones": 0.6298533082008362, "Male": 0.9956063628196716, "Mouth_Slightly_Open": 0.791944146156311, "Mustache": 0.0009515283745713532, "Narrow_Eyes": 0.3481117784976959, "No_Beard": 0.9960758090019226, "Oval_Face": 0.09235288202762604, "Pale_Skin": 0.14901043474674225, "Pointy_Nose": 0.0033812914043664932, "Receding_Hairline": 0.0590549074113369, "Rosy_Cheeks": 0.0001430443226126954, "Sideburns": 0.0004339902079664171, "Smiling": 0.9671681523323059, "Straight_Hair": 0.8677147626876831, "Wavy_Hair": 0.001294838497415185, "Wearing_Earrings": 0.0006587335374206305, "Wearing_Hat": 0.0012199814664199948, "Wearing_Lipstick": 0.00028544498491100967, "Wearing_Necklace": 0.0003723236150108278, "Wearing_Necktie": 0.8024413585662842, "Young": 0.0633510872721672, "df_race": "asian", "df_race_prob": 98.7164972682592, "df_gender": "Man", "df_gender_prob": 99.87521171569824, "df_age": 40, "df_emotion": "happy", "df_emotion_prob": 98.56675863265991}