{"name": "Theodore_Tweed_Roosevelt_0003.jpg", "5_o_Clock_Shadow": 0.008169076405465603, "Arched_Eyebrows": 0.0024224838707596064, "Attractive": 0.002021288499236107, "Bags_Under_Eyes": 0.3314591944217682, "Bald": 0.01631728932261467, "Bangs": 0.002042117528617382, "Big_Lips": 0.0057807061821222305, "Big_Nose": 0.7056705355644226, "Black_Hair": 0.009713754989206791, "Blond_Hair": 0.02818370796740055, "Blurry": 0.4992455840110779, "Brown_Hair": 0.0019215216161683202, "Bushy_Eyebrows": 0.001562576275318861, "Chubby": 0.6808017492294312, "Double_Chin": 0.5693581700325012, "Eyeglasses": 0.9913899302482605, "Goatee": 0.01703294739127159, "Gray_Hair": 0.8293325901031494, "Heavy_Makeup": 0.0003348115424159914, "High_Cheekbones": 0.7377844452857971, "Male": 0.998229444026947, "Mouth_Slightly_Open": 0.9922245740890503, "Mustache": 0.28382202982902527, "Narrow_Eyes": 0.6769075989723206, "No_Beard": 0.5032033920288086, "Oval_Face": 0.35208258032798767, "Pale_Skin": 0.045422326773405075, "Pointy_Nose": 0.006097940728068352, "Receding_Hairline": 0.2482590526342392, "Rosy_Cheeks": 0.0002533357765059918, "Sideburns": 0.0018047153716906905, "Smiling": 0.9967545866966248, "Straight_Hair": 0.46003714203834534, "Wavy_Hair": 0.005173195619136095, "Wearing_Earrings": 0.000791073078289628, "Wearing_Hat": 0.0005774169112555683, "Wearing_Lipstick": 0.00033759395591914654, "Wearing_Necklace": 0.0013038043398410082, "Wearing_Necktie": 0.2238641232252121, "Young": 0.010276426561176777, "df_race": "asian", "df_race_prob": 30.881550908088684, "df_gender": "Man", "df_gender_prob": 99.99188184738159, "df_age": 36, "df_emotion": "happy", "df_emotion_prob": 99.9987244606018}