{"name": "Tian_Zhuang_Zhuang_0001.jpg", "5_o_Clock_Shadow": 0.005413722712546587, "Arched_Eyebrows": 0.00262010982260108, "Attractive": 0.01141376979649067, "Bags_Under_Eyes": 0.32310208678245544, "Bald": 0.0004042012442369014, "Bangs": 0.1013849526643753, "Big_Lips": 0.01390189491212368, "Big_Nose": 0.03629232570528984, "Black_Hair": 0.05737091228365898, "Blond_Hair": 0.0034536560997366905, "Blurry": 0.047314614057540894, "Brown_Hair": 0.009408583864569664, "Bushy_Eyebrows": 0.002105026040226221, "Chubby": 0.02929508499801159, "Double_Chin": 0.0076033142395317554, "Eyeglasses": 0.0009280872764065862, "Goatee": 0.0005304387304931879, "Gray_Hair": 0.006489803083240986, "Heavy_Makeup": 0.0001462959189666435, "High_Cheekbones": 0.4803428649902344, "Male": 0.9942895174026489, "Mouth_Slightly_Open": 0.5323813557624817, "Mustache": 0.0008926763548515737, "Narrow_Eyes": 0.061867956072092056, "No_Beard": 0.9953492283821106, "Oval_Face": 0.17363415658473969, "Pale_Skin": 0.006244729273021221, "Pointy_Nose": 0.0018534783739596605, "Receding_Hairline": 0.0006232110317796469, "Rosy_Cheeks": 6.699052755720913e-05, "Sideburns": 0.00035130445030517876, "Smiling": 0.1588752269744873, "Straight_Hair": 0.6071627736091614, "Wavy_Hair": 0.0030779833905398846, "Wearing_Earrings": 0.0003928265068680048, "Wearing_Hat": 0.0012007412733510137, "Wearing_Lipstick": 0.0003713043697644025, "Wearing_Necklace": 0.0009149727411568165, "Wearing_Necktie": 0.007036486640572548, "Young": 0.11658638715744019, "df_race": "asian", "df_race_prob": 99.3214666438977, "df_gender": "Man", "df_gender_prob": 99.79670643806458, "df_age": 35, "df_emotion": "happy", "df_emotion_prob": 99.14677734057769}