{"name": "Tiger_Woods_0008.jpg", "5_o_Clock_Shadow": 0.021671749651432037, "Arched_Eyebrows": 0.0007126486743800342, "Attractive": 0.009618191979825497, "Bags_Under_Eyes": 0.014486216939985752, "Bald": 0.0013863351196050644, "Bangs": 0.0006266512209549546, "Big_Lips": 0.04219593107700348, "Big_Nose": 0.07120893895626068, "Black_Hair": 0.08001728355884552, "Blond_Hair": 0.0009168983669951558, "Blurry": 0.08419546484947205, "Brown_Hair": 0.003658770117908716, "Bushy_Eyebrows": 0.015272906050086021, "Chubby": 0.0161335077136755, "Double_Chin": 0.0012289953883737326, "Eyeglasses": 0.0023478700313717127, "Goatee": 0.0018034239765256643, "Gray_Hair": 0.0009891183581203222, "Heavy_Makeup": 0.00025259892572648823, "High_Cheekbones": 0.05610271915793419, "Male": 0.9968677163124084, "Mouth_Slightly_Open": 0.011975821107625961, "Mustache": 0.0038338929880410433, "Narrow_Eyes": 0.16800223290920258, "No_Beard": 0.934300422668457, "Oval_Face": 0.34999457001686096, "Pale_Skin": 0.0010536074405536056, "Pointy_Nose": 0.0026947830338031054, "Receding_Hairline": 0.08015380799770355, "Rosy_Cheeks": 4.132936373935081e-05, "Sideburns": 0.0015311278402805328, "Smiling": 0.003939169459044933, "Straight_Hair": 0.024381576105952263, "Wavy_Hair": 0.0026396233588457108, "Wearing_Earrings": 0.00319084944203496, "Wearing_Hat": 0.0006032328819856048, "Wearing_Lipstick": 0.00010529944847803563, "Wearing_Necklace": 0.0012430050410330296, "Wearing_Necktie": 0.0010044790105894208, "Young": 0.8974154591560364, "df_race": "black", "df_race_prob": 80.13670326094051, "df_gender": "Man", "df_gender_prob": 99.99665021896362, "df_age": 26, "df_emotion": "sad", "df_emotion_prob": 80.00277876853943}