{"name": "Tiger_Woods_0005.jpg", "5_o_Clock_Shadow": 0.024170977994799614, "Arched_Eyebrows": 0.0006986197549849749, "Attractive": 0.1131046935915947, "Bags_Under_Eyes": 0.0720224529504776, "Bald": 0.0005778047489002347, "Bangs": 0.00013300450518727303, "Big_Lips": 0.012834831140935421, "Big_Nose": 0.0718882605433464, "Black_Hair": 0.005504004657268524, "Blond_Hair": 0.025044376030564308, "Blurry": 0.09711228311061859, "Brown_Hair": 0.026246698573231697, "Bushy_Eyebrows": 0.0012776387156918645, "Chubby": 0.005804609041661024, "Double_Chin": 0.0018943127943202853, "Eyeglasses": 0.0008300410700030625, "Goatee": 0.00043195916805416346, "Gray_Hair": 0.007878025993704796, "Heavy_Makeup": 0.0004713625821750611, "High_Cheekbones": 0.8436390161514282, "Male": 0.99298095703125, "Mouth_Slightly_Open": 0.9921337366104126, "Mustache": 0.00035860377829521894, "Narrow_Eyes": 0.01576031930744648, "No_Beard": 0.9892399311065674, "Oval_Face": 0.5988848209381104, "Pale_Skin": 0.0028438535518944263, "Pointy_Nose": 0.01053363736718893, "Receding_Hairline": 0.05466771498322487, "Rosy_Cheeks": 3.7839708966203034e-05, "Sideburns": 0.00021274571190588176, "Smiling": 0.9872822761535645, "Straight_Hair": 0.21600598096847534, "Wavy_Hair": 0.004088568966835737, "Wearing_Earrings": 0.0037460364401340485, "Wearing_Hat": 0.0002627528738230467, "Wearing_Lipstick": 0.00034388090716674924, "Wearing_Necklace": 0.0010000317124649882, "Wearing_Necktie": 0.0005340355564840138, "Young": 0.9426509141921997, "df_race": "asian", "df_race_prob": 89.62265376774624, "df_gender": "Man", "df_gender_prob": 99.97405409812927, "df_age": 25, "df_emotion": "happy", "df_emotion_prob": 100.0}