{"name": "Tiger_Woods_0021.jpg", "5_o_Clock_Shadow": 0.1155046820640564, "Arched_Eyebrows": 0.03252941370010376, "Attractive": 0.041534800082445145, "Bags_Under_Eyes": 0.05883456766605377, "Bald": 0.005754014942795038, "Bangs": 0.0001430331467418, "Big_Lips": 0.24776990711688995, "Big_Nose": 0.26256710290908813, "Black_Hair": 0.005100742913782597, "Blond_Hair": 0.0036874166689813137, "Blurry": 0.04825469106435776, "Brown_Hair": 0.001298450632020831, "Bushy_Eyebrows": 0.0038031842559576035, "Chubby": 0.031169436872005463, "Double_Chin": 0.01821472868323326, "Eyeglasses": 0.0021267314441502094, "Goatee": 0.0029254478868097067, "Gray_Hair": 0.0007228126050904393, "Heavy_Makeup": 0.0005142461159266531, "High_Cheekbones": 0.7607125043869019, "Male": 0.9977896213531494, "Mouth_Slightly_Open": 0.9980838298797607, "Mustache": 0.0023831133730709553, "Narrow_Eyes": 0.02900790236890316, "No_Beard": 0.8510287404060364, "Oval_Face": 0.6217846274375916, "Pale_Skin": 0.0014885914279147983, "Pointy_Nose": 0.002424040110781789, "Receding_Hairline": 0.008793660439550877, "Rosy_Cheeks": 6.380290869856253e-05, "Sideburns": 0.0010151902679353952, "Smiling": 0.9957928657531738, "Straight_Hair": 0.003574881935492158, "Wavy_Hair": 0.0028464479837566614, "Wearing_Earrings": 0.11140718311071396, "Wearing_Hat": 0.8460124731063843, "Wearing_Lipstick": 0.002190802711993456, "Wearing_Necklace": 0.005564143881201744, "Wearing_Necktie": 0.0010203593410551548, "Young": 0.9292643666267395, "df_race": "asian", "df_race_prob": 81.26310110092163, "df_gender": "Man", "df_gender_prob": 99.6084213256836, "df_age": 30, "df_emotion": "happy", "df_emotion_prob": 99.38827760359315}