{"name": "Tiger_Woods_0007.jpg", "5_o_Clock_Shadow": 0.006832938641309738, "Arched_Eyebrows": 0.0010593559127300978, "Attractive": 0.006911806296557188, "Bags_Under_Eyes": 0.003034951165318489, "Bald": 0.0021743224933743477, "Bangs": 0.0009350449545308948, "Big_Lips": 0.10589289665222168, "Big_Nose": 0.014771542511880398, "Black_Hair": 0.0027955675031989813, "Blond_Hair": 0.004417264834046364, "Blurry": 0.05353683605790138, "Brown_Hair": 0.004021303728222847, "Bushy_Eyebrows": 0.008018195629119873, "Chubby": 0.014313498511910439, "Double_Chin": 0.0025736463721841574, "Eyeglasses": 0.0020255944691598415, "Goatee": 0.0006258940557017922, "Gray_Hair": 0.0006595964077860117, "Heavy_Makeup": 0.0013822087785229087, "High_Cheekbones": 0.18142516911029816, "Male": 0.8812464475631714, "Mouth_Slightly_Open": 0.9692459106445312, "Mustache": 0.001559673110023141, "Narrow_Eyes": 0.015660040080547333, "No_Beard": 0.9924108982086182, "Oval_Face": 0.4692519009113312, "Pale_Skin": 0.002021992579102516, "Pointy_Nose": 0.0051725502125918865, "Receding_Hairline": 0.0013527940027415752, "Rosy_Cheeks": 0.00013443462376017123, "Sideburns": 0.0006123619969002903, "Smiling": 0.008170726709067822, "Straight_Hair": 0.0038671421352773905, "Wavy_Hair": 0.0036583077162504196, "Wearing_Earrings": 0.0168563611805439, "Wearing_Hat": 0.9800594449043274, "Wearing_Lipstick": 0.004605742637068033, "Wearing_Necklace": 0.0041714683175086975, "Wearing_Necktie": 0.0005731108249165118, "Young": 0.9745478630065918, "df_race": "black", "df_race_prob": 81.32146000862122, "df_gender": "Man", "df_gender_prob": 99.60313439369202, "df_age": 24, "df_emotion": "neutral", "df_emotion_prob": 57.1916937828064}