{"name": "Tim_Matheson_0001.jpg", "5_o_Clock_Shadow": 0.021337414160370827, "Arched_Eyebrows": 0.0019494568696245551, "Attractive": 0.01034590881317854, "Bags_Under_Eyes": 0.5726463198661804, "Bald": 0.00047809939133003354, "Bangs": 0.004675067961215973, "Big_Lips": 0.05835578218102455, "Big_Nose": 0.3413696885108948, "Black_Hair": 0.0008924553403630853, "Blond_Hair": 0.08077146112918854, "Blurry": 0.7776423692703247, "Brown_Hair": 0.04307191073894501, "Bushy_Eyebrows": 0.00010974398901453242, "Chubby": 0.02187672071158886, "Double_Chin": 0.022137528285384178, "Eyeglasses": 0.0014473404735326767, "Goatee": 0.0005254513816908002, "Gray_Hair": 0.07546793669462204, "Heavy_Makeup": 6.11186187597923e-05, "High_Cheekbones": 0.17457237839698792, "Male": 0.9827232360839844, "Mouth_Slightly_Open": 0.9804114103317261, "Mustache": 0.0009712688624858856, "Narrow_Eyes": 0.12667535245418549, "No_Beard": 0.980126678943634, "Oval_Face": 0.021150819957256317, "Pale_Skin": 0.01551624946296215, "Pointy_Nose": 0.030222516506910324, "Receding_Hairline": 0.005944607313722372, "Rosy_Cheeks": 3.0186693038558587e-05, "Sideburns": 0.0006797499372623861, "Smiling": 0.6206651926040649, "Straight_Hair": 0.20746156573295593, "Wavy_Hair": 0.0958205908536911, "Wearing_Earrings": 0.0007731705554760993, "Wearing_Hat": 0.00034897084697149694, "Wearing_Lipstick": 0.0002539362176321447, "Wearing_Necklace": 0.0039094723761081696, "Wearing_Necktie": 0.005358805414289236, "Young": 0.11802539974451065, "df_race": "white", "df_race_prob": 37.61233389377594, "df_gender": "Man", "df_gender_prob": 99.96824264526367, "df_age": 39, "df_emotion": "happy", "df_emotion_prob": 95.16876339912415}