{"name": "Tim_Floyd_0001.jpg", "5_o_Clock_Shadow": 0.07104054093360901, "Arched_Eyebrows": 0.00038144661812111735, "Attractive": 0.05528441071510315, "Bags_Under_Eyes": 0.047675970941782, "Bald": 0.00040006876224651933, "Bangs": 0.007218418642878532, "Big_Lips": 0.09909064322710037, "Big_Nose": 0.09031113982200623, "Black_Hair": 0.004180891904979944, "Blond_Hair": 0.0026966906152665615, "Blurry": 0.04571458697319031, "Brown_Hair": 0.23408065736293793, "Bushy_Eyebrows": 0.0003163033106829971, "Chubby": 0.01680939830839634, "Double_Chin": 0.014107231982052326, "Eyeglasses": 0.0017108396859839559, "Goatee": 0.0003963571507483721, "Gray_Hair": 0.0164182186126709, "Heavy_Makeup": 0.00018422951688989997, "High_Cheekbones": 0.008604749105870724, "Male": 0.9995831847190857, "Mouth_Slightly_Open": 0.09463413804769516, "Mustache": 0.0009179023327305913, "Narrow_Eyes": 0.126946821808815, "No_Beard": 0.983616828918457, "Oval_Face": 0.1529848575592041, "Pale_Skin": 0.04293128103017807, "Pointy_Nose": 0.03998435661196709, "Receding_Hairline": 0.000803648610599339, "Rosy_Cheeks": 8.709118264960125e-05, "Sideburns": 0.0008523400174453855, "Smiling": 0.009346277453005314, "Straight_Hair": 0.7899331450462341, "Wavy_Hair": 0.004156818147748709, "Wearing_Earrings": 0.00015687417180743068, "Wearing_Hat": 0.00028983791708014905, "Wearing_Lipstick": 0.0005308841355144978, "Wearing_Necklace": 0.0002576961705926806, "Wearing_Necktie": 0.4900202751159668, "Young": 0.12966910004615784, "df_race": "white", "df_race_prob": 46.972641348838806, "df_gender": "Man", "df_gender_prob": 99.9996542930603, "df_age": 32, "df_emotion": "disgust", "df_emotion_prob": 57.2171560267024}