{"name": "Tim_Curley_0001.jpg", "5_o_Clock_Shadow": 0.00461145443841815, "Arched_Eyebrows": 0.0002911920309998095, "Attractive": 0.010364033281803131, "Bags_Under_Eyes": 0.03925218805670738, "Bald": 0.001249118009582162, "Bangs": 0.0028706698212772608, "Big_Lips": 0.007007135543972254, "Big_Nose": 0.030060917139053345, "Black_Hair": 0.005278255790472031, "Blond_Hair": 0.012721828185021877, "Blurry": 0.05241033062338829, "Brown_Hair": 0.004901657346636057, "Bushy_Eyebrows": 0.0020776165183633566, "Chubby": 0.024507345631718636, "Double_Chin": 0.012731137685477734, "Eyeglasses": 0.9736115336418152, "Goatee": 0.0004562291142065078, "Gray_Hair": 0.6422334313392639, "Heavy_Makeup": 0.0009272670140489936, "High_Cheekbones": 0.02867537923157215, "Male": 0.9880504012107849, "Mouth_Slightly_Open": 0.2599526643753052, "Mustache": 0.0010389055823907256, "Narrow_Eyes": 0.0786580815911293, "No_Beard": 0.996597945690155, "Oval_Face": 0.14923115074634552, "Pale_Skin": 0.018125198781490326, "Pointy_Nose": 0.04344338923692703, "Receding_Hairline": 0.0016499148914590478, "Rosy_Cheeks": 8.551113569410518e-05, "Sideburns": 0.000725309073459357, "Smiling": 0.008013775572180748, "Straight_Hair": 0.7811779975891113, "Wavy_Hair": 0.009524361230432987, "Wearing_Earrings": 0.0009237891063094139, "Wearing_Hat": 0.0005693286075256765, "Wearing_Lipstick": 0.0006488381186500192, "Wearing_Necklace": 0.0005948824109509587, "Wearing_Necktie": 0.07505731284618378, "Young": 0.02182997204363346, "df_race": "white", "df_race_prob": 69.73510800213265, "df_gender": "Man", "df_gender_prob": 99.7822642326355, "df_age": 40, "df_emotion": "sad", "df_emotion_prob": 79.77240681648254}