{"name": "Tim_Henman_0014.jpg", "5_o_Clock_Shadow": 0.09175660461187363, "Arched_Eyebrows": 0.0006845349562354386, "Attractive": 0.05596961826086044, "Bags_Under_Eyes": 0.019467754289507866, "Bald": 0.0003349896869622171, "Bangs": 0.0006504605989903212, "Big_Lips": 0.0070668053813278675, "Big_Nose": 0.027796287089586258, "Black_Hair": 0.020016232505440712, "Blond_Hair": 0.003099225228652358, "Blurry": 0.1212988868355751, "Brown_Hair": 0.4096810519695282, "Bushy_Eyebrows": 0.0009322917321696877, "Chubby": 0.0038064499385654926, "Double_Chin": 0.001966999378055334, "Eyeglasses": 0.0011366171529516578, "Goatee": 0.000651333131827414, "Gray_Hair": 0.0022596290800720453, "Heavy_Makeup": 0.00011031192116206512, "High_Cheekbones": 0.010431605391204357, "Male": 0.9953510761260986, "Mouth_Slightly_Open": 0.004384782165288925, "Mustache": 0.002356304321438074, "Narrow_Eyes": 0.014523433521389961, "No_Beard": 0.9529834389686584, "Oval_Face": 0.09698683768510818, "Pale_Skin": 0.010359935462474823, "Pointy_Nose": 0.02581438235938549, "Receding_Hairline": 0.003234585514292121, "Rosy_Cheeks": 5.4547752370126545e-05, "Sideburns": 0.0008300616755150259, "Smiling": 0.0022246353328227997, "Straight_Hair": 0.6958233118057251, "Wavy_Hair": 0.01710355281829834, "Wearing_Earrings": 0.0008045239374041557, "Wearing_Hat": 0.0003618126211222261, "Wearing_Lipstick": 0.00013487529940903187, "Wearing_Necklace": 0.0007817303412593901, "Wearing_Necktie": 0.002219374058768153, "Young": 0.8726348876953125, "df_race": "white", "df_race_prob": 39.53101870602481, "df_gender": "Man", "df_gender_prob": 99.98841285705566, "df_age": 32, "df_emotion": "sad", "df_emotion_prob": 46.05444073677063}