{"name": "Tim_Henman_0004.jpg", "5_o_Clock_Shadow": 0.09426082670688629, "Arched_Eyebrows": 0.00037336701643653214, "Attractive": 0.13956326246261597, "Bags_Under_Eyes": 0.011566187255084515, "Bald": 0.0001685187016846612, "Bangs": 0.002592001110315323, "Big_Lips": 0.0156506709754467, "Big_Nose": 0.029910005629062653, "Black_Hair": 0.013938718475401402, "Blond_Hair": 0.0072248587384819984, "Blurry": 0.07315731048583984, "Brown_Hair": 0.09185200184583664, "Bushy_Eyebrows": 0.0002545361639931798, "Chubby": 0.0014998741680756211, "Double_Chin": 0.0004301235021557659, "Eyeglasses": 0.0003282989782746881, "Goatee": 0.0005101232090964913, "Gray_Hair": 0.001566900173202157, "Heavy_Makeup": 0.00023645954206585884, "High_Cheekbones": 0.04239564761519432, "Male": 0.996335506439209, "Mouth_Slightly_Open": 0.7772020101547241, "Mustache": 0.0007150899618864059, "Narrow_Eyes": 0.014995289966464043, "No_Beard": 0.9606596827507019, "Oval_Face": 0.11944828182458878, "Pale_Skin": 0.016680870205163956, "Pointy_Nose": 0.058191150426864624, "Receding_Hairline": 0.0021099045407027006, "Rosy_Cheeks": 5.78512299398426e-05, "Sideburns": 0.0007896326715126634, "Smiling": 0.09332197159528732, "Straight_Hair": 0.4956301748752594, "Wavy_Hair": 0.013100015930831432, "Wearing_Earrings": 0.0008073790231719613, "Wearing_Hat": 0.0005424602422863245, "Wearing_Lipstick": 0.000411647284636274, "Wearing_Necklace": 0.0004966488340869546, "Wearing_Necktie": 0.000676478841342032, "Young": 0.904517650604248, "df_race": "white", "df_race_prob": 49.83353613814927, "df_gender": "Man", "df_gender_prob": 99.98905658721924, "df_age": 27, "df_emotion": "fear", "df_emotion_prob": 98.87396097183228}