{"name": "Tim_Robbins_0003.jpg", "5_o_Clock_Shadow": 0.011890968307852745, "Arched_Eyebrows": 0.0005016166251152754, "Attractive": 0.033552415668964386, "Bags_Under_Eyes": 0.053965821862220764, "Bald": 0.003598287235945463, "Bangs": 0.00020582755678333342, "Big_Lips": 0.010052790865302086, "Big_Nose": 0.32329174876213074, "Black_Hair": 0.0013854448916390538, "Blond_Hair": 0.04450193792581558, "Blurry": 0.05173126608133316, "Brown_Hair": 0.011721649207174778, "Bushy_Eyebrows": 0.0008958631078712642, "Chubby": 0.06115168333053589, "Double_Chin": 0.01278748456388712, "Eyeglasses": 0.9679821729660034, "Goatee": 0.0007932512671686709, "Gray_Hair": 0.2742428481578827, "Heavy_Makeup": 0.00014627653581555933, "High_Cheekbones": 0.008450808003544807, "Male": 0.9981693029403687, "Mouth_Slightly_Open": 0.0022517067845910788, "Mustache": 0.0019633034244179726, "Narrow_Eyes": 0.016613265499472618, "No_Beard": 0.9903382658958435, "Oval_Face": 0.16744045913219452, "Pale_Skin": 0.16824615001678467, "Pointy_Nose": 0.0033767486456781626, "Receding_Hairline": 0.37219640612602234, "Rosy_Cheeks": 2.1340432795113884e-05, "Sideburns": 0.0004931669100187719, "Smiling": 0.005295251961797476, "Straight_Hair": 0.37068647146224976, "Wavy_Hair": 0.0033982619643211365, "Wearing_Earrings": 0.0015797008527442813, "Wearing_Hat": 0.00016282549768220633, "Wearing_Lipstick": 0.00023280177265405655, "Wearing_Necklace": 0.0008877842919901013, "Wearing_Necktie": 0.07845406234264374, "Young": 0.1913299262523651, "df_race": "white", "df_race_prob": 92.05824732780457, "df_gender": "Man", "df_gender_prob": 99.99988079071045, "df_age": 37, "df_emotion": "sad", "df_emotion_prob": 51.40191316604614}