{"name": "Tim_Robbins_0001.jpg", "5_o_Clock_Shadow": 0.03623588755726814, "Arched_Eyebrows": 0.0010424595093354583, "Attractive": 0.02668343111872673, "Bags_Under_Eyes": 0.316928893327713, "Bald": 0.0012842665892094374, "Bangs": 0.006746331229805946, "Big_Lips": 0.011380830779671669, "Big_Nose": 0.1497272104024887, "Black_Hair": 0.0009487962815910578, "Blond_Hair": 0.014936045743525028, "Blurry": 0.05582684651017189, "Brown_Hair": 0.0030606179498136044, "Bushy_Eyebrows": 0.0002749459818005562, "Chubby": 0.021747024729847908, "Double_Chin": 0.015537438914179802, "Eyeglasses": 0.0014658734435215592, "Goatee": 0.00020792947907466441, "Gray_Hair": 0.650352954864502, "Heavy_Makeup": 4.8740508646005765e-05, "High_Cheekbones": 0.014318175613880157, "Male": 0.9992223978042603, "Mouth_Slightly_Open": 0.0032705366611480713, "Mustache": 0.0006244812975637615, "Narrow_Eyes": 0.004985624924302101, "No_Beard": 0.9873396158218384, "Oval_Face": 0.11357918381690979, "Pale_Skin": 0.14840221405029297, "Pointy_Nose": 0.00896882452070713, "Receding_Hairline": 0.015522269532084465, "Rosy_Cheeks": 3.304173515061848e-05, "Sideburns": 0.0009979326277971268, "Smiling": 0.010021315887570381, "Straight_Hair": 0.3469136655330658, "Wavy_Hair": 0.006873536389321089, "Wearing_Earrings": 0.00043290454777888954, "Wearing_Hat": 0.0004364920605439693, "Wearing_Lipstick": 8.941036503529176e-05, "Wearing_Necklace": 0.0018927176715806127, "Wearing_Necktie": 0.004796118009835482, "Young": 0.09443385899066925, "df_race": "white", "df_race_prob": 97.4359393119812, "df_gender": "Man", "df_gender_prob": 99.9931812286377, "df_age": 39, "df_emotion": "neutral", "df_emotion_prob": 60.878944396972656}