{"name": "Tim_Duncan_0002.jpg", "5_o_Clock_Shadow": 0.17299675941467285, "Arched_Eyebrows": 0.0011943079298362136, "Attractive": 0.03444468230009079, "Bags_Under_Eyes": 0.13906967639923096, "Bald": 0.5770239233970642, "Bangs": 0.00234246370382607, "Big_Lips": 0.16330702602863312, "Big_Nose": 0.4930957555770874, "Black_Hair": 0.0037802804727107286, "Blond_Hair": 0.004898760002106428, "Blurry": 0.0977897122502327, "Brown_Hair": 0.0018722579116001725, "Bushy_Eyebrows": 0.0016414602287113667, "Chubby": 0.01235895324498415, "Double_Chin": 0.007177822757512331, "Eyeglasses": 0.0006199246854521334, "Goatee": 0.02333393134176731, "Gray_Hair": 0.0038498297799378633, "Heavy_Makeup": 0.0001414365688106045, "High_Cheekbones": 0.5255798101425171, "Male": 0.9996744394302368, "Mouth_Slightly_Open": 0.9431276321411133, "Mustache": 0.0029240488074719906, "Narrow_Eyes": 0.00645015574991703, "No_Beard": 0.8153318762779236, "Oval_Face": 0.3409181833267212, "Pale_Skin": 0.0032332988921552896, "Pointy_Nose": 0.005548211745917797, "Receding_Hairline": 0.013836112804710865, "Rosy_Cheeks": 2.1414232833194546e-05, "Sideburns": 0.007880531251430511, "Smiling": 0.3290659189224243, "Straight_Hair": 0.003043252509087324, "Wavy_Hair": 0.0020973526407033205, "Wearing_Earrings": 0.002604568609967828, "Wearing_Hat": 0.0024114088155329227, "Wearing_Lipstick": 0.0001605860743438825, "Wearing_Necklace": 0.0018516125855967402, "Wearing_Necktie": 0.0035430218558758497, "Young": 0.9417499899864197, "df_race": "latino hispanic", "df_race_prob": 23.910805453158076, "df_gender": "Man", "df_gender_prob": 99.8842179775238, "df_age": 30, "df_emotion": "angry", "df_emotion_prob": 63.846343755722046}