{"name": "Todd_Haynes_0002.jpg", "5_o_Clock_Shadow": 0.011720278300344944, "Arched_Eyebrows": 0.0020567537285387516, "Attractive": 0.032930195331573486, "Bags_Under_Eyes": 0.6350544691085815, "Bald": 0.0008977989782579243, "Bangs": 0.05111687630414963, "Big_Lips": 0.0626426711678505, "Big_Nose": 0.20634618401527405, "Black_Hair": 0.0013109722640365362, "Blond_Hair": 0.050935517996549606, "Blurry": 0.0698700025677681, "Brown_Hair": 0.0958508774638176, "Bushy_Eyebrows": 0.0002678459568414837, "Chubby": 0.01841549016535282, "Double_Chin": 0.021563855931162834, "Eyeglasses": 0.0004352368414402008, "Goatee": 0.00048253985005430877, "Gray_Hair": 0.02489496022462845, "Heavy_Makeup": 0.00012560396862681955, "High_Cheekbones": 0.6032961010932922, "Male": 0.998397171497345, "Mouth_Slightly_Open": 0.9994198083877563, "Mustache": 0.00034213438630104065, "Narrow_Eyes": 0.4583846628665924, "No_Beard": 0.9959034323692322, "Oval_Face": 0.1885027140378952, "Pale_Skin": 0.019213972613215446, "Pointy_Nose": 0.006098296493291855, "Receding_Hairline": 0.0025541416835039854, "Rosy_Cheeks": 9.257663623429835e-05, "Sideburns": 0.0004025525995530188, "Smiling": 0.9579475522041321, "Straight_Hair": 0.22266027331352234, "Wavy_Hair": 0.038114335387945175, "Wearing_Earrings": 0.0008768024854362011, "Wearing_Hat": 0.0002395724004600197, "Wearing_Lipstick": 0.0002918780373875052, "Wearing_Necklace": 0.0012099635787308216, "Wearing_Necktie": 0.044149599969387054, "Young": 0.6246932744979858, "df_race": "white", "df_race_prob": 67.35496520996094, "df_gender": "Man", "df_gender_prob": 99.91844296455383, "df_age": 34, "df_emotion": "happy", "df_emotion_prob": 86.48900985717773}