{"name": "Tom_Jones_0002.jpg", "5_o_Clock_Shadow": 0.014180741272866726, "Arched_Eyebrows": 0.011254631914198399, "Attractive": 0.003356201807036996, "Bags_Under_Eyes": 0.5907261371612549, "Bald": 0.0025720323901623487, "Bangs": 0.0004216421802993864, "Big_Lips": 0.04826303943991661, "Big_Nose": 0.41536596417427063, "Black_Hair": 0.008081878535449505, "Blond_Hair": 0.021236935630440712, "Blurry": 0.4880223870277405, "Brown_Hair": 0.058726824820041656, "Bushy_Eyebrows": 0.0005567931802943349, "Chubby": 0.3758309781551361, "Double_Chin": 0.17927558720111847, "Eyeglasses": 0.0014649565564468503, "Goatee": 0.002153242938220501, "Gray_Hair": 0.2148304432630539, "Heavy_Makeup": 0.00018110853852704167, "High_Cheekbones": 0.31162476539611816, "Male": 0.996412456035614, "Mouth_Slightly_Open": 0.9963879585266113, "Mustache": 0.004695133306086063, "Narrow_Eyes": 0.21241170167922974, "No_Beard": 0.9628704190254211, "Oval_Face": 0.1300211399793625, "Pale_Skin": 0.021135838702321053, "Pointy_Nose": 0.019209202378988266, "Receding_Hairline": 0.3037380278110504, "Rosy_Cheeks": 0.00015088776126503944, "Sideburns": 0.0032180638518184423, "Smiling": 0.2703036069869995, "Straight_Hair": 0.20026841759681702, "Wavy_Hair": 0.0792573019862175, "Wearing_Earrings": 0.003717459039762616, "Wearing_Hat": 0.0003467897477094084, "Wearing_Lipstick": 0.0005619380972348154, "Wearing_Necklace": 0.0018154139397665858, "Wearing_Necktie": 0.0230452548712492, "Young": 0.019835088402032852, "df_race": "black", "df_race_prob": 57.05909729003906, "df_gender": "Man", "df_gender_prob": 99.82206225395203, "df_age": 40, "df_emotion": "happy", "df_emotion_prob": 91.52588248252869}