{"name": "Tom_Tunney_0001.jpg", "5_o_Clock_Shadow": 0.0060515012592077255, "Arched_Eyebrows": 0.0011429399019107223, "Attractive": 0.023137977346777916, "Bags_Under_Eyes": 0.3191399574279785, "Bald": 0.03408925607800484, "Bangs": 0.0003606871759984642, "Big_Lips": 0.0022227743174880743, "Big_Nose": 0.03892497718334198, "Black_Hair": 0.001057667308486998, "Blond_Hair": 0.05395503714680672, "Blurry": 0.06732288748025894, "Brown_Hair": 0.025441396981477737, "Bushy_Eyebrows": 0.00016700354171916842, "Chubby": 0.02902960777282715, "Double_Chin": 0.02312972955405712, "Eyeglasses": 0.0029177023097872734, "Goatee": 0.0005278516327962279, "Gray_Hair": 0.10244575887918472, "Heavy_Makeup": 0.00026265744236297905, "High_Cheekbones": 0.15472158789634705, "Male": 0.9947583079338074, "Mouth_Slightly_Open": 0.011785353533923626, "Mustache": 0.000481164752272889, "Narrow_Eyes": 0.02041049860417843, "No_Beard": 0.9939561486244202, "Oval_Face": 0.33980366587638855, "Pale_Skin": 0.029416797682642937, "Pointy_Nose": 0.02973356656730175, "Receding_Hairline": 0.6575711965560913, "Rosy_Cheeks": 6.063659384381026e-05, "Sideburns": 0.001480992417782545, "Smiling": 0.2823958098888397, "Straight_Hair": 0.08920777589082718, "Wavy_Hair": 0.0035495429765433073, "Wearing_Earrings": 0.00043268303852528334, "Wearing_Hat": 9.456987027078867e-05, "Wearing_Lipstick": 0.00021907097834628075, "Wearing_Necklace": 0.0002534744271542877, "Wearing_Necktie": 0.3394433259963989, "Young": 0.09261802583932877, "df_race": "white", "df_race_prob": 85.55476665496826, "df_gender": "Man", "df_gender_prob": 99.94814991950989, "df_age": 36, "df_emotion": "happy", "df_emotion_prob": 98.97484183311462}