{"name": "Tom_Ridge_0031.jpg", "5_o_Clock_Shadow": 0.004984884522855282, "Arched_Eyebrows": 0.015318079851567745, "Attractive": 0.002374358242377639, "Bags_Under_Eyes": 0.06450095772743225, "Bald": 0.0027803711127489805, "Bangs": 0.0005132469232194126, "Big_Lips": 0.008403046056628227, "Big_Nose": 0.19087420403957367, "Black_Hair": 0.00996964331716299, "Blond_Hair": 0.014346306212246418, "Blurry": 0.053453534841537476, "Brown_Hair": 0.009943373501300812, "Bushy_Eyebrows": 0.0028605216648429632, "Chubby": 0.20040766894817352, "Double_Chin": 0.07092760503292084, "Eyeglasses": 0.006016579456627369, "Goatee": 0.00041087574209086597, "Gray_Hair": 0.21278423070907593, "Heavy_Makeup": 0.00031169684370979667, "High_Cheekbones": 0.025336384773254395, "Male": 0.998504638671875, "Mouth_Slightly_Open": 0.937545120716095, "Mustache": 0.0014486346626654267, "Narrow_Eyes": 0.02143264003098011, "No_Beard": 0.9929799437522888, "Oval_Face": 0.11485665291547775, "Pale_Skin": 0.05731772631406784, "Pointy_Nose": 0.004420222714543343, "Receding_Hairline": 0.10371573269367218, "Rosy_Cheeks": 0.0001342394098173827, "Sideburns": 0.0005694675492122769, "Smiling": 0.0016596546629443765, "Straight_Hair": 0.6825544238090515, "Wavy_Hair": 0.001649599988013506, "Wearing_Earrings": 0.0012486189370974898, "Wearing_Hat": 0.0002496441884431988, "Wearing_Lipstick": 0.0003255937772337347, "Wearing_Necklace": 0.0003282254619989544, "Wearing_Necktie": 0.6151719689369202, "Young": 0.022320149466395378, "df_race": "white", "df_race_prob": 26.100878483109383, "df_gender": "Woman", "df_gender_prob": 81.19603991508484, "df_age": 31, "df_emotion": "happy", "df_emotion_prob": 99.997878074646}