{"name": "Tom_Christerson_0001.jpg", "5_o_Clock_Shadow": 0.01616114377975464, "Arched_Eyebrows": 0.0032149972394108772, "Attractive": 0.0022692580241709948, "Bags_Under_Eyes": 0.4235944151878357, "Bald": 0.0019325928296893835, "Bangs": 0.0009380807168781757, "Big_Lips": 0.012920522131025791, "Big_Nose": 0.917822539806366, "Black_Hair": 0.0010676749516278505, "Blond_Hair": 0.017273500561714172, "Blurry": 0.024530919268727303, "Brown_Hair": 0.0010118710342794657, "Bushy_Eyebrows": 0.0004484083619900048, "Chubby": 0.4503674805164337, "Double_Chin": 0.31032299995422363, "Eyeglasses": 0.006303934380412102, "Goatee": 0.0005548214539885521, "Gray_Hair": 0.9171772003173828, "Heavy_Makeup": 0.00030855892691761255, "High_Cheekbones": 0.05708666518330574, "Male": 0.9972514510154724, "Mouth_Slightly_Open": 0.05869651213288307, "Mustache": 0.003644627518951893, "Narrow_Eyes": 0.0014957122039049864, "No_Beard": 0.9694510698318481, "Oval_Face": 0.0635041818022728, "Pale_Skin": 0.0473942905664444, "Pointy_Nose": 0.00842965766787529, "Receding_Hairline": 0.08011271804571152, "Rosy_Cheeks": 0.00029005989199504256, "Sideburns": 0.0028719911351799965, "Smiling": 0.001594819943420589, "Straight_Hair": 0.23739783465862274, "Wavy_Hair": 0.008267858996987343, "Wearing_Earrings": 0.0006834222585894167, "Wearing_Hat": 0.000675535062327981, "Wearing_Lipstick": 0.0006710657617077231, "Wearing_Necklace": 0.0012598226312547922, "Wearing_Necktie": 0.018360238522291183, "Young": 0.007410130463540554, "df_race": "white", "df_race_prob": 51.30770190862395, "df_gender": "Man", "df_gender_prob": 99.73887801170349, "df_age": 51, "df_emotion": "neutral", "df_emotion_prob": 44.10909116268158}