{"name": "Tom_Crean_0005.jpg", "5_o_Clock_Shadow": 0.013480857014656067, "Arched_Eyebrows": 0.0009543561027385294, "Attractive": 0.011598761193454266, "Bags_Under_Eyes": 0.06932470202445984, "Bald": 0.003537440672516823, "Bangs": 0.00024127743381541222, "Big_Lips": 0.013325298205018044, "Big_Nose": 0.054230500012636185, "Black_Hair": 0.026887528598308563, "Blond_Hair": 0.008983352221548557, "Blurry": 0.10722758620977402, "Brown_Hair": 0.10238273441791534, "Bushy_Eyebrows": 0.0004078491183463484, "Chubby": 0.039618611335754395, "Double_Chin": 0.01983795315027237, "Eyeglasses": 0.9489611983299255, "Goatee": 0.0013853968121111393, "Gray_Hair": 0.010933850891888142, "Heavy_Makeup": 0.00022148521384224296, "High_Cheekbones": 0.14002233743667603, "Male": 0.9901828169822693, "Mouth_Slightly_Open": 0.9991471767425537, "Mustache": 0.0008362285443581641, "Narrow_Eyes": 0.33892226219177246, "No_Beard": 0.9848596453666687, "Oval_Face": 0.264363169670105, "Pale_Skin": 0.004308644682168961, "Pointy_Nose": 0.014577900059521198, "Receding_Hairline": 0.28077593445777893, "Rosy_Cheeks": 3.940348688047379e-05, "Sideburns": 0.000927540531847626, "Smiling": 0.6938531994819641, "Straight_Hair": 0.5596156716346741, "Wavy_Hair": 0.005411853548139334, "Wearing_Earrings": 0.0017495413776487112, "Wearing_Hat": 0.00039917335379868746, "Wearing_Lipstick": 0.00034609108115546405, "Wearing_Necklace": 0.002059902995824814, "Wearing_Necktie": 0.003224673680961132, "Young": 0.674954354763031, "df_race": "white", "df_race_prob": 84.61498022079468, "df_gender": "Man", "df_gender_prob": 99.97381567955017, "df_age": 36, "df_emotion": "happy", "df_emotion_prob": 100.0}