{"name": "Tom_Daschle_0009.jpg", "5_o_Clock_Shadow": 0.02943238988518715, "Arched_Eyebrows": 9.385305020259693e-05, "Attractive": 0.006214633584022522, "Bags_Under_Eyes": 0.30363768339157104, "Bald": 0.0015837461687624454, "Bangs": 0.0023850230500102043, "Big_Lips": 0.01034040842205286, "Big_Nose": 0.27861523628234863, "Black_Hair": 0.001005189842544496, "Blond_Hair": 0.025463415309786797, "Blurry": 0.5812022089958191, "Brown_Hair": 0.006860644556581974, "Bushy_Eyebrows": 0.0002842199755832553, "Chubby": 0.03086499497294426, "Double_Chin": 0.03879646584391594, "Eyeglasses": 0.006834873463958502, "Goatee": 0.0026914493646472692, "Gray_Hair": 0.6647828817367554, "Heavy_Makeup": 6.113581184763461e-05, "High_Cheekbones": 0.0863504409790039, "Male": 0.9981688261032104, "Mouth_Slightly_Open": 0.009543372318148613, "Mustache": 0.010729593224823475, "Narrow_Eyes": 0.09793123602867126, "No_Beard": 0.8973904252052307, "Oval_Face": 0.044106122106313705, "Pale_Skin": 0.017780032008886337, "Pointy_Nose": 0.013153672218322754, "Receding_Hairline": 0.011657889001071453, "Rosy_Cheeks": 6.558679888257757e-05, "Sideburns": 0.003023564349859953, "Smiling": 0.03656210005283356, "Straight_Hair": 0.16320040822029114, "Wavy_Hair": 0.036779001355171204, "Wearing_Earrings": 0.0003507322398945689, "Wearing_Hat": 0.00030457437969744205, "Wearing_Lipstick": 3.9674516301602125e-05, "Wearing_Necklace": 0.00043942552292719483, "Wearing_Necktie": 0.35472220182418823, "Young": 0.02375064603984356, "df_race": "indian", "df_race_prob": 41.005699754440755, "df_gender": "Man", "df_gender_prob": 99.97227787971497, "df_age": 44, "df_emotion": "neutral", "df_emotion_prob": 65.48956632614136}