{"name": "Tom_Daschle_0001.jpg", "5_o_Clock_Shadow": 0.0214438084512949, "Arched_Eyebrows": 9.169620170723647e-05, "Attractive": 0.004607673734426498, "Bags_Under_Eyes": 0.28680604696273804, "Bald": 0.0016109540592879057, "Bangs": 0.003721043933182955, "Big_Lips": 0.019367273896932602, "Big_Nose": 0.2898694574832916, "Black_Hair": 0.0014282274059951305, "Blond_Hair": 0.012143709696829319, "Blurry": 0.19113300740718842, "Brown_Hair": 0.008639507927000523, "Bushy_Eyebrows": 0.0008416540804319084, "Chubby": 0.0352114699780941, "Double_Chin": 0.037887491285800934, "Eyeglasses": 0.007093862164765596, "Goatee": 0.0013495133025571704, "Gray_Hair": 0.6586658954620361, "Heavy_Makeup": 6.410547211999074e-05, "High_Cheekbones": 0.02631540596485138, "Male": 0.9989204406738281, "Mouth_Slightly_Open": 0.04166804254055023, "Mustache": 0.0044510685838758945, "Narrow_Eyes": 0.22408701479434967, "No_Beard": 0.9802701473236084, "Oval_Face": 0.03076971136033535, "Pale_Skin": 0.015668561682105064, "Pointy_Nose": 0.011855555698275566, "Receding_Hairline": 0.013401010073721409, "Rosy_Cheeks": 8.852760947775096e-05, "Sideburns": 0.002295162994414568, "Smiling": 0.0013481059577316046, "Straight_Hair": 0.159229576587677, "Wavy_Hair": 0.030588539317250252, "Wearing_Earrings": 0.0003827245382126421, "Wearing_Hat": 0.00048820790834724903, "Wearing_Lipstick": 6.027201743563637e-05, "Wearing_Necklace": 0.0005265187355689704, "Wearing_Necktie": 0.6446692943572998, "Young": 0.015309278853237629, "df_race": "white", "df_race_prob": 38.50496274292025, "df_gender": "Man", "df_gender_prob": 99.99974966049194, "df_age": 32, "df_emotion": "neutral", "df_emotion_prob": 92.84988003074407}