{"name": "Tom_Cruise_0009.jpg", "5_o_Clock_Shadow": 0.2923191785812378, "Arched_Eyebrows": 0.0005901659606024623, "Attractive": 0.14869324862957, "Bags_Under_Eyes": 0.08010496199131012, "Bald": 0.0011208128416910768, "Bangs": 0.003754982026293874, "Big_Lips": 0.012097679078578949, "Big_Nose": 0.06449833512306213, "Black_Hair": 0.0016063045477494597, "Blond_Hair": 0.05457170680165291, "Blurry": 0.2782207727432251, "Brown_Hair": 0.047811929136514664, "Bushy_Eyebrows": 0.008121712133288383, "Chubby": 0.013476425781846046, "Double_Chin": 0.0020732670091092587, "Eyeglasses": 0.000473327498184517, "Goatee": 0.347849577665329, "Gray_Hair": 0.013028783723711967, "Heavy_Makeup": 0.0002571547229308635, "High_Cheekbones": 0.029856236651539803, "Male": 0.9975403547286987, "Mouth_Slightly_Open": 0.8833861947059631, "Mustache": 0.02270050160586834, "Narrow_Eyes": 0.26685038208961487, "No_Beard": 0.0669812560081482, "Oval_Face": 0.0705007016658783, "Pale_Skin": 0.01174044981598854, "Pointy_Nose": 0.1174159124493599, "Receding_Hairline": 0.0040774233639240265, "Rosy_Cheeks": 7.613934576511383e-05, "Sideburns": 0.21494080126285553, "Smiling": 0.6656605005264282, "Straight_Hair": 0.05350156128406525, "Wavy_Hair": 0.27664458751678467, "Wearing_Earrings": 0.00033030571648851037, "Wearing_Hat": 0.0009647360420785844, "Wearing_Lipstick": 0.00022267777239903808, "Wearing_Necklace": 0.0029862327501177788, "Wearing_Necktie": 0.002456383779644966, "Young": 0.31263333559036255, "df_race": "white", "df_race_prob": 93.39433391161752, "df_gender": "Man", "df_gender_prob": 99.99244213104248, "df_age": 35, "df_emotion": "happy", "df_emotion_prob": 99.34731118050946}