{"name": "Tonino_Guerra_0001.jpg", "5_o_Clock_Shadow": 0.007098965346813202, "Arched_Eyebrows": 0.0010998909128829837, "Attractive": 0.0018546069040894508, "Bags_Under_Eyes": 0.45219674706459045, "Bald": 0.8197662234306335, "Bangs": 0.000884580600541085, "Big_Lips": 0.013771077618002892, "Big_Nose": 0.26757287979125977, "Black_Hair": 0.000933466712012887, "Blond_Hair": 0.001832607900723815, "Blurry": 0.11761243641376495, "Brown_Hair": 0.0005055153160355985, "Bushy_Eyebrows": 0.011439602822065353, "Chubby": 0.4702836871147156, "Double_Chin": 0.30541276931762695, "Eyeglasses": 0.13277052342891693, "Goatee": 0.011287813074886799, "Gray_Hair": 0.8986401557922363, "Heavy_Makeup": 6.844570452813059e-05, "High_Cheekbones": 0.010863056406378746, "Male": 0.9985130429267883, "Mouth_Slightly_Open": 0.005976663902401924, "Mustache": 0.3986409604549408, "Narrow_Eyes": 0.21634310483932495, "No_Beard": 0.2700338363647461, "Oval_Face": 0.11593951284885406, "Pale_Skin": 0.055306270718574524, "Pointy_Nose": 0.1301608383655548, "Receding_Hairline": 0.48725321888923645, "Rosy_Cheeks": 0.0003349584003444761, "Sideburns": 0.01489600446075201, "Smiling": 0.004633023869246244, "Straight_Hair": 0.011487689800560474, "Wavy_Hair": 0.0036606600042432547, "Wearing_Earrings": 0.00040649037691764534, "Wearing_Hat": 0.002226504497230053, "Wearing_Lipstick": 0.00020373135339468718, "Wearing_Necklace": 0.0006444277241826057, "Wearing_Necktie": 0.15353743731975555, "Young": 0.004317808896303177, "df_race": "white", "df_race_prob": 76.41026973724365, "df_gender": "Man", "df_gender_prob": 99.99523162841797, "df_age": 53, "df_emotion": "sad", "df_emotion_prob": 61.84163689613342}