{"name": "Tony_Blair_0063.jpg", "5_o_Clock_Shadow": 0.009257107973098755, "Arched_Eyebrows": 0.002631833078339696, "Attractive": 0.043835654854774475, "Bags_Under_Eyes": 0.04451752454042435, "Bald": 0.002352571114897728, "Bangs": 0.0001279572898056358, "Big_Lips": 0.005498534068465233, "Big_Nose": 0.005640445742756128, "Black_Hair": 0.0012864768505096436, "Blond_Hair": 0.11094492673873901, "Blurry": 0.09223988652229309, "Brown_Hair": 0.005745077505707741, "Bushy_Eyebrows": 0.0007280940772034228, "Chubby": 0.00256229261867702, "Double_Chin": 0.0023150413762778044, "Eyeglasses": 0.0014132303185760975, "Goatee": 0.0004717608680948615, "Gray_Hair": 0.38985905051231384, "Heavy_Makeup": 0.00047857113531790674, "High_Cheekbones": 0.08517088741064072, "Male": 0.9958617687225342, "Mouth_Slightly_Open": 0.5563095808029175, "Mustache": 0.0005703151691704988, "Narrow_Eyes": 0.02430652268230915, "No_Beard": 0.9952725768089294, "Oval_Face": 0.16263480484485626, "Pale_Skin": 0.07451370358467102, "Pointy_Nose": 0.1024298220872879, "Receding_Hairline": 0.1962277740240097, "Rosy_Cheeks": 8.030382014112547e-05, "Sideburns": 0.0004823421186301857, "Smiling": 0.016637573018670082, "Straight_Hair": 0.2347830832004547, "Wavy_Hair": 0.01509101502597332, "Wearing_Earrings": 0.0009036512929014862, "Wearing_Hat": 4.946687477058731e-05, "Wearing_Lipstick": 0.0004123336111661047, "Wearing_Necklace": 0.0004693731607403606, "Wearing_Necktie": 0.025963718071579933, "Young": 0.18045714497566223, "df_race": "white", "df_race_prob": 91.0663794199968, "df_gender": "Man", "df_gender_prob": 99.99570846557617, "df_age": 51, "df_emotion": "angry", "df_emotion_prob": 66.88276529312134}