{"name": "Tony_Blair_0024.jpg", "5_o_Clock_Shadow": 0.011473964899778366, "Arched_Eyebrows": 0.001966430339962244, "Attractive": 0.014209628105163574, "Bags_Under_Eyes": 0.10490470379590988, "Bald": 0.006447051651775837, "Bangs": 0.00012544692435767502, "Big_Lips": 0.005607913713902235, "Big_Nose": 0.02031521126627922, "Black_Hair": 0.0007746380870230496, "Blond_Hair": 0.11891674995422363, "Blurry": 0.0772152692079544, "Brown_Hair": 0.0032613719813525677, "Bushy_Eyebrows": 0.0007258463301695883, "Chubby": 0.007388501428067684, "Double_Chin": 0.01095559261739254, "Eyeglasses": 0.0031594906467944384, "Goatee": 0.0014876844361424446, "Gray_Hair": 0.45241624116897583, "Heavy_Makeup": 0.0002211838582297787, "High_Cheekbones": 0.04038971662521362, "Male": 0.9993022680282593, "Mouth_Slightly_Open": 0.9625948667526245, "Mustache": 0.0014818239724263549, "Narrow_Eyes": 0.005739256739616394, "No_Beard": 0.9832183718681335, "Oval_Face": 0.19617004692554474, "Pale_Skin": 0.07078532874584198, "Pointy_Nose": 0.03514224290847778, "Receding_Hairline": 0.35938704013824463, "Rosy_Cheeks": 4.2698131437646225e-05, "Sideburns": 0.0010668778559193015, "Smiling": 0.013845139183104038, "Straight_Hair": 0.19677136838436127, "Wavy_Hair": 0.004861856810748577, "Wearing_Earrings": 0.0003878547577187419, "Wearing_Hat": 8.030006574699655e-05, "Wearing_Lipstick": 0.0001803111081244424, "Wearing_Necklace": 0.0003174824523739517, "Wearing_Necktie": 0.24465890228748322, "Young": 0.15758013725280762, "df_race": "white", "df_race_prob": 96.95075750350952, "df_gender": "Man", "df_gender_prob": 99.99991655349731, "df_age": 34, "df_emotion": "fear", "df_emotion_prob": 39.4098841792276}