{"name": "Tony_Blair_0072.jpg", "5_o_Clock_Shadow": 0.008478570729494095, "Arched_Eyebrows": 0.025286784395575523, "Attractive": 0.01382259838283062, "Bags_Under_Eyes": 0.1841862052679062, "Bald": 0.003882587654516101, "Bangs": 0.0010692954529076815, "Big_Lips": 0.010938199236989021, "Big_Nose": 0.04793776199221611, "Black_Hair": 0.0011686577927321196, "Blond_Hair": 0.025585420429706573, "Blurry": 0.0477290004491806, "Brown_Hair": 0.017317330464720726, "Bushy_Eyebrows": 0.0002554807288106531, "Chubby": 0.013418630696833134, "Double_Chin": 0.06765300780534744, "Eyeglasses": 0.0030300873331725597, "Goatee": 0.0006502386531792581, "Gray_Hair": 0.6018563508987427, "Heavy_Makeup": 0.00037319978582672775, "High_Cheekbones": 0.13072489202022552, "Male": 0.9993796348571777, "Mouth_Slightly_Open": 0.9981473684310913, "Mustache": 0.0008819909417070448, "Narrow_Eyes": 0.021782776340842247, "No_Beard": 0.9912633895874023, "Oval_Face": 0.20267558097839355, "Pale_Skin": 0.03795517981052399, "Pointy_Nose": 0.06775883585214615, "Receding_Hairline": 0.0707322210073471, "Rosy_Cheeks": 0.0004009031690657139, "Sideburns": 0.0006052190437912941, "Smiling": 0.42763981223106384, "Straight_Hair": 0.3047849237918854, "Wavy_Hair": 0.005713595077395439, "Wearing_Earrings": 0.0008583712624385953, "Wearing_Hat": 0.0001465159293729812, "Wearing_Lipstick": 0.0005867416621185839, "Wearing_Necklace": 0.00056663021678105, "Wearing_Necktie": 0.633730947971344, "Young": 0.03299342468380928, "df_race": "white", "df_race_prob": 96.19396902286822, "df_gender": "Man", "df_gender_prob": 99.9816358089447, "df_age": 33, "df_emotion": "happy", "df_emotion_prob": 89.06859159469604}