{"name": "Tony_Blair_0023.jpg", "5_o_Clock_Shadow": 0.020580483600497246, "Arched_Eyebrows": 0.01122775673866272, "Attractive": 0.050220128148794174, "Bags_Under_Eyes": 0.022305365651845932, "Bald": 0.0021505430340766907, "Bangs": 0.00021262098744045943, "Big_Lips": 0.01630440540611744, "Big_Nose": 0.013819648884236813, "Black_Hair": 0.001851439825259149, "Blond_Hair": 0.04233238846063614, "Blurry": 0.12423177063465118, "Brown_Hair": 0.009875421412289143, "Bushy_Eyebrows": 0.0006177041213959455, "Chubby": 0.0018581738695502281, "Double_Chin": 0.004126636311411858, "Eyeglasses": 0.0008638669969514012, "Goatee": 0.0005961119895800948, "Gray_Hair": 0.1854686141014099, "Heavy_Makeup": 0.0005588672938756645, "High_Cheekbones": 0.05834169685840607, "Male": 0.9984986782073975, "Mouth_Slightly_Open": 0.4590417444705963, "Mustache": 0.0007967792917042971, "Narrow_Eyes": 0.005079125985503197, "No_Beard": 0.9884280562400818, "Oval_Face": 0.08247661590576172, "Pale_Skin": 0.022759659215807915, "Pointy_Nose": 0.28495389223098755, "Receding_Hairline": 0.06420043855905533, "Rosy_Cheeks": 0.00012219020572956651, "Sideburns": 0.0005666539655067027, "Smiling": 0.04088122397661209, "Straight_Hair": 0.38772985339164734, "Wavy_Hair": 0.005074713379144669, "Wearing_Earrings": 0.0011968144681304693, "Wearing_Hat": 0.00010071294673252851, "Wearing_Lipstick": 0.0010466828243806958, "Wearing_Necklace": 0.0004759128496516496, "Wearing_Necktie": 0.3137791156768799, "Young": 0.06770777702331543, "df_race": "white", "df_race_prob": 63.376444578170776, "df_gender": "Man", "df_gender_prob": 99.98241066932678, "df_age": 45, "df_emotion": "neutral", "df_emotion_prob": 49.826452136039734}