{"name": "Tony_Blair_0083.jpg", "5_o_Clock_Shadow": 0.054566364735364914, "Arched_Eyebrows": 0.0016002480406314135, "Attractive": 0.00731691624969244, "Bags_Under_Eyes": 0.4451047480106354, "Bald": 0.010765735991299152, "Bangs": 0.000193108367966488, "Big_Lips": 0.0033274702727794647, "Big_Nose": 0.19976121187210083, "Black_Hair": 0.0018627234967425466, "Blond_Hair": 0.012989329174160957, "Blurry": 0.08051717281341553, "Brown_Hair": 0.00126069993712008, "Bushy_Eyebrows": 0.0012361046392470598, "Chubby": 0.021969597786664963, "Double_Chin": 0.02310115657746792, "Eyeglasses": 0.00192277564201504, "Goatee": 0.009925044141709805, "Gray_Hair": 0.7687849998474121, "Heavy_Makeup": 5.322322613210417e-05, "High_Cheekbones": 0.025252629071474075, "Male": 0.9997451901435852, "Mouth_Slightly_Open": 0.009144620038568974, "Mustache": 0.05535682663321495, "Narrow_Eyes": 0.016597334295511246, "No_Beard": 0.6310670971870422, "Oval_Face": 0.09079355001449585, "Pale_Skin": 0.026552045717835426, "Pointy_Nose": 0.03238941729068756, "Receding_Hairline": 0.4950246214866638, "Rosy_Cheeks": 4.0728275052970275e-05, "Sideburns": 0.006882300600409508, "Smiling": 0.002905498258769512, "Straight_Hair": 0.11685173213481903, "Wavy_Hair": 0.0074018933810293674, "Wearing_Earrings": 0.00015326295397244394, "Wearing_Hat": 0.00012560587492771447, "Wearing_Lipstick": 3.752098200493492e-05, "Wearing_Necklace": 9.005657921079546e-05, "Wearing_Necktie": 0.7173153162002563, "Young": 0.035722699016332626, "df_race": "white", "df_race_prob": 87.77554631233215, "df_gender": "Man", "df_gender_prob": 99.99878406524658, "df_age": 42, "df_emotion": "sad", "df_emotion_prob": 78.61177921295166}