{"name": "Tony_Blair_0082.jpg", "5_o_Clock_Shadow": 0.011147556826472282, "Arched_Eyebrows": 0.0036429082974791527, "Attractive": 0.026933757588267326, "Bags_Under_Eyes": 0.5163131356239319, "Bald": 0.0059365094639360905, "Bangs": 0.00032491967431269586, "Big_Lips": 0.005732888355851173, "Big_Nose": 0.06779734045267105, "Black_Hair": 0.0004100585647393018, "Blond_Hair": 0.06499037146568298, "Blurry": 0.031696539372205734, "Brown_Hair": 0.003564757527783513, "Bushy_Eyebrows": 0.0012099111918359995, "Chubby": 0.006459733471274376, "Double_Chin": 0.022081691771745682, "Eyeglasses": 0.0007741115405224264, "Goatee": 0.0002779787464533001, "Gray_Hair": 0.6842525601387024, "Heavy_Makeup": 0.0001497765479143709, "High_Cheekbones": 0.27352121472358704, "Male": 0.999168872833252, "Mouth_Slightly_Open": 0.555802583694458, "Mustache": 0.0006458942079916596, "Narrow_Eyes": 0.029610829427838326, "No_Beard": 0.9960236549377441, "Oval_Face": 0.23813137412071228, "Pale_Skin": 0.016248982399702072, "Pointy_Nose": 0.04084758460521698, "Receding_Hairline": 0.2367197871208191, "Rosy_Cheeks": 8.373276796191931e-05, "Sideburns": 0.0005086291930638254, "Smiling": 0.24692757427692413, "Straight_Hair": 0.19770745933055878, "Wavy_Hair": 0.0076810806058347225, "Wearing_Earrings": 0.00044171817717142403, "Wearing_Hat": 9.018617129186168e-05, "Wearing_Lipstick": 0.00011403056851122528, "Wearing_Necklace": 0.00020360200142022222, "Wearing_Necktie": 0.6196101307868958, "Young": 0.04180241376161575, "df_race": "white", "df_race_prob": 41.3055419921875, "df_gender": "Man", "df_gender_prob": 99.99932050704956, "df_age": 43, "df_emotion": "happy", "df_emotion_prob": 80.40656447410583}