{"name": "Tony_Blair_0079.jpg", "5_o_Clock_Shadow": 0.02024485170841217, "Arched_Eyebrows": 0.001347930170595646, "Attractive": 0.013663741759955883, "Bags_Under_Eyes": 0.3949318826198578, "Bald": 0.005500064231455326, "Bangs": 0.00029041519155725837, "Big_Lips": 0.007835340686142445, "Big_Nose": 0.06041349470615387, "Black_Hair": 0.0011223182082176208, "Blond_Hair": 0.013661004602909088, "Blurry": 0.15295341610908508, "Brown_Hair": 0.006374796386808157, "Bushy_Eyebrows": 0.0019136189948767424, "Chubby": 0.010243644937872887, "Double_Chin": 0.01737476885318756, "Eyeglasses": 0.0012500243028625846, "Goatee": 0.0011043051490560174, "Gray_Hair": 0.5470178723335266, "Heavy_Makeup": 0.00011530847405083477, "High_Cheekbones": 0.03696820139884949, "Male": 0.9994229078292847, "Mouth_Slightly_Open": 0.0200839564204216, "Mustache": 0.0024515336845070124, "Narrow_Eyes": 0.0674125924706459, "No_Beard": 0.9762846827507019, "Oval_Face": 0.13273170590400696, "Pale_Skin": 0.017225954681634903, "Pointy_Nose": 0.060040183365345, "Receding_Hairline": 0.30390894412994385, "Rosy_Cheeks": 6.377590034389868e-05, "Sideburns": 0.0022641518153250217, "Smiling": 0.009873677045106888, "Straight_Hair": 0.16134607791900635, "Wavy_Hair": 0.007199184037744999, "Wearing_Earrings": 0.00019305443856865168, "Wearing_Hat": 0.00010111962183145806, "Wearing_Lipstick": 9.827459143707529e-05, "Wearing_Necklace": 0.00013773432874586433, "Wearing_Necktie": 0.727714478969574, "Young": 0.04528157040476799, "df_race": "white", "df_race_prob": 39.74347053429309, "df_gender": "Man", "df_gender_prob": 99.99847412109375, "df_age": 36, "df_emotion": "sad", "df_emotion_prob": 63.739661724607735}