{"name": "Tony_Blair_0106.jpg", "5_o_Clock_Shadow": 0.015466616488993168, "Arched_Eyebrows": 0.004751333501189947, "Attractive": 0.07379207760095596, "Bags_Under_Eyes": 0.03763112053275108, "Bald": 0.005015897564589977, "Bangs": 0.000426693819463253, "Big_Lips": 0.008956055156886578, "Big_Nose": 0.023224731907248497, "Black_Hair": 0.001143825938925147, "Blond_Hair": 0.1542636901140213, "Blurry": 0.058744195848703384, "Brown_Hair": 0.005954858846962452, "Bushy_Eyebrows": 0.00011104848817922175, "Chubby": 0.0033736578188836575, "Double_Chin": 0.003974581602960825, "Eyeglasses": 0.0017695532878860831, "Goatee": 0.00032821574131958187, "Gray_Hair": 0.2150842845439911, "Heavy_Makeup": 0.0003963276685681194, "High_Cheekbones": 0.041608184576034546, "Male": 0.9991114735603333, "Mouth_Slightly_Open": 0.09869012981653214, "Mustache": 0.0005806570989079773, "Narrow_Eyes": 0.011318981647491455, "No_Beard": 0.9932295083999634, "Oval_Face": 0.1647823303937912, "Pale_Skin": 0.0880032405257225, "Pointy_Nose": 0.26002827286720276, "Receding_Hairline": 0.13004547357559204, "Rosy_Cheeks": 0.00019050085393246263, "Sideburns": 0.0003416998661123216, "Smiling": 0.04301997274160385, "Straight_Hair": 0.3179022967815399, "Wavy_Hair": 0.007425468880683184, "Wearing_Earrings": 0.0006483636680059135, "Wearing_Hat": 7.218822429422289e-05, "Wearing_Lipstick": 0.0006730211316607893, "Wearing_Necklace": 0.000347619759850204, "Wearing_Necktie": 0.5996755361557007, "Young": 0.11327774077653885, "df_race": "white", "df_race_prob": 94.60141062736511, "df_gender": "Man", "df_gender_prob": 99.98161196708679, "df_age": 40, "df_emotion": "neutral", "df_emotion_prob": 93.06908208543551}