{"name": "Tony_Blair_0019.jpg", "5_o_Clock_Shadow": 0.011276314035058022, "Arched_Eyebrows": 0.005898098461329937, "Attractive": 0.016361188143491745, "Bags_Under_Eyes": 0.05947723984718323, "Bald": 0.002765206852927804, "Bangs": 7.936975453048944e-05, "Big_Lips": 0.008471937850117683, "Big_Nose": 0.044260360300540924, "Black_Hair": 0.002575674094259739, "Blond_Hair": 0.016421739012002945, "Blurry": 0.11729366332292557, "Brown_Hair": 0.011117907240986824, "Bushy_Eyebrows": 0.0002588485658634454, "Chubby": 0.005259796977043152, "Double_Chin": 0.01309223286807537, "Eyeglasses": 0.0020375882741063833, "Goatee": 0.0010514245368540287, "Gray_Hair": 0.23726771771907806, "Heavy_Makeup": 0.00013226918235886842, "High_Cheekbones": 0.026050295680761337, "Male": 0.9992098808288574, "Mouth_Slightly_Open": 0.16092176735401154, "Mustache": 0.001279763295315206, "Narrow_Eyes": 0.002658545970916748, "No_Beard": 0.9871540665626526, "Oval_Face": 0.18129588663578033, "Pale_Skin": 0.014185703359544277, "Pointy_Nose": 0.030994290485978127, "Receding_Hairline": 0.37283241748809814, "Rosy_Cheeks": 5.566950494539924e-05, "Sideburns": 0.0005633632536046207, "Smiling": 0.007433665916323662, "Straight_Hair": 0.311519593000412, "Wavy_Hair": 0.0020607723854482174, "Wearing_Earrings": 0.00018145129433833063, "Wearing_Hat": 0.0001349863305222243, "Wearing_Lipstick": 0.00019069222616963089, "Wearing_Necklace": 0.00014275641296990216, "Wearing_Necktie": 0.5103186368942261, "Young": 0.17398789525032043, "df_race": "white", "df_race_prob": 83.50626826286316, "df_gender": "Man", "df_gender_prob": 99.99723434448242, "df_age": 43, "df_emotion": "neutral", "df_emotion_prob": 56.20158314704895}