{"name": "Tony_Cummo_0001.jpg", "5_o_Clock_Shadow": 0.014212280511856079, "Arched_Eyebrows": 0.0008456711075268686, "Attractive": 0.016336113214492798, "Bags_Under_Eyes": 0.15151408314704895, "Bald": 0.0037810674402862787, "Bangs": 0.00028647310682572424, "Big_Lips": 0.005218174774199724, "Big_Nose": 0.47879984974861145, "Black_Hair": 0.0008362803491763771, "Blond_Hair": 0.015626007691025734, "Blurry": 0.0931527242064476, "Brown_Hair": 0.0035784642677754164, "Bushy_Eyebrows": 0.013762220740318298, "Chubby": 0.023137390613555908, "Double_Chin": 0.006837788037955761, "Eyeglasses": 0.0031271143816411495, "Goatee": 0.0039501432329416275, "Gray_Hair": 0.6505700945854187, "Heavy_Makeup": 0.000270097516477108, "High_Cheekbones": 0.024076096713542938, "Male": 0.9988331198692322, "Mouth_Slightly_Open": 0.0014275488210842013, "Mustache": 0.1930655688047409, "Narrow_Eyes": 0.003937516361474991, "No_Beard": 0.41880935430526733, "Oval_Face": 0.10036130249500275, "Pale_Skin": 0.02518724836409092, "Pointy_Nose": 0.02517116069793701, "Receding_Hairline": 0.3647712171077728, "Rosy_Cheeks": 0.0001529457076685503, "Sideburns": 0.0035177927929908037, "Smiling": 0.0019608335569500923, "Straight_Hair": 0.1100003719329834, "Wavy_Hair": 0.009209087118506432, "Wearing_Earrings": 0.000785989046562463, "Wearing_Hat": 0.00029023498063907027, "Wearing_Lipstick": 0.00041534961201250553, "Wearing_Necklace": 0.0018038934795185924, "Wearing_Necktie": 0.0033836960792541504, "Young": 0.05359797924757004, "df_race": "white", "df_race_prob": 56.08228372546628, "df_gender": "Man", "df_gender_prob": 99.98751878738403, "df_age": 29, "df_emotion": "sad", "df_emotion_prob": 74.58968607125796}