{"name": "Tony_Blair_0027.jpg", "5_o_Clock_Shadow": 0.02484971284866333, "Arched_Eyebrows": 0.002616336802020669, "Attractive": 0.09415767341852188, "Bags_Under_Eyes": 0.47997602820396423, "Bald": 0.0035618033725768328, "Bangs": 0.00026981308474205434, "Big_Lips": 0.007204451598227024, "Big_Nose": 0.08333829790353775, "Black_Hair": 0.0013346938649192452, "Blond_Hair": 0.05449476093053818, "Blurry": 0.15643788874149323, "Brown_Hair": 0.016408920288085938, "Bushy_Eyebrows": 0.0010744433384388685, "Chubby": 0.01052539050579071, "Double_Chin": 0.03386335074901581, "Eyeglasses": 0.0006044380133971572, "Goatee": 0.0005935943918302655, "Gray_Hair": 0.1802743822336197, "Heavy_Makeup": 0.0001902387448353693, "High_Cheekbones": 0.8679236769676208, "Male": 0.9989713430404663, "Mouth_Slightly_Open": 0.9557846188545227, "Mustache": 0.0007949750288389623, "Narrow_Eyes": 0.2028225213289261, "No_Beard": 0.9918742775917053, "Oval_Face": 0.4178960919380188, "Pale_Skin": 0.02880147285759449, "Pointy_Nose": 0.0233337190002203, "Receding_Hairline": 0.12831003963947296, "Rosy_Cheeks": 9.075574052985758e-05, "Sideburns": 0.0005653484258800745, "Smiling": 0.9889766573905945, "Straight_Hair": 0.34065842628479004, "Wavy_Hair": 0.006865208502858877, "Wearing_Earrings": 0.00038537522777915, "Wearing_Hat": 6.653214950347319e-05, "Wearing_Lipstick": 9.804993896977976e-05, "Wearing_Necklace": 0.0001776948047336191, "Wearing_Necktie": 0.39525410532951355, "Young": 0.13393943011760712, "df_race": "white", "df_race_prob": 99.95430707931519, "df_gender": "Man", "df_gender_prob": 99.98862743377686, "df_age": 37, "df_emotion": "happy", "df_emotion_prob": 99.96852278521793}