{"name": "Tony_Blair_0127.jpg", "5_o_Clock_Shadow": 0.014737894758582115, "Arched_Eyebrows": 0.0020694632548838854, "Attractive": 0.02397005446255207, "Bags_Under_Eyes": 0.23394547402858734, "Bald": 0.0060567897744476795, "Bangs": 0.0004245374002493918, "Big_Lips": 0.014572174288332462, "Big_Nose": 0.08840148895978928, "Black_Hair": 0.0008872895268723369, "Blond_Hair": 0.01839650608599186, "Blurry": 0.023924173787236214, "Brown_Hair": 0.002029185416176915, "Bushy_Eyebrows": 0.0001804788043955341, "Chubby": 0.007352739106863737, "Double_Chin": 0.01872515119612217, "Eyeglasses": 0.0008735266164876521, "Goatee": 0.0002722168865147978, "Gray_Hair": 0.7391218543052673, "Heavy_Makeup": 0.000155602945596911, "High_Cheekbones": 0.2299237996339798, "Male": 0.9992238283157349, "Mouth_Slightly_Open": 0.03262591361999512, "Mustache": 0.0005555413663387299, "Narrow_Eyes": 0.03222806006669998, "No_Beard": 0.9958876967430115, "Oval_Face": 0.06201154366135597, "Pale_Skin": 0.12168492376804352, "Pointy_Nose": 0.17691832780838013, "Receding_Hairline": 0.284938246011734, "Rosy_Cheeks": 0.00025977546465583146, "Sideburns": 0.0003592660650610924, "Smiling": 0.19152718782424927, "Straight_Hair": 0.14152780175209045, "Wavy_Hair": 0.009637415409088135, "Wearing_Earrings": 0.0008654014673084021, "Wearing_Hat": 0.00011267342779319733, "Wearing_Lipstick": 0.00032126589212566614, "Wearing_Necklace": 0.00038973274058662355, "Wearing_Necktie": 0.5295482277870178, "Young": 0.027567055076360703, "df_race": "white", "df_race_prob": 45.16276659521658, "df_gender": "Man", "df_gender_prob": 99.50852990150452, "df_age": 47, "df_emotion": "neutral", "df_emotion_prob": 94.44738626480103}