{"name": "Tony_Blair_0089.jpg", "5_o_Clock_Shadow": 0.04261225834488869, "Arched_Eyebrows": 0.07782004773616791, "Attractive": 0.08738470077514648, "Bags_Under_Eyes": 0.10544200986623764, "Bald": 0.011056351475417614, "Bangs": 0.0003515284333843738, "Big_Lips": 0.01627478003501892, "Big_Nose": 0.06150909140706062, "Black_Hair": 0.001167879905551672, "Blond_Hair": 0.03114030323922634, "Blurry": 0.043995458632707596, "Brown_Hair": 0.00359765300527215, "Bushy_Eyebrows": 0.0005646243807859719, "Chubby": 0.0035102171823382378, "Double_Chin": 0.015363075770437717, "Eyeglasses": 0.0018204472726210952, "Goatee": 0.000409070955356583, "Gray_Hair": 0.49119842052459717, "Heavy_Makeup": 0.000258835731074214, "High_Cheekbones": 0.04851486161351204, "Male": 0.9996298551559448, "Mouth_Slightly_Open": 0.009551425464451313, "Mustache": 0.0008947759051807225, "Narrow_Eyes": 0.003062553470954299, "No_Beard": 0.9830368161201477, "Oval_Face": 0.26448288559913635, "Pale_Skin": 0.030542468652129173, "Pointy_Nose": 0.22545960545539856, "Receding_Hairline": 0.5151686668395996, "Rosy_Cheeks": 0.0002094275114359334, "Sideburns": 0.000626257446128875, "Smiling": 0.05211930349469185, "Straight_Hair": 0.13357973098754883, "Wavy_Hair": 0.006776188965886831, "Wearing_Earrings": 0.0002922547864727676, "Wearing_Hat": 8.370729483431205e-05, "Wearing_Lipstick": 0.0005500561092048883, "Wearing_Necklace": 0.00022970921418163925, "Wearing_Necktie": 0.7888466715812683, "Young": 0.10902390629053116, "df_race": "white", "df_race_prob": 99.99256134033203, "df_gender": "Man", "df_gender_prob": 99.96981620788574, "df_age": 32, "df_emotion": "happy", "df_emotion_prob": 68.71066689491272}