{"name": "Tony_Blair_0055.jpg", "5_o_Clock_Shadow": 0.018543651327490807, "Arched_Eyebrows": 0.0018075952539220452, "Attractive": 0.02632988803088665, "Bags_Under_Eyes": 0.3049362301826477, "Bald": 0.0044248937629163265, "Bangs": 0.00018540985183790326, "Big_Lips": 0.006949334871023893, "Big_Nose": 0.038965169340372086, "Black_Hair": 0.001501015038229525, "Blond_Hair": 0.04134610295295715, "Blurry": 0.13365109264850616, "Brown_Hair": 0.018047727644443512, "Bushy_Eyebrows": 0.0015052109956741333, "Chubby": 0.009125998243689537, "Double_Chin": 0.040844835340976715, "Eyeglasses": 0.002373038325458765, "Goatee": 0.0008193982066586614, "Gray_Hair": 0.4508053660392761, "Heavy_Makeup": 0.00012522294127848, "High_Cheekbones": 0.2210899293422699, "Male": 0.9993728995323181, "Mouth_Slightly_Open": 0.9518331289291382, "Mustache": 0.0012539629824459553, "Narrow_Eyes": 0.0407073050737381, "No_Beard": 0.9874767661094666, "Oval_Face": 0.19668179750442505, "Pale_Skin": 0.014514059759676456, "Pointy_Nose": 0.04739991948008537, "Receding_Hairline": 0.23515921831130981, "Rosy_Cheeks": 9.740338282426819e-05, "Sideburns": 0.0009494043770246208, "Smiling": 0.19412629306316376, "Straight_Hair": 0.30453377962112427, "Wavy_Hair": 0.008199768140912056, "Wearing_Earrings": 0.0002232221740996465, "Wearing_Hat": 9.47189619182609e-05, "Wearing_Lipstick": 0.00010238768300041556, "Wearing_Necklace": 0.00019376404816284776, "Wearing_Necktie": 0.8139339089393616, "Young": 0.09111785143613815, "df_race": "white", "df_race_prob": 52.317190170288086, "df_gender": "Man", "df_gender_prob": 99.98290538787842, "df_age": 49, "df_emotion": "angry", "df_emotion_prob": 52.599036693573}