{"name": "Torri_Edwards_0001.jpg", "5_o_Clock_Shadow": 0.0006174566224217415, "Arched_Eyebrows": 0.02095962129533291, "Attractive": 0.08616448938846588, "Bags_Under_Eyes": 0.14795701205730438, "Bald": 0.0026017942000180483, "Bangs": 0.0005271665286272764, "Big_Lips": 0.059720899909734726, "Big_Nose": 0.12384990602731705, "Black_Hair": 0.023465946316719055, "Blond_Hair": 0.03370971605181694, "Blurry": 0.0629522055387497, "Brown_Hair": 0.014664522372186184, "Bushy_Eyebrows": 0.0016183549305424094, "Chubby": 0.008045503869652748, "Double_Chin": 0.0009679764043539762, "Eyeglasses": 0.00023261540627572685, "Goatee": 0.00035346639924682677, "Gray_Hair": 0.0033914444502443075, "Heavy_Makeup": 0.008927430957555771, "High_Cheekbones": 0.9574482440948486, "Male": 0.006208361126482487, "Mouth_Slightly_Open": 0.9942745566368103, "Mustache": 0.00016718835104256868, "Narrow_Eyes": 0.009309722110629082, "No_Beard": 0.9978051781654358, "Oval_Face": 0.5838309526443481, "Pale_Skin": 0.0036191206891089678, "Pointy_Nose": 0.0059933774173259735, "Receding_Hairline": 0.7161104083061218, "Rosy_Cheeks": 0.0001437844184692949, "Sideburns": 0.00020547381427604705, "Smiling": 0.9764564037322998, "Straight_Hair": 0.1295742392539978, "Wavy_Hair": 0.006123234052211046, "Wearing_Earrings": 0.047805801033973694, "Wearing_Hat": 0.0005216616555117071, "Wearing_Lipstick": 0.013538006693124771, "Wearing_Necklace": 0.008873045444488525, "Wearing_Necktie": 0.0002772067382466048, "Young": 0.9896866679191589, "df_race": "black", "df_race_prob": 100.0, "df_gender": "Man", "df_gender_prob": 96.35345339775085, "df_age": 29, "df_emotion": "happy", "df_emotion_prob": 98.97241604656982}