{"name": "Toshi_Izawa_0001.jpg", "5_o_Clock_Shadow": 0.021289214491844177, "Arched_Eyebrows": 0.0004204351280350238, "Attractive": 0.01706785336136818, "Bags_Under_Eyes": 0.06636564433574677, "Bald": 0.000805552233941853, "Bangs": 0.0006908897194080055, "Big_Lips": 0.024692712351679802, "Big_Nose": 0.05889883637428284, "Black_Hair": 0.002722144825384021, "Blond_Hair": 0.0027175182476639748, "Blurry": 0.03937126696109772, "Brown_Hair": 0.002533434657379985, "Bushy_Eyebrows": 0.012342416681349277, "Chubby": 0.0505528599023819, "Double_Chin": 0.016436085104942322, "Eyeglasses": 0.0009335076319985092, "Goatee": 0.00034278424573130906, "Gray_Hair": 0.0012742134276777506, "Heavy_Makeup": 0.00038681976730003953, "High_Cheekbones": 0.4036480188369751, "Male": 0.9885174036026001, "Mouth_Slightly_Open": 0.645048201084137, "Mustache": 0.0006933430559001863, "Narrow_Eyes": 0.020797811448574066, "No_Beard": 0.9930798411369324, "Oval_Face": 0.4705200791358948, "Pale_Skin": 0.0022296588867902756, "Pointy_Nose": 0.006826640572398901, "Receding_Hairline": 0.0004620095423888415, "Rosy_Cheeks": 0.0002034789795288816, "Sideburns": 0.0004048227274324745, "Smiling": 0.22195428609848022, "Straight_Hair": 0.006135948467999697, "Wavy_Hair": 0.0023506751749664545, "Wearing_Earrings": 0.0038532011676579714, "Wearing_Hat": 0.9926996827125549, "Wearing_Lipstick": 0.0008924774010665715, "Wearing_Necklace": 0.0010033646831288934, "Wearing_Necktie": 0.0015624015359207988, "Young": 0.8263631463050842, "df_race": "black", "df_race_prob": 51.44591927528381, "df_gender": "Man", "df_gender_prob": 99.71005320549011, "df_age": 32, "df_emotion": "neutral", "df_emotion_prob": 99.95232821079156}