{"name": "Toshimitsu_Motegi_0001.jpg", "5_o_Clock_Shadow": 0.004969030153006315, "Arched_Eyebrows": 0.005249537527561188, "Attractive": 0.02179652824997902, "Bags_Under_Eyes": 0.42422765493392944, "Bald": 0.0010502542136237025, "Bangs": 0.015600796788930893, "Big_Lips": 0.006843253038823605, "Big_Nose": 0.10429254174232483, "Black_Hair": 0.35694774985313416, "Blond_Hair": 0.0017581364372745156, "Blurry": 0.04860404133796692, "Brown_Hair": 0.005848946049809456, "Bushy_Eyebrows": 0.0013699111295863986, "Chubby": 0.07613527774810791, "Double_Chin": 0.034393955022096634, "Eyeglasses": 0.0031104334630072117, "Goatee": 0.0007642454002052546, "Gray_Hair": 0.021432744339108467, "Heavy_Makeup": 0.00020803220104426146, "High_Cheekbones": 0.9378548264503479, "Male": 0.996071457862854, "Mouth_Slightly_Open": 0.9973522424697876, "Mustache": 0.000769237638451159, "Narrow_Eyes": 0.8657753467559814, "No_Beard": 0.9971174001693726, "Oval_Face": 0.15745173394680023, "Pale_Skin": 0.004884976893663406, "Pointy_Nose": 0.007813770323991776, "Receding_Hairline": 0.001949275960214436, "Rosy_Cheeks": 0.000616830715443939, "Sideburns": 0.0003926886711269617, "Smiling": 0.9945694804191589, "Straight_Hair": 0.8471590876579285, "Wavy_Hair": 0.0030038717668503523, "Wearing_Earrings": 0.0006045970367267728, "Wearing_Hat": 0.0005611695232801139, "Wearing_Lipstick": 0.00040333904325962067, "Wearing_Necklace": 0.0007408267701976001, "Wearing_Necktie": 0.2384830266237259, "Young": 0.053578175604343414, "df_race": "asian", "df_race_prob": 99.96857643127441, "df_gender": "Man", "df_gender_prob": 99.90214109420776, "df_age": 48, "df_emotion": "happy", "df_emotion_prob": 99.37310218811035}