{"name": "Tubby_Smith_0003.jpg", "5_o_Clock_Shadow": 0.005350800696760416, "Arched_Eyebrows": 0.01003197580575943, "Attractive": 0.0039316629990935326, "Bags_Under_Eyes": 0.5242490768432617, "Bald": 0.27312347292900085, "Bangs": 8.569366036681458e-05, "Big_Lips": 0.016957523301243782, "Big_Nose": 0.5656737685203552, "Black_Hair": 0.0037363714072853327, "Blond_Hair": 0.006526669021695852, "Blurry": 0.03997228667140007, "Brown_Hair": 0.0009779544780030847, "Bushy_Eyebrows": 0.0151525242254138, "Chubby": 0.3123893439769745, "Double_Chin": 0.45050445199012756, "Eyeglasses": 0.0016572671011090279, "Goatee": 0.000956443720497191, "Gray_Hair": 0.2411571741104126, "Heavy_Makeup": 0.00020380633941385895, "High_Cheekbones": 0.6367297768592834, "Male": 0.9991568326950073, "Mouth_Slightly_Open": 0.9979606866836548, "Mustache": 0.0013098744675517082, "Narrow_Eyes": 0.055113401263952255, "No_Beard": 0.9852457642555237, "Oval_Face": 0.6393131613731384, "Pale_Skin": 0.009899359196424484, "Pointy_Nose": 0.007909386418759823, "Receding_Hairline": 0.6544038653373718, "Rosy_Cheeks": 0.00010036330786533654, "Sideburns": 0.000773846055381, "Smiling": 0.9670048952102661, "Straight_Hair": 0.020277559757232666, "Wavy_Hair": 0.0007032533176243305, "Wearing_Earrings": 0.0008975142263807356, "Wearing_Hat": 0.0007063244702294469, "Wearing_Lipstick": 0.0006233903695829213, "Wearing_Necklace": 0.0002936728415079415, "Wearing_Necktie": 0.5038563013076782, "Young": 0.04592835530638695, "df_race": "black", "df_race_prob": 70.0190544128418, "df_gender": "Man", "df_gender_prob": 99.96448755264282, "df_age": 36, "df_emotion": "happy", "df_emotion_prob": 99.97029900904906}