{"name": "Tubby_Smith_0002.jpg", "5_o_Clock_Shadow": 0.0033395562786608934, "Arched_Eyebrows": 0.002609067829325795, "Attractive": 0.0006114338175393641, "Bags_Under_Eyes": 0.4260059595108032, "Bald": 0.025289341807365417, "Bangs": 0.00029981578700244427, "Big_Lips": 0.057496532797813416, "Big_Nose": 0.8069292902946472, "Black_Hair": 0.004087376873940229, "Blond_Hair": 0.006006091833114624, "Blurry": 0.04779840633273125, "Brown_Hair": 0.0009822825668379664, "Bushy_Eyebrows": 0.005623362958431244, "Chubby": 0.5516452789306641, "Double_Chin": 0.13880309462547302, "Eyeglasses": 0.002346724271774292, "Goatee": 0.00039686038508079946, "Gray_Hair": 0.4909264147281647, "Heavy_Makeup": 0.00013117656635586172, "High_Cheekbones": 0.12685008347034454, "Male": 0.9990149736404419, "Mouth_Slightly_Open": 0.9337878823280334, "Mustache": 0.0017955601215362549, "Narrow_Eyes": 0.013143438845872879, "No_Beard": 0.9893038272857666, "Oval_Face": 0.3739415407180786, "Pale_Skin": 0.00894204806536436, "Pointy_Nose": 0.001506456290371716, "Receding_Hairline": 0.725178062915802, "Rosy_Cheeks": 7.470554555766284e-05, "Sideburns": 0.0006989850662648678, "Smiling": 0.005674412939697504, "Straight_Hair": 0.0314980112016201, "Wavy_Hair": 0.0030932084191590548, "Wearing_Earrings": 0.0018183854408562183, "Wearing_Hat": 0.00024815366487018764, "Wearing_Lipstick": 0.0002588562201708555, "Wearing_Necklace": 0.0006480204756371677, "Wearing_Necktie": 0.6064438819885254, "Young": 0.028724946081638336, "df_race": "black", "df_race_prob": 38.932716846466064, "df_gender": "Man", "df_gender_prob": 99.9900221824646, "df_age": 34, "df_emotion": "angry", "df_emotion_prob": 99.31649565696716}