{"name": "Vaclav_Havel_0007.jpg", "5_o_Clock_Shadow": 0.034096602350473404, "Arched_Eyebrows": 0.0005643324693664908, "Attractive": 0.021638281643390656, "Bags_Under_Eyes": 0.26045849919319153, "Bald": 0.005064039956778288, "Bangs": 0.0012603698996827006, "Big_Lips": 0.009123536758124828, "Big_Nose": 0.09375862032175064, "Black_Hair": 0.001153041492216289, "Blond_Hair": 0.17516182363033295, "Blurry": 0.17523491382598877, "Brown_Hair": 0.005544508807361126, "Bushy_Eyebrows": 0.0006237381021492183, "Chubby": 0.10382209718227386, "Double_Chin": 0.1378590613603592, "Eyeglasses": 0.002292281948029995, "Goatee": 0.0016905295196920633, "Gray_Hair": 0.40041467547416687, "Heavy_Makeup": 0.00021079459111206234, "High_Cheekbones": 0.7420046329498291, "Male": 0.9986636638641357, "Mouth_Slightly_Open": 0.9788169264793396, "Mustache": 0.0036347208078950644, "Narrow_Eyes": 0.4373610317707062, "No_Beard": 0.9633522033691406, "Oval_Face": 0.2748120129108429, "Pale_Skin": 0.09026981890201569, "Pointy_Nose": 0.016908539459109306, "Receding_Hairline": 0.03031165711581707, "Rosy_Cheeks": 0.0001487449771957472, "Sideburns": 0.0020281977485865355, "Smiling": 0.992321789264679, "Straight_Hair": 0.6667138338088989, "Wavy_Hair": 0.0037740094121545553, "Wearing_Earrings": 0.0007195775397121906, "Wearing_Hat": 0.000132020577439107, "Wearing_Lipstick": 0.00010855881555471569, "Wearing_Necklace": 0.00018947210628539324, "Wearing_Necktie": 0.47737324237823486, "Young": 0.022508451715111732, "df_race": "white", "df_race_prob": 68.1453287601471, "df_gender": "Man", "df_gender_prob": 99.9957799911499, "df_age": 52, "df_emotion": "happy", "df_emotion_prob": 97.62998223304749}