{"name": "Valerie_Harper_0001.jpg", "5_o_Clock_Shadow": 0.0005417366046458483, "Arched_Eyebrows": 0.3545244634151459, "Attractive": 0.20050160586833954, "Bags_Under_Eyes": 0.07653312385082245, "Bald": 0.0005426596035249531, "Bangs": 0.00044546209392137825, "Big_Lips": 0.09320651739835739, "Big_Nose": 0.07872060686349869, "Black_Hair": 0.0010377789149060845, "Blond_Hair": 0.07865933328866959, "Blurry": 0.12730196118354797, "Brown_Hair": 0.21932457387447357, "Bushy_Eyebrows": 9.441551810596138e-05, "Chubby": 0.0027206421364098787, "Double_Chin": 0.005853200331330299, "Eyeglasses": 0.00019961243378929794, "Goatee": 0.00012815107766073197, "Gray_Hair": 0.003904725192114711, "Heavy_Makeup": 0.04130561649799347, "High_Cheekbones": 0.9336696267127991, "Male": 0.0023996077943593264, "Mouth_Slightly_Open": 0.9736228585243225, "Mustache": 0.00012495611736085266, "Narrow_Eyes": 0.012664120644330978, "No_Beard": 0.998842179775238, "Oval_Face": 0.24124467372894287, "Pale_Skin": 0.06038825586438179, "Pointy_Nose": 0.13383863866329193, "Receding_Hairline": 0.13999642431735992, "Rosy_Cheeks": 0.0004452640423551202, "Sideburns": 8.542434079572558e-05, "Smiling": 0.9958362579345703, "Straight_Hair": 0.16664162278175354, "Wavy_Hair": 0.07266849279403687, "Wearing_Earrings": 0.5715889930725098, "Wearing_Hat": 0.00018508679931983352, "Wearing_Lipstick": 0.5167930722236633, "Wearing_Necklace": 0.06592249870300293, "Wearing_Necktie": 0.00038908369606360793, "Young": 0.14902888238430023, "df_race": "white", "df_race_prob": 49.3274062871933, "df_gender": "Woman", "df_gender_prob": 99.90416169166565, "df_age": 36, "df_emotion": "happy", "df_emotion_prob": 99.18520445735481}