{"name": "Valery_Giscard_dEstaing_0004.jpg", "5_o_Clock_Shadow": 0.0015995801659300923, "Arched_Eyebrows": 0.0015950949164107442, "Attractive": 0.006137222051620483, "Bags_Under_Eyes": 0.56960529088974, "Bald": 0.6612860560417175, "Bangs": 0.0022168506402522326, "Big_Lips": 0.006111058406531811, "Big_Nose": 0.034870509058237076, "Black_Hair": 0.000902046449482441, "Blond_Hair": 0.0037355301901698112, "Blurry": 0.025444453582167625, "Brown_Hair": 0.001020927680656314, "Bushy_Eyebrows": 0.00018998459563590586, "Chubby": 0.0947011411190033, "Double_Chin": 0.15428954362869263, "Eyeglasses": 0.003737175604328513, "Goatee": 0.0008998021367006004, "Gray_Hair": 0.7764586806297302, "Heavy_Makeup": 0.00017386330000590533, "High_Cheekbones": 0.17462319135665894, "Male": 0.9969859719276428, "Mouth_Slightly_Open": 0.8895958065986633, "Mustache": 0.000531888275872916, "Narrow_Eyes": 0.11163531243801117, "No_Beard": 0.9965015649795532, "Oval_Face": 0.21233206987380981, "Pale_Skin": 0.023420346900820732, "Pointy_Nose": 0.2587451934814453, "Receding_Hairline": 0.06353854387998581, "Rosy_Cheeks": 0.00030964778852649033, "Sideburns": 0.0009689753060229123, "Smiling": 0.7371931076049805, "Straight_Hair": 0.011846001259982586, "Wavy_Hair": 0.004321999382227659, "Wearing_Earrings": 0.0018052051309496164, "Wearing_Hat": 0.0012385424925014377, "Wearing_Lipstick": 0.00028278445824980736, "Wearing_Necklace": 0.0007885089726187289, "Wearing_Necktie": 0.24974556267261505, "Young": 0.007820242084562778, "df_race": "white", "df_race_prob": 88.25211524963379, "df_gender": "Man", "df_gender_prob": 99.755197763443, "df_age": 45, "df_emotion": "happy", "df_emotion_prob": 98.983895778656}