{"name": "Vanessa_Redgrave_0003.jpg", "5_o_Clock_Shadow": 0.0014691666001453996, "Arched_Eyebrows": 0.0732189193367958, "Attractive": 0.06471871584653854, "Bags_Under_Eyes": 0.4057673513889313, "Bald": 0.007802858017385006, "Bangs": 0.0021345680579543114, "Big_Lips": 0.018002357333898544, "Big_Nose": 0.03356480970978737, "Black_Hair": 0.0025657559745013714, "Blond_Hair": 0.02889128029346466, "Blurry": 0.22446590662002563, "Brown_Hair": 0.0018158865859732032, "Bushy_Eyebrows": 0.00022752380755264312, "Chubby": 0.012033024802803993, "Double_Chin": 0.011318469420075417, "Eyeglasses": 0.0005465561407618225, "Goatee": 0.0004920095088891685, "Gray_Hair": 0.8586902022361755, "Heavy_Makeup": 0.0030007760506123304, "High_Cheekbones": 0.7491093873977661, "Male": 0.0659126341342926, "Mouth_Slightly_Open": 0.02847866714000702, "Mustache": 0.00042505067540332675, "Narrow_Eyes": 0.02568710222840309, "No_Beard": 0.995516836643219, "Oval_Face": 0.12297308444976807, "Pale_Skin": 0.12249977141618729, "Pointy_Nose": 0.12096406519412994, "Receding_Hairline": 0.1745915561914444, "Rosy_Cheeks": 0.0005582098383456469, "Sideburns": 0.001245620776899159, "Smiling": 0.5680928826332092, "Straight_Hair": 0.2775995135307312, "Wavy_Hair": 0.008471112698316574, "Wearing_Earrings": 0.13085751235485077, "Wearing_Hat": 0.0005082427524030209, "Wearing_Lipstick": 0.012028049677610397, "Wearing_Necklace": 0.38760337233543396, "Wearing_Necktie": 0.0010805771453306079, "Young": 0.01568431407213211, "df_race": "white", "df_race_prob": 68.76556649618549, "df_gender": "Woman", "df_gender_prob": 85.95418930053711, "df_age": 33, "df_emotion": "happy", "df_emotion_prob": 99.5440780844735}