{"name": "Venus_Williams_0012.jpg", "5_o_Clock_Shadow": 0.0016204725252464414, "Arched_Eyebrows": 0.04406467825174332, "Attractive": 0.009903845377266407, "Bags_Under_Eyes": 0.070122130215168, "Bald": 0.0013146488927304745, "Bangs": 0.0006681675440631807, "Big_Lips": 0.19844479858875275, "Big_Nose": 0.2842376232147217, "Black_Hair": 0.02301769144833088, "Blond_Hair": 0.07370447367429733, "Blurry": 0.15051661431789398, "Brown_Hair": 0.022317247465252876, "Bushy_Eyebrows": 0.0006694270414300263, "Chubby": 0.04498986527323723, "Double_Chin": 0.009153100661933422, "Eyeglasses": 0.0011081673437729478, "Goatee": 0.0006054062978364527, "Gray_Hair": 0.0037600442301481962, "Heavy_Makeup": 0.0033934516832232475, "High_Cheekbones": 0.9131069183349609, "Male": 0.01984371244907379, "Mouth_Slightly_Open": 0.9989035129547119, "Mustache": 0.00032975542126223445, "Narrow_Eyes": 0.5748863816261292, "No_Beard": 0.9908756017684937, "Oval_Face": 0.435495525598526, "Pale_Skin": 0.0020552000496536493, "Pointy_Nose": 0.0017784821102395654, "Receding_Hairline": 0.41998544335365295, "Rosy_Cheeks": 0.00019175118359271437, "Sideburns": 0.00045265446533448994, "Smiling": 0.7572406530380249, "Straight_Hair": 0.12687180936336517, "Wavy_Hair": 0.007276501506567001, "Wearing_Earrings": 0.23886515200138092, "Wearing_Hat": 0.0015817990060895681, "Wearing_Lipstick": 0.005502668209373951, "Wearing_Necklace": 0.01984231546521187, "Wearing_Necktie": 0.0006440998404286802, "Young": 0.9471471905708313, "df_race": "black", "df_race_prob": 99.99526739120483, "df_gender": "Man", "df_gender_prob": 98.44691157341003, "df_age": 27, "df_emotion": "happy", "df_emotion_prob": 99.78741407394409}