{"name": "Venus_Williams_0008.jpg", "5_o_Clock_Shadow": 0.0024615651927888393, "Arched_Eyebrows": 0.008536901324987411, "Attractive": 0.008574067614972591, "Bags_Under_Eyes": 0.09885133057832718, "Bald": 0.0017900988459587097, "Bangs": 0.0019793729297816753, "Big_Lips": 0.1826481968164444, "Big_Nose": 0.4001868665218353, "Black_Hair": 0.010677576065063477, "Blond_Hair": 0.04164253920316696, "Blurry": 0.21480971574783325, "Brown_Hair": 0.03673692047595978, "Bushy_Eyebrows": 0.002185946563258767, "Chubby": 0.04767921194434166, "Double_Chin": 0.008042688481509686, "Eyeglasses": 0.002596504520624876, "Goatee": 0.0016577778151258826, "Gray_Hair": 0.0029338316526263952, "Heavy_Makeup": 0.002785141346976161, "High_Cheekbones": 0.764432430267334, "Male": 0.008737248368561268, "Mouth_Slightly_Open": 0.14154678583145142, "Mustache": 0.0014141619903966784, "Narrow_Eyes": 0.1879705935716629, "No_Beard": 0.9830384254455566, "Oval_Face": 0.22948531806468964, "Pale_Skin": 0.0013469189871102571, "Pointy_Nose": 0.0015915334224700928, "Receding_Hairline": 0.33251264691352844, "Rosy_Cheeks": 0.00028450845275074244, "Sideburns": 0.0017900357488542795, "Smiling": 0.018394891172647476, "Straight_Hair": 0.04480533301830292, "Wavy_Hair": 0.013879373669624329, "Wearing_Earrings": 0.5770844221115112, "Wearing_Hat": 0.007710429839789867, "Wearing_Lipstick": 0.004352194257080555, "Wearing_Necklace": 0.28379759192466736, "Wearing_Necktie": 0.0004936012555845082, "Young": 0.9301481246948242, "df_race": "black", "df_race_prob": 100.0, "df_gender": "Man", "df_gender_prob": 94.7300374507904, "df_age": 33, "df_emotion": "sad", "df_emotion_prob": 85.90540885925293}