{"name": "Vicente_Fox_0008.jpg", "5_o_Clock_Shadow": 0.006491959560662508, "Arched_Eyebrows": 0.0006478284485638142, "Attractive": 0.018964538350701332, "Bags_Under_Eyes": 0.1384841799736023, "Bald": 0.03284164145588875, "Bangs": 0.002597812796011567, "Big_Lips": 0.011510106734931469, "Big_Nose": 0.2329205572605133, "Black_Hair": 0.02476324327290058, "Blond_Hair": 0.011806408874690533, "Blurry": 0.5702321529388428, "Brown_Hair": 0.01169617846608162, "Bushy_Eyebrows": 0.07472619414329529, "Chubby": 0.22066694498062134, "Double_Chin": 0.20440863072872162, "Eyeglasses": 0.013177982531487942, "Goatee": 0.011145654134452343, "Gray_Hair": 0.2994373142719269, "Heavy_Makeup": 0.0006115716532804072, "High_Cheekbones": 0.2477482706308365, "Male": 0.9992140531539917, "Mouth_Slightly_Open": 0.7205405235290527, "Mustache": 0.9838734269142151, "Narrow_Eyes": 0.3583422601222992, "No_Beard": 0.03407331183552742, "Oval_Face": 0.2741939425468445, "Pale_Skin": 0.03617633134126663, "Pointy_Nose": 0.08872894942760468, "Receding_Hairline": 0.24652159214019775, "Rosy_Cheeks": 0.00288304197601974, "Sideburns": 0.010836354456841946, "Smiling": 0.8438442349433899, "Straight_Hair": 0.29516905546188354, "Wavy_Hair": 0.0071395630948245525, "Wearing_Earrings": 0.0007209648028947413, "Wearing_Hat": 0.001112758880481124, "Wearing_Lipstick": 0.0007496614125557244, "Wearing_Necklace": 0.0012211576104164124, "Wearing_Necktie": 0.7411266565322876, "Young": 0.021222257986664772, "df_race": "white", "df_race_prob": 80.1921832676043, "df_gender": "Man", "df_gender_prob": 99.99797344207764, "df_age": 57, "df_emotion": "happy", "df_emotion_prob": 96.49054408073425}