{"name": "Vicente_Fox_0022.jpg", "5_o_Clock_Shadow": 0.0034466867800801992, "Arched_Eyebrows": 0.0044882395304739475, "Attractive": 0.009515143930912018, "Bags_Under_Eyes": 0.1510819047689438, "Bald": 0.18367190659046173, "Bangs": 0.0004135125782340765, "Big_Lips": 0.017624182626605034, "Big_Nose": 0.12225639820098877, "Black_Hair": 0.0036721162032335997, "Blond_Hair": 0.009552042931318283, "Blurry": 0.1420711725950241, "Brown_Hair": 0.0029415020253509283, "Bushy_Eyebrows": 0.019779246300458908, "Chubby": 0.39639410376548767, "Double_Chin": 0.17783141136169434, "Eyeglasses": 0.002279117936268449, "Goatee": 0.004280522465705872, "Gray_Hair": 0.19754643738269806, "Heavy_Makeup": 0.00042182268225587904, "High_Cheekbones": 0.05010242387652397, "Male": 0.9960498213768005, "Mouth_Slightly_Open": 0.009322845377027988, "Mustache": 0.8369251489639282, "Narrow_Eyes": 0.5529442429542542, "No_Beard": 0.1534881293773651, "Oval_Face": 0.11935584992170334, "Pale_Skin": 0.03773176297545433, "Pointy_Nose": 0.06944381445646286, "Receding_Hairline": 0.3997526466846466, "Rosy_Cheeks": 0.0006138201570138335, "Sideburns": 0.004494930151849985, "Smiling": 0.10596203058958054, "Straight_Hair": 0.03337005525827408, "Wavy_Hair": 0.0019821140449494123, "Wearing_Earrings": 0.004346094559878111, "Wearing_Hat": 0.0027745862025767565, "Wearing_Lipstick": 0.0009502106695435941, "Wearing_Necklace": 0.0055467309430241585, "Wearing_Necktie": 0.03629857301712036, "Young": 0.06285176426172256, "df_race": "white", "df_race_prob": 45.28069794178009, "df_gender": "Man", "df_gender_prob": 99.99490976333618, "df_age": 43, "df_emotion": "sad", "df_emotion_prob": 59.8430609609521}