{"name": "Vicente_Fox_0021.jpg", "5_o_Clock_Shadow": 0.0028089736588299274, "Arched_Eyebrows": 0.0004982247482985258, "Attractive": 0.010892387479543686, "Bags_Under_Eyes": 0.08703076839447021, "Bald": 0.01721860095858574, "Bangs": 0.00020149964257143438, "Big_Lips": 0.007221880368888378, "Big_Nose": 0.5166763663291931, "Black_Hair": 0.007612505462020636, "Blond_Hair": 0.007083521224558353, "Blurry": 0.024169260635972023, "Brown_Hair": 0.0046350606717169285, "Bushy_Eyebrows": 0.06329795718193054, "Chubby": 0.16112783551216125, "Double_Chin": 0.12041328847408295, "Eyeglasses": 0.007765637245029211, "Goatee": 0.005858377553522587, "Gray_Hair": 0.6791214942932129, "Heavy_Makeup": 0.0002693676797207445, "High_Cheekbones": 0.02437293902039528, "Male": 0.9996071457862854, "Mouth_Slightly_Open": 0.024820517748594284, "Mustache": 0.8927391171455383, "Narrow_Eyes": 0.02821473218500614, "No_Beard": 0.1553357094526291, "Oval_Face": 0.1471380740404129, "Pale_Skin": 0.03248137980699539, "Pointy_Nose": 0.02347525954246521, "Receding_Hairline": 0.35504230856895447, "Rosy_Cheeks": 0.00045180675806477666, "Sideburns": 0.005440647713840008, "Smiling": 0.006182544864714146, "Straight_Hair": 0.3931044936180115, "Wavy_Hair": 0.0016441771294921637, "Wearing_Earrings": 0.00035399969783611596, "Wearing_Hat": 0.0005272579728625715, "Wearing_Lipstick": 0.0003349896869622171, "Wearing_Necklace": 0.00031001257593743503, "Wearing_Necktie": 0.8134783506393433, "Young": 0.0273122601211071, "df_race": "latino hispanic", "df_race_prob": 37.583619356155396, "df_gender": "Man", "df_gender_prob": 99.99746084213257, "df_age": 43, "df_emotion": "sad", "df_emotion_prob": 57.66507387161255}