{"name": "Vicente_Fox_0026.jpg", "5_o_Clock_Shadow": 0.015532750636339188, "Arched_Eyebrows": 0.00026549468748271465, "Attractive": 0.0037016000133007765, "Bags_Under_Eyes": 0.17639431357383728, "Bald": 0.0037665548734366894, "Bangs": 0.0006646524998359382, "Big_Lips": 0.004202437121421099, "Big_Nose": 0.532413125038147, "Black_Hair": 0.0077570048160851, "Blond_Hair": 0.01116875372827053, "Blurry": 0.025401277467608452, "Brown_Hair": 0.006519515533000231, "Bushy_Eyebrows": 0.01564335636794567, "Chubby": 0.14295968413352966, "Double_Chin": 0.11429722607135773, "Eyeglasses": 0.0016713723307475448, "Goatee": 0.0030529871582984924, "Gray_Hair": 0.3665735721588135, "Heavy_Makeup": 0.00018505644402466714, "High_Cheekbones": 0.12557345628738403, "Male": 0.9993395209312439, "Mouth_Slightly_Open": 0.7880548238754272, "Mustache": 0.25337469577789307, "Narrow_Eyes": 0.01738174632191658, "No_Beard": 0.4710945785045624, "Oval_Face": 0.13569189608097076, "Pale_Skin": 0.028676223009824753, "Pointy_Nose": 0.007655283436179161, "Receding_Hairline": 0.07648038119077682, "Rosy_Cheeks": 0.00013009407848585397, "Sideburns": 0.004378585144877434, "Smiling": 0.006088246591389179, "Straight_Hair": 0.4915276765823364, "Wavy_Hair": 0.0020677868742495775, "Wearing_Earrings": 0.0002788443525787443, "Wearing_Hat": 0.0002694526920095086, "Wearing_Lipstick": 0.00014351691061165184, "Wearing_Necklace": 0.00012110874376958236, "Wearing_Necktie": 0.5243425369262695, "Young": 0.03650166466832161, "df_race": "middle eastern", "df_race_prob": 61.48158174972752, "df_gender": "Man", "df_gender_prob": 99.99995231628418, "df_age": 54, "df_emotion": "neutral", "df_emotion_prob": 40.603405237197876}