{"name": "Vicente_Fox_0005.jpg", "5_o_Clock_Shadow": 0.010092854499816895, "Arched_Eyebrows": 0.0017763570649549365, "Attractive": 0.00785866193473339, "Bags_Under_Eyes": 0.2634655237197876, "Bald": 0.004529214464128017, "Bangs": 0.0005378533387556672, "Big_Lips": 0.007145561743527651, "Big_Nose": 0.20912915468215942, "Black_Hair": 0.004021349363029003, "Blond_Hair": 0.011791780591011047, "Blurry": 0.3259046971797943, "Brown_Hair": 0.015890315175056458, "Bushy_Eyebrows": 0.05944693833589554, "Chubby": 0.15993255376815796, "Double_Chin": 0.1490800380706787, "Eyeglasses": 0.0015997850568965077, "Goatee": 0.005895205773413181, "Gray_Hair": 0.34518441557884216, "Heavy_Makeup": 0.00019624065316747874, "High_Cheekbones": 0.11988729238510132, "Male": 0.9980853796005249, "Mouth_Slightly_Open": 0.09511914849281311, "Mustache": 0.8830015063285828, "Narrow_Eyes": 0.1523512750864029, "No_Beard": 0.045234959572553635, "Oval_Face": 0.12466710060834885, "Pale_Skin": 0.024449998512864113, "Pointy_Nose": 0.04429933428764343, "Receding_Hairline": 0.08850543200969696, "Rosy_Cheeks": 0.00035770132672041655, "Sideburns": 0.010306013748049736, "Smiling": 0.041344236582517624, "Straight_Hair": 0.13143251836299896, "Wavy_Hair": 0.01171568501740694, "Wearing_Earrings": 0.0006574590224772692, "Wearing_Hat": 0.0015884937020018697, "Wearing_Lipstick": 0.00029955036006867886, "Wearing_Necklace": 0.0007895048474892974, "Wearing_Necktie": 0.04391869902610779, "Young": 0.04218095913529396, "df_race": "latino hispanic", "df_race_prob": 36.817832995523986, "df_gender": "Man", "df_gender_prob": 99.99978542327881, "df_age": 50, "df_emotion": "sad", "df_emotion_prob": 77.31512784957886}