{"name": "Vicente_Fernandez_0001.jpg", "5_o_Clock_Shadow": 0.018269481137394905, "Arched_Eyebrows": 0.0031094709411263466, "Attractive": 0.01999732479453087, "Bags_Under_Eyes": 0.398458331823349, "Bald": 0.042104195803403854, "Bangs": 0.001131604891270399, "Big_Lips": 0.03285756707191467, "Big_Nose": 0.4170056879520416, "Black_Hair": 0.0794469341635704, "Blond_Hair": 0.0022178939543664455, "Blurry": 0.5684919953346252, "Brown_Hair": 0.012677894905209541, "Bushy_Eyebrows": 0.2613384425640106, "Chubby": 0.24038800597190857, "Double_Chin": 0.24060384929180145, "Eyeglasses": 0.010949074290692806, "Goatee": 0.009383033961057663, "Gray_Hair": 0.07611443847417831, "Heavy_Makeup": 0.00031365978065878153, "High_Cheekbones": 0.5570700168609619, "Male": 0.998619556427002, "Mouth_Slightly_Open": 0.9419568181037903, "Mustache": 0.7586621046066284, "Narrow_Eyes": 0.7320442795753479, "No_Beard": 0.39031782746315, "Oval_Face": 0.13890095055103302, "Pale_Skin": 0.009602652862668037, "Pointy_Nose": 0.10701710730791092, "Receding_Hairline": 0.5388177037239075, "Rosy_Cheeks": 0.00045786425471305847, "Sideburns": 0.01011720858514309, "Smiling": 0.9738673567771912, "Straight_Hair": 0.39554956555366516, "Wavy_Hair": 0.0035956089850515127, "Wearing_Earrings": 0.0010078618070110679, "Wearing_Hat": 0.0011007939465343952, "Wearing_Lipstick": 0.0006084597553126514, "Wearing_Necklace": 0.0008385645342059433, "Wearing_Necktie": 0.6437886953353882, "Young": 0.0213986337184906, "df_race": "middle eastern", "df_race_prob": 62.49874830245972, "df_gender": "Man", "df_gender_prob": 99.99057054519653, "df_age": 38, "df_emotion": "happy", "df_emotion_prob": 95.85752536564763}