{"name": "Vicente_Fox_0002.jpg", "5_o_Clock_Shadow": 0.02994358353316784, "Arched_Eyebrows": 0.00025369180366396904, "Attractive": 0.011744290590286255, "Bags_Under_Eyes": 0.28577229380607605, "Bald": 0.005545910447835922, "Bangs": 0.002017093123868108, "Big_Lips": 0.029904423281550407, "Big_Nose": 0.23291422426700592, "Black_Hair": 0.007665062323212624, "Blond_Hair": 0.0026580162812024355, "Blurry": 0.23457302153110504, "Brown_Hair": 0.013427326455712318, "Bushy_Eyebrows": 0.03033655509352684, "Chubby": 0.06642334908246994, "Double_Chin": 0.024702543392777443, "Eyeglasses": 0.0031734853982925415, "Goatee": 0.009004687890410423, "Gray_Hair": 0.15765993297100067, "Heavy_Makeup": 0.0001263287413166836, "High_Cheekbones": 0.05252930521965027, "Male": 0.9994913339614868, "Mouth_Slightly_Open": 0.025418400764465332, "Mustache": 0.8878502249717712, "Narrow_Eyes": 0.5707867741584778, "No_Beard": 0.06589510291814804, "Oval_Face": 0.04202110692858696, "Pale_Skin": 0.005842981860041618, "Pointy_Nose": 0.1462211012840271, "Receding_Hairline": 0.020253965631127357, "Rosy_Cheeks": 0.00035460229264572263, "Sideburns": 0.012789140455424786, "Smiling": 0.004404112696647644, "Straight_Hair": 0.3442392945289612, "Wavy_Hair": 0.009492503479123116, "Wearing_Earrings": 0.0004901415668427944, "Wearing_Hat": 0.0007957374909892678, "Wearing_Lipstick": 0.0001563345140311867, "Wearing_Necklace": 0.00037653231993317604, "Wearing_Necktie": 0.1847914159297943, "Young": 0.05524292588233948, "df_race": "white", "df_race_prob": 41.77893600212765, "df_gender": "Man", "df_gender_prob": 99.99973773956299, "df_age": 45, "df_emotion": "sad", "df_emotion_prob": 86.59588098526001}