{"name": "Vicente_Fox_0006.jpg", "5_o_Clock_Shadow": 0.030713792890310287, "Arched_Eyebrows": 0.0010797405848279595, "Attractive": 0.014357798732817173, "Bags_Under_Eyes": 0.1448727548122406, "Bald": 0.0023176376707851887, "Bangs": 0.0022662447299808264, "Big_Lips": 0.05084328353404999, "Big_Nose": 0.35107919573783875, "Black_Hair": 0.007359751034528017, "Blond_Hair": 0.00878063589334488, "Blurry": 0.05669223144650459, "Brown_Hair": 0.0030910347122699022, "Bushy_Eyebrows": 0.1735381782054901, "Chubby": 0.0379413478076458, "Double_Chin": 0.03679361566901207, "Eyeglasses": 0.0034580014180392027, "Goatee": 0.013756274245679379, "Gray_Hair": 0.39977461099624634, "Heavy_Makeup": 0.0004529207362793386, "High_Cheekbones": 0.0413927286863327, "Male": 0.9997097849845886, "Mouth_Slightly_Open": 0.14085976779460907, "Mustache": 0.9250214695930481, "Narrow_Eyes": 0.02548116445541382, "No_Beard": 0.040614400058984756, "Oval_Face": 0.11595010757446289, "Pale_Skin": 0.024442458525300026, "Pointy_Nose": 0.0376153364777565, "Receding_Hairline": 0.004319502506405115, "Rosy_Cheeks": 0.0001139133091783151, "Sideburns": 0.016181595623493195, "Smiling": 0.0018503677565604448, "Straight_Hair": 0.6747105121612549, "Wavy_Hair": 0.003162019420415163, "Wearing_Earrings": 0.00040764870936982334, "Wearing_Hat": 0.0008956416859291494, "Wearing_Lipstick": 0.00037328212056308985, "Wearing_Necklace": 0.00036854870268143713, "Wearing_Necktie": 0.390680193901062, "Young": 0.036441925913095474, "df_race": "middle eastern", "df_race_prob": 39.52258229255676, "df_gender": "Man", "df_gender_prob": 99.9984860420227, "df_age": 54, "df_emotion": "neutral", "df_emotion_prob": 91.53913209075523}