{"name": "Victor_Garber_0001.jpg", "5_o_Clock_Shadow": 0.015155148692429066, "Arched_Eyebrows": 0.0031121799256652594, "Attractive": 0.04072893038392067, "Bags_Under_Eyes": 0.27842649817466736, "Bald": 0.05394609272480011, "Bangs": 0.0002818625362124294, "Big_Lips": 0.0028937095776200294, "Big_Nose": 0.23800402879714966, "Black_Hair": 0.0013180564856156707, "Blond_Hair": 0.023600243031978607, "Blurry": 0.03580459579825401, "Brown_Hair": 0.0024842871353030205, "Bushy_Eyebrows": 0.00042047619353979826, "Chubby": 0.23507389426231384, "Double_Chin": 0.09370600432157516, "Eyeglasses": 0.0018853857181966305, "Goatee": 0.000692644331138581, "Gray_Hair": 0.869558572769165, "Heavy_Makeup": 0.00036428883322514594, "High_Cheekbones": 0.23619137704372406, "Male": 0.9986299276351929, "Mouth_Slightly_Open": 0.001337035559117794, "Mustache": 0.0008751353016123176, "Narrow_Eyes": 0.09800704568624496, "No_Beard": 0.9873867630958557, "Oval_Face": 0.28462669253349304, "Pale_Skin": 0.04484175518155098, "Pointy_Nose": 0.24701105058193207, "Receding_Hairline": 0.8213411569595337, "Rosy_Cheeks": 0.0015309018781408668, "Sideburns": 0.0012828886974602938, "Smiling": 0.45393088459968567, "Straight_Hair": 0.08185701817274094, "Wavy_Hair": 0.015215776860713959, "Wearing_Earrings": 0.0004997272044420242, "Wearing_Hat": 0.00013264936569612473, "Wearing_Lipstick": 0.0005288711981847882, "Wearing_Necklace": 0.0007638427778147161, "Wearing_Necktie": 0.02264224737882614, "Young": 0.02213619090616703, "df_race": "white", "df_race_prob": 99.99715685827475, "df_gender": "Man", "df_gender_prob": 99.96726512908936, "df_age": 43, "df_emotion": "happy", "df_emotion_prob": 98.62549892815942}