{"name": "Vin_Diesel_0001.jpg", "5_o_Clock_Shadow": 0.01980598270893097, "Arched_Eyebrows": 0.002150483662262559, "Attractive": 0.027408521622419357, "Bags_Under_Eyes": 0.04593854397535324, "Bald": 0.6989084482192993, "Bangs": 0.0010676790261641145, "Big_Lips": 0.32574862241744995, "Big_Nose": 0.7905951142311096, "Black_Hair": 0.0006086827488616109, "Blond_Hair": 0.01373385637998581, "Blurry": 0.021264299750328064, "Brown_Hair": 0.0010851764818653464, "Bushy_Eyebrows": 0.00034468440571799874, "Chubby": 0.08916807174682617, "Double_Chin": 0.02388189360499382, "Eyeglasses": 0.9373372793197632, "Goatee": 0.000674214621540159, "Gray_Hair": 0.07078396528959274, "Heavy_Makeup": 0.00010590506281005219, "High_Cheekbones": 0.006682971026748419, "Male": 0.9949937462806702, "Mouth_Slightly_Open": 0.4040924608707428, "Mustache": 0.0018094365950673819, "Narrow_Eyes": 0.032217979431152344, "No_Beard": 0.9874919652938843, "Oval_Face": 0.040267691016197205, "Pale_Skin": 0.06264311820268631, "Pointy_Nose": 0.010724932886660099, "Receding_Hairline": 0.06493938714265823, "Rosy_Cheeks": 1.428732957720058e-05, "Sideburns": 0.00042007790761999786, "Smiling": 0.013063761405646801, "Straight_Hair": 0.014746538363397121, "Wavy_Hair": 0.0022192427422851324, "Wearing_Earrings": 0.008122860454022884, "Wearing_Hat": 0.002409844659268856, "Wearing_Lipstick": 0.0017139299307018518, "Wearing_Necklace": 0.010329795069992542, "Wearing_Necktie": 0.005783862434327602, "Young": 0.6302717924118042, "df_race": "middle eastern", "df_race_prob": 65.36255891769422, "df_gender": "Man", "df_gender_prob": 99.93880987167358, "df_age": 25, "df_emotion": "neutral", "df_emotion_prob": 98.67126941680908}