{"name": "Vince_Carter_0003.jpg", "5_o_Clock_Shadow": 0.044206611812114716, "Arched_Eyebrows": 0.0015700558433309197, "Attractive": 0.005278386175632477, "Bags_Under_Eyes": 0.02898646891117096, "Bald": 0.4520774483680725, "Bangs": 0.001982314046472311, "Big_Lips": 0.28626057505607605, "Big_Nose": 0.5864948034286499, "Black_Hair": 0.008910831063985825, "Blond_Hair": 0.006135148927569389, "Blurry": 0.09877640753984451, "Brown_Hair": 0.000968332402408123, "Bushy_Eyebrows": 0.033002737909555435, "Chubby": 0.010514063760638237, "Double_Chin": 0.0023612393997609615, "Eyeglasses": 0.0033595149870961905, "Goatee": 0.07202934473752975, "Gray_Hair": 0.004616140387952328, "Heavy_Makeup": 0.00032098210067488253, "High_Cheekbones": 0.10581326484680176, "Male": 0.9982976317405701, "Mouth_Slightly_Open": 0.8032207489013672, "Mustache": 0.025538405403494835, "Narrow_Eyes": 0.01134935300797224, "No_Beard": 0.6446632146835327, "Oval_Face": 0.2654961943626404, "Pale_Skin": 0.002355295931920409, "Pointy_Nose": 0.0019522503716871142, "Receding_Hairline": 0.02175067737698555, "Rosy_Cheeks": 1.932785744429566e-05, "Sideburns": 0.010816831141710281, "Smiling": 0.005356945097446442, "Straight_Hair": 0.0026350354310125113, "Wavy_Hair": 0.003396328305825591, "Wearing_Earrings": 0.0017994008958339691, "Wearing_Hat": 0.001965469680726528, "Wearing_Lipstick": 0.00035246164770796895, "Wearing_Necklace": 0.002672378206625581, "Wearing_Necktie": 0.001796975964680314, "Young": 0.9396868348121643, "df_race": "black", "df_race_prob": 99.88887906074524, "df_gender": "Man", "df_gender_prob": 99.98700618743896, "df_age": 25, "df_emotion": "neutral", "df_emotion_prob": 60.90749502182007}