{"name": "Vince_Carter_0004.jpg", "5_o_Clock_Shadow": 0.04127682372927666, "Arched_Eyebrows": 0.00895602535456419, "Attractive": 0.007885453291237354, "Bags_Under_Eyes": 0.02149476855993271, "Bald": 0.7308847904205322, "Bangs": 0.0007252689683809876, "Big_Lips": 0.6645820140838623, "Big_Nose": 0.7369475960731506, "Black_Hair": 0.022462397813796997, "Blond_Hair": 0.004090833477675915, "Blurry": 0.07163628935813904, "Brown_Hair": 0.000653823371976614, "Bushy_Eyebrows": 0.022187937051057816, "Chubby": 0.06832944601774216, "Double_Chin": 0.008643233217298985, "Eyeglasses": 0.0024129520170390606, "Goatee": 0.022217845544219017, "Gray_Hair": 0.0062429276295006275, "Heavy_Makeup": 0.00020134808437433094, "High_Cheekbones": 0.06682897359132767, "Male": 0.9992660880088806, "Mouth_Slightly_Open": 0.0913289412856102, "Mustache": 0.058672256767749786, "Narrow_Eyes": 0.04352353513240814, "No_Beard": 0.6179448962211609, "Oval_Face": 0.4941338002681732, "Pale_Skin": 0.006938707083463669, "Pointy_Nose": 0.002218889072537422, "Receding_Hairline": 0.15274447202682495, "Rosy_Cheeks": 3.080581154790707e-05, "Sideburns": 0.003993277437984943, "Smiling": 0.004194188397377729, "Straight_Hair": 0.0014606891199946404, "Wavy_Hair": 0.001476982026360929, "Wearing_Earrings": 0.0038692092057317495, "Wearing_Hat": 0.0008842646493576467, "Wearing_Lipstick": 0.000474368134746328, "Wearing_Necklace": 0.005028502084314823, "Wearing_Necktie": 0.0029971559997648, "Young": 0.9499355554580688, "df_race": "black", "df_race_prob": 99.83928801545048, "df_gender": "Man", "df_gender_prob": 99.99526739120483, "df_age": 28, "df_emotion": "angry", "df_emotion_prob": 99.84591009069561}