{"name": "Virgina_Ruano_Pascal_0001.jpg", "5_o_Clock_Shadow": 0.004280596040189266, "Arched_Eyebrows": 0.009529801085591316, "Attractive": 0.031673043966293335, "Bags_Under_Eyes": 0.006350011099129915, "Bald": 0.00038670969661325216, "Bangs": 0.0010660853004083037, "Big_Lips": 0.0046117957681417465, "Big_Nose": 0.006675880867987871, "Black_Hair": 0.0011696056462824345, "Blond_Hair": 0.04237213358283043, "Blurry": 0.20092813670635223, "Brown_Hair": 0.07647144794464111, "Bushy_Eyebrows": 0.0010789735242724419, "Chubby": 0.0014078409876674414, "Double_Chin": 0.0004001895140390843, "Eyeglasses": 0.001408419106155634, "Goatee": 0.0009511739481240511, "Gray_Hair": 0.0023921122774481773, "Heavy_Makeup": 0.0014611996011808515, "High_Cheekbones": 0.03184286877512932, "Male": 0.19938784837722778, "Mouth_Slightly_Open": 0.10441160947084427, "Mustache": 0.0004964623949490488, "Narrow_Eyes": 0.0037220355588942766, "No_Beard": 0.9844003319740295, "Oval_Face": 0.08679641038179398, "Pale_Skin": 0.005532086361199617, "Pointy_Nose": 0.11759404838085175, "Receding_Hairline": 0.023965341970324516, "Rosy_Cheeks": 0.0001182437117677182, "Sideburns": 0.0010303118033334613, "Smiling": 0.003629636950790882, "Straight_Hair": 0.02293790876865387, "Wavy_Hair": 0.035115815699100494, "Wearing_Earrings": 0.03841200843453407, "Wearing_Hat": 0.0706934705376625, "Wearing_Lipstick": 0.0013016366865485907, "Wearing_Necklace": 0.040744490921497345, "Wearing_Necktie": 0.00028680512332357466, "Young": 0.9722256660461426, "df_race": "white", "df_race_prob": 97.48781323432922, "df_gender": "Man", "df_gender_prob": 62.23580241203308, "df_age": 36, "df_emotion": "sad", "df_emotion_prob": 48.932531412394724}