{"name": "Vitali_Klitschko_0004.jpg", "5_o_Clock_Shadow": 0.021479792892932892, "Arched_Eyebrows": 0.002075796015560627, "Attractive": 0.04649452865123749, "Bags_Under_Eyes": 0.022033169865608215, "Bald": 0.0005571459769271314, "Bangs": 9.718348883325234e-05, "Big_Lips": 0.02657962031662464, "Big_Nose": 0.2850230038166046, "Black_Hair": 0.010889695025980473, "Blond_Hair": 0.015394441783428192, "Blurry": 0.040682919323444366, "Brown_Hair": 0.07146250456571579, "Bushy_Eyebrows": 0.0015518093714490533, "Chubby": 0.020319346338510513, "Double_Chin": 0.007118108682334423, "Eyeglasses": 0.0004989856388419867, "Goatee": 0.00025271190679632127, "Gray_Hair": 0.003840773832052946, "Heavy_Makeup": 0.00038033389137126505, "High_Cheekbones": 0.038323309272527695, "Male": 0.9930872321128845, "Mouth_Slightly_Open": 0.014056277461349964, "Mustache": 0.000245975679717958, "Narrow_Eyes": 0.010222033597528934, "No_Beard": 0.9897329211235046, "Oval_Face": 0.14649304747581482, "Pale_Skin": 0.03619030863046646, "Pointy_Nose": 0.006567209959030151, "Receding_Hairline": 0.01462622918188572, "Rosy_Cheeks": 9.764488640939817e-05, "Sideburns": 0.0002696156152524054, "Smiling": 0.010130764916539192, "Straight_Hair": 0.28395646810531616, "Wavy_Hair": 0.010509283281862736, "Wearing_Earrings": 0.0006755045033060014, "Wearing_Hat": 0.0005506418528966606, "Wearing_Lipstick": 0.0009037433774210513, "Wearing_Necklace": 0.0009492813260294497, "Wearing_Necktie": 0.0017722253687679768, "Young": 0.5855517387390137, "df_race": "latino hispanic", "df_race_prob": 42.94914985309245, "df_gender": "Man", "df_gender_prob": 99.99157190322876, "df_age": 28, "df_emotion": "neutral", "df_emotion_prob": 92.52212047576904}