{"name": "Vladimir_Putin_0017.jpg", "5_o_Clock_Shadow": 0.02207358367741108, "Arched_Eyebrows": 0.0030288915149867535, "Attractive": 0.026433847844600677, "Bags_Under_Eyes": 0.41734227538108826, "Bald": 0.4777847230434418, "Bangs": 0.0007213475182652473, "Big_Lips": 0.012024536728858948, "Big_Nose": 0.37603098154067993, "Black_Hair": 0.00212516519241035, "Blond_Hair": 0.01139596477150917, "Blurry": 0.01413034275174141, "Brown_Hair": 0.0037264798302203417, "Bushy_Eyebrows": 0.0005390894948504865, "Chubby": 0.01096163410693407, "Double_Chin": 0.004730036947876215, "Eyeglasses": 0.00267261965200305, "Goatee": 0.002206243108958006, "Gray_Hair": 0.13405616581439972, "Heavy_Makeup": 0.00017387341358698905, "High_Cheekbones": 0.015278695151209831, "Male": 0.9992486834526062, "Mouth_Slightly_Open": 0.0034794157836586237, "Mustache": 0.002261459594592452, "Narrow_Eyes": 0.007707946002483368, "No_Beard": 0.9773444533348083, "Oval_Face": 0.07019152492284775, "Pale_Skin": 0.07411888986825943, "Pointy_Nose": 0.20728671550750732, "Receding_Hairline": 0.7036380171775818, "Rosy_Cheeks": 0.00012005586177110672, "Sideburns": 0.004551831632852554, "Smiling": 0.0006750005413778126, "Straight_Hair": 0.05376674234867096, "Wavy_Hair": 0.0012138087768107653, "Wearing_Earrings": 0.0006528383237309754, "Wearing_Hat": 0.0013139202492311597, "Wearing_Lipstick": 0.0003537210577633232, "Wearing_Necklace": 0.00018221295613329858, "Wearing_Necktie": 0.6293541789054871, "Young": 0.0418151393532753, "df_race": "middle eastern", "df_race_prob": 23.58061373233795, "df_gender": "Man", "df_gender_prob": 99.99423027038574, "df_age": 29, "df_emotion": "sad", "df_emotion_prob": 91.1074697971344}