{"name": "Vladimir_Spidla_0001.jpg", "5_o_Clock_Shadow": 0.008728886023163795, "Arched_Eyebrows": 0.0007360678864642978, "Attractive": 0.00783276092261076, "Bags_Under_Eyes": 0.10942971706390381, "Bald": 0.017228400334715843, "Bangs": 0.0007489259587600827, "Big_Lips": 0.003442118875682354, "Big_Nose": 0.049901578575372696, "Black_Hair": 0.004946739412844181, "Blond_Hair": 0.003977946937084198, "Blurry": 0.07952888309955597, "Brown_Hair": 0.0015334615018218756, "Bushy_Eyebrows": 0.0015233882004395127, "Chubby": 0.03256338834762573, "Double_Chin": 0.03973277285695076, "Eyeglasses": 0.9651870727539062, "Goatee": 0.00062390515813604, "Gray_Hair": 0.8886346220970154, "Heavy_Makeup": 0.00020732823759317398, "High_Cheekbones": 0.03918815776705742, "Male": 0.9983879327774048, "Mouth_Slightly_Open": 0.019094066694378853, "Mustache": 0.001230610185302794, "Narrow_Eyes": 0.015022633597254753, "No_Beard": 0.9939219951629639, "Oval_Face": 0.1393587291240692, "Pale_Skin": 0.0793536975979805, "Pointy_Nose": 0.02629433199763298, "Receding_Hairline": 0.2036120891571045, "Rosy_Cheeks": 5.389347279560752e-05, "Sideburns": 0.0011753247817978263, "Smiling": 0.025512566789984703, "Straight_Hair": 0.5403997302055359, "Wavy_Hair": 0.0025154014583677053, "Wearing_Earrings": 0.00023405168030876666, "Wearing_Hat": 0.00024325256526935846, "Wearing_Lipstick": 0.0001553214679006487, "Wearing_Necklace": 0.0002587178023532033, "Wearing_Necktie": 0.6415202617645264, "Young": 0.013878618367016315, "df_race": "white", "df_race_prob": 99.73040221514715, "df_gender": "Man", "df_gender_prob": 99.96592998504639, "df_age": 35, "df_emotion": "happy", "df_emotion_prob": 99.96684789657593}