{"name": "Vladimir_Putin_0042.jpg", "5_o_Clock_Shadow": 0.02070985920727253, "Arched_Eyebrows": 0.0011936818482354283, "Attractive": 0.0194393340498209, "Bags_Under_Eyes": 0.824069082736969, "Bald": 0.34769928455352783, "Bangs": 0.00029427598929032683, "Big_Lips": 0.007722917012870312, "Big_Nose": 0.32519134879112244, "Black_Hair": 0.0008610433433204889, "Blond_Hair": 0.0687316432595253, "Blurry": 0.0229730736464262, "Brown_Hair": 0.0022034612484276295, "Bushy_Eyebrows": 0.0007131344173103571, "Chubby": 0.01722497120499611, "Double_Chin": 0.014590919949114323, "Eyeglasses": 0.0010870896512642503, "Goatee": 0.0009423875017091632, "Gray_Hair": 0.16339702904224396, "Heavy_Makeup": 0.00010153519542654976, "High_Cheekbones": 0.3569149076938629, "Male": 0.9978324770927429, "Mouth_Slightly_Open": 0.1899615079164505, "Mustache": 0.0010082254884764552, "Narrow_Eyes": 0.09183038771152496, "No_Beard": 0.9854522347450256, "Oval_Face": 0.09319345653057098, "Pale_Skin": 0.09739577770233154, "Pointy_Nose": 0.059682510793209076, "Receding_Hairline": 0.5467697381973267, "Rosy_Cheeks": 7.166372961364686e-05, "Sideburns": 0.0014535810332745314, "Smiling": 0.19864147901535034, "Straight_Hair": 0.06410805881023407, "Wavy_Hair": 0.0012125561479479074, "Wearing_Earrings": 0.0011960531119257212, "Wearing_Hat": 0.0002650806272868067, "Wearing_Lipstick": 0.0002241991023765877, "Wearing_Necklace": 0.0004081084916833788, "Wearing_Necktie": 0.026405522599816322, "Young": 0.09287544339895248, "df_race": "white", "df_race_prob": 93.65686736445828, "df_gender": "Man", "df_gender_prob": 99.99918937683105, "df_age": 40, "df_emotion": "happy", "df_emotion_prob": 51.80070400238037}