{"name": "Vladimir_Putin_0020.jpg", "5_o_Clock_Shadow": 0.027959641069173813, "Arched_Eyebrows": 0.0007873661816120148, "Attractive": 0.02100476808845997, "Bags_Under_Eyes": 0.8191099166870117, "Bald": 0.6264213919639587, "Bangs": 0.0027494269888848066, "Big_Lips": 0.00924475397914648, "Big_Nose": 0.6643450856208801, "Black_Hair": 0.0008798514027148485, "Blond_Hair": 0.017075462266802788, "Blurry": 0.0527241975069046, "Brown_Hair": 0.0030216549057513475, "Bushy_Eyebrows": 0.0005978462868370116, "Chubby": 0.07429330796003342, "Double_Chin": 0.09054689109325409, "Eyeglasses": 0.0035320224706083536, "Goatee": 0.0018695152830332518, "Gray_Hair": 0.4565587043762207, "Heavy_Makeup": 0.00011686093057505786, "High_Cheekbones": 0.20767748355865479, "Male": 0.998498797416687, "Mouth_Slightly_Open": 0.005114534869790077, "Mustache": 0.0024087021593004465, "Narrow_Eyes": 0.0615994855761528, "No_Beard": 0.980730414390564, "Oval_Face": 0.1411958932876587, "Pale_Skin": 0.06463240087032318, "Pointy_Nose": 0.06360935419797897, "Receding_Hairline": 0.15812906622886658, "Rosy_Cheeks": 0.0001254457311006263, "Sideburns": 0.004599979612976313, "Smiling": 0.47689196467399597, "Straight_Hair": 0.04719803109765053, "Wavy_Hair": 0.0017138989642262459, "Wearing_Earrings": 0.0007130352314561605, "Wearing_Hat": 0.0010625694412738085, "Wearing_Lipstick": 0.00014814906171523035, "Wearing_Necklace": 0.00019854337733704597, "Wearing_Necktie": 0.7185680270195007, "Young": 0.02306344173848629, "df_race": "middle eastern", "df_race_prob": 37.180426716804504, "df_gender": "Man", "df_gender_prob": 99.99948740005493, "df_age": 47, "df_emotion": "happy", "df_emotion_prob": 47.025567293167114}