{"name": "Vladimir_Putin_0001.jpg", "5_o_Clock_Shadow": 0.03580322116613388, "Arched_Eyebrows": 0.0010704818414524198, "Attractive": 0.020420663058757782, "Bags_Under_Eyes": 0.8486027717590332, "Bald": 0.6696272492408752, "Bangs": 0.0013603183906525373, "Big_Lips": 0.0180034376680851, "Big_Nose": 0.6480084657669067, "Black_Hair": 0.001186477835290134, "Blond_Hair": 0.01001786906272173, "Blurry": 0.038457658141851425, "Brown_Hair": 0.0008731384878046811, "Bushy_Eyebrows": 0.0021659599151462317, "Chubby": 0.06961264461278915, "Double_Chin": 0.1334160715341568, "Eyeglasses": 0.0034095628652721643, "Goatee": 0.0028009696397930384, "Gray_Hair": 0.6901783347129822, "Heavy_Makeup": 0.00011009901209035888, "High_Cheekbones": 0.31295087933540344, "Male": 0.9996674060821533, "Mouth_Slightly_Open": 0.008350509218871593, "Mustache": 0.005707903765141964, "Narrow_Eyes": 0.13374724984169006, "No_Beard": 0.9636752605438232, "Oval_Face": 0.12237347662448883, "Pale_Skin": 0.03047979809343815, "Pointy_Nose": 0.19077451527118683, "Receding_Hairline": 0.7395433783531189, "Rosy_Cheeks": 0.0003083407355006784, "Sideburns": 0.006578154396265745, "Smiling": 0.4623919725418091, "Straight_Hair": 0.08755181729793549, "Wavy_Hair": 0.0009472923120483756, "Wearing_Earrings": 0.00043539723264984787, "Wearing_Hat": 0.0006032989476807415, "Wearing_Lipstick": 0.00021650854614563286, "Wearing_Necklace": 0.00016453838907182217, "Wearing_Necktie": 0.955384373664856, "Young": 0.025801170617341995, "df_race": "indian", "df_race_prob": 33.101287484169006, "df_gender": "Man", "df_gender_prob": 99.99315738677979, "df_age": 45, "df_emotion": "sad", "df_emotion_prob": 43.034253354757624}