{"name": "Vladimir_Putin_0027.jpg", "5_o_Clock_Shadow": 0.018857913091778755, "Arched_Eyebrows": 0.002075584838166833, "Attractive": 0.03133042901754379, "Bags_Under_Eyes": 0.18276447057724, "Bald": 0.7974020838737488, "Bangs": 0.000602801563218236, "Big_Lips": 0.05944373086094856, "Big_Nose": 0.14022037386894226, "Black_Hair": 0.0009765722788870335, "Blond_Hair": 0.014822900295257568, "Blurry": 0.007362998090684414, "Brown_Hair": 0.0009743923437781632, "Bushy_Eyebrows": 0.0009287953143939376, "Chubby": 0.04925626888871193, "Double_Chin": 0.03822769224643707, "Eyeglasses": 0.0046625216491520405, "Goatee": 0.0021756296046078205, "Gray_Hair": 0.17807434499263763, "Heavy_Makeup": 0.0005404819967225194, "High_Cheekbones": 0.033478401601314545, "Male": 0.9987977743148804, "Mouth_Slightly_Open": 0.9367029666900635, "Mustache": 0.0014372138539329171, "Narrow_Eyes": 0.18528951704502106, "No_Beard": 0.9734029769897461, "Oval_Face": 0.22577700018882751, "Pale_Skin": 0.1917918622493744, "Pointy_Nose": 0.17700858414173126, "Receding_Hairline": 0.1751919984817505, "Rosy_Cheeks": 0.00013486153329722583, "Sideburns": 0.003429291071370244, "Smiling": 0.05612890049815178, "Straight_Hair": 0.006817969493567944, "Wavy_Hair": 0.0027944378089159727, "Wearing_Earrings": 0.0023766783997416496, "Wearing_Hat": 0.001736052450723946, "Wearing_Lipstick": 0.001135612721554935, "Wearing_Necklace": 0.0005263920756988227, "Wearing_Necktie": 0.6895514726638794, "Young": 0.06954429298639297, "df_race": "latino hispanic", "df_race_prob": 28.127899765968323, "df_gender": "Man", "df_gender_prob": 99.94606375694275, "df_age": 33, "df_emotion": "neutral", "df_emotion_prob": 90.37076234817505}