{"name": "Vladimir_Putin_0041.jpg", "5_o_Clock_Shadow": 0.009644336067140102, "Arched_Eyebrows": 0.0006805397570133209, "Attractive": 0.059860702604055405, "Bags_Under_Eyes": 0.7441898584365845, "Bald": 0.4221247732639313, "Bangs": 0.0007395940483547747, "Big_Lips": 0.0051741329953074455, "Big_Nose": 0.3824426829814911, "Black_Hair": 0.002416940638795495, "Blond_Hair": 0.03328591585159302, "Blurry": 0.008275537751615047, "Brown_Hair": 0.0029219475109130144, "Bushy_Eyebrows": 0.0002707818057388067, "Chubby": 0.03742622211575508, "Double_Chin": 0.028356531634926796, "Eyeglasses": 0.002702790079638362, "Goatee": 0.0014416661579161882, "Gray_Hair": 0.27703794836997986, "Heavy_Makeup": 0.0003932354156859219, "High_Cheekbones": 0.3944416642189026, "Male": 0.9976547956466675, "Mouth_Slightly_Open": 0.010020938701927662, "Mustache": 0.001060997135937214, "Narrow_Eyes": 0.08378306031227112, "No_Beard": 0.9928268194198608, "Oval_Face": 0.19089822471141815, "Pale_Skin": 0.26921018958091736, "Pointy_Nose": 0.06040665879845619, "Receding_Hairline": 0.5530430674552917, "Rosy_Cheeks": 0.00020581597345881164, "Sideburns": 0.0019030844559893012, "Smiling": 0.338449627161026, "Straight_Hair": 0.08843592554330826, "Wavy_Hair": 0.0012566969962790608, "Wearing_Earrings": 0.0010764700127765536, "Wearing_Hat": 0.0002716667077038437, "Wearing_Lipstick": 0.00035077935899607837, "Wearing_Necklace": 0.00021535088308155537, "Wearing_Necktie": 0.8019952178001404, "Young": 0.07810387760400772, "df_race": "white", "df_race_prob": 99.78196023595096, "df_gender": "Man", "df_gender_prob": 99.99878406524658, "df_age": 45, "df_emotion": "neutral", "df_emotion_prob": 73.56305122375488}