{"name": "Vladimir_Putin_0015.jpg", "5_o_Clock_Shadow": 0.0269611869007349, "Arched_Eyebrows": 0.0017306454246863723, "Attractive": 0.04687470942735672, "Bags_Under_Eyes": 0.4112206697463989, "Bald": 0.5094658732414246, "Bangs": 0.0006025404436513782, "Big_Lips": 0.005851910449564457, "Big_Nose": 0.105329230427742, "Black_Hair": 0.00238471245393157, "Blond_Hair": 0.014896298758685589, "Blurry": 0.025937974452972412, "Brown_Hair": 0.005323310382664204, "Bushy_Eyebrows": 0.0011786394752562046, "Chubby": 0.006854007951915264, "Double_Chin": 0.00642518000677228, "Eyeglasses": 0.0038117754738777876, "Goatee": 0.0030697579495608807, "Gray_Hair": 0.1431768387556076, "Heavy_Makeup": 0.000634314666967839, "High_Cheekbones": 0.07921981811523438, "Male": 0.9988460540771484, "Mouth_Slightly_Open": 0.010516956448554993, "Mustache": 0.0012024609604850411, "Narrow_Eyes": 0.26003310084342957, "No_Beard": 0.9749027490615845, "Oval_Face": 0.12045659869909286, "Pale_Skin": 0.046308230608701706, "Pointy_Nose": 0.22196735441684723, "Receding_Hairline": 0.6646028161048889, "Rosy_Cheeks": 0.00015017969417385757, "Sideburns": 0.004295861814171076, "Smiling": 0.00974330585449934, "Straight_Hair": 0.0640174001455307, "Wavy_Hair": 0.0017436117632314563, "Wearing_Earrings": 0.0009748222655616701, "Wearing_Hat": 0.0003870017535518855, "Wearing_Lipstick": 0.0004575071216095239, "Wearing_Necklace": 0.00016379235603380948, "Wearing_Necktie": 0.7959179878234863, "Young": 0.054798804223537445, "df_race": "white", "df_race_prob": 99.21595454216003, "df_gender": "Man", "df_gender_prob": 99.99463558197021, "df_age": 32, "df_emotion": "sad", "df_emotion_prob": 60.4214072227478}