{"name": "Vladimir_Putin_0048.jpg", "5_o_Clock_Shadow": 0.006068363785743713, "Arched_Eyebrows": 0.0010534217581152916, "Attractive": 0.04906034097075462, "Bags_Under_Eyes": 0.11266012489795685, "Bald": 0.7150524854660034, "Bangs": 0.0016970968572422862, "Big_Lips": 0.010632828809320927, "Big_Nose": 0.02754388190805912, "Black_Hair": 0.0029631624929606915, "Blond_Hair": 0.009975387714803219, "Blurry": 0.03804710507392883, "Brown_Hair": 0.003303535282611847, "Bushy_Eyebrows": 0.0009047281928360462, "Chubby": 0.005550469737499952, "Double_Chin": 0.006836884189397097, "Eyeglasses": 0.002356098033487797, "Goatee": 0.002509446581825614, "Gray_Hair": 0.06575114279985428, "Heavy_Makeup": 0.000368789624189958, "High_Cheekbones": 0.03134806081652641, "Male": 0.997919499874115, "Mouth_Slightly_Open": 0.0063300044275820255, "Mustache": 0.0010900264605879784, "Narrow_Eyes": 0.046776436269283295, "No_Beard": 0.9920433163642883, "Oval_Face": 0.11358393728733063, "Pale_Skin": 0.029027752578258514, "Pointy_Nose": 0.29274940490722656, "Receding_Hairline": 0.11490513384342194, "Rosy_Cheeks": 0.0001734161050990224, "Sideburns": 0.0017277407459914684, "Smiling": 0.023706214502453804, "Straight_Hair": 0.022919395938515663, "Wavy_Hair": 0.0016080760397017002, "Wearing_Earrings": 0.002167825121432543, "Wearing_Hat": 0.002567758085206151, "Wearing_Lipstick": 0.0005243518971838057, "Wearing_Necklace": 0.0003502422187011689, "Wearing_Necktie": 0.5228589177131653, "Young": 0.06490280479192734, "df_race": "asian", "df_race_prob": 44.05092263525263, "df_gender": "Man", "df_gender_prob": 99.5712161064148, "df_age": 36, "df_emotion": "sad", "df_emotion_prob": 33.41861069202423}