{"name": "Vojislav_Kostunica_0003.jpg", "5_o_Clock_Shadow": 0.015441427938640118, "Arched_Eyebrows": 0.013537662103772163, "Attractive": 0.016061149537563324, "Bags_Under_Eyes": 0.4120956361293793, "Bald": 0.0013498198240995407, "Bangs": 0.018605520948767662, "Big_Lips": 0.07131863385438919, "Big_Nose": 0.18601399660110474, "Black_Hair": 0.025718413293361664, "Blond_Hair": 0.005351577419787645, "Blurry": 0.20243245363235474, "Brown_Hair": 0.08708519488573074, "Bushy_Eyebrows": 0.09110431373119354, "Chubby": 0.05882255360484123, "Double_Chin": 0.04562847316265106, "Eyeglasses": 0.0019438057206571102, "Goatee": 0.0006101868348196149, "Gray_Hair": 0.011639842763543129, "Heavy_Makeup": 0.0009813070064410567, "High_Cheekbones": 0.0587870292365551, "Male": 0.9965471625328064, "Mouth_Slightly_Open": 0.8235968351364136, "Mustache": 0.001130406861193478, "Narrow_Eyes": 0.8130055665969849, "No_Beard": 0.9902100563049316, "Oval_Face": 0.2827800214290619, "Pale_Skin": 0.07276099175214767, "Pointy_Nose": 0.0053185331635177135, "Receding_Hairline": 0.0013050324050709605, "Rosy_Cheeks": 6.765757279936224e-05, "Sideburns": 0.0012571967672556639, "Smiling": 0.0310638677328825, "Straight_Hair": 0.3838163912296295, "Wavy_Hair": 0.017424842342734337, "Wearing_Earrings": 0.000705044949427247, "Wearing_Hat": 0.0006366834277287126, "Wearing_Lipstick": 0.0015961575554683805, "Wearing_Necklace": 0.0004446208185981959, "Wearing_Necktie": 0.3275454640388489, "Young": 0.11545062065124512, "df_race": "white", "df_race_prob": 64.03144001960754, "df_gender": "Man", "df_gender_prob": 93.62486600875854, "df_age": 36, "df_emotion": "fear", "df_emotion_prob": 87.70201206207275}