{"name": "Wallace_Capel_0001.jpg", "5_o_Clock_Shadow": 0.08980848640203476, "Arched_Eyebrows": 0.009262318722903728, "Attractive": 0.002972395857796073, "Bags_Under_Eyes": 0.00753452954813838, "Bald": 0.9250813126564026, "Bangs": 0.001809273031540215, "Big_Lips": 0.13545218110084534, "Big_Nose": 0.04746006056666374, "Black_Hair": 0.0027393572963774204, "Blond_Hair": 0.004346942063421011, "Blurry": 0.16739021241664886, "Brown_Hair": 0.001960562076419592, "Bushy_Eyebrows": 0.0553731843829155, "Chubby": 0.3604574203491211, "Double_Chin": 0.0437617152929306, "Eyeglasses": 0.9965620636940002, "Goatee": 0.11521787941455841, "Gray_Hair": 0.019009053707122803, "Heavy_Makeup": 0.0006819898262619972, "High_Cheekbones": 0.008881913498044014, "Male": 0.9961147308349609, "Mouth_Slightly_Open": 0.5417014360427856, "Mustache": 0.04432206228375435, "Narrow_Eyes": 0.026900945231318474, "No_Beard": 0.06123268976807594, "Oval_Face": 0.4541141986846924, "Pale_Skin": 0.019424598664045334, "Pointy_Nose": 0.01731661707162857, "Receding_Hairline": 0.06098691001534462, "Rosy_Cheeks": 6.440521974582225e-05, "Sideburns": 0.490732342004776, "Smiling": 0.0030509140342473984, "Straight_Hair": 0.002614710945636034, "Wavy_Hair": 0.004601444583386183, "Wearing_Earrings": 0.0028906306251883507, "Wearing_Hat": 0.01047620177268982, "Wearing_Lipstick": 0.0009056725539267063, "Wearing_Necklace": 0.003963313065469265, "Wearing_Necktie": 0.016925303265452385, "Young": 0.24719738960266113, "df_race": "middle eastern", "df_race_prob": 28.835853934288025, "df_gender": "Man", "df_gender_prob": 99.96581077575684, "df_age": 39, "df_emotion": "surprise", "df_emotion_prob": 61.26441821284077}