{"name": "Warren_Beatty_0001.jpg", "5_o_Clock_Shadow": 0.02539697475731373, "Arched_Eyebrows": 0.00041354584391228855, "Attractive": 0.029138527810573578, "Bags_Under_Eyes": 0.47332194447517395, "Bald": 0.04988931864500046, "Bangs": 0.0006750108441337943, "Big_Lips": 0.030701586976647377, "Big_Nose": 0.3259460926055908, "Black_Hair": 0.0005204788176342845, "Blond_Hair": 0.031795889139175415, "Blurry": 0.13660991191864014, "Brown_Hair": 0.003585555823519826, "Bushy_Eyebrows": 0.0008651941316202283, "Chubby": 0.050162527710199356, "Double_Chin": 0.04362042620778084, "Eyeglasses": 0.0030904910527169704, "Goatee": 0.0006704389816150069, "Gray_Hair": 0.4034590721130371, "Heavy_Makeup": 0.000291388132609427, "High_Cheekbones": 0.13699425756931305, "Male": 0.9992037415504456, "Mouth_Slightly_Open": 0.022846803069114685, "Mustache": 0.0014447687426581979, "Narrow_Eyes": 0.4861394166946411, "No_Beard": 0.9892029166221619, "Oval_Face": 0.09559532254934311, "Pale_Skin": 0.02884305827319622, "Pointy_Nose": 0.07737502455711365, "Receding_Hairline": 0.565300464630127, "Rosy_Cheeks": 0.00010318512795493007, "Sideburns": 0.0008328945259563625, "Smiling": 0.5483976006507874, "Straight_Hair": 0.13306505978107452, "Wavy_Hair": 0.01764281839132309, "Wearing_Earrings": 0.0006065001362003386, "Wearing_Hat": 7.799745071679354e-05, "Wearing_Lipstick": 0.00044781246106140316, "Wearing_Necklace": 0.00042173004476353526, "Wearing_Necktie": 0.3456803262233734, "Young": 0.03492877632379532, "df_race": "white", "df_race_prob": 86.13138794898987, "df_gender": "Man", "df_gender_prob": 99.9971866607666, "df_age": 26, "df_emotion": "happy", "df_emotion_prob": 77.20168232917786}