{"name": "Warren_Truss_0001.jpg", "5_o_Clock_Shadow": 0.0021076470147818327, "Arched_Eyebrows": 0.008441666141152382, "Attractive": 0.008040821179747581, "Bags_Under_Eyes": 0.2279239296913147, "Bald": 0.7546054124832153, "Bangs": 0.0006288475124165416, "Big_Lips": 0.0030903720762580633, "Big_Nose": 0.017348963767290115, "Black_Hair": 0.002248878125101328, "Blond_Hair": 0.0037855205591768026, "Blurry": 0.03912802413105965, "Brown_Hair": 0.000989549676887691, "Bushy_Eyebrows": 0.007748498115688562, "Chubby": 0.032308392226696014, "Double_Chin": 0.05299893021583557, "Eyeglasses": 0.0032181236892938614, "Goatee": 0.0012134717544540763, "Gray_Hair": 0.37950563430786133, "Heavy_Makeup": 0.0006075013079680502, "High_Cheekbones": 0.2604372799396515, "Male": 0.9966615438461304, "Mouth_Slightly_Open": 0.03909541293978691, "Mustache": 0.0006264971452765167, "Narrow_Eyes": 0.01168041955679655, "No_Beard": 0.992078959941864, "Oval_Face": 0.4220535457134247, "Pale_Skin": 0.008732505142688751, "Pointy_Nose": 0.16935425996780396, "Receding_Hairline": 0.27754124999046326, "Rosy_Cheeks": 0.0004450160195119679, "Sideburns": 0.0014047741424292326, "Smiling": 0.07461870461702347, "Straight_Hair": 0.010178681463003159, "Wavy_Hair": 0.0017655073897913098, "Wearing_Earrings": 0.0010341386077925563, "Wearing_Hat": 0.0017282086191698909, "Wearing_Lipstick": 0.0008148502674885094, "Wearing_Necklace": 0.00018170442490372807, "Wearing_Necktie": 0.5408431887626648, "Young": 0.009376649744808674, "df_race": "white", "df_race_prob": 99.71007704734802, "df_gender": "Man", "df_gender_prob": 99.5389461517334, "df_age": 51, "df_emotion": "fear", "df_emotion_prob": 65.789782844147}