{"name": "Warren_Beatty_0002.jpg", "5_o_Clock_Shadow": 0.010562138631939888, "Arched_Eyebrows": 0.00014698343875352293, "Attractive": 0.03369627147912979, "Bags_Under_Eyes": 0.08956582099199295, "Bald": 0.023574436083436012, "Bangs": 0.00011061107215937227, "Big_Lips": 0.006879387889057398, "Big_Nose": 0.1290021687746048, "Black_Hair": 0.0009140369947999716, "Blond_Hair": 0.02765795774757862, "Blurry": 0.021730348467826843, "Brown_Hair": 0.00964321568608284, "Bushy_Eyebrows": 0.0013648733729496598, "Chubby": 0.06493904441595078, "Double_Chin": 0.09788906574249268, "Eyeglasses": 0.018601687625050545, "Goatee": 0.0004649501934181899, "Gray_Hair": 0.781689465045929, "Heavy_Makeup": 0.00031418981961905956, "High_Cheekbones": 0.005417698062956333, "Male": 0.999672532081604, "Mouth_Slightly_Open": 0.42105233669281006, "Mustache": 0.00042658651364035904, "Narrow_Eyes": 0.3042871952056885, "No_Beard": 0.9951567053794861, "Oval_Face": 0.17041943967342377, "Pale_Skin": 0.05255739763379097, "Pointy_Nose": 0.07977614551782608, "Receding_Hairline": 0.8382692933082581, "Rosy_Cheeks": 0.00024968275101855397, "Sideburns": 0.0007933237357065082, "Smiling": 0.04291495308279991, "Straight_Hair": 0.21188583970069885, "Wavy_Hair": 0.013362111523747444, "Wearing_Earrings": 0.00034796856925822794, "Wearing_Hat": 8.053510828176513e-05, "Wearing_Lipstick": 0.0002612398820929229, "Wearing_Necklace": 0.000646800035610795, "Wearing_Necktie": 0.3431261479854584, "Young": 0.034103598445653915, "df_race": "white", "df_race_prob": 99.76540207862854, "df_gender": "Man", "df_gender_prob": 99.99020099639893, "df_age": 29, "df_emotion": "neutral", "df_emotion_prob": 76.89814567565918}