{"name": "Wen_Jiabao_0006.jpg", "5_o_Clock_Shadow": 0.002000473439693451, "Arched_Eyebrows": 0.0063578421249985695, "Attractive": 0.005128675606101751, "Bags_Under_Eyes": 0.09420939534902573, "Bald": 0.002603223780170083, "Bangs": 0.0010142471874132752, "Big_Lips": 0.001306641031987965, "Big_Nose": 0.059580471366643906, "Black_Hair": 0.19123287498950958, "Blond_Hair": 0.0010044407099485397, "Blurry": 0.05187729373574257, "Brown_Hair": 0.005389702972024679, "Bushy_Eyebrows": 0.0031202768441289663, "Chubby": 0.02534196712076664, "Double_Chin": 0.013653586618602276, "Eyeglasses": 0.9853695631027222, "Goatee": 0.0010280756978318095, "Gray_Hair": 0.1651337444782257, "Heavy_Makeup": 0.00022682093549519777, "High_Cheekbones": 0.04699133709073067, "Male": 0.9954115748405457, "Mouth_Slightly_Open": 0.012425780296325684, "Mustache": 0.0035895786713808775, "Narrow_Eyes": 0.005340967793017626, "No_Beard": 0.9952034950256348, "Oval_Face": 0.09038949757814407, "Pale_Skin": 0.02098938822746277, "Pointy_Nose": 0.00585454935207963, "Receding_Hairline": 0.07167840749025345, "Rosy_Cheeks": 6.809408660046756e-05, "Sideburns": 0.00045596828567795455, "Smiling": 0.004862710367888212, "Straight_Hair": 0.7168340086936951, "Wavy_Hair": 0.002525269752368331, "Wearing_Earrings": 0.0005757668404839933, "Wearing_Hat": 0.0005464775022119284, "Wearing_Lipstick": 0.000366128544555977, "Wearing_Necklace": 0.00034691410837695, "Wearing_Necktie": 0.717292845249176, "Young": 0.021223917603492737, "df_race": "asian", "df_race_prob": 78.38221192359924, "df_gender": "Man", "df_gender_prob": 99.98282194137573, "df_age": 51, "df_emotion": "neutral", "df_emotion_prob": 98.32727929028519}