{"name": "William_Macy_0002.jpg", "5_o_Clock_Shadow": 0.010142981074750423, "Arched_Eyebrows": 0.0006404045270755887, "Attractive": 0.03245057538151741, "Bags_Under_Eyes": 0.6080029606819153, "Bald": 0.0017163752345368266, "Bangs": 0.0020804626401513815, "Big_Lips": 0.1869184970855713, "Big_Nose": 0.5095011591911316, "Black_Hair": 0.0010328551288694143, "Blond_Hair": 0.0027178891468793154, "Blurry": 0.12595772743225098, "Brown_Hair": 0.006967100314795971, "Bushy_Eyebrows": 0.0017294283024966717, "Chubby": 0.043353863060474396, "Double_Chin": 0.03639473766088486, "Eyeglasses": 0.003096794243901968, "Goatee": 0.0005024303100071847, "Gray_Hair": 0.004261145368218422, "Heavy_Makeup": 0.00023409943969454616, "High_Cheekbones": 0.027734095230698586, "Male": 0.9911550283432007, "Mouth_Slightly_Open": 0.042253028601408005, "Mustache": 0.001714755897410214, "Narrow_Eyes": 0.05762215331196785, "No_Beard": 0.9920006990432739, "Oval_Face": 0.09361543506383896, "Pale_Skin": 0.037755582481622696, "Pointy_Nose": 0.013215855695307255, "Receding_Hairline": 0.00138362857978791, "Rosy_Cheeks": 0.00012042826710967347, "Sideburns": 0.0007387290825136006, "Smiling": 0.033109355717897415, "Straight_Hair": 0.007401696871966124, "Wavy_Hair": 0.0041550397872924805, "Wearing_Earrings": 0.003272010013461113, "Wearing_Hat": 0.9919629096984863, "Wearing_Lipstick": 0.0013270974159240723, "Wearing_Necklace": 0.0008260722388513386, "Wearing_Necktie": 0.043558571487665176, "Young": 0.08577881008386612, "df_race": "white", "df_race_prob": 60.81339120864868, "df_gender": "Man", "df_gender_prob": 99.93911981582642, "df_age": 29, "df_emotion": "neutral", "df_emotion_prob": 49.8809724904266}