{"name": "William_Macy_0004.jpg", "5_o_Clock_Shadow": 0.02062799595296383, "Arched_Eyebrows": 0.0006137701566331089, "Attractive": 0.01798839122056961, "Bags_Under_Eyes": 0.1739964783191681, "Bald": 0.0025309810880571604, "Bangs": 0.006403626874089241, "Big_Lips": 0.018565500155091286, "Big_Nose": 0.1933094710111618, "Black_Hair": 0.0009360677795484662, "Blond_Hair": 0.06588216871023178, "Blurry": 0.09403109550476074, "Brown_Hair": 0.038045454770326614, "Bushy_Eyebrows": 0.0005294287693686783, "Chubby": 0.029795615002512932, "Double_Chin": 0.03630346804857254, "Eyeglasses": 0.008644095622003078, "Goatee": 0.0004590564058162272, "Gray_Hair": 0.21025803685188293, "Heavy_Makeup": 0.00023510849860031158, "High_Cheekbones": 0.0052193752489984035, "Male": 0.9979093670845032, "Mouth_Slightly_Open": 0.0015569193055853248, "Mustache": 0.0008586960611864924, "Narrow_Eyes": 0.11993236839771271, "No_Beard": 0.9954553842544556, "Oval_Face": 0.053123969584703445, "Pale_Skin": 0.10988391190767288, "Pointy_Nose": 0.008455712348222733, "Receding_Hairline": 0.009563133120536804, "Rosy_Cheeks": 0.00011660315067274496, "Sideburns": 0.0009991760598495603, "Smiling": 0.003666546894237399, "Straight_Hair": 0.5046738982200623, "Wavy_Hair": 0.010074885562062263, "Wearing_Earrings": 0.00040405045729130507, "Wearing_Hat": 0.0002918610698543489, "Wearing_Lipstick": 0.00032556307269260287, "Wearing_Necklace": 0.0006376556702889502, "Wearing_Necktie": 0.5974785089492798, "Young": 0.038661062717437744, "df_race": "white", "df_race_prob": 97.45169266770438, "df_gender": "Man", "df_gender_prob": 99.99978542327881, "df_age": 47, "df_emotion": "neutral", "df_emotion_prob": 79.99196410083343}