{"name": "William_Donaldson_0005.jpg", "5_o_Clock_Shadow": 0.004697518423199654, "Arched_Eyebrows": 0.0003686722193378955, "Attractive": 0.0047806184738874435, "Bags_Under_Eyes": 0.30898377299308777, "Bald": 0.03572528064250946, "Bangs": 0.0008931268821470439, "Big_Lips": 0.002840339904651046, "Big_Nose": 0.040888357907533646, "Black_Hair": 0.0016704632434993982, "Blond_Hair": 0.007773383054882288, "Blurry": 0.07085321843624115, "Brown_Hair": 0.0012707464629784226, "Bushy_Eyebrows": 0.00017561441927682608, "Chubby": 0.031035879626870155, "Double_Chin": 0.05430116504430771, "Eyeglasses": 0.006032927427440882, "Goatee": 0.0012977621518075466, "Gray_Hair": 0.9135251045227051, "Heavy_Makeup": 0.00026580874691717327, "High_Cheekbones": 0.015552851371467113, "Male": 0.997943103313446, "Mouth_Slightly_Open": 0.0069334423169493675, "Mustache": 0.0022638568188995123, "Narrow_Eyes": 0.0065329791978001595, "No_Beard": 0.9811354279518127, "Oval_Face": 0.09692231565713882, "Pale_Skin": 0.04217984154820442, "Pointy_Nose": 0.026643674820661545, "Receding_Hairline": 0.3916761875152588, "Rosy_Cheeks": 0.00010289390047546476, "Sideburns": 0.0028838287107646465, "Smiling": 0.003743744920939207, "Straight_Hair": 0.3454473614692688, "Wavy_Hair": 0.0014134275261312723, "Wearing_Earrings": 0.0005844585248269141, "Wearing_Hat": 0.00022300115961115807, "Wearing_Lipstick": 0.0002234630228485912, "Wearing_Necklace": 0.00027080505969934165, "Wearing_Necktie": 0.5547972917556763, "Young": 0.009368370287120342, "df_race": "white", "df_race_prob": 79.59162592887878, "df_gender": "Man", "df_gender_prob": 99.96274709701538, "df_age": 44, "df_emotion": "neutral", "df_emotion_prob": 87.54871487617493}