{"name": "William_Donaldson_0002.jpg", "5_o_Clock_Shadow": 0.005409718491137028, "Arched_Eyebrows": 0.0006518535083159804, "Attractive": 0.008081752806901932, "Bags_Under_Eyes": 0.4284377992153168, "Bald": 0.012033279985189438, "Bangs": 0.0008745156228542328, "Big_Lips": 0.003214164637029171, "Big_Nose": 0.14178410172462463, "Black_Hair": 0.000913223484531045, "Blond_Hair": 0.017466772347688675, "Blurry": 0.020970240235328674, "Brown_Hair": 0.0013926001265645027, "Bushy_Eyebrows": 0.00018418753461446613, "Chubby": 0.046222299337387085, "Double_Chin": 0.10732147842645645, "Eyeglasses": 0.0008858665241859853, "Goatee": 0.0002329110138816759, "Gray_Hair": 0.8923848867416382, "Heavy_Makeup": 0.00016946421237662435, "High_Cheekbones": 0.16301244497299194, "Male": 0.9985089898109436, "Mouth_Slightly_Open": 0.08706513792276382, "Mustache": 0.0003550921392161399, "Narrow_Eyes": 0.02264508605003357, "No_Beard": 0.99636310338974, "Oval_Face": 0.10256358981132507, "Pale_Skin": 0.09942609816789627, "Pointy_Nose": 0.03448109328746796, "Receding_Hairline": 0.21079806983470917, "Rosy_Cheeks": 0.0002882632543332875, "Sideburns": 0.0007861496997065842, "Smiling": 0.19684943556785583, "Straight_Hair": 0.6725623607635498, "Wavy_Hair": 0.0015822381246834993, "Wearing_Earrings": 0.0005328637780621648, "Wearing_Hat": 0.0001731301163090393, "Wearing_Lipstick": 0.00019685983716044575, "Wearing_Necklace": 0.0003389162302482873, "Wearing_Necktie": 0.3025977313518524, "Young": 0.0077608441933989525, "df_race": "white", "df_race_prob": 49.780696656620904, "df_gender": "Man", "df_gender_prob": 99.76462721824646, "df_age": 35, "df_emotion": "happy", "df_emotion_prob": 84.9502682685852}