{"name": "William_Bratton_0002.jpg", "5_o_Clock_Shadow": 0.01730266585946083, "Arched_Eyebrows": 0.00879912730306387, "Attractive": 0.006910107564181089, "Bags_Under_Eyes": 0.06271568685770035, "Bald": 0.05451264977455139, "Bangs": 0.00021250707504805177, "Big_Lips": 0.007074384950101376, "Big_Nose": 0.027717096731066704, "Black_Hair": 0.002644776366651058, "Blond_Hair": 0.00824205856770277, "Blurry": 0.13495519757270813, "Brown_Hair": 0.001950698671862483, "Bushy_Eyebrows": 0.02184728905558586, "Chubby": 0.023114202544093132, "Double_Chin": 0.01793983019888401, "Eyeglasses": 0.0020560836419463158, "Goatee": 0.00042223065975122154, "Gray_Hair": 0.39971044659614563, "Heavy_Makeup": 0.0004396193253342062, "High_Cheekbones": 0.049313340336084366, "Male": 0.999347984790802, "Mouth_Slightly_Open": 0.26762324571609497, "Mustache": 0.0006341611151583493, "Narrow_Eyes": 0.04128068685531616, "No_Beard": 0.9852179884910583, "Oval_Face": 0.294204980134964, "Pale_Skin": 0.00907091610133648, "Pointy_Nose": 0.21845200657844543, "Receding_Hairline": 0.6115244626998901, "Rosy_Cheeks": 0.0002923657011706382, "Sideburns": 0.0016232042107731104, "Smiling": 0.0063116783276200294, "Straight_Hair": 0.029811101034283638, "Wavy_Hair": 0.006064878776669502, "Wearing_Earrings": 0.0007512791198678315, "Wearing_Hat": 0.0007566884742118418, "Wearing_Lipstick": 0.0004589238378684968, "Wearing_Necklace": 0.0002597630664240569, "Wearing_Necktie": 0.7006785869598389, "Young": 0.022130468860268593, "df_race": "white", "df_race_prob": 34.55682098865509, "df_gender": "Man", "df_gender_prob": 99.87461566925049, "df_age": 37, "df_emotion": "surprise", "df_emotion_prob": 38.28677535057068}