{"name": "William_Ford_Jr_0003.jpg", "5_o_Clock_Shadow": 0.04203067719936371, "Arched_Eyebrows": 0.006513733416795731, "Attractive": 0.02388463169336319, "Bags_Under_Eyes": 0.30388468503952026, "Bald": 0.0037282933481037617, "Bangs": 4.77755929750856e-05, "Big_Lips": 0.01770727150142193, "Big_Nose": 0.18374350666999817, "Black_Hair": 0.0009440566645935178, "Blond_Hair": 0.11506862938404083, "Blurry": 0.16867852210998535, "Brown_Hair": 0.018459754064679146, "Bushy_Eyebrows": 0.0015325536951422691, "Chubby": 0.04985961318016052, "Double_Chin": 0.05661115422844887, "Eyeglasses": 0.0006320700631476939, "Goatee": 0.00024518027203157544, "Gray_Hair": 0.09362666308879852, "Heavy_Makeup": 0.00015983585035428405, "High_Cheekbones": 0.3608934283256531, "Male": 0.9987496137619019, "Mouth_Slightly_Open": 0.7660520076751709, "Mustache": 0.00044060079380869865, "Narrow_Eyes": 0.029457947239279747, "No_Beard": 0.9893497228622437, "Oval_Face": 0.21253511309623718, "Pale_Skin": 0.02958204410970211, "Pointy_Nose": 0.04305890202522278, "Receding_Hairline": 0.273478627204895, "Rosy_Cheeks": 0.00010384153574705124, "Sideburns": 0.00026334048015996814, "Smiling": 0.5994341969490051, "Straight_Hair": 0.33732104301452637, "Wavy_Hair": 0.004472001921385527, "Wearing_Earrings": 0.0005756732425652444, "Wearing_Hat": 0.00015376503870356828, "Wearing_Lipstick": 0.00021108562941662967, "Wearing_Necklace": 0.0006407446344383061, "Wearing_Necktie": 0.019765235483646393, "Young": 0.15632791817188263, "df_race": "white", "df_race_prob": 39.726266264915466, "df_gender": "Man", "df_gender_prob": 99.49693083763123, "df_age": 39, "df_emotion": "neutral", "df_emotion_prob": 63.73323202133179}