{"name": "William_McDonough_0001.jpg", "5_o_Clock_Shadow": 0.0053183590061962605, "Arched_Eyebrows": 0.00030966076883487403, "Attractive": 0.007825493812561035, "Bags_Under_Eyes": 0.1957981288433075, "Bald": 0.027389848604798317, "Bangs": 0.0002971244393847883, "Big_Lips": 0.007969836704432964, "Big_Nose": 0.028572220355272293, "Black_Hair": 0.001178183127194643, "Blond_Hair": 0.007840929552912712, "Blurry": 0.11520256102085114, "Brown_Hair": 0.0015553944977000356, "Bushy_Eyebrows": 0.001731670694425702, "Chubby": 0.03386247903108597, "Double_Chin": 0.044196389615535736, "Eyeglasses": 0.009145052172243595, "Goatee": 0.0010200347751379013, "Gray_Hair": 0.905036211013794, "Heavy_Makeup": 0.00029116481891833246, "High_Cheekbones": 0.00962394941598177, "Male": 0.9992998838424683, "Mouth_Slightly_Open": 0.2083716243505478, "Mustache": 0.0012904523173347116, "Narrow_Eyes": 0.06869763135910034, "No_Beard": 0.9912010431289673, "Oval_Face": 0.118771031498909, "Pale_Skin": 0.06540503352880478, "Pointy_Nose": 0.10036422312259674, "Receding_Hairline": 0.2633013129234314, "Rosy_Cheeks": 8.00337948021479e-05, "Sideburns": 0.0016385159688070416, "Smiling": 0.004287051502615213, "Straight_Hair": 0.31935346126556396, "Wavy_Hair": 0.004136546514928341, "Wearing_Earrings": 0.0005323553923517466, "Wearing_Hat": 0.0002825138799380511, "Wearing_Lipstick": 0.00024234440934378654, "Wearing_Necklace": 0.0002711039560381323, "Wearing_Necktie": 0.6226115822792053, "Young": 0.011554858647286892, "df_race": "white", "df_race_prob": 99.17969102738446, "df_gender": "Man", "df_gender_prob": 99.67799782752991, "df_age": 42, "df_emotion": "fear", "df_emotion_prob": 36.28936871416942}