{"name": "Willis_Roberts_0001.jpg", "5_o_Clock_Shadow": 0.01823187619447708, "Arched_Eyebrows": 0.0012828222243115306, "Attractive": 0.003899233415722847, "Bags_Under_Eyes": 0.004342507570981979, "Bald": 0.0007885544328019023, "Bangs": 0.006321171764284372, "Big_Lips": 0.09193019568920135, "Big_Nose": 0.019806819036602974, "Black_Hair": 0.7816511392593384, "Blond_Hair": 0.0009546047658659518, "Blurry": 0.7356526255607605, "Brown_Hair": 0.019896604120731354, "Bushy_Eyebrows": 0.013676921837031841, "Chubby": 0.10586410015821457, "Double_Chin": 0.003192252479493618, "Eyeglasses": 0.003064264776185155, "Goatee": 0.002714035101234913, "Gray_Hair": 0.00034666794817894697, "Heavy_Makeup": 0.0009337638621218503, "High_Cheekbones": 0.10895822197198868, "Male": 0.9436107277870178, "Mouth_Slightly_Open": 0.8014256954193115, "Mustache": 0.004917195066809654, "Narrow_Eyes": 0.42981788516044617, "No_Beard": 0.9165689945220947, "Oval_Face": 0.19045135378837585, "Pale_Skin": 0.0006022505112923682, "Pointy_Nose": 0.017019212245941162, "Receding_Hairline": 0.004492525942623615, "Rosy_Cheeks": 0.00012190622510388494, "Sideburns": 0.0033798296935856342, "Smiling": 0.0028847132343798876, "Straight_Hair": 0.2027464359998703, "Wavy_Hair": 0.02073332481086254, "Wearing_Earrings": 0.004722982179373503, "Wearing_Hat": 0.00532419653609395, "Wearing_Lipstick": 0.0009464785689488053, "Wearing_Necklace": 0.0035914434120059013, "Wearing_Necktie": 0.000818984117358923, "Young": 0.8869414329528809, "df_race": "indian", "df_race_prob": 48.81145656108856, "df_gender": "Man", "df_gender_prob": 99.80929493904114, "df_age": 22, "df_emotion": "fear", "df_emotion_prob": 47.05810546875}