{"name": "Win_Aung_0003.jpg", "5_o_Clock_Shadow": 0.0011193696409463882, "Arched_Eyebrows": 0.0008715225267224014, "Attractive": 0.0009845326421782374, "Bags_Under_Eyes": 0.05119001120328903, "Bald": 0.05509475991129875, "Bangs": 0.00042316506733186543, "Big_Lips": 0.02214513160288334, "Big_Nose": 0.2569321095943451, "Black_Hair": 0.05133623257279396, "Blond_Hair": 0.0017487520817667246, "Blurry": 0.06627120077610016, "Brown_Hair": 0.0031988017726689577, "Bushy_Eyebrows": 0.0005090914783068001, "Chubby": 0.14482596516609192, "Double_Chin": 0.058372654020786285, "Eyeglasses": 0.9910286068916321, "Goatee": 0.0011859749210998416, "Gray_Hair": 0.15149565041065216, "Heavy_Makeup": 0.00021583908528555185, "High_Cheekbones": 0.1448604166507721, "Male": 0.9950637221336365, "Mouth_Slightly_Open": 0.8432037830352783, "Mustache": 0.0023887723218649626, "Narrow_Eyes": 0.031364426016807556, "No_Beard": 0.994744062423706, "Oval_Face": 0.1925506591796875, "Pale_Skin": 0.005196874495595694, "Pointy_Nose": 0.0013662446290254593, "Receding_Hairline": 0.6930018663406372, "Rosy_Cheeks": 8.765349048189819e-05, "Sideburns": 0.00036144856130704284, "Smiling": 0.07000944018363953, "Straight_Hair": 0.3856085538864136, "Wavy_Hair": 0.0011130922939628363, "Wearing_Earrings": 0.0007921766955405474, "Wearing_Hat": 0.00034079773467965424, "Wearing_Lipstick": 0.0005095735541544855, "Wearing_Necklace": 0.0014923837734386325, "Wearing_Necktie": 0.4968997538089752, "Young": 0.007711995858699083, "df_race": "asian", "df_race_prob": 86.97773814201355, "df_gender": "Man", "df_gender_prob": 99.98934268951416, "df_age": 43, "df_emotion": "fear", "df_emotion_prob": 68.15839816083897}