{"name": "Winona_Ryder_0009.jpg", "5_o_Clock_Shadow": 0.0027031523641198874, "Arched_Eyebrows": 0.03535258397459984, "Attractive": 0.16351714730262756, "Bags_Under_Eyes": 0.0051384312100708485, "Bald": 0.00040206455742008984, "Bangs": 0.0003803142753895372, "Big_Lips": 0.022876225411891937, "Big_Nose": 0.003256790339946747, "Black_Hair": 0.0015053334645926952, "Blond_Hair": 0.027510961517691612, "Blurry": 0.2232876718044281, "Brown_Hair": 0.129027858376503, "Bushy_Eyebrows": 0.002029859460890293, "Chubby": 0.0004717221891041845, "Double_Chin": 7.005283987382427e-05, "Eyeglasses": 0.0007840272737666965, "Goatee": 0.0003309045860078186, "Gray_Hair": 0.0016716651152819395, "Heavy_Makeup": 0.004807906225323677, "High_Cheekbones": 0.007239210419356823, "Male": 0.10260641574859619, "Mouth_Slightly_Open": 0.02109782211482525, "Mustache": 0.0005176724516786635, "Narrow_Eyes": 0.02350665256381035, "No_Beard": 0.9908946752548218, "Oval_Face": 0.22854892909526825, "Pale_Skin": 0.11668801307678223, "Pointy_Nose": 0.16109567880630493, "Receding_Hairline": 0.18444174528121948, "Rosy_Cheeks": 9.241725638275966e-05, "Sideburns": 0.000560858054086566, "Smiling": 0.0010474035516381264, "Straight_Hair": 0.059767454862594604, "Wavy_Hair": 0.02500487118959427, "Wearing_Earrings": 0.010008759796619415, "Wearing_Hat": 0.0004735362599603832, "Wearing_Lipstick": 0.009625225327908993, "Wearing_Necklace": 0.0048160674050450325, "Wearing_Necktie": 0.00038516975473612547, "Young": 0.9734975695610046, "df_race": "white", "df_race_prob": 80.51958084106445, "df_gender": "Woman", "df_gender_prob": 99.99898672103882, "df_age": 31, "df_emotion": "surprise", "df_emotion_prob": 98.18360805511475}