{"name": "Winona_Ryder_0007.jpg", "5_o_Clock_Shadow": 0.0014944630675017834, "Arched_Eyebrows": 0.05062699690461159, "Attractive": 0.35874423384666443, "Bags_Under_Eyes": 0.0006853306549601257, "Bald": 0.00021752429893240333, "Bangs": 0.9733595252037048, "Big_Lips": 0.11422143876552582, "Big_Nose": 0.0016085742972791195, "Black_Hair": 0.0016055225860327482, "Blond_Hair": 0.30895471572875977, "Blurry": 0.11629025638103485, "Brown_Hair": 0.08530467748641968, "Bushy_Eyebrows": 0.0004490846476983279, "Chubby": 0.0003812899230979383, "Double_Chin": 0.0001890314306365326, "Eyeglasses": 0.0016499825287610292, "Goatee": 0.00020580401178449392, "Gray_Hair": 0.0018700314685702324, "Heavy_Makeup": 0.05641299486160278, "High_Cheekbones": 0.005860299803316593, "Male": 0.020762154832482338, "Mouth_Slightly_Open": 0.0573798231780529, "Mustache": 0.00019019721366930753, "Narrow_Eyes": 0.00894249603152275, "No_Beard": 0.9989216327667236, "Oval_Face": 0.15943370759487152, "Pale_Skin": 0.4745413064956665, "Pointy_Nose": 0.4124184548854828, "Receding_Hairline": 0.00010450639820192009, "Rosy_Cheeks": 0.0006606155657209456, "Sideburns": 0.00029535897192545235, "Smiling": 0.0014409470604732633, "Straight_Hair": 0.3761829733848572, "Wavy_Hair": 0.025795184075832367, "Wearing_Earrings": 0.025643473491072655, "Wearing_Hat": 0.0007209039758890867, "Wearing_Lipstick": 0.3446892201900482, "Wearing_Necklace": 0.14092059433460236, "Wearing_Necktie": 0.00034453492844477296, "Young": 0.9035240411758423, "df_race": "indian", "df_race_prob": 38.08654986780287, "df_gender": "Man", "df_gender_prob": 87.6437783241272, "df_age": 30, "df_emotion": "neutral", "df_emotion_prob": 87.37184330057164}