{"name": "Wolfgang_Schuessel_0003.jpg", "5_o_Clock_Shadow": 0.0034834675025194883, "Arched_Eyebrows": 0.0013436831068247557, "Attractive": 0.015864655375480652, "Bags_Under_Eyes": 0.16941748559474945, "Bald": 0.005636157467961311, "Bangs": 0.0013168425066396594, "Big_Lips": 0.003454480553045869, "Big_Nose": 0.5520690083503723, "Black_Hair": 0.0033046093303710222, "Blond_Hair": 0.023007238283753395, "Blurry": 0.19927962124347687, "Brown_Hair": 0.023357851430773735, "Bushy_Eyebrows": 0.00014427582209464163, "Chubby": 0.04247807711362839, "Double_Chin": 0.0697031244635582, "Eyeglasses": 0.9847598671913147, "Goatee": 0.0013132328167557716, "Gray_Hair": 0.40136557817459106, "Heavy_Makeup": 0.00032892118906602263, "High_Cheekbones": 0.8087446093559265, "Male": 0.9917786717414856, "Mouth_Slightly_Open": 0.874674916267395, "Mustache": 0.002049550414085388, "Narrow_Eyes": 0.08161915093660355, "No_Beard": 0.9932244420051575, "Oval_Face": 0.16631647944450378, "Pale_Skin": 0.09737714380025864, "Pointy_Nose": 0.02805269882082939, "Receding_Hairline": 0.14145876467227936, "Rosy_Cheeks": 0.00021821833797730505, "Sideburns": 0.00042832293547689915, "Smiling": 0.9968538880348206, "Straight_Hair": 0.4294009208679199, "Wavy_Hair": 0.005943812895566225, "Wearing_Earrings": 0.0010324041359126568, "Wearing_Hat": 0.0002508739707991481, "Wearing_Lipstick": 0.0005193224642425776, "Wearing_Necklace": 0.0006038215360604227, "Wearing_Necktie": 0.5605407357215881, "Young": 0.019808093085885048, "df_race": "white", "df_race_prob": 68.57860088348389, "df_gender": "Man", "df_gender_prob": 99.68882203102112, "df_age": 43, "df_emotion": "happy", "df_emotion_prob": 99.99942779541016}