{"name": "Woody_Allen_0001.jpg", "5_o_Clock_Shadow": 0.011146903969347477, "Arched_Eyebrows": 0.0006514252745546401, "Attractive": 0.004607047885656357, "Bags_Under_Eyes": 0.06133640557527542, "Bald": 0.010166240856051445, "Bangs": 0.001417594263330102, "Big_Lips": 0.018869951367378235, "Big_Nose": 0.2961098849773407, "Black_Hair": 0.0006772329215891659, "Blond_Hair": 0.07008529454469681, "Blurry": 0.22118745744228363, "Brown_Hair": 0.0010982032399624586, "Bushy_Eyebrows": 0.00039764141547493637, "Chubby": 0.012513581663370132, "Double_Chin": 0.007484529633074999, "Eyeglasses": 0.9979404807090759, "Goatee": 0.000877035316079855, "Gray_Hair": 0.9138363003730774, "Heavy_Makeup": 4.7226669266819954e-05, "High_Cheekbones": 0.003527080174535513, "Male": 0.9910534024238586, "Mouth_Slightly_Open": 0.03805296868085861, "Mustache": 0.001936576678417623, "Narrow_Eyes": 0.01756102405488491, "No_Beard": 0.9859198331832886, "Oval_Face": 0.027752075344324112, "Pale_Skin": 0.0876656323671341, "Pointy_Nose": 0.050204597413539886, "Receding_Hairline": 0.25711941719055176, "Rosy_Cheeks": 2.448477789585013e-05, "Sideburns": 0.0017438741633668542, "Smiling": 0.001705004135146737, "Straight_Hair": 0.18431615829467773, "Wavy_Hair": 0.008223584853112698, "Wearing_Earrings": 0.0020900049712508917, "Wearing_Hat": 0.0010957479244098067, "Wearing_Lipstick": 0.00025986292166635394, "Wearing_Necklace": 0.008940429426729679, "Wearing_Necktie": 0.02868238463997841, "Young": 0.03433695062994957, "df_race": "asian", "df_race_prob": 39.17618691921234, "df_gender": "Man", "df_gender_prob": 99.2635428905487, "df_age": 29, "df_emotion": "happy", "df_emotion_prob": 99.55194589805281}