{"name": "Xiang_Xu_0001.jpg", "5_o_Clock_Shadow": 0.0059751165099442005, "Arched_Eyebrows": 0.0020867346320301294, "Attractive": 0.034830011427402496, "Bags_Under_Eyes": 0.3237374722957611, "Bald": 0.0008106939494609833, "Bangs": 0.0014258967712521553, "Big_Lips": 0.011113912798464298, "Big_Nose": 0.01768653094768524, "Black_Hair": 0.0920012965798378, "Blond_Hair": 0.014351005665957928, "Blurry": 0.11323915421962738, "Brown_Hair": 0.041267476975917816, "Bushy_Eyebrows": 0.0006243890384212136, "Chubby": 0.017328044399619102, "Double_Chin": 0.0030984182376414537, "Eyeglasses": 0.0008637156570330262, "Goatee": 0.0009045872720889747, "Gray_Hair": 0.004115561954677105, "Heavy_Makeup": 0.0002990518696606159, "High_Cheekbones": 0.7937499284744263, "Male": 0.979184627532959, "Mouth_Slightly_Open": 0.9967607855796814, "Mustache": 0.0005936838570050895, "Narrow_Eyes": 0.3041662275791168, "No_Beard": 0.9942982792854309, "Oval_Face": 0.29307985305786133, "Pale_Skin": 0.004857860039919615, "Pointy_Nose": 0.003973768092691898, "Receding_Hairline": 0.008767000399529934, "Rosy_Cheeks": 8.094795339275151e-05, "Sideburns": 0.0005014356574974954, "Smiling": 0.893720805644989, "Straight_Hair": 0.770575225353241, "Wavy_Hair": 0.0017902350518852472, "Wearing_Earrings": 0.0036071829963475466, "Wearing_Hat": 0.0026737432926893234, "Wearing_Lipstick": 0.00035625434247776866, "Wearing_Necklace": 0.012026820331811905, "Wearing_Necktie": 0.0006993478746153414, "Young": 0.8653007745742798, "df_race": "asian", "df_race_prob": 99.8188316822052, "df_gender": "Man", "df_gender_prob": 98.67666363716125, "df_age": 30, "df_emotion": "happy", "df_emotion_prob": 86.00398731279222}