{"name": "Yang_Hee_Kim_0001.jpg", "5_o_Clock_Shadow": 0.0005955758970230818, "Arched_Eyebrows": 0.10122836381196976, "Attractive": 0.41998571157455444, "Bags_Under_Eyes": 0.0038229399360716343, "Bald": 0.00013580058293882757, "Bangs": 0.002563076326623559, "Big_Lips": 0.026899047195911407, "Big_Nose": 0.003354243701323867, "Black_Hair": 0.007945643737912178, "Blond_Hair": 0.03010135143995285, "Blurry": 0.11762549728155136, "Brown_Hair": 0.13737407326698303, "Bushy_Eyebrows": 0.0024025728926062584, "Chubby": 0.0035897763445973396, "Double_Chin": 0.0004743573081213981, "Eyeglasses": 0.014647803269326687, "Goatee": 0.00016379218141082674, "Gray_Hair": 0.000660497578792274, "Heavy_Makeup": 0.018312297761440277, "High_Cheekbones": 0.029640762135386467, "Male": 0.022464407607913017, "Mouth_Slightly_Open": 0.003423522226512432, "Mustache": 0.00012883696763310581, "Narrow_Eyes": 0.13350233435630798, "No_Beard": 0.9980418682098389, "Oval_Face": 0.5240974426269531, "Pale_Skin": 0.25420600175857544, "Pointy_Nose": 0.010443523526191711, "Receding_Hairline": 0.0035620976705104113, "Rosy_Cheeks": 0.00010589990415610373, "Sideburns": 8.73405224410817e-05, "Smiling": 0.04858217015862465, "Straight_Hair": 0.6710831522941589, "Wavy_Hair": 0.007555556949228048, "Wearing_Earrings": 0.008752877824008465, "Wearing_Hat": 0.0008432628237642348, "Wearing_Lipstick": 0.058283187448978424, "Wearing_Necklace": 0.007510787341743708, "Wearing_Necktie": 0.0002761421201284975, "Young": 0.976374089717865, "df_race": "asian", "df_race_prob": 99.46576952934265, "df_gender": "Woman", "df_gender_prob": 95.33976912498474, "df_age": 31, "df_emotion": "neutral", "df_emotion_prob": 92.32438206672668}