{"name": "Yasar_Yakis_0003.jpg", "5_o_Clock_Shadow": 0.007360322400927544, "Arched_Eyebrows": 0.001089041936211288, "Attractive": 0.008557869121432304, "Bags_Under_Eyes": 0.11927100270986557, "Bald": 0.12680655717849731, "Bangs": 0.00054344063391909, "Big_Lips": 0.011134685017168522, "Big_Nose": 0.5140339732170105, "Black_Hair": 0.003193646902218461, "Blond_Hair": 0.0035013528540730476, "Blurry": 0.13637736439704895, "Brown_Hair": 0.0007097668130882084, "Bushy_Eyebrows": 0.0005933286156505346, "Chubby": 0.057381462305784225, "Double_Chin": 0.027121109887957573, "Eyeglasses": 0.007309763692319393, "Goatee": 0.0006834453670307994, "Gray_Hair": 0.6494405269622803, "Heavy_Makeup": 0.0002593896060716361, "High_Cheekbones": 0.035636164247989655, "Male": 0.9959254264831543, "Mouth_Slightly_Open": 0.0032524634152650833, "Mustache": 0.0011184930335730314, "Narrow_Eyes": 0.013190762139856815, "No_Beard": 0.9867146611213684, "Oval_Face": 0.07128299027681351, "Pale_Skin": 0.06529028713703156, "Pointy_Nose": 0.06040576845407486, "Receding_Hairline": 0.6925795078277588, "Rosy_Cheeks": 0.00011414578330004588, "Sideburns": 0.0013667920138686895, "Smiling": 0.005432420410215855, "Straight_Hair": 0.04792753607034683, "Wavy_Hair": 0.0047021908685564995, "Wearing_Earrings": 0.0007395060383714736, "Wearing_Hat": 0.0006353683420456946, "Wearing_Lipstick": 0.000616973324213177, "Wearing_Necklace": 0.00038888881681486964, "Wearing_Necktie": 0.1439746618270874, "Young": 0.026291225105524063, "df_race": "white", "df_race_prob": 84.2938244342804, "df_gender": "Man", "df_gender_prob": 99.87848401069641, "df_age": 46, "df_emotion": "angry", "df_emotion_prob": 50.444147017249286}