{"name": "Yashwant_Sinha_0007.jpg", "5_o_Clock_Shadow": 0.006941783241927624, "Arched_Eyebrows": 0.00702439621090889, "Attractive": 0.009711897000670433, "Bags_Under_Eyes": 0.11868038773536682, "Bald": 0.017061632126569748, "Bangs": 7.818690210115165e-05, "Big_Lips": 0.01648653671145439, "Big_Nose": 0.2259606122970581, "Black_Hair": 0.012051314115524292, "Blond_Hair": 0.003242958104237914, "Blurry": 0.10009017586708069, "Brown_Hair": 0.0017934221541509032, "Bushy_Eyebrows": 0.007616127375513315, "Chubby": 0.3206000328063965, "Double_Chin": 0.1584455370903015, "Eyeglasses": 0.000487421581055969, "Goatee": 0.00035125971771776676, "Gray_Hair": 0.07261783629655838, "Heavy_Makeup": 0.0005269070388749242, "High_Cheekbones": 0.49777448177337646, "Male": 0.9980362057685852, "Mouth_Slightly_Open": 0.9586092233657837, "Mustache": 0.000717019138392061, "Narrow_Eyes": 0.15981869399547577, "No_Beard": 0.9902896285057068, "Oval_Face": 0.32699036598205566, "Pale_Skin": 0.0022507954854518175, "Pointy_Nose": 0.061346329748630524, "Receding_Hairline": 0.23378068208694458, "Rosy_Cheeks": 0.0004731567169073969, "Sideburns": 0.00034142163349315524, "Smiling": 0.605111300945282, "Straight_Hair": 0.17144155502319336, "Wavy_Hair": 0.0021006911993026733, "Wearing_Earrings": 0.0016519954660907388, "Wearing_Hat": 7.812980766175315e-05, "Wearing_Lipstick": 0.0010690417839214206, "Wearing_Necklace": 0.0005947933532297611, "Wearing_Necktie": 0.008609342388808727, "Young": 0.07393721491098404, "df_race": "black", "df_race_prob": 70.71841359138489, "df_gender": "Man", "df_gender_prob": 94.32215690612793, "df_age": 39, "df_emotion": "happy", "df_emotion_prob": 59.62080118780143}