{"name": "Yashwant_Sinha_0004.jpg", "5_o_Clock_Shadow": 0.01312139444053173, "Arched_Eyebrows": 0.005549033172428608, "Attractive": 0.006991350091993809, "Bags_Under_Eyes": 0.6905154585838318, "Bald": 0.0455293171107769, "Bangs": 0.0001913579471874982, "Big_Lips": 0.008578385226428509, "Big_Nose": 0.3305261731147766, "Black_Hair": 0.0031005325727164745, "Blond_Hair": 0.0036961983423680067, "Blurry": 0.09583789855241776, "Brown_Hair": 0.0006996768643148243, "Bushy_Eyebrows": 0.00610943092033267, "Chubby": 0.3153923749923706, "Double_Chin": 0.3078826069831848, "Eyeglasses": 0.0012720992090180516, "Goatee": 0.0014649363001808524, "Gray_Hair": 0.7406857013702393, "Heavy_Makeup": 0.00015916379925329238, "High_Cheekbones": 0.5651577711105347, "Male": 0.9986044764518738, "Mouth_Slightly_Open": 0.9162863492965698, "Mustache": 0.003642622847110033, "Narrow_Eyes": 0.32936927676200867, "No_Beard": 0.9577772617340088, "Oval_Face": 0.32316964864730835, "Pale_Skin": 0.022587304934859276, "Pointy_Nose": 0.011334783397614956, "Receding_Hairline": 0.4062294065952301, "Rosy_Cheeks": 0.00015837700630072504, "Sideburns": 0.0016109731514006853, "Smiling": 0.8523471355438232, "Straight_Hair": 0.267242968082428, "Wavy_Hair": 0.0011709606042131782, "Wearing_Earrings": 0.0006734744529239833, "Wearing_Hat": 0.00018442442524246871, "Wearing_Lipstick": 0.00020188406051602215, "Wearing_Necklace": 0.00025632124743424356, "Wearing_Necktie": 0.0694538950920105, "Young": 0.010217659175395966, "df_race": "middle eastern", "df_race_prob": 37.99155652523041, "df_gender": "Man", "df_gender_prob": 99.80034232139587, "df_age": 43, "df_emotion": "happy", "df_emotion_prob": 98.3335018157959}