{"name": "Yasser_Arafat_0003.jpg", "5_o_Clock_Shadow": 0.049649160355329514, "Arched_Eyebrows": 0.0013789579970762134, "Attractive": 0.006886640097945929, "Bags_Under_Eyes": 0.643060564994812, "Bald": 0.0030175545252859592, "Bangs": 0.001744320965372026, "Big_Lips": 0.0891404002904892, "Big_Nose": 0.7949526309967041, "Black_Hair": 0.0006853023078292608, "Blond_Hair": 0.03685582056641579, "Blurry": 0.639707624912262, "Brown_Hair": 0.0009165678056888282, "Bushy_Eyebrows": 9.721028618514538e-05, "Chubby": 0.33833420276641846, "Double_Chin": 0.34204912185668945, "Eyeglasses": 0.005756500642746687, "Goatee": 0.02324886992573738, "Gray_Hair": 0.10016727447509766, "Heavy_Makeup": 0.000201991104404442, "High_Cheekbones": 0.24014733731746674, "Male": 0.9214503169059753, "Mouth_Slightly_Open": 0.8627492785453796, "Mustache": 0.005828334018588066, "Narrow_Eyes": 0.5242137312889099, "No_Beard": 0.5172173380851746, "Oval_Face": 0.13538758456707, "Pale_Skin": 0.11685053259134293, "Pointy_Nose": 0.005051375366747379, "Receding_Hairline": 0.0050827995873987675, "Rosy_Cheeks": 9.827093163039535e-05, "Sideburns": 0.050751931965351105, "Smiling": 0.8772463202476501, "Straight_Hair": 0.00328876287676394, "Wavy_Hair": 0.028984757140278816, "Wearing_Earrings": 0.0031850715167820454, "Wearing_Hat": 0.7407857179641724, "Wearing_Lipstick": 0.00035562622360885143, "Wearing_Necklace": 0.01692984253168106, "Wearing_Necktie": 0.0070295436307787895, "Young": 0.056834835559129715, "df_race": "middle eastern", "df_race_prob": 47.72770404815674, "df_gender": "Man", "df_gender_prob": 99.84190464019775, "df_age": 39, "df_emotion": "sad", "df_emotion_prob": 46.52518033981323}