{"name": "Yoko_Ono_0004.jpg", "5_o_Clock_Shadow": 0.0008055745274759829, "Arched_Eyebrows": 0.0186940748244524, "Attractive": 0.009530134499073029, "Bags_Under_Eyes": 0.04698771610856056, "Bald": 0.0007505943067371845, "Bangs": 0.0023688729852437973, "Big_Lips": 0.005242846440523863, "Big_Nose": 0.05032669007778168, "Black_Hair": 0.004043275956064463, "Blond_Hair": 0.06553077697753906, "Blurry": 0.2305469810962677, "Brown_Hair": 0.033341310918331146, "Bushy_Eyebrows": 0.002909561386331916, "Chubby": 0.05907221511006355, "Double_Chin": 0.015084078535437584, "Eyeglasses": 0.9931852221488953, "Goatee": 0.0006690213340334594, "Gray_Hair": 0.16263921558856964, "Heavy_Makeup": 0.0007458669133484364, "High_Cheekbones": 0.44505828619003296, "Male": 0.26202985644340515, "Mouth_Slightly_Open": 0.09859026968479156, "Mustache": 0.0010486930841580033, "Narrow_Eyes": 0.3955666124820709, "No_Beard": 0.9954982995986938, "Oval_Face": 0.19265323877334595, "Pale_Skin": 0.02712148055434227, "Pointy_Nose": 0.009967361576855183, "Receding_Hairline": 0.03675238788127899, "Rosy_Cheeks": 0.0001514952746219933, "Sideburns": 0.0003383694856893271, "Smiling": 0.6698505282402039, "Straight_Hair": 0.09433823823928833, "Wavy_Hair": 0.10488875210285187, "Wearing_Earrings": 0.013842489570379257, "Wearing_Hat": 0.0004212683707010001, "Wearing_Lipstick": 0.002564102876931429, "Wearing_Necklace": 0.012993763200938702, "Wearing_Necktie": 0.01722249947488308, "Young": 0.03628372773528099, "df_race": "asian", "df_race_prob": 96.5956505055011, "df_gender": "Man", "df_gender_prob": 98.29871654510498, "df_age": 46, "df_emotion": "happy", "df_emotion_prob": 98.98636335053226}