{"name": "Yoriko_Kawaguchi_0005.jpg", "5_o_Clock_Shadow": 0.0002681193291209638, "Arched_Eyebrows": 0.10687518864870071, "Attractive": 0.01971788890659809, "Bags_Under_Eyes": 0.007036473136395216, "Bald": 0.0002918540849350393, "Bangs": 0.004180180840194225, "Big_Lips": 0.012845546938478947, "Big_Nose": 0.009553887881338596, "Black_Hair": 0.42047223448753357, "Blond_Hair": 0.0036037620157003403, "Blurry": 0.2706369459629059, "Brown_Hair": 0.025061076506972313, "Bushy_Eyebrows": 0.00011512938363011926, "Chubby": 0.036022964864969254, "Double_Chin": 0.013565238565206528, "Eyeglasses": 0.9450384378433228, "Goatee": 0.0004223530413582921, "Gray_Hair": 0.02001371420919895, "Heavy_Makeup": 0.009759892709553242, "High_Cheekbones": 0.7988188862800598, "Male": 0.061324335634708405, "Mouth_Slightly_Open": 0.9939032196998596, "Mustache": 0.0010080967331305146, "Narrow_Eyes": 0.07809083163738251, "No_Beard": 0.9977729916572571, "Oval_Face": 0.3113228678703308, "Pale_Skin": 0.04254167899489403, "Pointy_Nose": 0.015551034361124039, "Receding_Hairline": 0.012167122215032578, "Rosy_Cheeks": 0.0004231249331496656, "Sideburns": 0.00022199262457434088, "Smiling": 0.8626363277435303, "Straight_Hair": 0.6576204299926758, "Wavy_Hair": 0.015273014083504677, "Wearing_Earrings": 0.01413823664188385, "Wearing_Hat": 0.0005749179399572313, "Wearing_Lipstick": 0.05738353729248047, "Wearing_Necklace": 0.011236166581511497, "Wearing_Necktie": 0.01572534255683422, "Young": 0.07188132405281067, "df_race": "asian", "df_race_prob": 95.85519383611606, "df_gender": "Woman", "df_gender_prob": 99.74008798599243, "df_age": 48, "df_emotion": "happy", "df_emotion_prob": 57.01881647109985}