{"name": "Yoriko_Kawaguchi_0004.jpg", "5_o_Clock_Shadow": 0.0005076092202216387, "Arched_Eyebrows": 0.02824372611939907, "Attractive": 0.04409905895590782, "Bags_Under_Eyes": 0.04061045125126839, "Bald": 0.0003647056582849473, "Bangs": 0.05524855852127075, "Big_Lips": 0.014264035038650036, "Big_Nose": 0.025112280622124672, "Black_Hair": 0.07650753110647202, "Blond_Hair": 0.01046687737107277, "Blurry": 0.38271564245224, "Brown_Hair": 0.044160712510347366, "Bushy_Eyebrows": 0.0003034888650290668, "Chubby": 0.02513156086206436, "Double_Chin": 0.016215767711400986, "Eyeglasses": 0.44883090257644653, "Goatee": 0.0004860788758378476, "Gray_Hair": 0.03109515830874443, "Heavy_Makeup": 0.004937509074807167, "High_Cheekbones": 0.855067253112793, "Male": 0.04167740419507027, "Mouth_Slightly_Open": 0.9931159615516663, "Mustache": 0.0005933746579103172, "Narrow_Eyes": 0.8463601469993591, "No_Beard": 0.9975791573524475, "Oval_Face": 0.4067603051662445, "Pale_Skin": 0.0880248099565506, "Pointy_Nose": 0.010025668889284134, "Receding_Hairline": 0.003239273326471448, "Rosy_Cheeks": 0.00014969316544011235, "Sideburns": 0.0005043390556238592, "Smiling": 0.9962478280067444, "Straight_Hair": 0.37394919991493225, "Wavy_Hair": 0.048366326838731766, "Wearing_Earrings": 0.03996003419160843, "Wearing_Hat": 0.0006968237576074898, "Wearing_Lipstick": 0.022523310035467148, "Wearing_Necklace": 0.04432051628828049, "Wearing_Necktie": 0.002565814647823572, "Young": 0.05580943450331688, "df_race": "asian", "df_race_prob": 78.90815734863281, "df_gender": "Woman", "df_gender_prob": 85.03733277320862, "df_age": 45, "df_emotion": "happy", "df_emotion_prob": 99.31504138528807}