{"name": "Zavad_Zarif_0001.jpg", "5_o_Clock_Shadow": 0.36864879727363586, "Arched_Eyebrows": 0.0008753330330364406, "Attractive": 0.007483216002583504, "Bags_Under_Eyes": 0.5028201341629028, "Bald": 0.06063321232795715, "Bangs": 0.0006610239506699145, "Big_Lips": 0.042875535786151886, "Big_Nose": 0.3416970670223236, "Black_Hair": 0.002166156889870763, "Blond_Hair": 0.0025238802190870047, "Blurry": 0.10966066271066666, "Brown_Hair": 0.0006829258636571467, "Bushy_Eyebrows": 0.003755914978682995, "Chubby": 0.11766118556261063, "Double_Chin": 0.023853473365306854, "Eyeglasses": 0.013368286192417145, "Goatee": 0.06271197646856308, "Gray_Hair": 0.5982539057731628, "Heavy_Makeup": 4.7269477363443e-05, "High_Cheekbones": 0.002860527252778411, "Male": 0.9998986721038818, "Mouth_Slightly_Open": 0.0044999876990914345, "Mustache": 0.09104097634553909, "Narrow_Eyes": 0.0850481390953064, "No_Beard": 0.10236772149801254, "Oval_Face": 0.0450168251991272, "Pale_Skin": 0.031204134225845337, "Pointy_Nose": 0.042928606271743774, "Receding_Hairline": 0.5308332443237305, "Rosy_Cheeks": 2.8443493647500873e-05, "Sideburns": 0.4690444767475128, "Smiling": 0.0005173064419068396, "Straight_Hair": 0.30985137820243835, "Wavy_Hair": 0.0019115256145596504, "Wearing_Earrings": 0.00023973760835360736, "Wearing_Hat": 0.0006111250258982182, "Wearing_Lipstick": 6.182758079376072e-05, "Wearing_Necklace": 0.0004246726166456938, "Wearing_Necktie": 0.20364932715892792, "Young": 0.028808951377868652, "df_race": "white", "df_race_prob": 39.553239941596985, "df_gender": "Man", "df_gender_prob": 99.99728202819824, "df_age": 37, "df_emotion": "angry", "df_emotion_prob": 62.412162114639536}