{"name": "Zhong_Nanshan_0001.jpg", "5_o_Clock_Shadow": 0.0020051216706633568, "Arched_Eyebrows": 0.0007898061303421855, "Attractive": 0.0035051635932177305, "Bags_Under_Eyes": 0.007433620281517506, "Bald": 0.0022532877046614885, "Bangs": 0.0005185967311263084, "Big_Lips": 0.014665762893855572, "Big_Nose": 0.015190539881587029, "Black_Hair": 0.6987654566764832, "Blond_Hair": 0.0029640179127454758, "Blurry": 0.1605232208967209, "Brown_Hair": 0.004949352238327265, "Bushy_Eyebrows": 0.002538896631449461, "Chubby": 0.03127428516745567, "Double_Chin": 0.005559486337006092, "Eyeglasses": 0.9925375580787659, "Goatee": 0.0013794032856822014, "Gray_Hair": 0.008281496353447437, "Heavy_Makeup": 0.0016523139784112573, "High_Cheekbones": 0.1733417510986328, "Male": 0.9352123737335205, "Mouth_Slightly_Open": 0.9214487671852112, "Mustache": 0.0024757112842053175, "Narrow_Eyes": 0.02334631234407425, "No_Beard": 0.9951542615890503, "Oval_Face": 0.1593579798936844, "Pale_Skin": 0.008568698540329933, "Pointy_Nose": 0.0037629890721291304, "Receding_Hairline": 0.04477750509977341, "Rosy_Cheeks": 0.00013362256868276745, "Sideburns": 0.00041463179513812065, "Smiling": 0.006837774999439716, "Straight_Hair": 0.865466296672821, "Wavy_Hair": 0.0034400143194943666, "Wearing_Earrings": 0.0026657842099666595, "Wearing_Hat": 0.0014021832030266523, "Wearing_Lipstick": 0.0018215023446828127, "Wearing_Necklace": 0.002645756583660841, "Wearing_Necktie": 0.01840021461248398, "Young": 0.23113439977169037, "df_race": "asian", "df_race_prob": 62.761372327804565, "df_gender": "Man", "df_gender_prob": 98.73195886611938, "df_age": 40, "df_emotion": "neutral", "df_emotion_prob": 56.791263818740845}