{"name": "Zhu_Rongji_0001.jpg", "5_o_Clock_Shadow": 0.00317860278300941, "Arched_Eyebrows": 0.01254453044384718, "Attractive": 0.010860002599656582, "Bags_Under_Eyes": 0.4476708769798279, "Bald": 0.010572807863354683, "Bangs": 0.0004540903610177338, "Big_Lips": 0.007384540047496557, "Big_Nose": 0.15358823537826538, "Black_Hair": 0.15118858218193054, "Blond_Hair": 0.004361607600003481, "Blurry": 0.21018989384174347, "Brown_Hair": 0.007219364866614342, "Bushy_Eyebrows": 0.0012290703598409891, "Chubby": 0.35941463708877563, "Double_Chin": 0.13066458702087402, "Eyeglasses": 0.005906181409955025, "Goatee": 0.00129612535238266, "Gray_Hair": 0.03535003587603569, "Heavy_Makeup": 0.0002333980519324541, "High_Cheekbones": 0.7985146641731262, "Male": 0.9605751037597656, "Mouth_Slightly_Open": 0.053080301731824875, "Mustache": 0.0016498664626851678, "Narrow_Eyes": 0.8113452196121216, "No_Beard": 0.9955032467842102, "Oval_Face": 0.1158214658498764, "Pale_Skin": 0.08978715538978577, "Pointy_Nose": 0.009940209798514843, "Receding_Hairline": 0.09069373458623886, "Rosy_Cheeks": 0.0002711755514610559, "Sideburns": 0.0008986749453470111, "Smiling": 0.557526707649231, "Straight_Hair": 0.6471710801124573, "Wavy_Hair": 0.0016365577466785908, "Wearing_Earrings": 0.0015148151433095336, "Wearing_Hat": 0.007356372196227312, "Wearing_Lipstick": 0.00040358348633162677, "Wearing_Necklace": 0.0007176692597568035, "Wearing_Necktie": 0.38591912388801575, "Young": 0.01733587309718132, "df_race": "asian", "df_race_prob": 98.69851469993591, "df_gender": "Man", "df_gender_prob": 99.88147020339966, "df_age": 56, "df_emotion": "happy", "df_emotion_prob": 93.46137007840693}