{"name": "Zhu_Rongji_0005.jpg", "5_o_Clock_Shadow": 0.002453617285937071, "Arched_Eyebrows": 0.005801360122859478, "Attractive": 0.009183726273477077, "Bags_Under_Eyes": 0.14200365543365479, "Bald": 0.002739203628152609, "Bangs": 0.00029523030389100313, "Big_Lips": 0.007123644929379225, "Big_Nose": 0.05973063036799431, "Black_Hair": 0.6588345170021057, "Blond_Hair": 0.0011737769236788154, "Blurry": 0.06978455930948257, "Brown_Hair": 0.0034183214884251356, "Bushy_Eyebrows": 0.0008945533190853894, "Chubby": 0.1885700672864914, "Double_Chin": 0.037102680653333664, "Eyeglasses": 0.006331555545330048, "Goatee": 0.0007706077885814011, "Gray_Hair": 0.014766200445592403, "Heavy_Makeup": 0.0007235048105940223, "High_Cheekbones": 0.44340580701828003, "Male": 0.9934096932411194, "Mouth_Slightly_Open": 0.9912746548652649, "Mustache": 0.0013302521547302604, "Narrow_Eyes": 0.4406825006008148, "No_Beard": 0.9962157607078552, "Oval_Face": 0.17048680782318115, "Pale_Skin": 0.008270815946161747, "Pointy_Nose": 0.017570888623595238, "Receding_Hairline": 0.03831728547811508, "Rosy_Cheeks": 0.0003335031506139785, "Sideburns": 0.0004050660936627537, "Smiling": 0.17999187111854553, "Straight_Hair": 0.844767689704895, "Wavy_Hair": 0.0018091637175530195, "Wearing_Earrings": 0.001024884288199246, "Wearing_Hat": 0.0011811474105343223, "Wearing_Lipstick": 0.001205625245347619, "Wearing_Necklace": 0.00028515447047539055, "Wearing_Necktie": 0.6199038028717041, "Young": 0.039661381393671036, "df_race": "asian", "df_race_prob": 99.94333387096717, "df_gender": "Man", "df_gender_prob": 99.95216131210327, "df_age": 51, "df_emotion": "angry", "df_emotion_prob": 81.15019798278809}