{"name": "Zoran_Djindjic_0001.jpg", "5_o_Clock_Shadow": 0.014081430621445179, "Arched_Eyebrows": 0.04349551349878311, "Attractive": 0.03536592796444893, "Bags_Under_Eyes": 0.048189081251621246, "Bald": 0.0004397567536216229, "Bangs": 0.0027260014321655035, "Big_Lips": 0.005574498325586319, "Big_Nose": 0.07745154947042465, "Black_Hair": 0.0041834693402051926, "Blond_Hair": 0.008078916929662228, "Blurry": 0.04130605608224869, "Brown_Hair": 0.003997094929218292, "Bushy_Eyebrows": 0.014676163904368877, "Chubby": 0.013580930419266224, "Double_Chin": 0.0059842998161911964, "Eyeglasses": 0.0007427986711263657, "Goatee": 0.00013148601283319294, "Gray_Hair": 0.38359302282333374, "Heavy_Makeup": 0.0018736369675025344, "High_Cheekbones": 0.14649033546447754, "Male": 0.9962205290794373, "Mouth_Slightly_Open": 0.011708845384418964, "Mustache": 0.0003818792465608567, "Narrow_Eyes": 0.0037449579685926437, "No_Beard": 0.9934456944465637, "Oval_Face": 0.22907371819019318, "Pale_Skin": 0.006390649359673262, "Pointy_Nose": 0.030276110395789146, "Receding_Hairline": 0.00116375379730016, "Rosy_Cheeks": 0.00016087590483948588, "Sideburns": 0.000848520896397531, "Smiling": 0.006568467244505882, "Straight_Hair": 0.8225622773170471, "Wavy_Hair": 0.0026580896228551865, "Wearing_Earrings": 0.0007088187849149108, "Wearing_Hat": 0.0006670280126854777, "Wearing_Lipstick": 0.0008202176541090012, "Wearing_Necklace": 0.00031422878964804113, "Wearing_Necktie": 0.08547931164503098, "Young": 0.07147234678268433, "df_race": "white", "df_race_prob": 95.56442499160767, "df_gender": "Man", "df_gender_prob": 97.90119528770447, "df_age": 26, "df_emotion": "neutral", "df_emotion_prob": 76.274262444631}