{"name": "18.jpg", "5_o_Clock_Shadow": 0.015836583450436592, "Arched_Eyebrows": 0.006660181097686291, "Attractive": 0.015298191457986832, "Bags_Under_Eyes": 0.1041857972741127, "Bald": 0.20305556058883667, "Bangs": 0.00019135921320412308, "Big_Lips": 0.4971558451652527, "Big_Nose": 0.9729197025299072, "Black_Hair": 0.05064227059483528, "Blond_Hair": 0.004087786190211773, "Blurry": 0.006366353947669268, "Brown_Hair": 0.0006553043494932353, "Bushy_Eyebrows": 0.006370294839143753, "Chubby": 0.2643885016441345, "Double_Chin": 0.04088816046714783, "Eyeglasses": 0.9842522740364075, "Goatee": 0.053948525339365005, "Gray_Hair": 0.04015805199742317, "Heavy_Makeup": 0.00023498971131630242, "High_Cheekbones": 0.022258933633565903, "Male": 0.9997090697288513, "Mouth_Slightly_Open": 0.003063802607357502, "Mustache": 0.8041459918022156, "Narrow_Eyes": 0.002521696500480175, "No_Beard": 0.18093065917491913, "Oval_Face": 0.3643972873687744, "Pale_Skin": 0.0148399006575346, "Pointy_Nose": 0.001807629712857306, "Receding_Hairline": 0.6638487577438354, "Rosy_Cheeks": 6.697136996081099e-05, "Sideburns": 0.0013317702105268836, "Smiling": 0.006572877522557974, "Straight_Hair": 0.015122205018997192, "Wavy_Hair": 0.0007287960033863783, "Wearing_Earrings": 0.007605430204421282, "Wearing_Hat": 0.0005503883585333824, "Wearing_Lipstick": 0.0008790134452283382, "Wearing_Necklace": 0.001668313518166542, "Wearing_Necktie": 0.6443256139755249, "Young": 0.4700673818588257, "df_race": "black", "df_race_prob": 69.76629856034535, "df_gender": "Man", "df_gender_prob": 99.99983310699463, "df_age": 24, "df_emotion": "neutral", "df_emotion_prob": 76.65948867797852}