{"name": "19.jpg", "5_o_Clock_Shadow": 0.037673890590667725, "Arched_Eyebrows": 0.0029578139074146748, "Attractive": 0.0009480046574026346, "Bags_Under_Eyes": 0.3354501724243164, "Bald": 0.016963254660367966, "Bangs": 0.0007446482195518911, "Big_Lips": 0.4492422938346863, "Big_Nose": 0.9889802932739258, "Black_Hair": 0.018709709867835045, "Blond_Hair": 0.009390278719365597, "Blurry": 0.04608508571982384, "Brown_Hair": 0.0006788690807297826, "Bushy_Eyebrows": 0.006887609139084816, "Chubby": 0.7767834067344666, "Double_Chin": 0.6499816179275513, "Eyeglasses": 0.9967836141586304, "Goatee": 0.009815019555389881, "Gray_Hair": 0.49530041217803955, "Heavy_Makeup": 9.870472422335297e-05, "High_Cheekbones": 0.8625524640083313, "Male": 0.9987571239471436, "Mouth_Slightly_Open": 0.13438840210437775, "Mustache": 0.7413890361785889, "Narrow_Eyes": 0.05497471243143082, "No_Beard": 0.32176005840301514, "Oval_Face": 0.1779286116361618, "Pale_Skin": 0.010101580992341042, "Pointy_Nose": 0.0009060337324626744, "Receding_Hairline": 0.4432063698768616, "Rosy_Cheeks": 0.000125786624266766, "Sideburns": 0.001934152445755899, "Smiling": 0.6996479034423828, "Straight_Hair": 0.05067016929388046, "Wavy_Hair": 0.002545240567997098, "Wearing_Earrings": 0.006111176684498787, "Wearing_Hat": 0.001493568066507578, "Wearing_Lipstick": 0.0003278460935689509, "Wearing_Necklace": 0.0022783158347010612, "Wearing_Necktie": 0.6456249952316284, "Young": 0.027080250903964043, "df_race": "black", "df_race_prob": 99.99998807907104, "df_gender": "Man", "df_gender_prob": 99.86612796783447, "df_age": 41, "df_emotion": "happy", "df_emotion_prob": 88.82917761802673}