{"name": "26.jpg", "5_o_Clock_Shadow": 0.43986567854881287, "Arched_Eyebrows": 0.0029385092202574015, "Attractive": 0.05755959451198578, "Bags_Under_Eyes": 0.09350117295980453, "Bald": 0.9565950632095337, "Bangs": 0.003434509504586458, "Big_Lips": 0.034261465072631836, "Big_Nose": 0.2770635485649109, "Black_Hair": 0.0009268257999792695, "Blond_Hair": 0.004615864250808954, "Blurry": 0.022584201768040657, "Brown_Hair": 0.0025504757650196552, "Bushy_Eyebrows": 0.003886355319991708, "Chubby": 0.0356890931725502, "Double_Chin": 0.03709116578102112, "Eyeglasses": 0.9976657629013062, "Goatee": 0.07163499295711517, "Gray_Hair": 0.13234810531139374, "Heavy_Makeup": 0.00011811849981313571, "High_Cheekbones": 0.060309793800115585, "Male": 0.9992176294326782, "Mouth_Slightly_Open": 0.0024292587768286467, "Mustache": 0.032701749354600906, "Narrow_Eyes": 0.04741565138101578, "No_Beard": 0.4412136375904083, "Oval_Face": 0.18022523820400238, "Pale_Skin": 0.055810246616601944, "Pointy_Nose": 0.08994081616401672, "Receding_Hairline": 0.008229004219174385, "Rosy_Cheeks": 7.405377982649952e-05, "Sideburns": 0.049423880875110626, "Smiling": 0.12445618957281113, "Straight_Hair": 0.006069672293961048, "Wavy_Hair": 0.002042747102677822, "Wearing_Earrings": 0.0019337695557624102, "Wearing_Hat": 0.010767290368676186, "Wearing_Lipstick": 0.0001675119565334171, "Wearing_Necklace": 0.00047247280599549413, "Wearing_Necktie": 0.7294672131538391, "Young": 0.0907178446650505, "df_race": "white", "df_race_prob": 90.77295605975128, "df_gender": "Man", "df_gender_prob": 99.99905824661255, "df_age": 51, "df_emotion": "happy", "df_emotion_prob": 99.62628483772278}