{"name": "36.jpg", "5_o_Clock_Shadow": 0.4314709007740021, "Arched_Eyebrows": 0.010454380884766579, "Attractive": 0.028895603492856026, "Bags_Under_Eyes": 0.17670753598213196, "Bald": 0.0015507141361013055, "Bangs": 0.031149011105298996, "Big_Lips": 0.20619256794452667, "Big_Nose": 0.2859410345554352, "Black_Hair": 0.003470259951427579, "Blond_Hair": 0.0032054483890533447, "Blurry": 0.11632026731967926, "Brown_Hair": 0.03286601975560188, "Bushy_Eyebrows": 0.025710539892315865, "Chubby": 0.009978760033845901, "Double_Chin": 0.008438413962721825, "Eyeglasses": 0.9312314391136169, "Goatee": 0.2837434709072113, "Gray_Hair": 0.003898436902090907, "Heavy_Makeup": 3.8043704989831895e-05, "High_Cheekbones": 0.17906787991523743, "Male": 0.9987562894821167, "Mouth_Slightly_Open": 0.9992133378982544, "Mustache": 0.13481713831424713, "Narrow_Eyes": 0.3039100468158722, "No_Beard": 0.08477522432804108, "Oval_Face": 0.044092703610658646, "Pale_Skin": 0.0006960223545320332, "Pointy_Nose": 0.024819929152727127, "Receding_Hairline": 0.0004459708870854229, "Rosy_Cheeks": 2.9009150239289738e-05, "Sideburns": 0.0975867435336113, "Smiling": 0.9858611822128296, "Straight_Hair": 0.06093376502394676, "Wavy_Hair": 0.03208307549357414, "Wearing_Earrings": 0.0035195613745599985, "Wearing_Hat": 0.10668648034334183, "Wearing_Lipstick": 0.00039267315878532827, "Wearing_Necklace": 0.009846262633800507, "Wearing_Necktie": 0.00076740060467273, "Young": 0.6825776696205139, "df_race": "white", "df_race_prob": 34.56996793388938, "df_gender": "Man", "df_gender_prob": 99.99510049819946, "df_age": 27, "df_emotion": "happy", "df_emotion_prob": 99.99977350234985}