{"name": "37.jpg", "5_o_Clock_Shadow": 0.0013727110344916582, "Arched_Eyebrows": 0.02497451938688755, "Attractive": 0.030732477083802223, "Bags_Under_Eyes": 0.03815470263361931, "Bald": 0.0037380047142505646, "Bangs": 0.0001866022212198004, "Big_Lips": 0.13299693167209625, "Big_Nose": 0.09337033331394196, "Black_Hair": 0.005661381874233484, "Blond_Hair": 0.033805254846811295, "Blurry": 0.08969050645828247, "Brown_Hair": 0.010550977662205696, "Bushy_Eyebrows": 0.001108656288124621, "Chubby": 0.03930274024605751, "Double_Chin": 0.005277479998767376, "Eyeglasses": 0.9963333606719971, "Goatee": 0.0006861989386379719, "Gray_Hair": 0.014298518188297749, "Heavy_Makeup": 0.0015638340264558792, "High_Cheekbones": 0.12822549045085907, "Male": 0.039661526679992676, "Mouth_Slightly_Open": 0.047734420746564865, "Mustache": 0.000575405836571008, "Narrow_Eyes": 0.03734111413359642, "No_Beard": 0.9928680658340454, "Oval_Face": 0.1164083182811737, "Pale_Skin": 0.06626597046852112, "Pointy_Nose": 0.0159267820417881, "Receding_Hairline": 0.5913384556770325, "Rosy_Cheeks": 7.204944267868996e-05, "Sideburns": 0.0009272214956581593, "Smiling": 0.19189274311065674, "Straight_Hair": 0.1306580901145935, "Wavy_Hair": 0.003778802929446101, "Wearing_Earrings": 0.016081953421235085, "Wearing_Hat": 0.003154355799779296, "Wearing_Lipstick": 0.015047624707221985, "Wearing_Necklace": 0.010382610373198986, "Wearing_Necktie": 0.004766223020851612, "Young": 0.8306389451026917, "df_race": "indian", "df_race_prob": 33.32388599657333, "df_gender": "Woman", "df_gender_prob": 99.79509711265564, "df_age": 33, "df_emotion": "happy", "df_emotion_prob": 48.25006414950276}