{"name": "38.jpg", "5_o_Clock_Shadow": 0.00064455735264346, "Arched_Eyebrows": 0.05912182107567787, "Attractive": 0.17025625705718994, "Bags_Under_Eyes": 0.016269102692604065, "Bald": 0.00015196041204035282, "Bangs": 0.0005818090867251158, "Big_Lips": 0.24025766551494598, "Big_Nose": 0.10642311722040176, "Black_Hair": 0.01273413561284542, "Blond_Hair": 0.04343657195568085, "Blurry": 0.016824400052428246, "Brown_Hair": 0.03932441025972366, "Bushy_Eyebrows": 0.00035089359153062105, "Chubby": 0.0031426476780325174, "Double_Chin": 0.0017262306064367294, "Eyeglasses": 0.9882854223251343, "Goatee": 0.00023407040862366557, "Gray_Hair": 0.00404626689851284, "Heavy_Makeup": 0.0035829725675284863, "High_Cheekbones": 0.6941009759902954, "Male": 0.0027484388556331396, "Mouth_Slightly_Open": 0.9983786344528198, "Mustache": 0.00016381249588448554, "Narrow_Eyes": 0.031999535858631134, "No_Beard": 0.9990317821502686, "Oval_Face": 0.26680266857147217, "Pale_Skin": 0.056698989123106, "Pointy_Nose": 0.024053558707237244, "Receding_Hairline": 0.008261788636446, "Rosy_Cheeks": 6.2335173424799e-05, "Sideburns": 0.00015236958279274404, "Smiling": 0.9952093958854675, "Straight_Hair": 0.49207112193107605, "Wavy_Hair": 0.1110658124089241, "Wearing_Earrings": 0.0202317051589489, "Wearing_Hat": 0.00038379032048396766, "Wearing_Lipstick": 0.10908076912164688, "Wearing_Necklace": 0.05918799713253975, "Wearing_Necktie": 0.0008501150878146291, "Young": 0.9005737900733948, "df_race": "black", "df_race_prob": 84.75483655929565, "df_gender": "Man", "df_gender_prob": 62.508684396743774, "df_age": 33, "df_emotion": "happy", "df_emotion_prob": 99.99997019767584}