{"name": "43.jpg", "5_o_Clock_Shadow": 0.2605086863040924, "Arched_Eyebrows": 0.00637973053380847, "Attractive": 0.1300337016582489, "Bags_Under_Eyes": 0.5263967514038086, "Bald": 0.002504470758140087, "Bangs": 0.2646843492984772, "Big_Lips": 0.27832499146461487, "Big_Nose": 0.7631943821907043, "Black_Hair": 0.001640043337829411, "Blond_Hair": 0.013620111159980297, "Blurry": 0.04724053665995598, "Brown_Hair": 0.038064029067754745, "Bushy_Eyebrows": 0.009219282306730747, "Chubby": 0.009694930166006088, "Double_Chin": 0.005610185209661722, "Eyeglasses": 0.984038770198822, "Goatee": 0.007180637679994106, "Gray_Hair": 0.037363626062870026, "Heavy_Makeup": 2.9913589969510213e-05, "High_Cheekbones": 0.30451762676239014, "Male": 0.9983659386634827, "Mouth_Slightly_Open": 0.9979384541511536, "Mustache": 0.01150074228644371, "Narrow_Eyes": 0.4938855767250061, "No_Beard": 0.8126251697540283, "Oval_Face": 0.0260130874812603, "Pale_Skin": 0.043296605348587036, "Pointy_Nose": 0.03437604382634163, "Receding_Hairline": 0.0005519420956261456, "Rosy_Cheeks": 4.322919630794786e-05, "Sideburns": 0.00876782089471817, "Smiling": 0.9990737438201904, "Straight_Hair": 0.02607383020222187, "Wavy_Hair": 0.11441817879676819, "Wearing_Earrings": 0.003568950342014432, "Wearing_Hat": 0.009140895679593086, "Wearing_Lipstick": 0.00033856587833724916, "Wearing_Necklace": 0.011149438098073006, "Wearing_Necktie": 0.006589443888515234, "Young": 0.7349172234535217, "df_race": "middle eastern", "df_race_prob": 49.79080259799957, "df_gender": "Man", "df_gender_prob": 99.9755322933197, "df_age": 26, "df_emotion": "happy", "df_emotion_prob": 100.0}