{"name": "47.jpg", "5_o_Clock_Shadow": 0.043881241232156754, "Arched_Eyebrows": 0.0004386681830510497, "Attractive": 0.0017196531407535076, "Bags_Under_Eyes": 0.5015428066253662, "Bald": 0.6390781402587891, "Bangs": 0.0006570544210262597, "Big_Lips": 0.02094525285065174, "Big_Nose": 0.89607834815979, "Black_Hair": 0.0015466564800590277, "Blond_Hair": 0.004073251038789749, "Blurry": 0.10469119250774384, "Brown_Hair": 0.0007544735562987626, "Bushy_Eyebrows": 0.009889091365039349, "Chubby": 0.3205707371234894, "Double_Chin": 0.3447052538394928, "Eyeglasses": 0.9909923076629639, "Goatee": 0.022248508408665657, "Gray_Hair": 0.37478765845298767, "Heavy_Makeup": 3.542144986568019e-05, "High_Cheekbones": 0.03639223799109459, "Male": 0.9984608888626099, "Mouth_Slightly_Open": 0.015098176896572113, "Mustache": 0.21551968157291412, "Narrow_Eyes": 0.3016195595264435, "No_Beard": 0.5229414701461792, "Oval_Face": 0.02036486752331257, "Pale_Skin": 0.008415380492806435, "Pointy_Nose": 0.04770892858505249, "Receding_Hairline": 0.09033775329589844, "Rosy_Cheeks": 0.00032627832842990756, "Sideburns": 0.011067462153732777, "Smiling": 0.021896570920944214, "Straight_Hair": 0.010379837825894356, "Wavy_Hair": 0.0014515103539451957, "Wearing_Earrings": 0.002510310849174857, "Wearing_Hat": 0.1506464034318924, "Wearing_Lipstick": 0.0001347208017250523, "Wearing_Necklace": 0.0009796974482014775, "Wearing_Necktie": 0.15870139002799988, "Young": 0.005387949291616678, "df_race": "middle eastern", "df_race_prob": 47.28964567184448, "df_gender": "Man", "df_gender_prob": 99.39813017845154, "df_age": 48, "df_emotion": "fear", "df_emotion_prob": 40.51613211631775}